setID,set_1,set_2,set_3,set_4,set_5,code_1,code_2,code_3,code_4,code_5
1010001,6,9,8,19,13,oab,qlg,ubn,ikc,lgi
1010002,16,10,13,1,12,wpl,fah,lgi,hxm,blg
1010003,8,7,10,13,1,ubn,bon,fah,lgi,hxm
1010004,10,12,11,7,9,fah,blg,jco,bon,qlg
1010005,3,7,17,11,16,hiw,bon,toy,jco,wpl
1010006,6,9,8,1,13,oab,qlg,ubn,hxm,lgi
1010007,19,8,18,5,12,ikc,ubn,wcj,exd,blg
1010008,16,13,2,3,6,wpl,lgi,qfj,hiw,oab
1010009,10,7,1,6,2,fah,bon,hxm,oab,qfj
1010010,7,2,19,8,4,bon,qfj,ikc,ubn,wmz
1010011,10,7,19,5,9,fah,bon,ikc,exd,qlg
1010012,15,3,7,5,9,zam,hiw,bon,exd,qlg
1010013,20,5,7,6,18,ray,exd,bon,oab,wcj
1010014,6,15,11,7,9,oab,zam,jco,bon,qlg
1010015,20,10,19,9,14,ray,fah,ikc,qlg,dgq
1010016,15,18,17,4,2,zam,wcj,toy,wmz,qfj
1010017,12,13,9,10,15,blg,lgi,qlg,fah,zam
1010018,4,19,15,14,17,wmz,ikc,zam,dgq,toy
1010019,11,19,7,3,8,jco,ikc,bon,hiw,ubn
1010020,16,11,17,9,5,wpl,jco,toy,qlg,exd
1010021,4,6,15,2,19,wmz,oab,zam,qfj,ikc
1010022,5,20,3,13,10,exd,ray,hiw,lgi,fah
1010023,14,12,6,3,17,dgq,blg,oab,hiw,toy
1010024,19,13,8,9,1,ikc,lgi,ubn,qlg,hxm
1010025,10,20,17,16,2,fah,ray,toy,wpl,qfj
1010026,2,8,18,5,17,qfj,ubn,wcj,exd,toy
1010027,3,16,13,7,10,hiw,wpl,lgi,bon,fah
1010028,4,14,11,12,6,wmz,dgq,jco,blg,oab
1010029,20,2,4,10,14,ray,qfj,wmz,fah,dgq
1010030,11,1,7,13,14,jco,hxm,bon,lgi,dgq
1010031,20,12,2,8,5,ray,blg,qfj,ubn,exd
1010032,20,11,15,8,4,ray,jco,zam,ubn,wmz
1010033,1,7,11,13,6,hxm,bon,jco,lgi,oab
1010034,11,14,7,12,15,jco,dgq,bon,blg,zam
1010035,16,9,4,20,19,wpl,qlg,wmz,ray,ikc
1010036,1,12,13,11,19,hxm,blg,lgi,jco,ikc
1010037,20,10,12,7,4,ray,fah,blg,bon,wmz
1010038,8,2,13,7,19,ubn,qfj,lgi,bon,ikc
1010039,11,7,2,18,1,jco,bon,qfj,wcj,hxm
1010040,6,9,1,4,14,oab,qlg,hxm,wmz,dgq
1010041,2,15,18,8,1,qfj,zam,wcj,ubn,hxm
1010042,7,1,10,3,11,bon,hxm,fah,hiw,jco
1010043,20,6,18,5,16,ray,oab,wcj,exd,wpl
1010044,17,19,9,4,16,toy,ikc,qlg,wmz,wpl
1010045,15,10,13,1,17,zam,fah,lgi,hxm,toy
1010046,1,18,20,14,9,hxm,wcj,ray,dgq,qlg
1010047,20,2,9,16,8,ray,qfj,qlg,wpl,ubn
1010048,2,3,20,5,19,qfj,hiw,ray,exd,ikc
1010049,14,12,2,6,4,dgq,blg,qfj,oab,wmz
1010050,5,9,11,4,16,exd,qlg,jco,wmz,wpl
1010051,20,13,5,8,10,ray,lgi,exd,ubn,fah
1010052,17,6,12,1,20,toy,oab,blg,hxm,ray
1010053,12,5,3,9,15,blg,exd,hiw,qlg,zam
1010054,7,18,17,8,1,bon,wcj,toy,ubn,hxm
1010055,19,11,13,9,15,ikc,jco,lgi,qlg,zam
1010056,5,14,18,10,7,exd,dgq,wcj,fah,bon
1010057,9,8,6,18,11,qlg,ubn,oab,wcj,jco
1010058,19,8,18,12,1,ikc,ubn,wcj,blg,hxm
1010059,19,1,5,2,10,ikc,hxm,exd,qfj,fah
1010060,13,19,12,6,2,lgi,ikc,blg,oab,qfj
1010061,2,6,19,9,3,qfj,oab,ikc,qlg,hiw
1010062,14,16,20,1,17,dgq,wpl,ray,hxm,toy
1010063,11,14,13,20,2,jco,dgq,lgi,ray,qfj
1010064,5,20,18,8,9,exd,ray,wcj,ubn,qlg
1010065,17,1,16,6,10,toy,hxm,wpl,oab,fah
1010066,11,2,6,20,16,jco,qfj,oab,ray,wpl
1010067,14,13,6,12,1,dgq,lgi,oab,blg,hxm
1010068,14,5,7,10,3,dgq,exd,bon,fah,hiw
1010069,8,4,16,1,11,ubn,wmz,wpl,hxm,jco
1010070,1,15,5,11,14,hxm,zam,exd,jco,dgq
1010071,16,3,11,12,19,wpl,hiw,jco,blg,ikc
1010072,8,20,7,15,13,ubn,ray,bon,zam,lgi
1010073,14,7,13,19,9,dgq,bon,lgi,ikc,qlg
1010074,19,15,16,2,13,ikc,zam,wpl,qfj,lgi
1010075,20,10,19,14,12,ray,fah,ikc,dgq,blg
1010076,14,17,16,18,6,dgq,toy,wpl,wcj,oab
1010077,19,11,17,2,14,ikc,jco,toy,qfj,dgq
1010078,9,14,17,6,16,qlg,dgq,toy,oab,wpl
1010079,9,17,6,2,5,qlg,toy,oab,qfj,exd
1010080,5,2,7,18,20,exd,qfj,bon,wcj,ray
1010081,3,19,2,8,12,hiw,ikc,qfj,ubn,blg
1010082,10,20,13,7,5,fah,ray,lgi,bon,exd
1010083,4,12,9,7,19,wmz,blg,qlg,bon,ikc
1010084,18,2,1,17,7,wcj,qfj,hxm,toy,bon
1010085,19,5,15,18,8,ikc,exd,zam,wcj,ubn
1010086,7,2,5,9,20,bon,qfj,exd,qlg,ray
1010087,11,17,20,13,2,jco,toy,ray,lgi,qfj
1010088,2,6,18,13,3,qfj,oab,wcj,lgi,hiw
1010089,9,19,3,7,4,qlg,ikc,hiw,bon,wmz
1010090,14,16,4,1,2,dgq,wpl,wmz,hxm,qfj
1010091,18,15,13,14,11,wcj,zam,lgi,dgq,jco
1010092,19,13,4,18,3,ikc,lgi,wmz,wcj,hiw
1010093,3,14,6,4,1,hiw,dgq,oab,wmz,hxm
1010094,14,4,17,11,2,dgq,wmz,toy,jco,qfj
1010095,7,4,3,12,11,bon,wmz,hiw,blg,jco
1010096,15,1,16,11,3,zam,hxm,wpl,jco,hiw
1010097,6,3,8,17,9,oab,hiw,ubn,toy,qlg
1010098,15,3,7,4,13,zam,hiw,bon,wmz,lgi
1010099,16,18,5,15,17,wpl,wcj,exd,zam,toy
1010100,17,13,9,1,5,toy,lgi,qlg,hxm,exd
1010101,1,14,3,7,20,hxm,dgq,hiw,bon,ray
1010102,16,20,1,2,6,wpl,ray,hxm,qfj,oab
1010103,7,15,5,18,12,bon,zam,exd,wcj,blg
1010104,9,7,1,5,6,qlg,bon,hxm,exd,oab
1010105,10,20,3,11,7,fah,ray,hiw,jco,bon
1010106,8,13,4,7,20,ubn,lgi,wmz,bon,ray
1010107,11,4,17,13,8,jco,wmz,toy,lgi,ubn
1010108,7,18,14,12,15,bon,wcj,dgq,blg,zam
1010109,13,7,1,15,17,lgi,bon,hxm,zam,toy
1010110,10,1,14,15,13,fah,hxm,dgq,zam,lgi
1010111,18,3,14,8,1,wcj,hiw,dgq,ubn,hxm
1010112,9,17,7,10,6,qlg,toy,bon,fah,oab
1010113,12,4,17,16,8,blg,wmz,toy,wpl,ubn
1010114,16,20,5,13,17,wpl,ray,exd,lgi,toy
1010115,15,13,14,10,9,zam,lgi,dgq,fah,qlg
1010116,19,18,11,20,1,ikc,wcj,jco,ray,hxm
1010117,1,5,13,8,7,hxm,exd,lgi,ubn,bon
1010118,10,18,9,16,20,fah,wcj,qlg,wpl,ray
1010119,15,4,12,11,3,zam,wmz,blg,jco,hiw
1010120,12,17,10,6,11,blg,toy,fah,oab,jco
1010121,18,5,1,10,6,wcj,exd,hxm,fah,oab
1010122,8,2,18,19,14,ubn,qfj,wcj,ikc,dgq
1010123,18,10,6,13,9,wcj,fah,oab,lgi,qlg
1010124,8,13,12,9,4,ubn,lgi,blg,qlg,wmz
1010125,18,2,15,1,13,wcj,qfj,zam,hxm,lgi
1010126,9,3,8,17,5,qlg,hiw,ubn,toy,exd
1010127,12,6,19,9,15,blg,oab,ikc,qlg,zam
1010128,16,14,12,8,7,wpl,dgq,blg,ubn,bon
1010129,20,3,2,10,1,ray,hiw,qfj,fah,hxm
1010130,20,10,9,17,19,ray,fah,qlg,toy,ikc
1010131,15,10,9,14,13,zam,fah,qlg,dgq,lgi
1010132,7,10,2,9,5,bon,fah,qfj,qlg,exd
1010133,10,9,17,3,13,fah,qlg,toy,hiw,lgi
1010134,7,4,2,16,14,bon,wmz,qfj,wpl,dgq
1010135,16,3,11,17,12,wpl,hiw,jco,toy,blg
1010136,7,8,20,11,5,bon,ubn,ray,jco,exd
1010137,10,14,1,19,4,fah,dgq,hxm,ikc,wmz
1010138,14,9,1,13,10,dgq,qlg,hxm,lgi,fah
1010139,12,8,17,5,13,blg,ubn,toy,exd,lgi
1010140,1,4,9,16,6,hxm,wmz,qlg,wpl,oab
1010141,12,16,7,15,18,blg,wpl,bon,zam,wcj
1010142,18,6,16,19,11,wcj,oab,wpl,ikc,jco
1010143,20,4,3,17,2,ray,wmz,hiw,toy,qfj
1010144,17,7,1,10,11,toy,bon,hxm,fah,jco
1010145,10,15,8,1,4,fah,zam,ubn,hxm,wmz
1010146,12,9,10,14,4,blg,qlg,fah,dgq,wmz
1010147,14,9,16,19,13,dgq,qlg,wpl,ikc,lgi
1010148,2,14,10,9,3,qfj,dgq,fah,qlg,hiw
1010149,17,2,9,11,5,toy,qfj,qlg,jco,exd
1010150,16,9,14,15,8,wpl,qlg,dgq,zam,ubn
1010151,5,1,18,7,19,exd,hxm,wcj,bon,ikc
1010152,7,2,10,9,11,bon,qfj,fah,qlg,jco
1010153,7,4,3,17,20,bon,wmz,hiw,toy,ray
1010154,12,4,9,17,16,blg,wmz,qlg,toy,wpl
1010155,2,11,5,14,12,qfj,jco,exd,dgq,blg
1010156,1,4,11,16,3,hxm,wmz,jco,wpl,hiw
1010157,12,8,7,16,17,blg,ubn,bon,wpl,toy
1010158,6,10,3,12,14,oab,fah,hiw,blg,dgq
1010159,12,10,14,6,2,blg,fah,dgq,oab,qfj
1010160,14,13,8,7,17,dgq,lgi,ubn,bon,toy
1010161,17,7,11,12,5,toy,bon,jco,blg,exd
1010162,18,9,7,14,16,wcj,qlg,bon,dgq,wpl
1010163,1,14,5,6,4,hxm,dgq,exd,oab,wmz
1010164,5,20,8,4,9,exd,ray,ubn,wmz,qlg
1010165,15,9,12,11,1,zam,qlg,blg,jco,hxm
1010166,6,20,18,3,14,oab,ray,wcj,hiw,dgq
1010167,6,18,10,19,9,oab,wcj,fah,ikc,qlg
1010168,19,18,17,7,13,ikc,wcj,toy,bon,lgi
1010169,16,20,18,10,11,wpl,ray,wcj,fah,jco
1010170,19,4,16,20,15,ikc,wmz,wpl,ray,zam
1010171,10,17,15,4,16,fah,toy,zam,wmz,wpl
1010172,13,6,12,15,16,lgi,oab,blg,zam,wpl
1010173,8,12,15,13,11,ubn,blg,zam,lgi,jco
1010174,20,14,9,19,7,ray,dgq,qlg,ikc,bon
1010175,14,16,18,3,7,dgq,wpl,wcj,hiw,bon
1010176,14,6,1,4,11,dgq,oab,hxm,wmz,jco
1010177,10,11,8,16,7,fah,jco,ubn,wpl,bon
1010178,7,16,4,18,14,bon,wpl,wmz,wcj,dgq
1010179,20,19,18,4,2,ray,ikc,wcj,wmz,qfj
1010180,1,16,17,2,10,hxm,wpl,toy,qfj,fah
1010181,1,14,10,9,18,hxm,dgq,fah,qlg,wcj
1010182,7,9,12,3,10,bon,qlg,blg,hiw,fah
1010183,13,9,18,17,12,lgi,qlg,wcj,toy,blg
1010184,10,19,13,9,12,fah,ikc,lgi,qlg,blg
1010185,3,14,11,12,15,hiw,dgq,jco,blg,zam
1010186,10,4,14,6,12,fah,wmz,dgq,oab,blg
1010187,12,11,14,6,15,blg,jco,dgq,oab,zam
1010188,17,7,12,18,9,toy,bon,blg,wcj,qlg
1010189,3,8,9,5,11,hiw,ubn,qlg,exd,jco
1010190,12,9,13,7,5,blg,qlg,lgi,bon,exd
1010191,9,12,4,10,19,qlg,blg,wmz,fah,ikc
1010192,16,19,20,17,8,wpl,ikc,ray,toy,ubn
1010193,7,5,9,17,11,bon,exd,qlg,toy,jco
1010194,19,15,10,4,3,ikc,zam,fah,wmz,hiw
1010195,3,6,7,1,18,hiw,oab,bon,hxm,wcj
1010196,9,12,14,19,18,qlg,blg,dgq,ikc,wcj
1010197,12,2,13,3,9,blg,qfj,lgi,hiw,qlg
1010198,20,6,5,3,8,ray,oab,exd,hiw,ubn
1010199,6,18,13,14,17,oab,wcj,lgi,dgq,toy
1010200,13,14,7,18,15,lgi,dgq,bon,wcj,zam
1010201,20,15,8,19,6,ray,zam,ubn,ikc,oab
1010202,17,2,7,5,1,toy,qfj,bon,exd,hxm
1010203,17,4,13,6,8,toy,wmz,lgi,oab,ubn
1010204,2,11,19,9,6,qfj,jco,ikc,qlg,oab
1010205,8,3,6,5,16,ubn,hiw,oab,exd,wpl
1010206,8,4,10,20,9,ubn,wmz,fah,ray,qlg
1010207,11,17,10,14,20,jco,toy,fah,dgq,ray
1010208,16,20,13,17,9,wpl,ray,lgi,toy,qlg
1010209,17,12,5,1,14,toy,blg,exd,hxm,dgq
1010210,18,2,16,15,9,wcj,qfj,wpl,zam,qlg
1010211,18,1,10,4,11,wcj,hxm,fah,wmz,jco
1010212,14,15,10,19,6,dgq,zam,fah,ikc,oab
1010213,2,13,8,16,7,qfj,lgi,ubn,wpl,bon
1010214,13,20,3,11,1,lgi,ray,hiw,jco,hxm
1010215,14,12,15,19,5,dgq,blg,zam,ikc,exd
1010216,1,2,5,11,7,hxm,qfj,exd,jco,bon
1010217,6,17,3,4,5,oab,toy,hiw,wmz,exd
1010218,14,16,18,13,1,dgq,wpl,wcj,lgi,hxm
1010219,18,12,19,5,9,wcj,blg,ikc,exd,qlg
1010220,10,1,2,9,6,fah,hxm,qfj,qlg,oab
1010221,8,5,7,2,13,ubn,exd,bon,qfj,lgi
1010222,18,15,13,3,5,wcj,zam,lgi,hiw,exd
1010223,18,7,17,19,1,wcj,bon,toy,ikc,hxm
1010224,3,10,11,4,15,hiw,fah,jco,wmz,zam
1010225,5,1,12,17,8,exd,hxm,blg,toy,ubn
1010226,2,11,17,20,9,qfj,jco,toy,ray,qlg
1010227,4,15,16,14,9,wmz,zam,wpl,dgq,qlg
1010228,19,20,9,12,10,ikc,ray,qlg,blg,fah
1010229,5,4,16,13,12,exd,wmz,wpl,lgi,blg
1010230,20,8,19,12,7,ray,ubn,ikc,blg,bon
1010231,10,3,16,2,6,fah,hiw,wpl,qfj,oab
1010232,15,2,14,13,11,zam,qfj,dgq,lgi,jco
1010233,13,12,14,20,16,lgi,blg,dgq,ray,wpl
1010234,20,18,4,13,3,ray,wcj,wmz,lgi,hiw
1010235,9,17,15,4,20,qlg,toy,zam,wmz,ray
1010236,18,13,12,17,15,wcj,lgi,blg,toy,zam
1010237,6,19,18,4,1,oab,ikc,wcj,wmz,hxm
1010238,10,20,5,16,8,fah,ray,exd,wpl,ubn
1010239,12,3,8,2,5,blg,hiw,ubn,qfj,exd
1010240,20,9,8,6,5,ray,qlg,ubn,oab,exd
1010241,4,7,1,14,9,wmz,bon,hxm,dgq,qlg
1010242,12,1,10,8,18,blg,hxm,fah,ubn,wcj
1010243,14,6,10,18,1,dgq,oab,fah,wcj,hxm
1010244,17,15,8,7,13,toy,zam,ubn,bon,lgi
1010245,17,9,20,11,1,toy,qlg,ray,jco,hxm
1010246,15,13,7,11,17,zam,lgi,bon,jco,toy
1010247,4,11,13,12,14,wmz,jco,lgi,blg,dgq
1010248,14,10,11,3,7,dgq,fah,jco,hiw,bon
1010249,4,2,16,3,12,wmz,qfj,wpl,hiw,blg
1010250,8,4,6,20,19,ubn,wmz,oab,ray,ikc
1010251,7,11,18,8,20,bon,jco,wcj,ubn,ray
1010252,2,9,18,15,1,qfj,qlg,wcj,zam,hxm
1010253,15,4,13,12,18,zam,wmz,lgi,blg,wcj
1010254,6,18,8,5,1,oab,wcj,ubn,exd,hxm
1010255,19,1,20,3,13,ikc,hxm,ray,hiw,lgi
1010256,6,8,13,15,4,oab,ubn,lgi,zam,wmz
1010257,19,3,4,6,17,ikc,hiw,wmz,oab,toy
1010258,14,2,19,5,16,dgq,qfj,ikc,exd,wpl
1010259,10,19,6,7,9,fah,ikc,oab,bon,qlg
1010260,11,8,12,6,5,jco,ubn,blg,oab,exd
1010261,5,16,12,4,10,exd,wpl,blg,wmz,fah
1010262,12,10,20,2,17,blg,fah,ray,qfj,toy
1010263,10,1,5,17,4,fah,hxm,exd,toy,wmz
1010264,2,19,16,13,20,qfj,ikc,wpl,lgi,ray
1010265,17,10,1,11,4,toy,fah,hxm,jco,wmz
1010266,8,19,13,14,5,ubn,ikc,lgi,dgq,exd
1010267,18,8,9,5,3,wcj,ubn,qlg,exd,hiw
1010268,12,14,1,19,6,blg,dgq,hxm,ikc,oab
1010269,2,18,16,8,12,qfj,wcj,wpl,ubn,blg
1010270,9,10,11,17,2,qlg,fah,jco,toy,qfj
1010271,20,13,5,9,17,ray,lgi,exd,qlg,toy
1010272,3,13,19,6,15,hiw,lgi,ikc,oab,zam
1010273,2,13,4,1,17,qfj,lgi,wmz,hxm,toy
1010274,17,16,3,9,19,toy,wpl,hiw,qlg,ikc
1010275,2,5,10,9,14,qfj,exd,fah,qlg,dgq
1010276,18,3,13,6,5,wcj,hiw,lgi,oab,exd
1010277,5,14,7,8,17,exd,dgq,bon,ubn,toy
1010278,14,6,17,11,8,dgq,oab,toy,jco,ubn
1010279,1,17,13,4,14,hxm,toy,lgi,wmz,dgq
1010280,16,3,13,9,12,wpl,hiw,lgi,qlg,blg
1010281,13,15,9,19,4,lgi,zam,qlg,ikc,wmz
1010282,9,1,13,6,17,qlg,hxm,lgi,oab,toy
1010283,6,16,1,13,18,oab,wpl,hxm,lgi,wcj
1010284,18,15,16,4,10,wcj,zam,wpl,wmz,fah
1010285,3,11,8,17,20,hiw,jco,ubn,toy,ray
1010286,2,15,3,6,17,qfj,zam,hiw,oab,toy
1010287,8,13,10,16,20,ubn,lgi,fah,wpl,ray
1010288,6,18,15,20,10,oab,wcj,zam,ray,fah
1010289,12,5,10,1,13,blg,exd,fah,hxm,lgi
1010290,11,3,19,14,4,jco,hiw,ikc,dgq,wmz
1010291,11,4,2,9,18,jco,wmz,qfj,qlg,wcj
1010292,20,10,5,2,9,ray,fah,exd,qfj,qlg
1010293,5,20,12,1,4,exd,ray,blg,hxm,wmz
1010294,3,1,17,8,14,hiw,hxm,toy,ubn,dgq
1010295,7,2,20,6,8,bon,qfj,ray,oab,ubn
1010296,4,15,18,13,16,wmz,zam,wcj,lgi,wpl
1010297,19,13,17,16,5,ikc,lgi,toy,wpl,exd
1010298,12,20,19,9,17,blg,ray,ikc,qlg,toy
1010299,2,5,11,10,9,qfj,exd,jco,fah,qlg
1010300,14,13,19,6,8,dgq,lgi,ikc,oab,ubn
1010301,13,15,16,11,12,lgi,zam,wpl,jco,blg
1010302,8,10,13,14,11,ubn,fah,lgi,dgq,jco
1010303,20,2,14,18,1,ray,qfj,dgq,wcj,hxm
1010304,4,8,3,10,9,wmz,ubn,hiw,fah,qlg
1010305,10,8,11,6,15,fah,ubn,jco,oab,zam
1010306,14,2,6,7,5,dgq,qfj,oab,bon,exd
1010307,14,1,13,12,3,dgq,hxm,lgi,blg,hiw
1010308,17,8,11,13,18,toy,ubn,jco,lgi,wcj
1010309,11,1,14,12,17,jco,hxm,dgq,blg,toy
1010310,17,13,12,3,2,toy,lgi,blg,hiw,qfj
1010311,16,9,3,6,19,wpl,qlg,hiw,oab,ikc
1010312,12,16,15,8,19,blg,wpl,zam,ubn,ikc
1010313,18,3,14,16,11,wcj,hiw,dgq,wpl,jco
1010314,20,4,14,12,5,ray,wmz,dgq,blg,exd
1010315,2,7,3,17,18,qfj,bon,hiw,toy,wcj
1010316,11,14,5,20,3,jco,dgq,exd,ray,hiw
1010317,4,19,2,15,10,wmz,ikc,qfj,zam,fah
1010318,16,17,5,8,9,wpl,toy,exd,ubn,qlg
1010319,5,19,10,14,1,exd,ikc,fah,dgq,hxm
1010320,5,15,3,8,7,exd,zam,hiw,ubn,bon
1010321,5,10,8,9,19,exd,fah,ubn,qlg,ikc
1010322,12,1,5,20,2,blg,hxm,exd,ray,qfj
1010323,4,10,20,6,11,wmz,fah,ray,oab,jco
1010324,10,14,7,13,18,fah,dgq,bon,lgi,wcj
1010325,4,10,11,13,16,wmz,fah,jco,lgi,wpl
1010326,19,13,5,7,8,ikc,lgi,exd,bon,ubn
1010327,19,9,20,1,10,ikc,qlg,ray,hxm,fah
1010328,4,3,12,1,19,wmz,hiw,blg,hxm,ikc
1010329,18,19,16,4,20,wcj,ikc,wpl,wmz,ray
1010330,4,10,5,13,11,wmz,fah,exd,lgi,jco
1010331,20,1,5,2,4,ray,hxm,exd,qfj,wmz
1010332,20,11,19,15,16,ray,jco,ikc,zam,wpl
1010333,6,4,14,10,16,oab,wmz,dgq,fah,wpl
1010334,13,7,16,11,12,lgi,bon,wpl,jco,blg
1010335,14,5,16,9,2,dgq,exd,wpl,qlg,qfj
1010336,4,19,2,5,11,wmz,ikc,qfj,exd,jco
1010337,3,15,1,8,13,hiw,zam,hxm,ubn,lgi
1010338,1,14,5,20,6,hxm,dgq,exd,ray,oab
1010339,9,4,15,20,6,qlg,wmz,zam,ray,oab
1010340,4,12,18,3,16,wmz,blg,wcj,hiw,wpl
1010341,10,12,18,3,1,fah,blg,wcj,hiw,hxm
1010342,20,4,8,17,13,ray,wmz,ubn,toy,lgi
1010343,10,7,20,17,8,fah,bon,ray,toy,ubn
1010344,10,20,13,14,19,fah,ray,lgi,dgq,ikc
1010345,16,7,5,18,2,wpl,bon,exd,wcj,qfj
1010346,12,8,14,11,9,blg,ubn,dgq,jco,qlg
1010347,16,11,5,4,18,wpl,jco,exd,wmz,wcj
1010348,16,8,2,3,4,wpl,ubn,qfj,hiw,wmz
1010349,20,19,13,11,16,ray,ikc,lgi,jco,wpl
1010350,5,3,13,8,10,exd,hiw,lgi,ubn,fah
1010351,20,9,10,7,11,ray,qlg,fah,bon,jco
1010352,15,10,7,9,4,zam,fah,bon,qlg,wmz
1010353,14,20,8,6,16,dgq,ray,ubn,oab,wpl
1010354,19,15,10,13,2,ikc,zam,fah,lgi,qfj
1010355,1,10,8,13,19,hxm,fah,ubn,lgi,ikc
1010356,16,7,8,6,20,wpl,bon,ubn,oab,ray
1010357,19,5,16,6,1,ikc,exd,wpl,oab,hxm
1010358,8,15,5,13,9,ubn,zam,exd,lgi,qlg
1010359,17,12,2,19,18,toy,blg,qfj,ikc,wcj
1010360,11,12,4,8,20,jco,blg,wmz,ubn,ray
1010361,5,17,2,16,15,exd,toy,qfj,wpl,zam
1010362,18,6,19,14,11,wcj,oab,ikc,dgq,jco
1010363,14,17,7,6,13,dgq,toy,bon,oab,lgi
1010364,7,16,14,2,1,bon,wpl,dgq,qfj,hxm
1010365,5,3,10,8,12,exd,hiw,fah,ubn,blg
1010366,15,14,13,9,7,zam,dgq,lgi,qlg,bon
1010367,15,9,14,5,18,zam,qlg,dgq,exd,wcj
1010368,19,11,13,4,20,ikc,jco,lgi,wmz,ray
1010369,9,18,3,7,4,qlg,wcj,hiw,bon,wmz
1010370,2,16,19,1,14,qfj,wpl,ikc,hxm,dgq
1010371,2,17,20,9,10,qfj,toy,ray,qlg,fah
1010372,2,12,11,15,17,qfj,blg,jco,zam,toy
1010373,1,19,4,2,12,hxm,ikc,wmz,qfj,blg
1010374,15,5,10,13,17,zam,exd,fah,lgi,toy
1010375,17,9,2,8,5,toy,qlg,qfj,ubn,exd
1010376,11,18,6,7,1,jco,wcj,oab,bon,hxm
1010377,13,20,10,6,8,lgi,ray,fah,oab,ubn
1010378,10,13,3,4,16,fah,lgi,hiw,wmz,wpl
1010379,10,17,7,18,16,fah,toy,bon,wcj,wpl
1010380,11,15,5,6,7,jco,zam,exd,oab,bon
1010381,11,3,17,9,18,jco,hiw,toy,qlg,wcj
1010382,2,13,3,12,19,qfj,lgi,hiw,blg,ikc
1010383,12,7,20,13,4,blg,bon,ray,lgi,wmz
1010384,4,2,6,11,9,wmz,qfj,oab,jco,qlg
1010385,7,11,6,19,16,bon,jco,oab,ikc,wpl
1010386,7,17,8,19,18,bon,toy,ubn,ikc,wcj
1010387,20,10,15,4,9,ray,fah,zam,wmz,qlg
1010388,9,4,14,19,10,qlg,wmz,dgq,ikc,fah
1010389,20,11,2,12,17,ray,jco,qfj,blg,toy
1010390,16,11,18,5,7,wpl,jco,wcj,exd,bon
1010391,4,6,16,2,7,wmz,oab,wpl,qfj,bon
1010392,2,4,14,7,17,qfj,wmz,dgq,bon,toy
1010393,15,9,13,11,18,zam,qlg,lgi,jco,wcj
1010394,3,2,14,16,7,hiw,qfj,dgq,wpl,bon
1010395,15,13,8,19,11,zam,lgi,ubn,ikc,jco
1010396,17,8,5,12,1,toy,ubn,exd,blg,hxm
1010397,16,5,8,11,15,wpl,exd,ubn,jco,zam
1010398,17,18,5,1,3,toy,wcj,exd,hxm,hiw
1010399,3,17,6,11,4,hiw,toy,oab,jco,wmz
1010400,6,17,9,16,7,oab,toy,qlg,wpl,bon
1010401,2,14,10,19,17,qfj,dgq,fah,ikc,toy
1010402,15,18,5,2,13,zam,wcj,exd,qfj,lgi
1010403,19,8,3,11,5,ikc,ubn,hiw,jco,exd
1010404,9,10,17,11,13,qlg,fah,toy,jco,lgi
1010405,16,3,2,12,7,wpl,hiw,qfj,blg,bon
1010406,13,17,18,19,15,lgi,toy,wcj,ikc,zam
1010407,8,4,7,2,16,ubn,wmz,bon,qfj,wpl
1010408,3,7,18,10,13,hiw,bon,wcj,fah,lgi
1010409,1,5,13,19,3,hxm,exd,lgi,ikc,hiw
1010410,7,8,3,18,11,bon,ubn,hiw,wcj,jco
1010411,6,11,3,12,2,oab,jco,hiw,blg,qfj
1010412,12,17,5,1,10,blg,toy,exd,hxm,fah
1010413,17,8,18,11,20,toy,ubn,wcj,jco,ray
1010414,5,16,10,1,15,exd,wpl,fah,hxm,zam
1010415,1,13,10,8,6,hxm,lgi,fah,ubn,oab
1010416,14,6,7,15,5,dgq,oab,bon,zam,exd
1010417,8,4,16,3,2,ubn,wmz,wpl,hiw,qfj
1010418,4,20,6,13,2,wmz,ray,oab,lgi,qfj
1010419,20,3,12,17,16,ray,hiw,blg,toy,wpl
1010420,20,18,9,17,1,ray,wcj,qlg,toy,hxm
1010421,18,11,19,16,1,wcj,jco,ikc,wpl,hxm
1010422,9,5,8,10,11,qlg,exd,ubn,fah,jco
1010423,12,11,3,1,5,blg,jco,hiw,hxm,exd
1010424,20,8,18,1,5,ray,ubn,wcj,hxm,exd
1010425,13,1,6,20,17,lgi,hxm,oab,ray,toy
1010426,8,12,10,16,6,ubn,blg,fah,wpl,oab
1010427,9,14,4,18,16,qlg,dgq,wmz,wcj,wpl
1010428,17,11,16,8,5,toy,jco,wpl,ubn,exd
1010429,5,4,16,7,14,exd,wmz,wpl,bon,dgq
1010430,17,4,9,10,15,toy,wmz,qlg,fah,zam
1010431,14,5,6,13,9,dgq,exd,oab,lgi,qlg
1010432,11,17,18,5,13,jco,toy,wcj,exd,lgi
1010433,16,2,1,10,20,wpl,qfj,hxm,fah,ray
1010434,11,10,13,4,6,jco,fah,lgi,wmz,oab
1010435,3,4,20,18,15,hiw,wmz,ray,wcj,zam
1010436,4,19,7,2,15,wmz,ikc,bon,qfj,zam
1010437,20,8,2,5,1,ray,ubn,qfj,exd,hxm
1010438,9,5,16,17,1,qlg,exd,wpl,toy,hxm
1010439,13,6,2,18,1,lgi,oab,qfj,wcj,hxm
1010440,1,20,3,12,2,hxm,ray,hiw,blg,qfj
1010441,3,7,11,13,20,hiw,bon,jco,lgi,ray
1010442,5,4,10,15,18,exd,wmz,fah,zam,wcj
1010443,11,3,7,2,5,jco,hiw,bon,qfj,exd
1010444,8,4,19,6,1,ubn,wmz,ikc,oab,hxm
1010445,11,5,18,17,16,jco,exd,wcj,toy,wpl
1010446,20,12,14,1,2,ray,blg,dgq,hxm,qfj
1010447,15,18,7,5,3,zam,wcj,bon,exd,hiw
1010448,18,19,12,17,4,wcj,ikc,blg,toy,wmz
1010449,4,16,11,13,18,wmz,wpl,jco,lgi,wcj
1010450,1,19,16,2,17,hxm,ikc,wpl,qfj,toy
1010451,11,14,1,3,16,jco,dgq,hxm,hiw,wpl
1010452,15,8,14,11,18,zam,ubn,dgq,jco,wcj
1010453,12,8,2,5,17,blg,ubn,qfj,exd,toy
1010454,13,10,16,17,9,lgi,fah,wpl,toy,qlg
1010455,16,8,3,10,2,wpl,ubn,hiw,fah,qfj
1010456,17,7,12,1,10,toy,bon,blg,hxm,fah
1010457,19,4,1,10,8,ikc,wmz,hxm,fah,ubn
1010458,20,5,2,19,10,ray,exd,qfj,ikc,fah
1010459,10,3,1,9,14,fah,hiw,hxm,qlg,dgq
1010460,13,12,2,14,18,lgi,blg,qfj,dgq,wcj
1010461,20,10,15,19,5,ray,fah,zam,ikc,exd
1010462,5,15,8,14,17,exd,zam,ubn,dgq,toy
1010463,20,18,6,17,14,ray,wcj,oab,toy,dgq
1010464,9,16,12,2,20,qlg,wpl,blg,qfj,ray
1010465,7,4,14,13,5,bon,wmz,dgq,lgi,exd
1010466,14,20,11,16,3,dgq,ray,jco,wpl,hiw
1010467,8,20,5,6,18,ubn,ray,exd,oab,wcj
1010468,12,5,14,10,13,blg,exd,dgq,fah,lgi
1010469,9,8,3,13,20,qlg,ubn,hiw,lgi,ray
1010470,12,7,8,17,16,blg,bon,ubn,toy,wpl
1010471,19,2,13,7,4,ikc,qfj,lgi,bon,wmz
1010472,3,9,15,18,11,hiw,qlg,zam,wcj,jco
1010473,17,8,11,9,14,toy,ubn,jco,qlg,dgq
1010474,5,20,9,14,13,exd,ray,qlg,dgq,lgi
1010475,12,7,18,15,1,blg,bon,wcj,zam,hxm
1010476,17,7,15,3,16,toy,bon,zam,hiw,wpl
1010477,8,19,4,12,10,ubn,ikc,wmz,blg,fah
1010478,15,12,2,19,11,zam,blg,qfj,ikc,jco
1010479,2,11,17,3,5,qfj,jco,toy,hiw,exd
1010480,20,15,16,3,12,ray,zam,wpl,hiw,blg
1010481,1,19,14,3,6,hxm,ikc,dgq,hiw,oab
1010482,9,11,5,16,20,qlg,jco,exd,wpl,ray
1010483,18,11,14,13,4,wcj,jco,dgq,lgi,wmz
1010484,20,10,16,3,13,ray,fah,wpl,hiw,lgi
1010485,9,10,3,8,16,qlg,fah,hiw,ubn,wpl
1010486,3,11,9,16,6,hiw,jco,qlg,wpl,oab
1010487,17,2,1,18,3,toy,qfj,hxm,wcj,hiw
1010488,7,4,3,19,18,bon,wmz,hiw,ikc,wcj
1010489,12,5,14,19,6,blg,exd,dgq,ikc,oab
1010490,7,14,5,13,17,bon,dgq,exd,lgi,toy
1010491,4,5,6,20,16,wmz,exd,oab,ray,wpl
1010492,8,13,3,9,2,ubn,lgi,hiw,qlg,qfj
1010493,17,8,13,14,7,toy,ubn,lgi,dgq,bon
1010494,1,2,18,12,14,hxm,qfj,wcj,blg,dgq
1010495,20,8,15,10,13,ray,ubn,zam,fah,lgi
1010496,14,12,9,20,2,dgq,blg,qlg,ray,qfj
1010497,3,14,5,18,12,hiw,dgq,exd,wcj,blg
1010498,13,1,11,20,14,lgi,hxm,jco,ray,dgq
1010499,4,11,1,19,5,wmz,jco,hxm,ikc,exd
1010500,7,18,4,8,16,bon,wcj,wmz,ubn,wpl
1010501,11,17,6,7,9,jco,toy,oab,bon,qlg
1010502,14,6,9,15,8,dgq,oab,qlg,zam,ubn
1010503,11,16,7,8,20,jco,wpl,bon,ubn,ray
1010504,15,18,5,13,17,zam,wcj,exd,lgi,toy
1010505,16,4,17,2,6,wpl,wmz,toy,qfj,oab
1010506,10,12,13,20,17,fah,blg,lgi,ray,toy
1010507,14,12,4,10,8,dgq,blg,wmz,fah,ubn
1010508,15,9,2,20,19,zam,qlg,qfj,ray,ikc
1010509,15,12,9,17,10,zam,blg,qlg,toy,fah
1010510,6,4,2,3,13,oab,wmz,qfj,hiw,lgi
1010511,11,2,9,12,3,jco,qfj,qlg,blg,hiw
1010512,6,13,14,5,10,oab,lgi,dgq,exd,fah
1010513,15,19,3,12,18,zam,ikc,hiw,blg,wcj
1010514,8,11,10,7,2,ubn,jco,fah,bon,qfj
1010515,17,18,6,19,3,toy,wcj,oab,ikc,hiw
1010516,7,1,4,11,16,bon,hxm,wmz,jco,wpl
1010517,17,4,10,8,12,toy,wmz,fah,ubn,blg
1010518,19,16,1,6,13,ikc,wpl,hxm,oab,lgi
1010519,11,4,9,16,12,jco,wmz,qlg,wpl,blg
1010520,10,7,17,8,19,fah,bon,toy,ubn,ikc
1010521,18,5,15,6,9,wcj,exd,zam,oab,qlg
1010522,14,9,6,5,11,dgq,qlg,oab,exd,jco
1010523,14,12,2,11,17,dgq,blg,qfj,jco,toy
1010524,6,19,5,10,9,oab,ikc,exd,fah,qlg
1010525,14,7,2,12,1,dgq,bon,qfj,blg,hxm
1010526,12,4,6,7,19,blg,wmz,oab,bon,ikc
1010527,1,13,3,9,10,hxm,lgi,hiw,qlg,fah
1010528,3,16,19,10,11,hiw,wpl,ikc,fah,jco
1010529,8,18,10,3,4,ubn,wcj,fah,hiw,wmz
1010530,9,11,1,14,20,qlg,jco,hxm,dgq,ray
1010531,16,5,3,7,13,wpl,exd,hiw,bon,lgi
1010532,6,4,9,5,13,oab,wmz,qlg,exd,lgi
1010533,17,14,18,9,12,toy,dgq,wcj,qlg,blg
1010534,18,7,9,6,14,wcj,bon,qlg,oab,dgq
1010535,5,18,11,16,14,exd,wcj,jco,wpl,dgq
1010536,17,13,19,7,3,toy,lgi,ikc,bon,hiw
1010537,3,6,2,10,4,hiw,oab,qfj,fah,wmz
1010538,12,14,13,3,19,blg,dgq,lgi,hiw,ikc
1010539,3,5,17,7,16,hiw,exd,toy,bon,wpl
1010540,18,12,7,19,17,wcj,blg,bon,ikc,toy
1010541,13,11,15,9,8,lgi,jco,zam,qlg,ubn
1010542,3,12,15,17,6,hiw,blg,zam,toy,oab
1010543,17,6,10,1,19,toy,oab,fah,hxm,ikc
1010544,16,9,4,7,3,wpl,qlg,wmz,bon,hiw
1010545,18,5,16,4,12,wcj,exd,wpl,wmz,blg
1010546,1,17,7,19,20,hxm,toy,bon,ikc,ray
1010547,7,3,6,1,11,bon,hiw,oab,hxm,jco
1010548,15,1,2,16,6,zam,hxm,qfj,wpl,oab
1010549,8,2,15,1,13,ubn,qfj,zam,hxm,lgi
1010550,20,9,2,13,12,ray,qlg,qfj,lgi,blg
1010551,11,10,12,19,20,jco,fah,blg,ikc,ray
1010552,15,6,18,13,9,zam,oab,wcj,lgi,qlg
1010553,2,10,20,14,9,qfj,fah,ray,dgq,qlg
1010554,7,18,1,10,19,bon,wcj,hxm,fah,ikc
1010555,3,19,6,20,2,hiw,ikc,oab,ray,qfj
1010556,19,12,4,3,10,ikc,blg,wmz,hiw,fah
1010557,20,4,6,1,19,ray,wmz,oab,hxm,ikc
1010558,7,2,3,1,15,bon,qfj,hiw,hxm,zam
1010559,12,13,7,20,11,blg,lgi,bon,ray,jco
1010560,2,20,12,15,18,qfj,ray,blg,zam,wcj
1010561,3,7,20,10,9,hiw,bon,ray,fah,qlg
1010562,2,6,17,11,3,qfj,oab,toy,jco,hiw
1010563,11,4,19,18,12,jco,wmz,ikc,wcj,blg
1010564,5,9,10,14,20,exd,qlg,fah,dgq,ray
1010565,7,3,13,8,12,bon,hiw,lgi,ubn,blg
1010566,14,19,16,8,13,dgq,ikc,wpl,ubn,lgi
1010567,6,1,2,8,7,oab,hxm,qfj,ubn,bon
1010568,3,2,4,10,11,hiw,qfj,wmz,fah,jco
1010569,2,9,8,11,14,qfj,qlg,ubn,jco,dgq
1010570,13,20,18,11,2,lgi,ray,wcj,jco,qfj
1010571,2,7,10,20,19,qfj,bon,fah,ray,ikc
1010572,6,14,12,4,1,oab,dgq,blg,wmz,hxm
1010573,14,3,5,11,4,dgq,hiw,exd,jco,wmz
1010574,10,12,6,8,13,fah,blg,oab,ubn,lgi
1010575,5,4,2,20,6,exd,wmz,qfj,ray,oab
1010576,8,18,20,15,19,ubn,wcj,ray,zam,ikc
1010577,20,10,4,9,13,ray,fah,wmz,qlg,lgi
1010578,14,17,16,10,9,dgq,toy,wpl,fah,qlg
1010579,16,6,19,9,20,wpl,oab,ikc,qlg,ray
1010580,4,5,14,1,16,wmz,exd,dgq,hxm,wpl
1010581,6,10,5,15,2,oab,fah,exd,zam,qfj
1010582,6,16,5,15,4,oab,wpl,exd,zam,wmz
1010583,1,3,20,16,18,hxm,hiw,ray,wpl,wcj
1010584,15,16,5,3,2,zam,wpl,exd,hiw,qfj
1010585,20,8,7,9,3,ray,ubn,bon,qlg,hiw
1010586,12,15,6,1,16,blg,zam,oab,hxm,wpl
1010587,9,7,3,17,4,qlg,bon,hiw,toy,wmz
1010588,17,12,14,6,10,toy,blg,dgq,oab,fah
1010589,19,1,5,10,14,ikc,hxm,exd,fah,dgq
1010590,17,5,16,4,7,toy,exd,wpl,wmz,bon
1010591,10,1,16,7,17,fah,hxm,wpl,bon,toy
1010592,15,9,20,18,5,zam,qlg,ray,wcj,exd
1010593,6,5,17,8,2,oab,exd,toy,ubn,qfj
1010594,12,19,6,17,14,blg,ikc,oab,toy,dgq
1010595,8,19,14,9,11,ubn,ikc,dgq,qlg,jco
1010596,15,6,1,9,16,zam,oab,hxm,qlg,wpl
1010597,14,3,10,7,8,dgq,hiw,fah,bon,ubn
1010598,9,5,7,12,14,qlg,exd,bon,blg,dgq
1010599,17,3,13,12,8,toy,hiw,lgi,blg,ubn
1010600,15,16,4,18,1,zam,wpl,wmz,wcj,hxm
1020001,26,29,28,39,33,ivp,uyt,dfp,nfd,ujw
1020002,36,30,33,21,32,pzc,tkc,ujw,gum,yqt
1020003,28,27,30,33,21,dfp,nam,tkc,ujw,gum
1020004,30,32,31,27,29,tkc,yqt,wqt,nam,uyt
1020005,23,27,37,31,36,tex,nam,miu,wqt,pzc
1020006,26,29,28,21,33,ivp,uyt,dfp,gum,ujw
1020007,39,28,38,25,32,nfd,dfp,fgz,uny,yqt
1020008,36,33,22,23,26,pzc,ujw,sdp,tex,ivp
1020009,30,27,21,26,22,tkc,nam,gum,ivp,sdp
1020010,27,22,39,28,24,nam,sdp,nfd,dfp,coz
1020011,30,27,39,25,29,tkc,nam,nfd,uny,uyt
1020012,35,23,27,25,29,xai,tex,nam,uny,uyt
1020013,40,25,27,26,38,zrl,uny,nam,ivp,fgz
1020014,26,35,31,27,29,ivp,xai,wqt,nam,uyt
1020015,40,30,39,29,34,zrl,tkc,nfd,uyt,ugn
1020016,35,38,37,24,22,xai,fgz,miu,coz,sdp
1020017,32,33,29,30,35,yqt,ujw,uyt,tkc,xai
1020018,24,39,35,34,37,coz,nfd,xai,ugn,miu
1020019,31,39,27,23,28,wqt,nfd,nam,tex,dfp
1020020,36,31,37,29,25,pzc,wqt,miu,uyt,uny
1020021,24,26,35,22,39,coz,ivp,xai,sdp,nfd
1020022,25,40,23,33,30,uny,zrl,tex,ujw,tkc
1020023,34,32,26,23,37,ugn,yqt,ivp,tex,miu
1020024,39,33,28,29,21,nfd,ujw,dfp,uyt,gum
1020025,30,40,37,36,22,tkc,zrl,miu,pzc,sdp
1020026,22,28,38,25,37,sdp,dfp,fgz,uny,miu
1020027,23,36,33,27,30,tex,pzc,ujw,nam,tkc
1020028,24,34,31,32,26,coz,ugn,wqt,yqt,ivp
1020029,40,22,24,30,34,zrl,sdp,coz,tkc,ugn
1020030,31,21,27,33,34,wqt,gum,nam,ujw,ugn
1020031,40,32,22,28,25,zrl,yqt,sdp,dfp,uny
1020032,40,31,35,28,24,zrl,wqt,xai,dfp,coz
1020033,21,27,31,33,26,gum,nam,wqt,ujw,ivp
1020034,31,34,27,32,35,wqt,ugn,nam,yqt,xai
1020035,36,29,24,40,39,pzc,uyt,coz,zrl,nfd
1020036,21,32,33,31,39,gum,yqt,ujw,wqt,nfd
1020037,40,30,32,27,24,zrl,tkc,yqt,nam,coz
1020038,28,22,33,27,39,dfp,sdp,ujw,nam,nfd
1020039,31,27,22,38,21,wqt,nam,sdp,fgz,gum
1020040,26,29,21,24,34,ivp,uyt,gum,coz,ugn
1020041,22,35,38,28,21,sdp,xai,fgz,dfp,gum
1020042,27,21,30,23,31,nam,gum,tkc,tex,wqt
1020043,40,26,38,25,36,zrl,ivp,fgz,uny,pzc
1020044,37,39,29,24,36,miu,nfd,uyt,coz,pzc
1020045,35,30,33,21,37,xai,tkc,ujw,gum,miu
1020046,21,38,40,34,29,gum,fgz,zrl,ugn,uyt
1020047,40,22,29,36,28,zrl,sdp,uyt,pzc,dfp
1020048,22,23,40,25,39,sdp,tex,zrl,uny,nfd
1020049,34,32,22,26,24,ugn,yqt,sdp,ivp,coz
1020050,25,29,31,24,36,uny,uyt,wqt,coz,pzc
1020051,40,33,25,28,30,zrl,ujw,uny,dfp,tkc
1020052,37,26,32,21,40,miu,ivp,yqt,gum,zrl
1020053,32,25,23,29,35,yqt,uny,tex,uyt,xai
1020054,27,38,37,28,21,nam,fgz,miu,dfp,gum
1020055,39,31,33,29,35,nfd,wqt,ujw,uyt,xai
1020056,25,34,38,30,27,uny,ugn,fgz,tkc,nam
1020057,29,28,26,38,31,uyt,dfp,ivp,fgz,wqt
1020058,39,28,38,32,21,nfd,dfp,fgz,yqt,gum
1020059,39,21,25,22,30,nfd,gum,uny,sdp,tkc
1020060,33,39,32,26,22,ujw,nfd,yqt,ivp,sdp
1020061,22,26,39,29,23,sdp,ivp,nfd,uyt,tex
1020062,34,36,40,21,37,ugn,pzc,zrl,gum,miu
1020063,31,34,33,40,22,wqt,ugn,ujw,zrl,sdp
1020064,25,40,38,28,29,uny,zrl,fgz,dfp,uyt
1020065,37,21,36,26,30,miu,gum,pzc,ivp,tkc
1020066,31,22,26,40,36,wqt,sdp,ivp,zrl,pzc
1020067,34,33,26,32,21,ugn,ujw,ivp,yqt,gum
1020068,34,25,27,30,23,ugn,uny,nam,tkc,tex
1020069,28,24,36,21,31,dfp,coz,pzc,gum,wqt
1020070,21,35,25,31,34,gum,xai,uny,wqt,ugn
1020071,36,23,31,32,39,pzc,tex,wqt,yqt,nfd
1020072,28,40,27,35,33,dfp,zrl,nam,xai,ujw
1020073,34,27,33,39,29,ugn,nam,ujw,nfd,uyt
1020074,39,35,36,22,33,nfd,xai,pzc,sdp,ujw
1020075,40,30,39,34,32,zrl,tkc,nfd,ugn,yqt
1020076,34,37,36,38,26,ugn,miu,pzc,fgz,ivp
1020077,39,31,37,22,34,nfd,wqt,miu,sdp,ugn
1020078,29,34,37,26,36,uyt,ugn,miu,ivp,pzc
1020079,29,37,26,22,25,uyt,miu,ivp,sdp,uny
1020080,25,22,27,38,40,uny,sdp,nam,fgz,zrl
1020081,23,39,22,28,32,tex,nfd,sdp,dfp,yqt
1020082,30,40,33,27,25,tkc,zrl,ujw,nam,uny
1020083,24,32,29,27,39,coz,yqt,uyt,nam,nfd
1020084,38,22,21,37,27,fgz,sdp,gum,miu,nam
1020085,39,25,35,38,28,nfd,uny,xai,fgz,dfp
1020086,27,22,25,29,40,nam,sdp,uny,uyt,zrl
1020087,31,37,40,33,22,wqt,miu,zrl,ujw,sdp
1020088,22,26,38,33,23,sdp,ivp,fgz,ujw,tex
1020089,29,39,23,27,24,uyt,nfd,tex,nam,coz
1020090,34,36,24,21,22,ugn,pzc,coz,gum,sdp
1020091,38,35,33,34,31,fgz,xai,ujw,ugn,wqt
1020092,39,33,24,38,23,nfd,ujw,coz,fgz,tex
1020093,23,34,26,24,21,tex,ugn,ivp,coz,gum
1020094,34,24,37,31,22,ugn,coz,miu,wqt,sdp
1020095,27,24,23,32,31,nam,coz,tex,yqt,wqt
1020096,35,21,36,31,23,xai,gum,pzc,wqt,tex
1020097,26,23,28,37,29,ivp,tex,dfp,miu,uyt
1020098,35,23,27,24,33,xai,tex,nam,coz,ujw
1020099,36,38,25,35,37,pzc,fgz,uny,xai,miu
1020100,37,33,29,21,25,miu,ujw,uyt,gum,uny
1020101,21,34,23,27,40,gum,ugn,tex,nam,zrl
1020102,36,40,21,22,26,pzc,zrl,gum,sdp,ivp
1020103,27,35,25,38,32,nam,xai,uny,fgz,yqt
1020104,29,27,21,25,26,uyt,nam,gum,uny,ivp
1020105,30,40,23,31,27,tkc,zrl,tex,wqt,nam
1020106,28,33,24,27,40,dfp,ujw,coz,nam,zrl
1020107,31,24,37,33,28,wqt,coz,miu,ujw,dfp
1020108,27,38,34,32,35,nam,fgz,ugn,yqt,xai
1020109,33,27,21,35,37,ujw,nam,gum,xai,miu
1020110,30,21,34,35,33,tkc,gum,ugn,xai,ujw
1020111,38,23,34,28,21,fgz,tex,ugn,dfp,gum
1020112,29,37,27,30,26,uyt,miu,nam,tkc,ivp
1020113,32,24,37,36,28,yqt,coz,miu,pzc,dfp
1020114,36,40,25,33,37,pzc,zrl,uny,ujw,miu
1020115,35,33,34,30,29,xai,ujw,ugn,tkc,uyt
1020116,39,38,31,40,21,nfd,fgz,wqt,zrl,gum
1020117,21,25,33,28,27,gum,uny,ujw,dfp,nam
1020118,30,38,29,36,40,tkc,fgz,uyt,pzc,zrl
1020119,35,24,32,31,23,xai,coz,yqt,wqt,tex
1020120,32,37,30,26,31,yqt,miu,tkc,ivp,wqt
1020121,38,25,21,30,26,fgz,uny,gum,tkc,ivp
1020122,28,22,38,39,34,dfp,sdp,fgz,nfd,ugn
1020123,38,30,26,33,29,fgz,tkc,ivp,ujw,uyt
1020124,28,33,32,29,24,dfp,ujw,yqt,uyt,coz
1020125,38,22,35,21,33,fgz,sdp,xai,gum,ujw
1020126,29,23,28,37,25,uyt,tex,dfp,miu,uny
1020127,32,26,39,29,35,yqt,ivp,nfd,uyt,xai
1020128,36,34,32,28,27,pzc,ugn,yqt,dfp,nam
1020129,40,23,22,30,21,zrl,tex,sdp,tkc,gum
1020130,40,30,29,37,39,zrl,tkc,uyt,miu,nfd
1020131,35,30,29,34,33,xai,tkc,uyt,ugn,ujw
1020132,27,30,22,29,25,nam,tkc,sdp,uyt,uny
1020133,30,29,37,23,33,tkc,uyt,miu,tex,ujw
1020134,27,24,22,36,34,nam,coz,sdp,pzc,ugn
1020135,36,23,31,37,32,pzc,tex,wqt,miu,yqt
1020136,27,28,40,31,25,nam,dfp,zrl,wqt,uny
1020137,30,34,21,39,24,tkc,ugn,gum,nfd,coz
1020138,34,29,21,33,30,ugn,uyt,gum,ujw,tkc
1020139,32,28,37,25,33,yqt,dfp,miu,uny,ujw
1020140,21,24,29,36,26,gum,coz,uyt,pzc,ivp
1020141,32,36,27,35,38,yqt,pzc,nam,xai,fgz
1020142,38,26,36,39,31,fgz,ivp,pzc,nfd,wqt
1020143,40,24,23,37,22,zrl,coz,tex,miu,sdp
1020144,37,27,21,30,31,miu,nam,gum,tkc,wqt
1020145,30,35,28,21,24,tkc,xai,dfp,gum,coz
1020146,32,29,30,34,24,yqt,uyt,tkc,ugn,coz
1020147,34,29,36,39,33,ugn,uyt,pzc,nfd,ujw
1020148,22,34,30,29,23,sdp,ugn,tkc,uyt,tex
1020149,37,22,29,31,25,miu,sdp,uyt,wqt,uny
1020150,36,29,34,35,28,pzc,uyt,ugn,xai,dfp
1020151,25,21,38,27,39,uny,gum,fgz,nam,nfd
1020152,27,22,30,29,31,nam,sdp,tkc,uyt,wqt
1020153,27,24,23,37,40,nam,coz,tex,miu,zrl
1020154,32,24,29,37,36,yqt,coz,uyt,miu,pzc
1020155,22,31,25,34,32,sdp,wqt,uny,ugn,yqt
1020156,21,24,31,36,23,gum,coz,wqt,pzc,tex
1020157,32,28,27,36,37,yqt,dfp,nam,pzc,miu
1020158,26,30,23,32,34,ivp,tkc,tex,yqt,ugn
1020159,32,30,34,26,22,yqt,tkc,ugn,ivp,sdp
1020160,34,33,28,27,37,ugn,ujw,dfp,nam,miu
1020161,37,27,31,32,25,miu,nam,wqt,yqt,uny
1020162,38,29,27,34,36,fgz,uyt,nam,ugn,pzc
1020163,21,34,25,26,24,gum,ugn,uny,ivp,coz
1020164,25,40,28,24,29,uny,zrl,dfp,coz,uyt
1020165,35,29,32,31,21,xai,uyt,yqt,wqt,gum
1020166,26,40,38,23,34,ivp,zrl,fgz,tex,ugn
1020167,26,38,30,39,29,ivp,fgz,tkc,nfd,uyt
1020168,39,38,37,27,33,nfd,fgz,miu,nam,ujw
1020169,36,40,38,30,31,pzc,zrl,fgz,tkc,wqt
1020170,39,24,36,40,35,nfd,coz,pzc,zrl,xai
1020171,30,37,35,24,36,tkc,miu,xai,coz,pzc
1020172,33,26,32,35,36,ujw,ivp,yqt,xai,pzc
1020173,28,32,35,33,31,dfp,yqt,xai,ujw,wqt
1020174,40,34,29,39,27,zrl,ugn,uyt,nfd,nam
1020175,34,36,38,23,27,ugn,pzc,fgz,tex,nam
1020176,34,26,21,24,31,ugn,ivp,gum,coz,wqt
1020177,30,31,28,36,27,tkc,wqt,dfp,pzc,nam
1020178,27,36,24,38,34,nam,pzc,coz,fgz,ugn
1020179,40,39,38,24,22,zrl,nfd,fgz,coz,sdp
1020180,21,36,37,22,30,gum,pzc,miu,sdp,tkc
1020181,21,34,30,29,38,gum,ugn,tkc,uyt,fgz
1020182,27,29,32,23,30,nam,uyt,yqt,tex,tkc
1020183,33,29,38,37,32,ujw,uyt,fgz,miu,yqt
1020184,30,39,33,29,32,tkc,nfd,ujw,uyt,yqt
1020185,23,34,31,32,35,tex,ugn,wqt,yqt,xai
1020186,30,24,34,26,32,tkc,coz,ugn,ivp,yqt
1020187,32,31,34,26,35,yqt,wqt,ugn,ivp,xai
1020188,37,27,32,38,29,miu,nam,yqt,fgz,uyt
1020189,23,28,29,25,31,tex,dfp,uyt,uny,wqt
1020190,32,29,33,27,25,yqt,uyt,ujw,nam,uny
1020191,29,32,24,30,39,uyt,yqt,coz,tkc,nfd
1020192,36,39,40,37,28,pzc,nfd,zrl,miu,dfp
1020193,27,25,29,37,31,nam,uny,uyt,miu,wqt
1020194,39,35,30,24,23,nfd,xai,tkc,coz,tex
1020195,23,26,27,21,38,tex,ivp,nam,gum,fgz
1020196,29,32,34,39,38,uyt,yqt,ugn,nfd,fgz
1020197,32,22,33,23,29,yqt,sdp,ujw,tex,uyt
1020198,40,26,25,23,28,zrl,ivp,uny,tex,dfp
1020199,26,38,33,34,37,ivp,fgz,ujw,ugn,miu
1020200,33,34,27,38,35,ujw,ugn,nam,fgz,xai
1020201,40,35,28,39,26,zrl,xai,dfp,nfd,ivp
1020202,37,22,27,25,21,miu,sdp,nam,uny,gum
1020203,37,24,33,26,28,miu,coz,ujw,ivp,dfp
1020204,22,31,39,29,26,sdp,wqt,nfd,uyt,ivp
1020205,28,23,26,25,36,dfp,tex,ivp,uny,pzc
1020206,28,24,30,40,29,dfp,coz,tkc,zrl,uyt
1020207,31,37,30,34,40,wqt,miu,tkc,ugn,zrl
1020208,36,40,33,37,29,pzc,zrl,ujw,miu,uyt
1020209,37,32,25,21,34,miu,yqt,uny,gum,ugn
1020210,38,22,36,35,29,fgz,sdp,pzc,xai,uyt
1020211,38,21,30,24,31,fgz,gum,tkc,coz,wqt
1020212,34,35,30,39,26,ugn,xai,tkc,nfd,ivp
1020213,22,33,28,36,27,sdp,ujw,dfp,pzc,nam
1020214,33,40,23,31,21,ujw,zrl,tex,wqt,gum
1020215,34,32,35,39,25,ugn,yqt,xai,nfd,uny
1020216,21,22,25,31,27,gum,sdp,uny,wqt,nam
1020217,26,37,23,24,25,ivp,miu,tex,coz,uny
1020218,34,36,38,33,21,ugn,pzc,fgz,ujw,gum
1020219,38,32,39,25,29,fgz,yqt,nfd,uny,uyt
1020220,30,21,22,29,26,tkc,gum,sdp,uyt,ivp
1020221,28,25,27,22,33,dfp,uny,nam,sdp,ujw
1020222,38,35,33,23,25,fgz,xai,ujw,tex,uny
1020223,38,27,37,39,21,fgz,nam,miu,nfd,gum
1020224,23,30,31,24,35,tex,tkc,wqt,coz,xai
1020225,25,21,32,37,28,uny,gum,yqt,miu,dfp
1020226,22,31,37,40,29,sdp,wqt,miu,zrl,uyt
1020227,24,35,36,34,29,coz,xai,pzc,ugn,uyt
1020228,39,40,29,32,30,nfd,zrl,uyt,yqt,tkc
1020229,25,24,36,33,32,uny,coz,pzc,ujw,yqt
1020230,40,28,39,32,27,zrl,dfp,nfd,yqt,nam
1020231,30,23,36,22,26,tkc,tex,pzc,sdp,ivp
1020232,35,22,34,33,31,xai,sdp,ugn,ujw,wqt
1020233,33,32,34,40,36,ujw,yqt,ugn,zrl,pzc
1020234,40,38,24,33,23,zrl,fgz,coz,ujw,tex
1020235,29,37,35,24,40,uyt,miu,xai,coz,zrl
1020236,38,33,32,37,35,fgz,ujw,yqt,miu,xai
1020237,26,39,38,24,21,ivp,nfd,fgz,coz,gum
1020238,30,40,25,36,28,tkc,zrl,uny,pzc,dfp
1020239,32,23,28,22,25,yqt,tex,dfp,sdp,uny
1020240,40,29,28,26,25,zrl,uyt,dfp,ivp,uny
1020241,24,27,21,34,29,coz,nam,gum,ugn,uyt
1020242,32,21,30,28,38,yqt,gum,tkc,dfp,fgz
1020243,34,26,30,38,21,ugn,ivp,tkc,fgz,gum
1020244,37,35,28,27,33,miu,xai,dfp,nam,ujw
1020245,37,29,40,31,21,miu,uyt,zrl,wqt,gum
1020246,35,33,27,31,37,xai,ujw,nam,wqt,miu
1020247,24,31,33,32,34,coz,wqt,ujw,yqt,ugn
1020248,34,30,31,23,27,ugn,tkc,wqt,tex,nam
1020249,24,22,36,23,32,coz,sdp,pzc,tex,yqt
1020250,28,24,26,40,39,dfp,coz,ivp,zrl,nfd
1020251,27,31,38,28,40,nam,wqt,fgz,dfp,zrl
1020252,22,29,38,35,21,sdp,uyt,fgz,xai,gum
1020253,35,24,33,32,38,xai,coz,ujw,yqt,fgz
1020254,26,38,28,25,21,ivp,fgz,dfp,uny,gum
1020255,39,21,40,23,33,nfd,gum,zrl,tex,ujw
1020256,26,28,33,35,24,ivp,dfp,ujw,xai,coz
1020257,39,23,24,26,37,nfd,tex,coz,ivp,miu
1020258,34,22,39,25,36,ugn,sdp,nfd,uny,pzc
1020259,30,39,26,27,29,tkc,nfd,ivp,nam,uyt
1020260,31,28,32,26,25,wqt,dfp,yqt,ivp,uny
1020261,25,36,32,24,30,uny,pzc,yqt,coz,tkc
1020262,32,30,40,22,37,yqt,tkc,zrl,sdp,miu
1020263,30,21,25,37,24,tkc,gum,uny,miu,coz
1020264,22,39,36,33,40,sdp,nfd,pzc,ujw,zrl
1020265,37,30,21,31,24,miu,tkc,gum,wqt,coz
1020266,28,39,33,34,25,dfp,nfd,ujw,ugn,uny
1020267,38,28,29,25,23,fgz,dfp,uyt,uny,tex
1020268,32,34,21,39,26,yqt,ugn,gum,nfd,ivp
1020269,22,38,36,28,32,sdp,fgz,pzc,dfp,yqt
1020270,29,30,31,37,22,uyt,tkc,wqt,miu,sdp
1020271,40,33,25,29,37,zrl,ujw,uny,uyt,miu
1020272,23,33,39,26,35,tex,ujw,nfd,ivp,xai
1020273,22,33,24,21,37,sdp,ujw,coz,gum,miu
1020274,37,36,23,29,39,miu,pzc,tex,uyt,nfd
1020275,22,25,30,29,34,sdp,uny,tkc,uyt,ugn
1020276,38,23,33,26,25,fgz,tex,ujw,ivp,uny
1020277,25,34,27,28,37,uny,ugn,nam,dfp,miu
1020278,34,26,37,31,28,ugn,ivp,miu,wqt,dfp
1020279,21,37,33,24,34,gum,miu,ujw,coz,ugn
1020280,36,23,33,29,32,pzc,tex,ujw,uyt,yqt
1020281,33,35,29,39,24,ujw,xai,uyt,nfd,coz
1020282,29,21,33,26,37,uyt,gum,ujw,ivp,miu
1020283,26,36,21,33,38,ivp,pzc,gum,ujw,fgz
1020284,38,35,36,24,30,fgz,xai,pzc,coz,tkc
1020285,23,31,28,37,40,tex,wqt,dfp,miu,zrl
1020286,22,35,23,26,37,sdp,xai,tex,ivp,miu
1020287,28,33,30,36,40,dfp,ujw,tkc,pzc,zrl
1020288,26,38,35,40,30,ivp,fgz,xai,zrl,tkc
1020289,32,25,30,21,33,yqt,uny,tkc,gum,ujw
1020290,31,23,39,34,24,wqt,tex,nfd,ugn,coz
1020291,31,24,22,29,38,wqt,coz,sdp,uyt,fgz
1020292,40,30,25,22,29,zrl,tkc,uny,sdp,uyt
1020293,25,40,32,21,24,uny,zrl,yqt,gum,coz
1020294,23,21,37,28,34,tex,gum,miu,dfp,ugn
1020295,27,22,40,26,28,nam,sdp,zrl,ivp,dfp
1020296,24,35,38,33,36,coz,xai,fgz,ujw,pzc
1020297,39,33,37,36,25,nfd,ujw,miu,pzc,uny
1020298,32,40,39,29,37,yqt,zrl,nfd,uyt,miu
1020299,22,25,31,30,29,sdp,uny,wqt,tkc,uyt
1020300,34,33,39,26,28,ugn,ujw,nfd,ivp,dfp
1020301,33,35,36,31,32,ujw,xai,pzc,wqt,yqt
1020302,28,30,33,34,31,dfp,tkc,ujw,ugn,wqt
1020303,40,22,34,38,21,zrl,sdp,ugn,fgz,gum
1020304,24,28,23,30,29,coz,dfp,tex,tkc,uyt
1020305,30,28,31,26,35,tkc,dfp,wqt,ivp,xai
1020306,34,22,26,27,25,ugn,sdp,ivp,nam,uny
1020307,34,21,33,32,23,ugn,gum,ujw,yqt,tex
1020308,37,28,31,33,38,miu,dfp,wqt,ujw,fgz
1020309,31,21,34,32,37,wqt,gum,ugn,yqt,miu
1020310,37,33,32,23,22,miu,ujw,yqt,tex,sdp
1020311,36,29,23,26,39,pzc,uyt,tex,ivp,nfd
1020312,32,36,35,28,39,yqt,pzc,xai,dfp,nfd
1020313,38,23,34,36,31,fgz,tex,ugn,pzc,wqt
1020314,40,24,34,32,25,zrl,coz,ugn,yqt,uny
1020315,22,27,23,37,38,sdp,nam,tex,miu,fgz
1020316,31,34,25,40,23,wqt,ugn,uny,zrl,tex
1020317,24,39,22,35,30,coz,nfd,sdp,xai,tkc
1020318,36,37,25,28,29,pzc,miu,uny,dfp,uyt
1020319,25,39,30,34,21,uny,nfd,tkc,ugn,gum
1020320,25,35,23,28,27,uny,xai,tex,dfp,nam
1020321,25,30,28,29,39,uny,tkc,dfp,uyt,nfd
1020322,32,21,25,40,22,yqt,gum,uny,zrl,sdp
1020323,24,30,40,26,31,coz,tkc,zrl,ivp,wqt
1020324,30,34,27,33,38,tkc,ugn,nam,ujw,fgz
1020325,24,30,31,33,36,coz,tkc,wqt,ujw,pzc
1020326,39,33,25,27,28,nfd,ujw,uny,nam,dfp
1020327,39,29,40,21,30,nfd,uyt,zrl,gum,tkc
1020328,24,23,32,21,39,coz,tex,yqt,gum,nfd
1020329,38,39,36,24,40,fgz,nfd,pzc,coz,zrl
1020330,24,30,25,33,31,coz,tkc,uny,ujw,wqt
1020331,40,21,25,22,24,zrl,gum,uny,sdp,coz
1020332,40,31,39,35,36,zrl,wqt,nfd,xai,pzc
1020333,26,24,34,30,36,ivp,coz,ugn,tkc,pzc
1020334,33,27,36,31,32,ujw,nam,pzc,wqt,yqt
1020335,34,25,36,29,22,ugn,uny,pzc,uyt,sdp
1020336,24,39,22,25,31,coz,nfd,sdp,uny,wqt
1020337,23,35,21,28,33,tex,xai,gum,dfp,ujw
1020338,21,34,25,40,26,gum,ugn,uny,zrl,ivp
1020339,29,24,35,40,26,uyt,coz,xai,zrl,ivp
1020340,24,32,38,23,36,coz,yqt,fgz,tex,pzc
1020341,30,32,38,23,21,tkc,yqt,fgz,tex,gum
1020342,40,24,28,37,33,zrl,coz,dfp,miu,ujw
1020343,30,27,40,37,28,tkc,nam,zrl,miu,dfp
1020344,30,40,33,34,39,tkc,zrl,ujw,ugn,nfd
1020345,36,27,25,38,22,pzc,nam,uny,fgz,sdp
1020346,32,28,34,31,29,yqt,dfp,ugn,wqt,uyt
1020347,36,31,25,24,38,pzc,wqt,uny,coz,fgz
1020348,36,28,22,23,24,pzc,dfp,sdp,tex,coz
1020349,40,39,33,31,36,zrl,nfd,ujw,wqt,pzc
1020350,25,23,33,28,30,uny,tex,ujw,dfp,tkc
1020351,40,29,30,27,31,zrl,uyt,tkc,nam,wqt
1020352,35,30,27,29,24,xai,tkc,nam,uyt,coz
1020353,34,40,28,26,36,ugn,zrl,dfp,ivp,pzc
1020354,39,35,30,33,22,nfd,xai,tkc,ujw,sdp
1020355,21,30,28,33,39,gum,tkc,dfp,ujw,nfd
1020356,36,27,28,26,40,pzc,nam,dfp,ivp,zrl
1020357,39,25,36,26,21,nfd,uny,pzc,ivp,gum
1020358,28,35,25,33,29,dfp,xai,uny,ujw,uyt
1020359,37,32,22,39,38,miu,yqt,sdp,nfd,fgz
1020360,31,32,24,28,40,wqt,yqt,coz,dfp,zrl
1020361,25,37,22,36,35,uny,miu,sdp,pzc,xai
1020362,38,26,39,34,31,fgz,ivp,nfd,ugn,wqt
1020363,34,37,27,26,33,ugn,miu,nam,ivp,ujw
1020364,27,36,34,22,21,nam,pzc,ugn,sdp,gum
1020365,25,23,30,28,32,uny,tex,tkc,dfp,yqt
1020366,35,34,33,29,27,xai,ugn,ujw,uyt,nam
1020367,35,29,34,25,38,xai,uyt,ugn,uny,fgz
1020368,39,31,33,24,40,nfd,wqt,ujw,coz,zrl
1020369,29,38,23,27,24,uyt,fgz,tex,nam,coz
1020370,22,36,39,21,34,sdp,pzc,nfd,gum,ugn
1020371,22,37,40,29,30,sdp,miu,zrl,uyt,tkc
1020372,22,32,31,35,37,sdp,yqt,wqt,xai,miu
1020373,21,39,24,22,32,gum,nfd,coz,sdp,yqt
1020374,35,25,30,33,37,xai,uny,tkc,ujw,miu
1020375,37,29,22,28,25,miu,uyt,sdp,dfp,uny
1020376,31,38,26,27,21,wqt,fgz,ivp,nam,gum
1020377,33,40,30,26,28,ujw,zrl,tkc,ivp,dfp
1020378,30,33,23,24,36,tkc,ujw,tex,coz,pzc
1020379,30,37,27,38,36,tkc,miu,nam,fgz,pzc
1020380,31,35,25,26,27,wqt,xai,uny,ivp,nam
1020381,31,23,37,29,38,wqt,tex,miu,uyt,fgz
1020382,22,33,23,32,39,sdp,ujw,tex,yqt,nfd
1020383,32,27,40,33,24,yqt,nam,zrl,ujw,coz
1020384,24,22,26,31,29,coz,sdp,ivp,wqt,uyt
1020385,27,31,26,39,36,nam,wqt,ivp,nfd,pzc
1020386,27,37,28,39,38,nam,miu,dfp,nfd,fgz
1020387,40,30,35,24,29,zrl,tkc,xai,coz,uyt
1020388,29,24,34,39,30,uyt,coz,ugn,nfd,tkc
1020389,40,31,22,32,37,zrl,wqt,sdp,yqt,miu
1020390,36,31,38,25,27,pzc,wqt,fgz,uny,nam
1020391,24,26,36,22,27,coz,ivp,pzc,sdp,nam
1020392,22,24,34,27,37,sdp,coz,ugn,nam,miu
1020393,35,29,33,31,38,xai,uyt,ujw,wqt,fgz
1020394,23,22,34,36,27,tex,sdp,ugn,pzc,nam
1020395,35,33,28,39,31,xai,ujw,dfp,nfd,wqt
1020396,37,28,25,32,21,miu,dfp,uny,yqt,gum
1020397,36,25,28,31,35,pzc,uny,dfp,wqt,xai
1020398,37,38,25,21,23,miu,fgz,uny,gum,tex
1020399,23,37,26,31,24,tex,miu,ivp,wqt,coz
1020400,26,37,29,36,27,ivp,miu,uyt,pzc,nam
1020401,22,34,30,39,37,sdp,ugn,tkc,nfd,miu
1020402,35,38,25,22,33,xai,fgz,uny,sdp,ujw
1020403,39,28,23,31,25,nfd,dfp,tex,wqt,uny
1020404,29,30,37,31,33,uyt,tkc,miu,wqt,ujw
1020405,36,23,22,32,27,pzc,tex,sdp,yqt,nam
1020406,33,37,38,39,35,ujw,miu,fgz,nfd,xai
1020407,28,24,27,22,36,dfp,coz,nam,sdp,pzc
1020408,23,27,38,30,33,tex,nam,fgz,tkc,ujw
1020409,21,25,33,39,23,gum,uny,ujw,nfd,tex
1020410,27,28,23,38,31,nam,dfp,tex,fgz,wqt
1020411,26,31,23,32,22,ivp,wqt,tex,yqt,sdp
1020412,32,37,25,21,30,yqt,miu,uny,gum,tkc
1020413,37,28,38,31,40,miu,dfp,fgz,wqt,zrl
1020414,25,36,30,21,35,uny,pzc,tkc,gum,xai
1020415,21,33,30,28,26,gum,ujw,tkc,dfp,ivp
1020416,34,26,27,35,25,ugn,ivp,nam,xai,uny
1020417,28,24,36,23,22,dfp,coz,pzc,tex,sdp
1020418,24,40,26,33,22,coz,zrl,ivp,ujw,sdp
1020419,40,23,32,37,36,zrl,tex,yqt,miu,pzc
1020420,40,38,29,37,21,zrl,fgz,uyt,miu,gum
1020421,38,31,39,36,21,fgz,wqt,nfd,pzc,gum
1020422,29,25,28,30,31,uyt,uny,dfp,tkc,wqt
1020423,32,31,23,21,25,yqt,wqt,tex,gum,uny
1020424,40,28,38,21,25,zrl,dfp,fgz,gum,uny
1020425,33,21,26,40,37,ujw,gum,ivp,zrl,miu
1020426,28,32,30,36,26,dfp,yqt,tkc,pzc,ivp
1020427,29,34,24,38,36,uyt,ugn,coz,fgz,pzc
1020428,37,31,36,28,25,miu,wqt,pzc,dfp,uny
1020429,25,24,36,27,34,uny,coz,pzc,nam,ugn
1020430,37,24,29,30,35,miu,coz,uyt,tkc,xai
1020431,34,25,26,33,29,ugn,uny,ivp,ujw,uyt
1020432,31,37,38,25,33,wqt,miu,fgz,uny,ujw
1020433,36,22,21,30,40,pzc,sdp,gum,tkc,zrl
1020434,31,30,33,24,26,wqt,tkc,ujw,coz,ivp
1020435,23,24,40,38,35,tex,coz,zrl,fgz,xai
1020436,24,39,27,22,35,coz,nfd,nam,sdp,xai
1020437,40,28,22,25,21,zrl,dfp,sdp,uny,gum
1020438,29,25,36,37,21,uyt,uny,pzc,miu,gum
1020439,33,26,22,38,21,ujw,ivp,sdp,fgz,gum
1020440,21,40,23,32,22,gum,zrl,tex,yqt,sdp
1020441,23,27,31,33,40,tex,nam,wqt,ujw,zrl
1020442,25,24,30,35,38,uny,coz,tkc,xai,fgz
1020443,31,23,27,22,25,wqt,tex,nam,sdp,uny
1020444,28,24,39,26,21,dfp,coz,nfd,ivp,gum
1020445,31,25,38,37,36,wqt,uny,fgz,miu,pzc
1020446,40,32,34,21,22,zrl,yqt,ugn,gum,sdp
1020447,35,38,27,25,23,xai,fgz,nam,uny,tex
1020448,38,39,32,37,24,fgz,nfd,yqt,miu,coz
1020449,24,36,31,33,38,coz,pzc,wqt,ujw,fgz
1020450,21,39,36,22,37,gum,nfd,pzc,sdp,miu
1020451,31,34,21,23,36,wqt,ugn,gum,tex,pzc
1020452,35,28,34,31,38,xai,dfp,ugn,wqt,fgz
1020453,32,28,22,25,37,yqt,dfp,sdp,uny,miu
1020454,33,30,36,37,29,ujw,tkc,pzc,miu,uyt
1020455,36,28,23,30,22,pzc,dfp,tex,tkc,sdp
1020456,37,27,32,21,30,miu,nam,yqt,gum,tkc
1020457,39,24,21,30,28,nfd,coz,gum,tkc,dfp
1020458,40,25,22,39,30,zrl,uny,sdp,nfd,tkc
1020459,30,23,21,29,34,tkc,tex,gum,uyt,ugn
1020460,33,32,22,34,38,ujw,yqt,sdp,ugn,fgz
1020461,40,30,35,39,25,zrl,tkc,xai,nfd,uny
1020462,25,35,28,34,37,uny,xai,dfp,ugn,miu
1020463,40,38,26,37,34,zrl,fgz,ivp,miu,ugn
1020464,29,36,32,22,40,uyt,pzc,yqt,sdp,zrl
1020465,27,24,34,33,25,nam,coz,ugn,ujw,uny
1020466,34,40,31,36,23,ugn,zrl,wqt,pzc,tex
1020467,28,40,25,26,38,dfp,zrl,uny,ivp,fgz
1020468,32,25,34,30,33,yqt,uny,ugn,tkc,ujw
1020469,29,28,23,33,40,uyt,dfp,tex,ujw,zrl
1020470,32,27,28,37,36,yqt,nam,dfp,miu,pzc
1020471,39,22,33,27,24,nfd,sdp,ujw,nam,coz
1020472,23,29,35,38,31,tex,uyt,xai,fgz,wqt
1020473,37,28,31,29,34,miu,dfp,wqt,uyt,ugn
1020474,25,40,29,34,33,uny,zrl,uyt,ugn,ujw
1020475,32,27,38,35,21,yqt,nam,fgz,xai,gum
1020476,37,27,35,23,36,miu,nam,xai,tex,pzc
1020477,28,39,24,32,30,dfp,nfd,coz,yqt,tkc
1020478,35,32,22,39,31,xai,yqt,sdp,nfd,wqt
1020479,22,31,37,23,25,sdp,wqt,miu,tex,uny
1020480,40,35,36,23,32,zrl,xai,pzc,tex,yqt
1020481,21,39,34,23,26,gum,nfd,ugn,tex,ivp
1020482,29,31,25,36,40,uyt,wqt,uny,pzc,zrl
1020483,38,31,34,33,24,fgz,wqt,ugn,ujw,coz
1020484,40,30,36,23,33,zrl,tkc,pzc,tex,ujw
1020485,29,30,23,28,36,uyt,tkc,tex,dfp,pzc
1020486,23,31,29,36,26,tex,wqt,uyt,pzc,ivp
1020487,37,22,21,38,23,miu,sdp,gum,fgz,tex
1020488,27,24,23,39,38,nam,coz,tex,nfd,fgz
1020489,32,25,34,39,26,yqt,uny,ugn,nfd,ivp
1020490,27,34,25,33,37,nam,ugn,uny,ujw,miu
1020491,24,25,26,40,36,coz,uny,ivp,zrl,pzc
1020492,28,33,23,29,22,dfp,ujw,tex,uyt,sdp
1020493,37,28,33,34,27,miu,dfp,ujw,ugn,nam
1020494,21,22,38,32,34,gum,sdp,fgz,yqt,ugn
1020495,40,28,35,30,33,zrl,dfp,xai,tkc,ujw
1020496,34,32,29,40,22,ugn,yqt,uyt,zrl,sdp
1020497,23,34,25,38,32,tex,ugn,uny,fgz,yqt
1020498,33,21,31,40,34,ujw,gum,wqt,zrl,ugn
1020499,24,31,21,39,25,coz,wqt,gum,nfd,uny
1020500,27,38,24,28,36,nam,fgz,coz,dfp,pzc
1020501,31,37,26,27,29,wqt,miu,ivp,nam,uyt
1020502,34,26,29,35,28,ugn,ivp,uyt,xai,dfp
1020503,31,36,27,28,40,wqt,pzc,nam,dfp,zrl
1020504,35,38,25,33,37,xai,fgz,uny,ujw,miu
1020505,36,24,37,22,26,pzc,coz,miu,sdp,ivp
1020506,30,32,33,40,37,tkc,yqt,ujw,zrl,miu
1020507,34,32,24,30,28,ugn,yqt,coz,tkc,dfp
1020508,35,29,22,40,39,xai,uyt,sdp,zrl,nfd
1020509,35,32,29,37,30,xai,yqt,uyt,miu,tkc
1020510,26,24,22,23,33,ivp,coz,sdp,tex,ujw
1020511,31,22,29,32,23,wqt,sdp,uyt,yqt,tex
1020512,26,33,34,25,30,ivp,ujw,ugn,uny,tkc
1020513,35,39,23,32,38,xai,nfd,tex,yqt,fgz
1020514,28,31,30,27,22,dfp,wqt,tkc,nam,sdp
1020515,37,38,26,39,23,miu,fgz,ivp,nfd,tex
1020516,27,21,24,31,36,nam,gum,coz,wqt,pzc
1020517,37,24,30,28,32,miu,coz,tkc,dfp,yqt
1020518,39,36,21,26,33,nfd,pzc,gum,ivp,ujw
1020519,31,24,29,36,32,wqt,coz,uyt,pzc,yqt
1020520,30,27,37,28,39,tkc,nam,miu,dfp,nfd
1020521,38,25,35,26,29,fgz,uny,xai,ivp,uyt
1020522,34,29,26,25,31,ugn,uyt,ivp,uny,wqt
1020523,34,32,22,31,37,ugn,yqt,sdp,wqt,miu
1020524,26,39,25,30,29,ivp,nfd,uny,tkc,uyt
1020525,34,27,22,32,21,ugn,nam,sdp,yqt,gum
1020526,32,24,26,27,39,yqt,coz,ivp,nam,nfd
1020527,21,33,23,29,30,gum,ujw,tex,uyt,tkc
1020528,23,36,39,30,31,tex,pzc,nfd,tkc,wqt
1020529,28,38,30,23,24,dfp,fgz,tkc,tex,coz
1020530,29,31,21,34,40,uyt,wqt,gum,ugn,zrl
1020531,36,25,23,27,33,pzc,uny,tex,nam,ujw
1020532,26,24,29,25,33,ivp,coz,uyt,uny,ujw
1020533,37,34,38,29,32,miu,ugn,fgz,uyt,yqt
1020534,38,27,29,26,34,fgz,nam,uyt,ivp,ugn
1020535,25,38,31,36,34,uny,fgz,wqt,pzc,ugn
1020536,37,33,39,27,23,miu,ujw,nfd,nam,tex
1020537,23,26,22,30,24,tex,ivp,sdp,tkc,coz
1020538,32,34,33,23,39,yqt,ugn,ujw,tex,nfd
1020539,23,25,37,27,36,tex,uny,miu,nam,pzc
1020540,38,32,27,39,37,fgz,yqt,nam,nfd,miu
1020541,33,31,35,29,28,ujw,wqt,xai,uyt,dfp
1020542,23,32,35,37,26,tex,yqt,xai,miu,ivp
1020543,37,26,30,21,39,miu,ivp,tkc,gum,nfd
1020544,36,29,24,27,23,pzc,uyt,coz,nam,tex
1020545,38,25,36,24,32,fgz,uny,pzc,coz,yqt
1020546,21,37,27,39,40,gum,miu,nam,nfd,zrl
1020547,27,23,26,21,31,nam,tex,ivp,gum,wqt
1020548,35,21,22,36,26,xai,gum,sdp,pzc,ivp
1020549,28,22,35,21,33,dfp,sdp,xai,gum,ujw
1020550,40,29,22,33,32,zrl,uyt,sdp,ujw,yqt
1020551,31,30,32,39,40,wqt,tkc,yqt,nfd,zrl
1020552,35,26,38,33,29,xai,ivp,fgz,ujw,uyt
1020553,22,30,40,34,29,sdp,tkc,zrl,ugn,uyt
1020554,27,38,21,30,39,nam,fgz,gum,tkc,nfd
1020555,23,39,26,40,22,tex,nfd,ivp,zrl,sdp
1020556,39,32,24,23,30,nfd,yqt,coz,tex,tkc
1020557,40,24,26,21,39,zrl,coz,ivp,gum,nfd
1020558,27,22,23,21,35,nam,sdp,tex,gum,xai
1020559,32,33,27,40,31,yqt,ujw,nam,zrl,wqt
1020560,22,40,32,35,38,sdp,zrl,yqt,xai,fgz
1020561,23,27,40,30,29,tex,nam,zrl,tkc,uyt
1020562,22,26,37,31,23,sdp,ivp,miu,wqt,tex
1020563,31,24,39,38,32,wqt,coz,nfd,fgz,yqt
1020564,25,29,30,34,40,uny,uyt,tkc,ugn,zrl
1020565,27,23,33,28,32,nam,tex,ujw,dfp,yqt
1020566,34,39,36,28,33,ugn,nfd,pzc,dfp,ujw
1020567,26,21,22,28,27,ivp,gum,sdp,dfp,nam
1020568,23,22,24,30,31,tex,sdp,coz,tkc,wqt
1020569,22,29,28,31,34,sdp,uyt,dfp,wqt,ugn
1020570,33,40,38,31,22,ujw,zrl,fgz,wqt,sdp
1020571,22,27,30,40,39,sdp,nam,tkc,zrl,nfd
1020572,26,34,32,24,21,ivp,ugn,yqt,coz,gum
1020573,34,23,25,31,24,ugn,tex,uny,wqt,coz
1020574,30,32,26,28,33,tkc,yqt,ivp,dfp,ujw
1020575,25,24,22,40,26,uny,coz,sdp,zrl,ivp
1020576,28,38,40,35,39,dfp,fgz,zrl,xai,nfd
1020577,40,30,24,29,33,zrl,tkc,coz,uyt,ujw
1020578,34,37,36,30,29,ugn,miu,pzc,tkc,uyt
1020579,36,26,39,29,40,pzc,ivp,nfd,uyt,zrl
1020580,24,25,34,21,36,coz,uny,ugn,gum,pzc
1020581,26,30,25,35,22,ivp,tkc,uny,xai,sdp
1020582,26,36,25,35,24,ivp,pzc,uny,xai,coz
1020583,21,23,40,36,38,gum,tex,zrl,pzc,fgz
1020584,35,36,25,23,22,xai,pzc,uny,tex,sdp
1020585,40,28,27,29,23,zrl,dfp,nam,uyt,tex
1020586,32,35,26,21,36,yqt,xai,ivp,gum,pzc
1020587,29,27,23,37,24,uyt,nam,tex,miu,coz
1020588,37,32,34,26,30,miu,yqt,ugn,ivp,tkc
1020589,39,21,25,30,34,nfd,gum,uny,tkc,ugn
1020590,37,25,36,24,27,miu,uny,pzc,coz,nam
1020591,30,21,36,27,37,tkc,gum,pzc,nam,miu
1020592,35,29,40,38,25,xai,uyt,zrl,fgz,uny
1020593,26,25,37,28,22,ivp,uny,miu,dfp,sdp
1020594,32,39,26,37,34,yqt,nfd,ivp,miu,ugn
1020595,28,39,34,29,31,dfp,nfd,ugn,uyt,wqt
1020596,35,26,21,29,36,xai,ivp,gum,uyt,pzc
1020597,34,23,30,27,28,ugn,tex,tkc,nam,dfp
1020598,29,25,27,32,34,uyt,uny,nam,yqt,ugn
1020599,37,23,33,32,28,miu,tex,ujw,yqt,dfp
1020600,35,36,24,38,21,xai,pzc,coz,fgz,gum
1030001,46,49,48,59,53,bdm,gst,aef,hsv,bzm
1030002,56,50,53,41,52,kud,sjm,bzm,vsi,zal
1030003,48,47,50,53,41,aef,omp,sjm,bzm,vsi
1030004,50,52,51,47,49,sjm,zal,tlh,omp,gst
1030005,43,47,57,51,56,aml,omp,rkv,tlh,kud
1030006,46,49,48,41,53,bdm,gst,aef,vsi,bzm
1030007,59,48,58,45,52,hsv,aef,idl,hiy,zal
1030008,56,53,42,43,46,kud,bzm,iue,aml,bdm
1030009,50,47,41,46,42,sjm,omp,vsi,bdm,iue
1030010,47,42,59,48,44,omp,iue,hsv,aef,utb
1030011,50,47,59,45,49,sjm,omp,hsv,hiy,gst
1030012,55,43,47,45,49,xzu,aml,omp,hiy,gst
1030013,60,45,47,46,58,dxk,hiy,omp,bdm,idl
1030014,46,55,51,47,49,bdm,xzu,tlh,omp,gst
1030015,60,50,59,49,54,dxk,sjm,hsv,gst,zon
1030016,55,58,57,44,42,xzu,idl,rkv,utb,iue
1030017,52,53,49,50,55,zal,bzm,gst,sjm,xzu
1030018,44,59,55,54,57,utb,hsv,xzu,zon,rkv
1030019,51,59,47,43,48,tlh,hsv,omp,aml,aef
1030020,56,51,57,49,45,kud,tlh,rkv,gst,hiy
1030021,44,46,55,42,59,utb,bdm,xzu,iue,hsv
1030022,45,60,43,53,50,hiy,dxk,aml,bzm,sjm
1030023,54,52,46,43,57,zon,zal,bdm,aml,rkv
1030024,59,53,48,49,41,hsv,bzm,aef,gst,vsi
1030025,50,60,57,56,42,sjm,dxk,rkv,kud,iue
1030026,42,48,58,45,57,iue,aef,idl,hiy,rkv
1030027,43,56,53,47,50,aml,kud,bzm,omp,sjm
1030028,44,54,51,52,46,utb,zon,tlh,zal,bdm
1030029,60,42,44,50,54,dxk,iue,utb,sjm,zon
1030030,51,41,47,53,54,tlh,vsi,omp,bzm,zon
1030031,60,52,42,48,45,dxk,zal,iue,aef,hiy
1030032,60,51,55,48,44,dxk,tlh,xzu,aef,utb
1030033,41,47,51,53,46,vsi,omp,tlh,bzm,bdm
1030034,51,54,47,52,55,tlh,zon,omp,zal,xzu
1030035,56,49,44,60,59,kud,gst,utb,dxk,hsv
1030036,41,52,53,51,59,vsi,zal,bzm,tlh,hsv
1030037,60,50,52,47,44,dxk,sjm,zal,omp,utb
1030038,48,42,53,47,59,aef,iue,bzm,omp,hsv
1030039,51,47,42,58,41,tlh,omp,iue,idl,vsi
1030040,46,49,41,44,54,bdm,gst,vsi,utb,zon
1030041,42,55,58,48,41,iue,xzu,idl,aef,vsi
1030042,47,41,50,43,51,omp,vsi,sjm,aml,tlh
1030043,60,46,58,45,56,dxk,bdm,idl,hiy,kud
1030044,57,59,49,44,56,rkv,hsv,gst,utb,kud
1030045,55,50,53,41,57,xzu,sjm,bzm,vsi,rkv
1030046,41,58,60,54,49,vsi,idl,dxk,zon,gst
1030047,60,42,49,56,48,dxk,iue,gst,kud,aef
1030048,42,43,60,45,59,iue,aml,dxk,hiy,hsv
1030049,54,52,42,46,44,zon,zal,iue,bdm,utb
1030050,45,49,51,44,56,hiy,gst,tlh,utb,kud
1030051,60,53,45,48,50,dxk,bzm,hiy,aef,sjm
1030052,57,46,52,41,60,rkv,bdm,zal,vsi,dxk
1030053,52,45,43,49,55,zal,hiy,aml,gst,xzu
1030054,47,58,57,48,41,omp,idl,rkv,aef,vsi
1030055,59,51,53,49,55,hsv,tlh,bzm,gst,xzu
1030056,45,54,58,50,47,hiy,zon,idl,sjm,omp
1030057,49,48,46,58,51,gst,aef,bdm,idl,tlh
1030058,59,48,58,52,41,hsv,aef,idl,zal,vsi
1030059,59,41,45,42,50,hsv,vsi,hiy,iue,sjm
1030060,53,59,52,46,42,bzm,hsv,zal,bdm,iue
1030061,42,46,59,49,43,iue,bdm,hsv,gst,aml
1030062,54,56,60,41,57,zon,kud,dxk,vsi,rkv
1030063,51,54,53,60,42,tlh,zon,bzm,dxk,iue
1030064,45,60,58,48,49,hiy,dxk,idl,aef,gst
1030065,57,41,56,46,50,rkv,vsi,kud,bdm,sjm
1030066,51,42,46,60,56,tlh,iue,bdm,dxk,kud
1030067,54,53,46,52,41,zon,bzm,bdm,zal,vsi
1030068,54,45,47,50,43,zon,hiy,omp,sjm,aml
1030069,48,44,56,41,51,aef,utb,kud,vsi,tlh
1030070,41,55,45,51,54,vsi,xzu,hiy,tlh,zon
1030071,56,43,51,52,59,kud,aml,tlh,zal,hsv
1030072,48,60,47,55,53,aef,dxk,omp,xzu,bzm
1030073,54,47,53,59,49,zon,omp,bzm,hsv,gst
1030074,59,55,56,42,53,hsv,xzu,kud,iue,bzm
1030075,60,50,59,54,52,dxk,sjm,hsv,zon,zal
1030076,54,57,56,58,46,zon,rkv,kud,idl,bdm
1030077,59,51,57,42,54,hsv,tlh,rkv,iue,zon
1030078,49,54,57,46,56,gst,zon,rkv,bdm,kud
1030079,49,57,46,42,45,gst,rkv,bdm,iue,hiy
1030080,45,42,47,58,60,hiy,iue,omp,idl,dxk
1030081,43,59,42,48,52,aml,hsv,iue,aef,zal
1030082,50,60,53,47,45,sjm,dxk,bzm,omp,hiy
1030083,44,52,49,47,59,utb,zal,gst,omp,hsv
1030084,58,42,41,57,47,idl,iue,vsi,rkv,omp
1030085,59,45,55,58,48,hsv,hiy,xzu,idl,aef
1030086,47,42,45,49,60,omp,iue,hiy,gst,dxk
1030087,51,57,60,53,42,tlh,rkv,dxk,bzm,iue
1030088,42,46,58,53,43,iue,bdm,idl,bzm,aml
1030089,49,59,43,47,44,gst,hsv,aml,omp,utb
1030090,54,56,44,41,42,zon,kud,utb,vsi,iue
1030091,58,55,53,54,51,idl,xzu,bzm,zon,tlh
1030092,59,53,44,58,43,hsv,bzm,utb,idl,aml
1030093,43,54,46,44,41,aml,zon,bdm,utb,vsi
1030094,54,44,57,51,42,zon,utb,rkv,tlh,iue
1030095,47,44,43,52,51,omp,utb,aml,zal,tlh
1030096,55,41,56,51,43,xzu,vsi,kud,tlh,aml
1030097,46,43,48,57,49,bdm,aml,aef,rkv,gst
1030098,55,43,47,44,53,xzu,aml,omp,utb,bzm
1030099,56,58,45,55,57,kud,idl,hiy,xzu,rkv
1030100,57,53,49,41,45,rkv,bzm,gst,vsi,hiy
1030101,41,54,43,47,60,vsi,zon,aml,omp,dxk
1030102,56,60,41,42,46,kud,dxk,vsi,iue,bdm
1030103,47,55,45,58,52,omp,xzu,hiy,idl,zal
1030104,49,47,41,45,46,gst,omp,vsi,hiy,bdm
1030105,50,60,43,51,47,sjm,dxk,aml,tlh,omp
1030106,48,53,44,47,60,aef,bzm,utb,omp,dxk
1030107,51,44,57,53,48,tlh,utb,rkv,bzm,aef
1030108,47,58,54,52,55,omp,idl,zon,zal,xzu
1030109,53,47,41,55,57,bzm,omp,vsi,xzu,rkv
1030110,50,41,54,55,53,sjm,vsi,zon,xzu,bzm
1030111,58,43,54,48,41,idl,aml,zon,aef,vsi
1030112,49,57,47,50,46,gst,rkv,omp,sjm,bdm
1030113,52,44,57,56,48,zal,utb,rkv,kud,aef
1030114,56,60,45,53,57,kud,dxk,hiy,bzm,rkv
1030115,55,53,54,50,49,xzu,bzm,zon,sjm,gst
1030116,59,58,51,60,41,hsv,idl,tlh,dxk,vsi
1030117,41,45,53,48,47,vsi,hiy,bzm,aef,omp
1030118,50,58,49,56,60,sjm,idl,gst,kud,dxk
1030119,55,44,52,51,43,xzu,utb,zal,tlh,aml
1030120,52,57,50,46,51,zal,rkv,sjm,bdm,tlh
1030121,58,45,41,50,46,idl,hiy,vsi,sjm,bdm
1030122,48,42,58,59,54,aef,iue,idl,hsv,zon
1030123,58,50,46,53,49,idl,sjm,bdm,bzm,gst
1030124,48,53,52,49,44,aef,bzm,zal,gst,utb
1030125,58,42,55,41,53,idl,iue,xzu,vsi,bzm
1030126,49,43,48,57,45,gst,aml,aef,rkv,hiy
1030127,52,46,59,49,55,zal,bdm,hsv,gst,xzu
1030128,56,54,52,48,47,kud,zon,zal,aef,omp
1030129,60,43,42,50,41,dxk,aml,iue,sjm,vsi
1030130,60,50,49,57,59,dxk,sjm,gst,rkv,hsv
1030131,55,50,49,54,53,xzu,sjm,gst,zon,bzm
1030132,47,50,42,49,45,omp,sjm,iue,gst,hiy
1030133,50,49,57,43,53,sjm,gst,rkv,aml,bzm
1030134,47,44,42,56,54,omp,utb,iue,kud,zon
1030135,56,43,51,57,52,kud,aml,tlh,rkv,zal
1030136,47,48,60,51,45,omp,aef,dxk,tlh,hiy
1030137,50,54,41,59,44,sjm,zon,vsi,hsv,utb
1030138,54,49,41,53,50,zon,gst,vsi,bzm,sjm
1030139,52,48,57,45,53,zal,aef,rkv,hiy,bzm
1030140,41,44,49,56,46,vsi,utb,gst,kud,bdm
1030141,52,56,47,55,58,zal,kud,omp,xzu,idl
1030142,58,46,56,59,51,idl,bdm,kud,hsv,tlh
1030143,60,44,43,57,42,dxk,utb,aml,rkv,iue
1030144,57,47,41,50,51,rkv,omp,vsi,sjm,tlh
1030145,50,55,48,41,44,sjm,xzu,aef,vsi,utb
1030146,52,49,50,54,44,zal,gst,sjm,zon,utb
1030147,54,49,56,59,53,zon,gst,kud,hsv,bzm
1030148,42,54,50,49,43,iue,zon,sjm,gst,aml
1030149,57,42,49,51,45,rkv,iue,gst,tlh,hiy
1030150,56,49,54,55,48,kud,gst,zon,xzu,aef
1030151,45,41,58,47,59,hiy,vsi,idl,omp,hsv
1030152,47,42,50,49,51,omp,iue,sjm,gst,tlh
1030153,47,44,43,57,60,omp,utb,aml,rkv,dxk
1030154,52,44,49,57,56,zal,utb,gst,rkv,kud
1030155,42,51,45,54,52,iue,tlh,hiy,zon,zal
1030156,41,44,51,56,43,vsi,utb,tlh,kud,aml
1030157,52,48,47,56,57,zal,aef,omp,kud,rkv
1030158,46,50,43,52,54,bdm,sjm,aml,zal,zon
1030159,52,50,54,46,42,zal,sjm,zon,bdm,iue
1030160,54,53,48,47,57,zon,bzm,aef,omp,rkv
1030161,57,47,51,52,45,rkv,omp,tlh,zal,hiy
1030162,58,49,47,54,56,idl,gst,omp,zon,kud
1030163,41,54,45,46,44,vsi,zon,hiy,bdm,utb
1030164,45,60,48,44,49,hiy,dxk,aef,utb,gst
1030165,55,49,52,51,41,xzu,gst,zal,tlh,vsi
1030166,46,60,58,43,54,bdm,dxk,idl,aml,zon
1030167,46,58,50,59,49,bdm,idl,sjm,hsv,gst
1030168,59,58,57,47,53,hsv,idl,rkv,omp,bzm
1030169,56,60,58,50,51,kud,dxk,idl,sjm,tlh
1030170,59,44,56,60,55,hsv,utb,kud,dxk,xzu
1030171,50,57,55,44,56,sjm,rkv,xzu,utb,kud
1030172,53,46,52,55,56,bzm,bdm,zal,xzu,kud
1030173,48,52,55,53,51,aef,zal,xzu,bzm,tlh
1030174,60,54,49,59,47,dxk,zon,gst,hsv,omp
1030175,54,56,58,43,47,zon,kud,idl,aml,omp
1030176,54,46,41,44,51,zon,bdm,vsi,utb,tlh
1030177,50,51,48,56,47,sjm,tlh,aef,kud,omp
1030178,47,56,44,58,54,omp,kud,utb,idl,zon
1030179,60,59,58,44,42,dxk,hsv,idl,utb,iue
1030180,41,56,57,42,50,vsi,kud,rkv,iue,sjm
1030181,41,54,50,49,58,vsi,zon,sjm,gst,idl
1030182,47,49,52,43,50,omp,gst,zal,aml,sjm
1030183,53,49,58,57,52,bzm,gst,idl,rkv,zal
1030184,50,59,53,49,52,sjm,hsv,bzm,gst,zal
1030185,43,54,51,52,55,aml,zon,tlh,zal,xzu
1030186,50,44,54,46,52,sjm,utb,zon,bdm,zal
1030187,52,51,54,46,55,zal,tlh,zon,bdm,xzu
1030188,57,47,52,58,49,rkv,omp,zal,idl,gst
1030189,43,48,49,45,51,aml,aef,gst,hiy,tlh
1030190,52,49,53,47,45,zal,gst,bzm,omp,hiy
1030191,49,52,44,50,59,gst,zal,utb,sjm,hsv
1030192,56,59,60,57,48,kud,hsv,dxk,rkv,aef
1030193,47,45,49,57,51,omp,hiy,gst,rkv,tlh
1030194,59,55,50,44,43,hsv,xzu,sjm,utb,aml
1030195,43,46,47,41,58,aml,bdm,omp,vsi,idl
1030196,49,52,54,59,58,gst,zal,zon,hsv,idl
1030197,52,42,53,43,49,zal,iue,bzm,aml,gst
1030198,60,46,45,43,48,dxk,bdm,hiy,aml,aef
1030199,46,58,53,54,57,bdm,idl,bzm,zon,rkv
1030200,53,54,47,58,55,bzm,zon,omp,idl,xzu
1030201,60,55,48,59,46,dxk,xzu,aef,hsv,bdm
1030202,57,42,47,45,41,rkv,iue,omp,hiy,vsi
1030203,57,44,53,46,48,rkv,utb,bzm,bdm,aef
1030204,42,51,59,49,46,iue,tlh,hsv,gst,bdm
1030205,48,43,46,45,56,aef,aml,bdm,hiy,kud
1030206,48,44,50,60,49,aef,utb,sjm,dxk,gst
1030207,51,57,50,54,60,tlh,rkv,sjm,zon,dxk
1030208,56,60,53,57,49,kud,dxk,bzm,rkv,gst
1030209,57,52,45,41,54,rkv,zal,hiy,vsi,zon
1030210,58,42,56,55,49,idl,iue,kud,xzu,gst
1030211,58,41,50,44,51,idl,vsi,sjm,utb,tlh
1030212,54,55,50,59,46,zon,xzu,sjm,hsv,bdm
1030213,42,53,48,56,47,iue,bzm,aef,kud,omp
1030214,53,60,43,51,41,bzm,dxk,aml,tlh,vsi
1030215,54,52,55,59,45,zon,zal,xzu,hsv,hiy
1030216,41,42,45,51,47,vsi,iue,hiy,tlh,omp
1030217,46,57,43,44,45,bdm,rkv,aml,utb,hiy
1030218,54,56,58,53,41,zon,kud,idl,bzm,vsi
1030219,58,52,59,45,49,idl,zal,hsv,hiy,gst
1030220,50,41,42,49,46,sjm,vsi,iue,gst,bdm
1030221,48,45,47,42,53,aef,hiy,omp,iue,bzm
1030222,58,55,53,43,45,idl,xzu,bzm,aml,hiy
1030223,58,47,57,59,41,idl,omp,rkv,hsv,vsi
1030224,43,50,51,44,55,aml,sjm,tlh,utb,xzu
1030225,45,41,52,57,48,hiy,vsi,zal,rkv,aef
1030226,42,51,57,60,49,iue,tlh,rkv,dxk,gst
1030227,44,55,56,54,49,utb,xzu,kud,zon,gst
1030228,59,60,49,52,50,hsv,dxk,gst,zal,sjm
1030229,45,44,56,53,52,hiy,utb,kud,bzm,zal
1030230,60,48,59,52,47,dxk,aef,hsv,zal,omp
1030231,50,43,56,42,46,sjm,aml,kud,iue,bdm
1030232,55,42,54,53,51,xzu,iue,zon,bzm,tlh
1030233,53,52,54,60,56,bzm,zal,zon,dxk,kud
1030234,60,58,44,53,43,dxk,idl,utb,bzm,aml
1030235,49,57,55,44,60,gst,rkv,xzu,utb,dxk
1030236,58,53,52,57,55,idl,bzm,zal,rkv,xzu
1030237,46,59,58,44,41,bdm,hsv,idl,utb,vsi
1030238,50,60,45,56,48,sjm,dxk,hiy,kud,aef
1030239,52,43,48,42,45,zal,aml,aef,iue,hiy
1030240,60,49,48,46,45,dxk,gst,aef,bdm,hiy
1030241,44,47,41,54,49,utb,omp,vsi,zon,gst
1030242,52,41,50,48,58,zal,vsi,sjm,aef,idl
1030243,54,46,50,58,41,zon,bdm,sjm,idl,vsi
1030244,57,55,48,47,53,rkv,xzu,aef,omp,bzm
1030245,57,49,60,51,41,rkv,gst,dxk,tlh,vsi
1030246,55,53,47,51,57,xzu,bzm,omp,tlh,rkv
1030247,44,51,53,52,54,utb,tlh,bzm,zal,zon
1030248,54,50,51,43,47,zon,sjm,tlh,aml,omp
1030249,44,42,56,43,52,utb,iue,kud,aml,zal
1030250,48,44,46,60,59,aef,utb,bdm,dxk,hsv
1030251,47,51,58,48,60,omp,tlh,idl,aef,dxk
1030252,42,49,58,55,41,iue,gst,idl,xzu,vsi
1030253,55,44,53,52,58,xzu,utb,bzm,zal,idl
1030254,46,58,48,45,41,bdm,idl,aef,hiy,vsi
1030255,59,41,60,43,53,hsv,vsi,dxk,aml,bzm
1030256,46,48,53,55,44,bdm,aef,bzm,xzu,utb
1030257,59,43,44,46,57,hsv,aml,utb,bdm,rkv
1030258,54,42,59,45,56,zon,iue,hsv,hiy,kud
1030259,50,59,46,47,49,sjm,hsv,bdm,omp,gst
1030260,51,48,52,46,45,tlh,aef,zal,bdm,hiy
1030261,45,56,52,44,50,hiy,kud,zal,utb,sjm
1030262,52,50,60,42,57,zal,sjm,dxk,iue,rkv
1030263,50,41,45,57,44,sjm,vsi,hiy,rkv,utb
1030264,42,59,56,53,60,iue,hsv,kud,bzm,dxk
1030265,57,50,41,51,44,rkv,sjm,vsi,tlh,utb
1030266,48,59,53,54,45,aef,hsv,bzm,zon,hiy
1030267,58,48,49,45,43,idl,aef,gst,hiy,aml
1030268,52,54,41,59,46,zal,zon,vsi,hsv,bdm
1030269,42,58,56,48,52,iue,idl,kud,aef,zal
1030270,49,50,51,57,42,gst,sjm,tlh,rkv,iue
1030271,60,53,45,49,57,dxk,bzm,hiy,gst,rkv
1030272,43,53,59,46,55,aml,bzm,hsv,bdm,xzu
1030273,42,53,44,41,57,iue,bzm,utb,vsi,rkv
1030274,57,56,43,49,59,rkv,kud,aml,gst,hsv
1030275,42,45,50,49,54,iue,hiy,sjm,gst,zon
1030276,58,43,53,46,45,idl,aml,bzm,bdm,hiy
1030277,45,54,47,48,57,hiy,zon,omp,aef,rkv
1030278,54,46,57,51,48,zon,bdm,rkv,tlh,aef
1030279,41,57,53,44,54,vsi,rkv,bzm,utb,zon
1030280,56,43,53,49,52,kud,aml,bzm,gst,zal
1030281,53,55,49,59,44,bzm,xzu,gst,hsv,utb
1030282,49,41,53,46,57,gst,vsi,bzm,bdm,rkv
1030283,46,56,41,53,58,bdm,kud,vsi,bzm,idl
1030284,58,55,56,44,50,idl,xzu,kud,utb,sjm
1030285,43,51,48,57,60,aml,tlh,aef,rkv,dxk
1030286,42,55,43,46,57,iue,xzu,aml,bdm,rkv
1030287,48,53,50,56,60,aef,bzm,sjm,kud,dxk
1030288,46,58,55,60,50,bdm,idl,xzu,dxk,sjm
1030289,52,45,50,41,53,zal,hiy,sjm,vsi,bzm
1030290,51,43,59,54,44,tlh,aml,hsv,zon,utb
1030291,51,44,42,49,58,tlh,utb,iue,gst,idl
1030292,60,50,45,42,49,dxk,sjm,hiy,iue,gst
1030293,45,60,52,41,44,hiy,dxk,zal,vsi,utb
1030294,43,41,57,48,54,aml,vsi,rkv,aef,zon
1030295,47,42,60,46,48,omp,iue,dxk,bdm,aef
1030296,44,55,58,53,56,utb,xzu,idl,bzm,kud
1030297,59,53,57,56,45,hsv,bzm,rkv,kud,hiy
1030298,52,60,59,49,57,zal,dxk,hsv,gst,rkv
1030299,42,45,51,50,49,iue,hiy,tlh,sjm,gst
1030300,54,53,59,46,48,zon,bzm,hsv,bdm,aef
1030301,53,55,56,51,52,bzm,xzu,kud,tlh,zal
1030302,48,50,53,54,51,aef,sjm,bzm,zon,tlh
1030303,60,42,54,58,41,dxk,iue,zon,idl,vsi
1030304,44,48,43,50,49,utb,aef,aml,sjm,gst
1030305,50,48,51,46,55,sjm,aef,tlh,bdm,xzu
1030306,54,42,46,47,45,zon,iue,bdm,omp,hiy
1030307,54,41,53,52,43,zon,vsi,bzm,zal,aml
1030308,57,48,51,53,58,rkv,aef,tlh,bzm,idl
1030309,51,41,54,52,57,tlh,vsi,zon,zal,rkv
1030310,57,53,52,43,42,rkv,bzm,zal,aml,iue
1030311,56,49,43,46,59,kud,gst,aml,bdm,hsv
1030312,52,56,55,48,59,zal,kud,xzu,aef,hsv
1030313,58,43,54,56,51,idl,aml,zon,kud,tlh
1030314,60,44,54,52,45,dxk,utb,zon,zal,hiy
1030315,42,47,43,57,58,iue,omp,aml,rkv,idl
1030316,51,54,45,60,43,tlh,zon,hiy,dxk,aml
1030317,44,59,42,55,50,utb,hsv,iue,xzu,sjm
1030318,56,57,45,48,49,kud,rkv,hiy,aef,gst
1030319,45,59,50,54,41,hiy,hsv,sjm,zon,vsi
1030320,45,55,43,48,47,hiy,xzu,aml,aef,omp
1030321,45,50,48,49,59,hiy,sjm,aef,gst,hsv
1030322,52,41,45,60,42,zal,vsi,hiy,dxk,iue
1030323,44,50,60,46,51,utb,sjm,dxk,bdm,tlh
1030324,50,54,47,53,58,sjm,zon,omp,bzm,idl
1030325,44,50,51,53,56,utb,sjm,tlh,bzm,kud
1030326,59,53,45,47,48,hsv,bzm,hiy,omp,aef
1030327,59,49,60,41,50,hsv,gst,dxk,vsi,sjm
1030328,44,43,52,41,59,utb,aml,zal,vsi,hsv
1030329,58,59,56,44,60,idl,hsv,kud,utb,dxk
1030330,44,50,45,53,51,utb,sjm,hiy,bzm,tlh
1030331,60,41,45,42,44,dxk,vsi,hiy,iue,utb
1030332,60,51,59,55,56,dxk,tlh,hsv,xzu,kud
1030333,46,44,54,50,56,bdm,utb,zon,sjm,kud
1030334,53,47,56,51,52,bzm,omp,kud,tlh,zal
1030335,54,45,56,49,42,zon,hiy,kud,gst,iue
1030336,44,59,42,45,51,utb,hsv,iue,hiy,tlh
1030337,43,55,41,48,53,aml,xzu,vsi,aef,bzm
1030338,41,54,45,60,46,vsi,zon,hiy,dxk,bdm
1030339,49,44,55,60,46,gst,utb,xzu,dxk,bdm
1030340,44,52,58,43,56,utb,zal,idl,aml,kud
1030341,50,52,58,43,41,sjm,zal,idl,aml,vsi
1030342,60,44,48,57,53,dxk,utb,aef,rkv,bzm
1030343,50,47,60,57,48,sjm,omp,dxk,rkv,aef
1030344,50,60,53,54,59,sjm,dxk,bzm,zon,hsv
1030345,56,47,45,58,42,kud,omp,hiy,idl,iue
1030346,52,48,54,51,49,zal,aef,zon,tlh,gst
1030347,56,51,45,44,58,kud,tlh,hiy,utb,idl
1030348,56,48,42,43,44,kud,aef,iue,aml,utb
1030349,60,59,53,51,56,dxk,hsv,bzm,tlh,kud
1030350,45,43,53,48,50,hiy,aml,bzm,aef,sjm
1030351,60,49,50,47,51,dxk,gst,sjm,omp,tlh
1030352,55,50,47,49,44,xzu,sjm,omp,gst,utb
1030353,54,60,48,46,56,zon,dxk,aef,bdm,kud
1030354,59,55,50,53,42,hsv,xzu,sjm,bzm,iue
1030355,41,50,48,53,59,vsi,sjm,aef,bzm,hsv
1030356,56,47,48,46,60,kud,omp,aef,bdm,dxk
1030357,59,45,56,46,41,hsv,hiy,kud,bdm,vsi
1030358,48,55,45,53,49,aef,xzu,hiy,bzm,gst
1030359,57,52,42,59,58,rkv,zal,iue,hsv,idl
1030360,51,52,44,48,60,tlh,zal,utb,aef,dxk
1030361,45,57,42,56,55,hiy,rkv,iue,kud,xzu
1030362,58,46,59,54,51,idl,bdm,hsv,zon,tlh
1030363,54,57,47,46,53,zon,rkv,omp,bdm,bzm
1030364,47,56,54,42,41,omp,kud,zon,iue,vsi
1030365,45,43,50,48,52,hiy,aml,sjm,aef,zal
1030366,55,54,53,49,47,xzu,zon,bzm,gst,omp
1030367,55,49,54,45,58,xzu,gst,zon,hiy,idl
1030368,59,51,53,44,60,hsv,tlh,bzm,utb,dxk
1030369,49,58,43,47,44,gst,idl,aml,omp,utb
1030370,42,56,59,41,54,iue,kud,hsv,vsi,zon
1030371,42,57,60,49,50,iue,rkv,dxk,gst,sjm
1030372,42,52,51,55,57,iue,zal,tlh,xzu,rkv
1030373,41,59,44,42,52,vsi,hsv,utb,iue,zal
1030374,55,45,50,53,57,xzu,hiy,sjm,bzm,rkv
1030375,57,49,42,48,45,rkv,gst,iue,aef,hiy
1030376,51,58,46,47,41,tlh,idl,bdm,omp,vsi
1030377,53,60,50,46,48,bzm,dxk,sjm,bdm,aef
1030378,50,53,43,44,56,sjm,bzm,aml,utb,kud
1030379,50,57,47,58,56,sjm,rkv,omp,idl,kud
1030380,51,55,45,46,47,tlh,xzu,hiy,bdm,omp
1030381,51,43,57,49,58,tlh,aml,rkv,gst,idl
1030382,42,53,43,52,59,iue,bzm,aml,zal,hsv
1030383,52,47,60,53,44,zal,omp,dxk,bzm,utb
1030384,44,42,46,51,49,utb,iue,bdm,tlh,gst
1030385,47,51,46,59,56,omp,tlh,bdm,hsv,kud
1030386,47,57,48,59,58,omp,rkv,aef,hsv,idl
1030387,60,50,55,44,49,dxk,sjm,xzu,utb,gst
1030388,49,44,54,59,50,gst,utb,zon,hsv,sjm
1030389,60,51,42,52,57,dxk,tlh,iue,zal,rkv
1030390,56,51,58,45,47,kud,tlh,idl,hiy,omp
1030391,44,46,56,42,47,utb,bdm,kud,iue,omp
1030392,42,44,54,47,57,iue,utb,zon,omp,rkv
1030393,55,49,53,51,58,xzu,gst,bzm,tlh,idl
1030394,43,42,54,56,47,aml,iue,zon,kud,omp
1030395,55,53,48,59,51,xzu,bzm,aef,hsv,tlh
1030396,57,48,45,52,41,rkv,aef,hiy,zal,vsi
1030397,56,45,48,51,55,kud,hiy,aef,tlh,xzu
1030398,57,58,45,41,43,rkv,idl,hiy,vsi,aml
1030399,43,57,46,51,44,aml,rkv,bdm,tlh,utb
1030400,46,57,49,56,47,bdm,rkv,gst,kud,omp
1030401,42,54,50,59,57,iue,zon,sjm,hsv,rkv
1030402,55,58,45,42,53,xzu,idl,hiy,iue,bzm
1030403,59,48,43,51,45,hsv,aef,aml,tlh,hiy
1030404,49,50,57,51,53,gst,sjm,rkv,tlh,bzm
1030405,56,43,42,52,47,kud,aml,iue,zal,omp
1030406,53,57,58,59,55,bzm,rkv,idl,hsv,xzu
1030407,48,44,47,42,56,aef,utb,omp,iue,kud
1030408,43,47,58,50,53,aml,omp,idl,sjm,bzm
1030409,41,45,53,59,43,vsi,hiy,bzm,hsv,aml
1030410,47,48,43,58,51,omp,aef,aml,idl,tlh
1030411,46,51,43,52,42,bdm,tlh,aml,zal,iue
1030412,52,57,45,41,50,zal,rkv,hiy,vsi,sjm
1030413,57,48,58,51,60,rkv,aef,idl,tlh,dxk
1030414,45,56,50,41,55,hiy,kud,sjm,vsi,xzu
1030415,41,53,50,48,46,vsi,bzm,sjm,aef,bdm
1030416,54,46,47,55,45,zon,bdm,omp,xzu,hiy
1030417,48,44,56,43,42,aef,utb,kud,aml,iue
1030418,44,60,46,53,42,utb,dxk,bdm,bzm,iue
1030419,60,43,52,57,56,dxk,aml,zal,rkv,kud
1030420,60,58,49,57,41,dxk,idl,gst,rkv,vsi
1030421,58,51,59,56,41,idl,tlh,hsv,kud,vsi
1030422,49,45,48,50,51,gst,hiy,aef,sjm,tlh
1030423,52,51,43,41,45,zal,tlh,aml,vsi,hiy
1030424,60,48,58,41,45,dxk,aef,idl,vsi,hiy
1030425,53,41,46,60,57,bzm,vsi,bdm,dxk,rkv
1030426,48,52,50,56,46,aef,zal,sjm,kud,bdm
1030427,49,54,44,58,56,gst,zon,utb,idl,kud
1030428,57,51,56,48,45,rkv,tlh,kud,aef,hiy
1030429,45,44,56,47,54,hiy,utb,kud,omp,zon
1030430,57,44,49,50,55,rkv,utb,gst,sjm,xzu
1030431,54,45,46,53,49,zon,hiy,bdm,bzm,gst
1030432,51,57,58,45,53,tlh,rkv,idl,hiy,bzm
1030433,56,42,41,50,60,kud,iue,vsi,sjm,dxk
1030434,51,50,53,44,46,tlh,sjm,bzm,utb,bdm
1030435,43,44,60,58,55,aml,utb,dxk,idl,xzu
1030436,44,59,47,42,55,utb,hsv,omp,iue,xzu
1030437,60,48,42,45,41,dxk,aef,iue,hiy,vsi
1030438,49,45,56,57,41,gst,hiy,kud,rkv,vsi
1030439,53,46,42,58,41,bzm,bdm,iue,idl,vsi
1030440,41,60,43,52,42,vsi,dxk,aml,zal,iue
1030441,43,47,51,53,60,aml,omp,tlh,bzm,dxk
1030442,45,44,50,55,58,hiy,utb,sjm,xzu,idl
1030443,51,43,47,42,45,tlh,aml,omp,iue,hiy
1030444,48,44,59,46,41,aef,utb,hsv,bdm,vsi
1030445,51,45,58,57,56,tlh,hiy,idl,rkv,kud
1030446,60,52,54,41,42,dxk,zal,zon,vsi,iue
1030447,55,58,47,45,43,xzu,idl,omp,hiy,aml
1030448,58,59,52,57,44,idl,hsv,zal,rkv,utb
1030449,44,56,51,53,58,utb,kud,tlh,bzm,idl
1030450,41,59,56,42,57,vsi,hsv,kud,iue,rkv
1030451,51,54,41,43,56,tlh,zon,vsi,aml,kud
1030452,55,48,54,51,58,xzu,aef,zon,tlh,idl
1030453,52,48,42,45,57,zal,aef,iue,hiy,rkv
1030454,53,50,56,57,49,bzm,sjm,kud,rkv,gst
1030455,56,48,43,50,42,kud,aef,aml,sjm,iue
1030456,57,47,52,41,50,rkv,omp,zal,vsi,sjm
1030457,59,44,41,50,48,hsv,utb,vsi,sjm,aef
1030458,60,45,42,59,50,dxk,hiy,iue,hsv,sjm
1030459,50,43,41,49,54,sjm,aml,vsi,gst,zon
1030460,53,52,42,54,58,bzm,zal,iue,zon,idl
1030461,60,50,55,59,45,dxk,sjm,xzu,hsv,hiy
1030462,45,55,48,54,57,hiy,xzu,aef,zon,rkv
1030463,60,58,46,57,54,dxk,idl,bdm,rkv,zon
1030464,49,56,52,42,60,gst,kud,zal,iue,dxk
1030465,47,44,54,53,45,omp,utb,zon,bzm,hiy
1030466,54,60,51,56,43,zon,dxk,tlh,kud,aml
1030467,48,60,45,46,58,aef,dxk,hiy,bdm,idl
1030468,52,45,54,50,53,zal,hiy,zon,sjm,bzm
1030469,49,48,43,53,60,gst,aef,aml,bzm,dxk
1030470,52,47,48,57,56,zal,omp,aef,rkv,kud
1030471,59,42,53,47,44,hsv,iue,bzm,omp,utb
1030472,43,49,55,58,51,aml,gst,xzu,idl,tlh
1030473,57,48,51,49,54,rkv,aef,tlh,gst,zon
1030474,45,60,49,54,53,hiy,dxk,gst,zon,bzm
1030475,52,47,58,55,41,zal,omp,idl,xzu,vsi
1030476,57,47,55,43,56,rkv,omp,xzu,aml,kud
1030477,48,59,44,52,50,aef,hsv,utb,zal,sjm
1030478,55,52,42,59,51,xzu,zal,iue,hsv,tlh
1030479,42,51,57,43,45,iue,tlh,rkv,aml,hiy
1030480,60,55,56,43,52,dxk,xzu,kud,aml,zal
1030481,41,59,54,43,46,vsi,hsv,zon,aml,bdm
1030482,49,51,45,56,60,gst,tlh,hiy,kud,dxk
1030483,58,51,54,53,44,idl,tlh,zon,bzm,utb
1030484,60,50,56,43,53,dxk,sjm,kud,aml,bzm
1030485,49,50,43,48,56,gst,sjm,aml,aef,kud
1030486,43,51,49,56,46,aml,tlh,gst,kud,bdm
1030487,57,42,41,58,43,rkv,iue,vsi,idl,aml
1030488,47,44,43,59,58,omp,utb,aml,hsv,idl
1030489,52,45,54,59,46,zal,hiy,zon,hsv,bdm
1030490,47,54,45,53,57,omp,zon,hiy,bzm,rkv
1030491,44,45,46,60,56,utb,hiy,bdm,dxk,kud
1030492,48,53,43,49,42,aef,bzm,aml,gst,iue
1030493,57,48,53,54,47,rkv,aef,bzm,zon,omp
1030494,41,42,58,52,54,vsi,iue,idl,zal,zon
1030495,60,48,55,50,53,dxk,aef,xzu,sjm,bzm
1030496,54,52,49,60,42,zon,zal,gst,dxk,iue
1030497,43,54,45,58,52,aml,zon,hiy,idl,zal
1030498,53,41,51,60,54,bzm,vsi,tlh,dxk,zon
1030499,44,51,41,59,45,utb,tlh,vsi,hsv,hiy
1030500,47,58,44,48,56,omp,idl,utb,aef,kud
1030501,51,57,46,47,49,tlh,rkv,bdm,omp,gst
1030502,54,46,49,55,48,zon,bdm,gst,xzu,aef
1030503,51,56,47,48,60,tlh,kud,omp,aef,dxk
1030504,55,58,45,53,57,xzu,idl,hiy,bzm,rkv
1030505,56,44,57,42,46,kud,utb,rkv,iue,bdm
1030506,50,52,53,60,57,sjm,zal,bzm,dxk,rkv
1030507,54,52,44,50,48,zon,zal,utb,sjm,aef
1030508,55,49,42,60,59,xzu,gst,iue,dxk,hsv
1030509,55,52,49,57,50,xzu,zal,gst,rkv,sjm
1030510,46,44,42,43,53,bdm,utb,iue,aml,bzm
1030511,51,42,49,52,43,tlh,iue,gst,zal,aml
1030512,46,53,54,45,50,bdm,bzm,zon,hiy,sjm
1030513,55,59,43,52,58,xzu,hsv,aml,zal,idl
1030514,48,51,50,47,42,aef,tlh,sjm,omp,iue
1030515,57,58,46,59,43,rkv,idl,bdm,hsv,aml
1030516,47,41,44,51,56,omp,vsi,utb,tlh,kud
1030517,57,44,50,48,52,rkv,utb,sjm,aef,zal
1030518,59,56,41,46,53,hsv,kud,vsi,bdm,bzm
1030519,51,44,49,56,52,tlh,utb,gst,kud,zal
1030520,50,47,57,48,59,sjm,omp,rkv,aef,hsv
1030521,58,45,55,46,49,idl,hiy,xzu,bdm,gst
1030522,54,49,46,45,51,zon,gst,bdm,hiy,tlh
1030523,54,52,42,51,57,zon,zal,iue,tlh,rkv
1030524,46,59,45,50,49,bdm,hsv,hiy,sjm,gst
1030525,54,47,42,52,41,zon,omp,iue,zal,vsi
1030526,52,44,46,47,59,zal,utb,bdm,omp,hsv
1030527,41,53,43,49,50,vsi,bzm,aml,gst,sjm
1030528,43,56,59,50,51,aml,kud,hsv,sjm,tlh
1030529,48,58,50,43,44,aef,idl,sjm,aml,utb
1030530,49,51,41,54,60,gst,tlh,vsi,zon,dxk
1030531,56,45,43,47,53,kud,hiy,aml,omp,bzm
1030532,46,44,49,45,53,bdm,utb,gst,hiy,bzm
1030533,57,54,58,49,52,rkv,zon,idl,gst,zal
1030534,58,47,49,46,54,idl,omp,gst,bdm,zon
1030535,45,58,51,56,54,hiy,idl,tlh,kud,zon
1030536,57,53,59,47,43,rkv,bzm,hsv,omp,aml
1030537,43,46,42,50,44,aml,bdm,iue,sjm,utb
1030538,52,54,53,43,59,zal,zon,bzm,aml,hsv
1030539,43,45,57,47,56,aml,hiy,rkv,omp,kud
1030540,58,52,47,59,57,idl,zal,omp,hsv,rkv
1030541,53,51,55,49,48,bzm,tlh,xzu,gst,aef
1030542,43,52,55,57,46,aml,zal,xzu,rkv,bdm
1030543,57,46,50,41,59,rkv,bdm,sjm,vsi,hsv
1030544,56,49,44,47,43,kud,gst,utb,omp,aml
1030545,58,45,56,44,52,idl,hiy,kud,utb,zal
1030546,41,57,47,59,60,vsi,rkv,omp,hsv,dxk
1030547,47,43,46,41,51,omp,aml,bdm,vsi,tlh
1030548,55,41,42,56,46,xzu,vsi,iue,kud,bdm
1030549,48,42,55,41,53,aef,iue,xzu,vsi,bzm
1030550,60,49,42,53,52,dxk,gst,iue,bzm,zal
1030551,51,50,52,59,60,tlh,sjm,zal,hsv,dxk
1030552,55,46,58,53,49,xzu,bdm,idl,bzm,gst
1030553,42,50,60,54,49,iue,sjm,dxk,zon,gst
1030554,47,58,41,50,59,omp,idl,vsi,sjm,hsv
1030555,43,59,46,60,42,aml,hsv,bdm,dxk,iue
1030556,59,52,44,43,50,hsv,zal,utb,aml,sjm
1030557,60,44,46,41,59,dxk,utb,bdm,vsi,hsv
1030558,47,42,43,41,55,omp,iue,aml,vsi,xzu
1030559,52,53,47,60,51,zal,bzm,omp,dxk,tlh
1030560,42,60,52,55,58,iue,dxk,zal,xzu,idl
1030561,43,47,60,50,49,aml,omp,dxk,sjm,gst
1030562,42,46,57,51,43,iue,bdm,rkv,tlh,aml
1030563,51,44,59,58,52,tlh,utb,hsv,idl,zal
1030564,45,49,50,54,60,hiy,gst,sjm,zon,dxk
1030565,47,43,53,48,52,omp,aml,bzm,aef,zal
1030566,54,59,56,48,53,zon,hsv,kud,aef,bzm
1030567,46,41,42,48,47,bdm,vsi,iue,aef,omp
1030568,43,42,44,50,51,aml,iue,utb,sjm,tlh
1030569,42,49,48,51,54,iue,gst,aef,tlh,zon
1030570,53,60,58,51,42,bzm,dxk,idl,tlh,iue
1030571,42,47,50,60,59,iue,omp,sjm,dxk,hsv
1030572,46,54,52,44,41,bdm,zon,zal,utb,vsi
1030573,54,43,45,51,44,zon,aml,hiy,tlh,utb
1030574,50,52,46,48,53,sjm,zal,bdm,aef,bzm
1030575,45,44,42,60,46,hiy,utb,iue,dxk,bdm
1030576,48,58,60,55,59,aef,idl,dxk,xzu,hsv
1030577,60,50,44,49,53,dxk,sjm,utb,gst,bzm
1030578,54,57,56,50,49,zon,rkv,kud,sjm,gst
1030579,56,46,59,49,60,kud,bdm,hsv,gst,dxk
1030580,44,45,54,41,56,utb,hiy,zon,vsi,kud
1030581,46,50,45,55,42,bdm,sjm,hiy,xzu,iue
1030582,46,56,45,55,44,bdm,kud,hiy,xzu,utb
1030583,41,43,60,56,58,vsi,aml,dxk,kud,idl
1030584,55,56,45,43,42,xzu,kud,hiy,aml,iue
1030585,60,48,47,49,43,dxk,aef,omp,gst,aml
1030586,52,55,46,41,56,zal,xzu,bdm,vsi,kud
1030587,49,47,43,57,44,gst,omp,aml,rkv,utb
1030588,57,52,54,46,50,rkv,zal,zon,bdm,sjm
1030589,59,41,45,50,54,hsv,vsi,hiy,sjm,zon
1030590,57,45,56,44,47,rkv,hiy,kud,utb,omp
1030591,50,41,56,47,57,sjm,vsi,kud,omp,rkv
1030592,55,49,60,58,45,xzu,gst,dxk,idl,hiy
1030593,46,45,57,48,42,bdm,hiy,rkv,aef,iue
1030594,52,59,46,57,54,zal,hsv,bdm,rkv,zon
1030595,48,59,54,49,51,aef,hsv,zon,gst,tlh
1030596,55,46,41,49,56,xzu,bdm,vsi,gst,kud
1030597,54,43,50,47,48,zon,aml,sjm,omp,aef
1030598,49,45,47,52,54,gst,hiy,omp,zal,zon
1030599,57,43,53,52,48,rkv,aml,bzm,zal,aef
1030600,55,56,44,58,41,xzu,kud,utb,idl,vsi
1040001,66,69,68,79,73,vio,zhy,otr,aky,web
1040002,76,70,73,61,72,ehg,dij,web,joq,zrb
1040003,68,67,70,73,61,otr,xto,dij,web,joq
1040004,70,72,71,67,69,dij,zrb,wsx,xto,zhy
1040005,63,67,77,71,76,rgh,xto,mxe,wsx,ehg
1040006,66,69,68,61,73,vio,zhy,otr,joq,web
1040007,79,68,78,65,72,aky,otr,flb,edx,zrb
1040008,76,73,62,63,66,ehg,web,adf,rgh,vio
1040009,70,67,61,66,62,dij,xto,joq,vio,adf
1040010,67,62,79,68,64,xto,adf,aky,otr,nkb
1040011,70,67,79,65,69,dij,xto,aky,edx,zhy
1040012,75,63,67,65,69,mjw,rgh,xto,edx,zhy
1040013,80,65,67,66,78,qhw,edx,xto,vio,flb
1040014,66,75,71,67,69,vio,mjw,wsx,xto,zhy
1040015,80,70,79,69,74,qhw,dij,aky,zhy,ybe
1040016,75,78,77,64,62,mjw,flb,mxe,nkb,adf
1040017,72,73,69,70,75,zrb,web,zhy,dij,mjw
1040018,64,79,75,74,77,nkb,aky,mjw,ybe,mxe
1040019,71,79,67,63,68,wsx,aky,xto,rgh,otr
1040020,76,71,77,69,65,ehg,wsx,mxe,zhy,edx
1040021,64,66,75,62,79,nkb,vio,mjw,adf,aky
1040022,65,80,63,73,70,edx,qhw,rgh,web,dij
1040023,74,72,66,63,77,ybe,zrb,vio,rgh,mxe
1040024,79,73,68,69,61,aky,web,otr,zhy,joq
1040025,70,80,77,76,62,dij,qhw,mxe,ehg,adf
1040026,62,68,78,65,77,adf,otr,flb,edx,mxe
1040027,63,76,73,67,70,rgh,ehg,web,xto,dij
1040028,64,74,71,72,66,nkb,ybe,wsx,zrb,vio
1040029,80,62,64,70,74,qhw,adf,nkb,dij,ybe
1040030,71,61,67,73,74,wsx,joq,xto,web,ybe
1040031,80,72,62,68,65,qhw,zrb,adf,otr,edx
1040032,80,71,75,68,64,qhw,wsx,mjw,otr,nkb
1040033,61,67,71,73,66,joq,xto,wsx,web,vio
1040034,71,74,67,72,75,wsx,ybe,xto,zrb,mjw
1040035,76,69,64,80,79,ehg,zhy,nkb,qhw,aky
1040036,61,72,73,71,79,joq,zrb,web,wsx,aky
1040037,80,70,72,67,64,qhw,dij,zrb,xto,nkb
1040038,68,62,73,67,79,otr,adf,web,xto,aky
1040039,71,67,62,78,61,wsx,xto,adf,flb,joq
1040040,66,69,61,64,74,vio,zhy,joq,nkb,ybe
1040041,62,75,78,68,61,adf,mjw,flb,otr,joq
1040042,67,61,70,63,71,xto,joq,dij,rgh,wsx
1040043,80,66,78,65,76,qhw,vio,flb,edx,ehg
1040044,77,79,69,64,76,mxe,aky,zhy,nkb,ehg
1040045,75,70,73,61,77,mjw,dij,web,joq,mxe
1040046,61,78,80,74,69,joq,flb,qhw,ybe,zhy
1040047,80,62,69,76,68,qhw,adf,zhy,ehg,otr
1040048,62,63,80,65,79,adf,rgh,qhw,edx,aky
1040049,74,72,62,66,64,ybe,zrb,adf,vio,nkb
1040050,65,69,71,64,76,edx,zhy,wsx,nkb,ehg
1040051,80,73,65,68,70,qhw,web,edx,otr,dij
1040052,77,66,72,61,80,mxe,vio,zrb,joq,qhw
1040053,72,65,63,69,75,zrb,edx,rgh,zhy,mjw
1040054,67,78,77,68,61,xto,flb,mxe,otr,joq
1040055,79,71,73,69,75,aky,wsx,web,zhy,mjw
1040056,65,74,78,70,67,edx,ybe,flb,dij,xto
1040057,69,68,66,78,71,zhy,otr,vio,flb,wsx
1040058,79,68,78,72,61,aky,otr,flb,zrb,joq
1040059,79,61,65,62,70,aky,joq,edx,adf,dij
1040060,73,79,72,66,62,web,aky,zrb,vio,adf
1040061,62,66,79,69,63,adf,vio,aky,zhy,rgh
1040062,74,76,80,61,77,ybe,ehg,qhw,joq,mxe
1040063,71,74,73,80,62,wsx,ybe,web,qhw,adf
1040064,65,80,78,68,69,edx,qhw,flb,otr,zhy
1040065,77,61,76,66,70,mxe,joq,ehg,vio,dij
1040066,71,62,66,80,76,wsx,adf,vio,qhw,ehg
1040067,74,73,66,72,61,ybe,web,vio,zrb,joq
1040068,74,65,67,70,63,ybe,edx,xto,dij,rgh
1040069,68,64,76,61,71,otr,nkb,ehg,joq,wsx
1040070,61,75,65,71,74,joq,mjw,edx,wsx,ybe
1040071,76,63,71,72,79,ehg,rgh,wsx,zrb,aky
1040072,68,80,67,75,73,otr,qhw,xto,mjw,web
1040073,74,67,73,79,69,ybe,xto,web,aky,zhy
1040074,79,75,76,62,73,aky,mjw,ehg,adf,web
1040075,80,70,79,74,72,qhw,dij,aky,ybe,zrb
1040076,74,77,76,78,66,ybe,mxe,ehg,flb,vio
1040077,79,71,77,62,74,aky,wsx,mxe,adf,ybe
1040078,69,74,77,66,76,zhy,ybe,mxe,vio,ehg
1040079,69,77,66,62,65,zhy,mxe,vio,adf,edx
1040080,65,62,67,78,80,edx,adf,xto,flb,qhw
1040081,63,79,62,68,72,rgh,aky,adf,otr,zrb
1040082,70,80,73,67,65,dij,qhw,web,xto,edx
1040083,64,72,69,67,79,nkb,zrb,zhy,xto,aky
1040084,78,62,61,77,67,flb,adf,joq,mxe,xto
1040085,79,65,75,78,68,aky,edx,mjw,flb,otr
1040086,67,62,65,69,80,xto,adf,edx,zhy,qhw
1040087,71,77,80,73,62,wsx,mxe,qhw,web,adf
1040088,62,66,78,73,63,adf,vio,flb,web,rgh
1040089,69,79,63,67,64,zhy,aky,rgh,xto,nkb
1040090,74,76,64,61,62,ybe,ehg,nkb,joq,adf
1040091,78,75,73,74,71,flb,mjw,web,ybe,wsx
1040092,79,73,64,78,63,aky,web,nkb,flb,rgh
1040093,63,74,66,64,61,rgh,ybe,vio,nkb,joq
1040094,74,64,77,71,62,ybe,nkb,mxe,wsx,adf
1040095,67,64,63,72,71,xto,nkb,rgh,zrb,wsx
1040096,75,61,76,71,63,mjw,joq,ehg,wsx,rgh
1040097,66,63,68,77,69,vio,rgh,otr,mxe,zhy
1040098,75,63,67,64,73,mjw,rgh,xto,nkb,web
1040099,76,78,65,75,77,ehg,flb,edx,mjw,mxe
1040100,77,73,69,61,65,mxe,web,zhy,joq,edx
1040101,61,74,63,67,80,joq,ybe,rgh,xto,qhw
1040102,76,80,61,62,66,ehg,qhw,joq,adf,vio
1040103,67,75,65,78,72,xto,mjw,edx,flb,zrb
1040104,69,67,61,65,66,zhy,xto,joq,edx,vio
1040105,70,80,63,71,67,dij,qhw,rgh,wsx,xto
1040106,68,73,64,67,80,otr,web,nkb,xto,qhw
1040107,71,64,77,73,68,wsx,nkb,mxe,web,otr
1040108,67,78,74,72,75,xto,flb,ybe,zrb,mjw
1040109,73,67,61,75,77,web,xto,joq,mjw,mxe
1040110,70,61,74,75,73,dij,joq,ybe,mjw,web
1040111,78,63,74,68,61,flb,rgh,ybe,otr,joq
1040112,69,77,67,70,66,zhy,mxe,xto,dij,vio
1040113,72,64,77,76,68,zrb,nkb,mxe,ehg,otr
1040114,76,80,65,73,77,ehg,qhw,edx,web,mxe
1040115,75,73,74,70,69,mjw,web,ybe,dij,zhy
1040116,79,78,71,80,61,aky,flb,wsx,qhw,joq
1040117,61,65,73,68,67,joq,edx,web,otr,xto
1040118,70,78,69,76,80,dij,flb,zhy,ehg,qhw
1040119,75,64,72,71,63,mjw,nkb,zrb,wsx,rgh
1040120,72,77,70,66,71,zrb,mxe,dij,vio,wsx
1040121,78,65,61,70,66,flb,edx,joq,dij,vio
1040122,68,62,78,79,74,otr,adf,flb,aky,ybe
1040123,78,70,66,73,69,flb,dij,vio,web,zhy
1040124,68,73,72,69,64,otr,web,zrb,zhy,nkb
1040125,78,62,75,61,73,flb,adf,mjw,joq,web
1040126,69,63,68,77,65,zhy,rgh,otr,mxe,edx
1040127,72,66,79,69,75,zrb,vio,aky,zhy,mjw
1040128,76,74,72,68,67,ehg,ybe,zrb,otr,xto
1040129,80,63,62,70,61,qhw,rgh,adf,dij,joq
1040130,80,70,69,77,79,qhw,dij,zhy,mxe,aky
1040131,75,70,69,74,73,mjw,dij,zhy,ybe,web
1040132,67,70,62,69,65,xto,dij,adf,zhy,edx
1040133,70,69,77,63,73,dij,zhy,mxe,rgh,web
1040134,67,64,62,76,74,xto,nkb,adf,ehg,ybe
1040135,76,63,71,77,72,ehg,rgh,wsx,mxe,zrb
1040136,67,68,80,71,65,xto,otr,qhw,wsx,edx
1040137,70,74,61,79,64,dij,ybe,joq,aky,nkb
1040138,74,69,61,73,70,ybe,zhy,joq,web,dij
1040139,72,68,77,65,73,zrb,otr,mxe,edx,web
1040140,61,64,69,76,66,joq,nkb,zhy,ehg,vio
1040141,72,76,67,75,78,zrb,ehg,xto,mjw,flb
1040142,78,66,76,79,71,flb,vio,ehg,aky,wsx
1040143,80,64,63,77,62,qhw,nkb,rgh,mxe,adf
1040144,77,67,61,70,71,mxe,xto,joq,dij,wsx
1040145,70,75,68,61,64,dij,mjw,otr,joq,nkb
1040146,72,69,70,74,64,zrb,zhy,dij,ybe,nkb
1040147,74,69,76,79,73,ybe,zhy,ehg,aky,web
1040148,62,74,70,69,63,adf,ybe,dij,zhy,rgh
1040149,77,62,69,71,65,mxe,adf,zhy,wsx,edx
1040150,76,69,74,75,68,ehg,zhy,ybe,mjw,otr
1040151,65,61,78,67,79,edx,joq,flb,xto,aky
1040152,67,62,70,69,71,xto,adf,dij,zhy,wsx
1040153,67,64,63,77,80,xto,nkb,rgh,mxe,qhw
1040154,72,64,69,77,76,zrb,nkb,zhy,mxe,ehg
1040155,62,71,65,74,72,adf,wsx,edx,ybe,zrb
1040156,61,64,71,76,63,joq,nkb,wsx,ehg,rgh
1040157,72,68,67,76,77,zrb,otr,xto,ehg,mxe
1040158,66,70,63,72,74,vio,dij,rgh,zrb,ybe
1040159,72,70,74,66,62,zrb,dij,ybe,vio,adf
1040160,74,73,68,67,77,ybe,web,otr,xto,mxe
1040161,77,67,71,72,65,mxe,xto,wsx,zrb,edx
1040162,78,69,67,74,76,flb,zhy,xto,ybe,ehg
1040163,61,74,65,66,64,joq,ybe,edx,vio,nkb
1040164,65,80,68,64,69,edx,qhw,otr,nkb,zhy
1040165,75,69,72,71,61,mjw,zhy,zrb,wsx,joq
1040166,66,80,78,63,74,vio,qhw,flb,rgh,ybe
1040167,66,78,70,79,69,vio,flb,dij,aky,zhy
1040168,79,78,77,67,73,aky,flb,mxe,xto,web
1040169,76,80,78,70,71,ehg,qhw,flb,dij,wsx
1040170,79,64,76,80,75,aky,nkb,ehg,qhw,mjw
1040171,70,77,75,64,76,dij,mxe,mjw,nkb,ehg
1040172,73,66,72,75,76,web,vio,zrb,mjw,ehg
1040173,68,72,75,73,71,otr,zrb,mjw,web,wsx
1040174,80,74,69,79,67,qhw,ybe,zhy,aky,xto
1040175,74,76,78,63,67,ybe,ehg,flb,rgh,xto
1040176,74,66,61,64,71,ybe,vio,joq,nkb,wsx
1040177,70,71,68,76,67,dij,wsx,otr,ehg,xto
1040178,67,76,64,78,74,xto,ehg,nkb,flb,ybe
1040179,80,79,78,64,62,qhw,aky,flb,nkb,adf
1040180,61,76,77,62,70,joq,ehg,mxe,adf,dij
1040181,61,74,70,69,78,joq,ybe,dij,zhy,flb
1040182,67,69,72,63,70,xto,zhy,zrb,rgh,dij
1040183,73,69,78,77,72,web,zhy,flb,mxe,zrb
1040184,70,79,73,69,72,dij,aky,web,zhy,zrb
1040185,63,74,71,72,75,rgh,ybe,wsx,zrb,mjw
1040186,70,64,74,66,72,dij,nkb,ybe,vio,zrb
1040187,72,71,74,66,75,zrb,wsx,ybe,vio,mjw
1040188,77,67,72,78,69,mxe,xto,zrb,flb,zhy
1040189,63,68,69,65,71,rgh,otr,zhy,edx,wsx
1040190,72,69,73,67,65,zrb,zhy,web,xto,edx
1040191,69,72,64,70,79,zhy,zrb,nkb,dij,aky
1040192,76,79,80,77,68,ehg,aky,qhw,mxe,otr
1040193,67,65,69,77,71,xto,edx,zhy,mxe,wsx
1040194,79,75,70,64,63,aky,mjw,dij,nkb,rgh
1040195,63,66,67,61,78,rgh,vio,xto,joq,flb
1040196,69,72,74,79,78,zhy,zrb,ybe,aky,flb
1040197,72,62,73,63,69,zrb,adf,web,rgh,zhy
1040198,80,66,65,63,68,qhw,vio,edx,rgh,otr
1040199,66,78,73,74,77,vio,flb,web,ybe,mxe
1040200,73,74,67,78,75,web,ybe,xto,flb,mjw
1040201,80,75,68,79,66,qhw,mjw,otr,aky,vio
1040202,77,62,67,65,61,mxe,adf,xto,edx,joq
1040203,77,64,73,66,68,mxe,nkb,web,vio,otr
1040204,62,71,79,69,66,adf,wsx,aky,zhy,vio
1040205,68,63,66,65,76,otr,rgh,vio,edx,ehg
1040206,68,64,70,80,69,otr,nkb,dij,qhw,zhy
1040207,71,77,70,74,80,wsx,mxe,dij,ybe,qhw
1040208,76,80,73,77,69,ehg,qhw,web,mxe,zhy
1040209,77,72,65,61,74,mxe,zrb,edx,joq,ybe
1040210,78,62,76,75,69,flb,adf,ehg,mjw,zhy
1040211,78,61,70,64,71,flb,joq,dij,nkb,wsx
1040212,74,75,70,79,66,ybe,mjw,dij,aky,vio
1040213,62,73,68,76,67,adf,web,otr,ehg,xto
1040214,73,80,63,71,61,web,qhw,rgh,wsx,joq
1040215,74,72,75,79,65,ybe,zrb,mjw,aky,edx
1040216,61,62,65,71,67,joq,adf,edx,wsx,xto
1040217,66,77,63,64,65,vio,mxe,rgh,nkb,edx
1040218,74,76,78,73,61,ybe,ehg,flb,web,joq
1040219,78,72,79,65,69,flb,zrb,aky,edx,zhy
1040220,70,61,62,69,66,dij,joq,adf,zhy,vio
1040221,68,65,67,62,73,otr,edx,xto,adf,web
1040222,78,75,73,63,65,flb,mjw,web,rgh,edx
1040223,78,67,77,79,61,flb,xto,mxe,aky,joq
1040224,63,70,71,64,75,rgh,dij,wsx,nkb,mjw
1040225,65,61,72,77,68,edx,joq,zrb,mxe,otr
1040226,62,71,77,80,69,adf,wsx,mxe,qhw,zhy
1040227,64,75,76,74,69,nkb,mjw,ehg,ybe,zhy
1040228,79,80,69,72,70,aky,qhw,zhy,zrb,dij
1040229,65,64,76,73,72,edx,nkb,ehg,web,zrb
1040230,80,68,79,72,67,qhw,otr,aky,zrb,xto
1040231,70,63,76,62,66,dij,rgh,ehg,adf,vio
1040232,75,62,74,73,71,mjw,adf,ybe,web,wsx
1040233,73,72,74,80,76,web,zrb,ybe,qhw,ehg
1040234,80,78,64,73,63,qhw,flb,nkb,web,rgh
1040235,69,77,75,64,80,zhy,mxe,mjw,nkb,qhw
1040236,78,73,72,77,75,flb,web,zrb,mxe,mjw
1040237,66,79,78,64,61,vio,aky,flb,nkb,joq
1040238,70,80,65,76,68,dij,qhw,edx,ehg,otr
1040239,72,63,68,62,65,zrb,rgh,otr,adf,edx
1040240,80,69,68,66,65,qhw,zhy,otr,vio,edx
1040241,64,67,61,74,69,nkb,xto,joq,ybe,zhy
1040242,72,61,70,68,78,zrb,joq,dij,otr,flb
1040243,74,66,70,78,61,ybe,vio,dij,flb,joq
1040244,77,75,68,67,73,mxe,mjw,otr,xto,web
1040245,77,69,80,71,61,mxe,zhy,qhw,wsx,joq
1040246,75,73,67,71,77,mjw,web,xto,wsx,mxe
1040247,64,71,73,72,74,nkb,wsx,web,zrb,ybe
1040248,74,70,71,63,67,ybe,dij,wsx,rgh,xto
1040249,64,62,76,63,72,nkb,adf,ehg,rgh,zrb
1040250,68,64,66,80,79,otr,nkb,vio,qhw,aky
1040251,67,71,78,68,80,xto,wsx,flb,otr,qhw
1040252,62,69,78,75,61,adf,zhy,flb,mjw,joq
1040253,75,64,73,72,78,mjw,nkb,web,zrb,flb
1040254,66,78,68,65,61,vio,flb,otr,edx,joq
1040255,79,61,80,63,73,aky,joq,qhw,rgh,web
1040256,66,68,73,75,64,vio,otr,web,mjw,nkb
1040257,79,63,64,66,77,aky,rgh,nkb,vio,mxe
1040258,74,62,79,65,76,ybe,adf,aky,edx,ehg
1040259,70,79,66,67,69,dij,aky,vio,xto,zhy
1040260,71,68,72,66,65,wsx,otr,zrb,vio,edx
1040261,65,76,72,64,70,edx,ehg,zrb,nkb,dij
1040262,72,70,80,62,77,zrb,dij,qhw,adf,mxe
1040263,70,61,65,77,64,dij,joq,edx,mxe,nkb
1040264,62,79,76,73,80,adf,aky,ehg,web,qhw
1040265,77,70,61,71,64,mxe,dij,joq,wsx,nkb
1040266,68,79,73,74,65,otr,aky,web,ybe,edx
1040267,78,68,69,65,63,flb,otr,zhy,edx,rgh
1040268,72,74,61,79,66,zrb,ybe,joq,aky,vio
1040269,62,78,76,68,72,adf,flb,ehg,otr,zrb
1040270,69,70,71,77,62,zhy,dij,wsx,mxe,adf
1040271,80,73,65,69,77,qhw,web,edx,zhy,mxe
1040272,63,73,79,66,75,rgh,web,aky,vio,mjw
1040273,62,73,64,61,77,adf,web,nkb,joq,mxe
1040274,77,76,63,69,79,mxe,ehg,rgh,zhy,aky
1040275,62,65,70,69,74,adf,edx,dij,zhy,ybe
1040276,78,63,73,66,65,flb,rgh,web,vio,edx
1040277,65,74,67,68,77,edx,ybe,xto,otr,mxe
1040278,74,66,77,71,68,ybe,vio,mxe,wsx,otr
1040279,61,77,73,64,74,joq,mxe,web,nkb,ybe
1040280,76,63,73,69,72,ehg,rgh,web,zhy,zrb
1040281,73,75,69,79,64,web,mjw,zhy,aky,nkb
1040282,69,61,73,66,77,zhy,joq,web,vio,mxe
1040283,66,76,61,73,78,vio,ehg,joq,web,flb
1040284,78,75,76,64,70,flb,mjw,ehg,nkb,dij
1040285,63,71,68,77,80,rgh,wsx,otr,mxe,qhw
1040286,62,75,63,66,77,adf,mjw,rgh,vio,mxe
1040287,68,73,70,76,80,otr,web,dij,ehg,qhw
1040288,66,78,75,80,70,vio,flb,mjw,qhw,dij
1040289,72,65,70,61,73,zrb,edx,dij,joq,web
1040290,71,63,79,74,64,wsx,rgh,aky,ybe,nkb
1040291,71,64,62,69,78,wsx,nkb,adf,zhy,flb
1040292,80,70,65,62,69,qhw,dij,edx,adf,zhy
1040293,65,80,72,61,64,edx,qhw,zrb,joq,nkb
1040294,63,61,77,68,74,rgh,joq,mxe,otr,ybe
1040295,67,62,80,66,68,xto,adf,qhw,vio,otr
1040296,64,75,78,73,76,nkb,mjw,flb,web,ehg
1040297,79,73,77,76,65,aky,web,mxe,ehg,edx
1040298,72,80,79,69,77,zrb,qhw,aky,zhy,mxe
1040299,62,65,71,70,69,adf,edx,wsx,dij,zhy
1040300,74,73,79,66,68,ybe,web,aky,vio,otr
1040301,73,75,76,71,72,web,mjw,ehg,wsx,zrb
1040302,68,70,73,74,71,otr,dij,web,ybe,wsx
1040303,80,62,74,78,61,qhw,adf,ybe,flb,joq
1040304,64,68,63,70,69,nkb,otr,rgh,dij,zhy
1040305,70,68,71,66,75,dij,otr,wsx,vio,mjw
1040306,74,62,66,67,65,ybe,adf,vio,xto,edx
1040307,74,61,73,72,63,ybe,joq,web,zrb,rgh
1040308,77,68,71,73,78,mxe,otr,wsx,web,flb
1040309,71,61,74,72,77,wsx,joq,ybe,zrb,mxe
1040310,77,73,72,63,62,mxe,web,zrb,rgh,adf
1040311,76,69,63,66,79,ehg,zhy,rgh,vio,aky
1040312,72,76,75,68,79,zrb,ehg,mjw,otr,aky
1040313,78,63,74,76,71,flb,rgh,ybe,ehg,wsx
1040314,80,64,74,72,65,qhw,nkb,ybe,zrb,edx
1040315,62,67,63,77,78,adf,xto,rgh,mxe,flb
1040316,71,74,65,80,63,wsx,ybe,edx,qhw,rgh
1040317,64,79,62,75,70,nkb,aky,adf,mjw,dij
1040318,76,77,65,68,69,ehg,mxe,edx,otr,zhy
1040319,65,79,70,74,61,edx,aky,dij,ybe,joq
1040320,65,75,63,68,67,edx,mjw,rgh,otr,xto
1040321,65,70,68,69,79,edx,dij,otr,zhy,aky
1040322,72,61,65,80,62,zrb,joq,edx,qhw,adf
1040323,64,70,80,66,71,nkb,dij,qhw,vio,wsx
1040324,70,74,67,73,78,dij,ybe,xto,web,flb
1040325,64,70,71,73,76,nkb,dij,wsx,web,ehg
1040326,79,73,65,67,68,aky,web,edx,xto,otr
1040327,79,69,80,61,70,aky,zhy,qhw,joq,dij
1040328,64,63,72,61,79,nkb,rgh,zrb,joq,aky
1040329,78,79,76,64,80,flb,aky,ehg,nkb,qhw
1040330,64,70,65,73,71,nkb,dij,edx,web,wsx
1040331,80,61,65,62,64,qhw,joq,edx,adf,nkb
1040332,80,71,79,75,76,qhw,wsx,aky,mjw,ehg
1040333,66,64,74,70,76,vio,nkb,ybe,dij,ehg
1040334,73,67,76,71,72,web,xto,ehg,wsx,zrb
1040335,74,65,76,69,62,ybe,edx,ehg,zhy,adf
1040336,64,79,62,65,71,nkb,aky,adf,edx,wsx
1040337,63,75,61,68,73,rgh,mjw,joq,otr,web
1040338,61,74,65,80,66,joq,ybe,edx,qhw,vio
1040339,69,64,75,80,66,zhy,nkb,mjw,qhw,vio
1040340,64,72,78,63,76,nkb,zrb,flb,rgh,ehg
1040341,70,72,78,63,61,dij,zrb,flb,rgh,joq
1040342,80,64,68,77,73,qhw,nkb,otr,mxe,web
1040343,70,67,80,77,68,dij,xto,qhw,mxe,otr
1040344,70,80,73,74,79,dij,qhw,web,ybe,aky
1040345,76,67,65,78,62,ehg,xto,edx,flb,adf
1040346,72,68,74,71,69,zrb,otr,ybe,wsx,zhy
1040347,76,71,65,64,78,ehg,wsx,edx,nkb,flb
1040348,76,68,62,63,64,ehg,otr,adf,rgh,nkb
1040349,80,79,73,71,76,qhw,aky,web,wsx,ehg
1040350,65,63,73,68,70,edx,rgh,web,otr,dij
1040351,80,69,70,67,71,qhw,zhy,dij,xto,wsx
1040352,75,70,67,69,64,mjw,dij,xto,zhy,nkb
1040353,74,80,68,66,76,ybe,qhw,otr,vio,ehg
1040354,79,75,70,73,62,aky,mjw,dij,web,adf
1040355,61,70,68,73,79,joq,dij,otr,web,aky
1040356,76,67,68,66,80,ehg,xto,otr,vio,qhw
1040357,79,65,76,66,61,aky,edx,ehg,vio,joq
1040358,68,75,65,73,69,otr,mjw,edx,web,zhy
1040359,77,72,62,79,78,mxe,zrb,adf,aky,flb
1040360,71,72,64,68,80,wsx,zrb,nkb,otr,qhw
1040361,65,77,62,76,75,edx,mxe,adf,ehg,mjw
1040362,78,66,79,74,71,flb,vio,aky,ybe,wsx
1040363,74,77,67,66,73,ybe,mxe,xto,vio,web
1040364,67,76,74,62,61,xto,ehg,ybe,adf,joq
1040365,65,63,70,68,72,edx,rgh,dij,otr,zrb
1040366,75,74,73,69,67,mjw,ybe,web,zhy,xto
1040367,75,69,74,65,78,mjw,zhy,ybe,edx,flb
1040368,79,71,73,64,80,aky,wsx,web,nkb,qhw
1040369,69,78,63,67,64,zhy,flb,rgh,xto,nkb
1040370,62,76,79,61,74,adf,ehg,aky,joq,ybe
1040371,62,77,80,69,70,adf,mxe,qhw,zhy,dij
1040372,62,72,71,75,77,adf,zrb,wsx,mjw,mxe
1040373,61,79,64,62,72,joq,aky,nkb,adf,zrb
1040374,75,65,70,73,77,mjw,edx,dij,web,mxe
1040375,77,69,62,68,65,mxe,zhy,adf,otr,edx
1040376,71,78,66,67,61,wsx,flb,vio,xto,joq
1040377,73,80,70,66,68,web,qhw,dij,vio,otr
1040378,70,73,63,64,76,dij,web,rgh,nkb,ehg
1040379,70,77,67,78,76,dij,mxe,xto,flb,ehg
1040380,71,75,65,66,67,wsx,mjw,edx,vio,xto
1040381,71,63,77,69,78,wsx,rgh,mxe,zhy,flb
1040382,62,73,63,72,79,adf,web,rgh,zrb,aky
1040383,72,67,80,73,64,zrb,xto,qhw,web,nkb
1040384,64,62,66,71,69,nkb,adf,vio,wsx,zhy
1040385,67,71,66,79,76,xto,wsx,vio,aky,ehg
1040386,67,77,68,79,78,xto,mxe,otr,aky,flb
1040387,80,70,75,64,69,qhw,dij,mjw,nkb,zhy
1040388,69,64,74,79,70,zhy,nkb,ybe,aky,dij
1040389,80,71,62,72,77,qhw,wsx,adf,zrb,mxe
1040390,76,71,78,65,67,ehg,wsx,flb,edx,xto
1040391,64,66,76,62,67,nkb,vio,ehg,adf,xto
1040392,62,64,74,67,77,adf,nkb,ybe,xto,mxe
1040393,75,69,73,71,78,mjw,zhy,web,wsx,flb
1040394,63,62,74,76,67,rgh,adf,ybe,ehg,xto
1040395,75,73,68,79,71,mjw,web,otr,aky,wsx
1040396,77,68,65,72,61,mxe,otr,edx,zrb,joq
1040397,76,65,68,71,75,ehg,edx,otr,wsx,mjw
1040398,77,78,65,61,63,mxe,flb,edx,joq,rgh
1040399,63,77,66,71,64,rgh,mxe,vio,wsx,nkb
1040400,66,77,69,76,67,vio,mxe,zhy,ehg,xto
1040401,62,74,70,79,77,adf,ybe,dij,aky,mxe
1040402,75,78,65,62,73,mjw,flb,edx,adf,web
1040403,79,68,63,71,65,aky,otr,rgh,wsx,edx
1040404,69,70,77,71,73,zhy,dij,mxe,wsx,web
1040405,76,63,62,72,67,ehg,rgh,adf,zrb,xto
1040406,73,77,78,79,75,web,mxe,flb,aky,mjw
1040407,68,64,67,62,76,otr,nkb,xto,adf,ehg
1040408,63,67,78,70,73,rgh,xto,flb,dij,web
1040409,61,65,73,79,63,joq,edx,web,aky,rgh
1040410,67,68,63,78,71,xto,otr,rgh,flb,wsx
1040411,66,71,63,72,62,vio,wsx,rgh,zrb,adf
1040412,72,77,65,61,70,zrb,mxe,edx,joq,dij
1040413,77,68,78,71,80,mxe,otr,flb,wsx,qhw
1040414,65,76,70,61,75,edx,ehg,dij,joq,mjw
1040415,61,73,70,68,66,joq,web,dij,otr,vio
1040416,74,66,67,75,65,ybe,vio,xto,mjw,edx
1040417,68,64,76,63,62,otr,nkb,ehg,rgh,adf
1040418,64,80,66,73,62,nkb,qhw,vio,web,adf
1040419,80,63,72,77,76,qhw,rgh,zrb,mxe,ehg
1040420,80,78,69,77,61,qhw,flb,zhy,mxe,joq
1040421,78,71,79,76,61,flb,wsx,aky,ehg,joq
1040422,69,65,68,70,71,zhy,edx,otr,dij,wsx
1040423,72,71,63,61,65,zrb,wsx,rgh,joq,edx
1040424,80,68,78,61,65,qhw,otr,flb,joq,edx
1040425,73,61,66,80,77,web,joq,vio,qhw,mxe
1040426,68,72,70,76,66,otr,zrb,dij,ehg,vio
1040427,69,74,64,78,76,zhy,ybe,nkb,flb,ehg
1040428,77,71,76,68,65,mxe,wsx,ehg,otr,edx
1040429,65,64,76,67,74,edx,nkb,ehg,xto,ybe
1040430,77,64,69,70,75,mxe,nkb,zhy,dij,mjw
1040431,74,65,66,73,69,ybe,edx,vio,web,zhy
1040432,71,77,78,65,73,wsx,mxe,flb,edx,web
1040433,76,62,61,70,80,ehg,adf,joq,dij,qhw
1040434,71,70,73,64,66,wsx,dij,web,nkb,vio
1040435,63,64,80,78,75,rgh,nkb,qhw,flb,mjw
1040436,64,79,67,62,75,nkb,aky,xto,adf,mjw
1040437,80,68,62,65,61,qhw,otr,adf,edx,joq
1040438,69,65,76,77,61,zhy,edx,ehg,mxe,joq
1040439,73,66,62,78,61,web,vio,adf,flb,joq
1040440,61,80,63,72,62,joq,qhw,rgh,zrb,adf
1040441,63,67,71,73,80,rgh,xto,wsx,web,qhw
1040442,65,64,70,75,78,edx,nkb,dij,mjw,flb
1040443,71,63,67,62,65,wsx,rgh,xto,adf,edx
1040444,68,64,79,66,61,otr,nkb,aky,vio,joq
1040445,71,65,78,77,76,wsx,edx,flb,mxe,ehg
1040446,80,72,74,61,62,qhw,zrb,ybe,joq,adf
1040447,75,78,67,65,63,mjw,flb,xto,edx,rgh
1040448,78,79,72,77,64,flb,aky,zrb,mxe,nkb
1040449,64,76,71,73,78,nkb,ehg,wsx,web,flb
1040450,61,79,76,62,77,joq,aky,ehg,adf,mxe
1040451,71,74,61,63,76,wsx,ybe,joq,rgh,ehg
1040452,75,68,74,71,78,mjw,otr,ybe,wsx,flb
1040453,72,68,62,65,77,zrb,otr,adf,edx,mxe
1040454,73,70,76,77,69,web,dij,ehg,mxe,zhy
1040455,76,68,63,70,62,ehg,otr,rgh,dij,adf
1040456,77,67,72,61,70,mxe,xto,zrb,joq,dij
1040457,79,64,61,70,68,aky,nkb,joq,dij,otr
1040458,80,65,62,79,70,qhw,edx,adf,aky,dij
1040459,70,63,61,69,74,dij,rgh,joq,zhy,ybe
1040460,73,72,62,74,78,web,zrb,adf,ybe,flb
1040461,80,70,75,79,65,qhw,dij,mjw,aky,edx
1040462,65,75,68,74,77,edx,mjw,otr,ybe,mxe
1040463,80,78,66,77,74,qhw,flb,vio,mxe,ybe
1040464,69,76,72,62,80,zhy,ehg,zrb,adf,qhw
1040465,67,64,74,73,65,xto,nkb,ybe,web,edx
1040466,74,80,71,76,63,ybe,qhw,wsx,ehg,rgh
1040467,68,80,65,66,78,otr,qhw,edx,vio,flb
1040468,72,65,74,70,73,zrb,edx,ybe,dij,web
1040469,69,68,63,73,80,zhy,otr,rgh,web,qhw
1040470,72,67,68,77,76,zrb,xto,otr,mxe,ehg
1040471,79,62,73,67,64,aky,adf,web,xto,nkb
1040472,63,69,75,78,71,rgh,zhy,mjw,flb,wsx
1040473,77,68,71,69,74,mxe,otr,wsx,zhy,ybe
1040474,65,80,69,74,73,edx,qhw,zhy,ybe,web
1040475,72,67,78,75,61,zrb,xto,flb,mjw,joq
1040476,77,67,75,63,76,mxe,xto,mjw,rgh,ehg
1040477,68,79,64,72,70,otr,aky,nkb,zrb,dij
1040478,75,72,62,79,71,mjw,zrb,adf,aky,wsx
1040479,62,71,77,63,65,adf,wsx,mxe,rgh,edx
1040480,80,75,76,63,72,qhw,mjw,ehg,rgh,zrb
1040481,61,79,74,63,66,joq,aky,ybe,rgh,vio
1040482,69,71,65,76,80,zhy,wsx,edx,ehg,qhw
1040483,78,71,74,73,64,flb,wsx,ybe,web,nkb
1040484,80,70,76,63,73,qhw,dij,ehg,rgh,web
1040485,69,70,63,68,76,zhy,dij,rgh,otr,ehg
1040486,63,71,69,76,66,rgh,wsx,zhy,ehg,vio
1040487,77,62,61,78,63,mxe,adf,joq,flb,rgh
1040488,67,64,63,79,78,xto,nkb,rgh,aky,flb
1040489,72,65,74,79,66,zrb,edx,ybe,aky,vio
1040490,67,74,65,73,77,xto,ybe,edx,web,mxe
1040491,64,65,66,80,76,nkb,edx,vio,qhw,ehg
1040492,68,73,63,69,62,otr,web,rgh,zhy,adf
1040493,77,68,73,74,67,mxe,otr,web,ybe,xto
1040494,61,62,78,72,74,joq,adf,flb,zrb,ybe
1040495,80,68,75,70,73,qhw,otr,mjw,dij,web
1040496,74,72,69,80,62,ybe,zrb,zhy,qhw,adf
1040497,63,74,65,78,72,rgh,ybe,edx,flb,zrb
1040498,73,61,71,80,74,web,joq,wsx,qhw,ybe
1040499,64,71,61,79,65,nkb,wsx,joq,aky,edx
1040500,67,78,64,68,76,xto,flb,nkb,otr,ehg
1040501,71,77,66,67,69,wsx,mxe,vio,xto,zhy
1040502,74,66,69,75,68,ybe,vio,zhy,mjw,otr
1040503,71,76,67,68,80,wsx,ehg,xto,otr,qhw
1040504,75,78,65,73,77,mjw,flb,edx,web,mxe
1040505,76,64,77,62,66,ehg,nkb,mxe,adf,vio
1040506,70,72,73,80,77,dij,zrb,web,qhw,mxe
1040507,74,72,64,70,68,ybe,zrb,nkb,dij,otr
1040508,75,69,62,80,79,mjw,zhy,adf,qhw,aky
1040509,75,72,69,77,70,mjw,zrb,zhy,mxe,dij
1040510,66,64,62,63,73,vio,nkb,adf,rgh,web
1040511,71,62,69,72,63,wsx,adf,zhy,zrb,rgh
1040512,66,73,74,65,70,vio,web,ybe,edx,dij
1040513,75,79,63,72,78,mjw,aky,rgh,zrb,flb
1040514,68,71,70,67,62,otr,wsx,dij,xto,adf
1040515,77,78,66,79,63,mxe,flb,vio,aky,rgh
1040516,67,61,64,71,76,xto,joq,nkb,wsx,ehg
1040517,77,64,70,68,72,mxe,nkb,dij,otr,zrb
1040518,79,76,61,66,73,aky,ehg,joq,vio,web
1040519,71,64,69,76,72,wsx,nkb,zhy,ehg,zrb
1040520,70,67,77,68,79,dij,xto,mxe,otr,aky
1040521,78,65,75,66,69,flb,edx,mjw,vio,zhy
1040522,74,69,66,65,71,ybe,zhy,vio,edx,wsx
1040523,74,72,62,71,77,ybe,zrb,adf,wsx,mxe
1040524,66,79,65,70,69,vio,aky,edx,dij,zhy
1040525,74,67,62,72,61,ybe,xto,adf,zrb,joq
1040526,72,64,66,67,79,zrb,nkb,vio,xto,aky
1040527,61,73,63,69,70,joq,web,rgh,zhy,dij
1040528,63,76,79,70,71,rgh,ehg,aky,dij,wsx
1040529,68,78,70,63,64,otr,flb,dij,rgh,nkb
1040530,69,71,61,74,80,zhy,wsx,joq,ybe,qhw
1040531,76,65,63,67,73,ehg,edx,rgh,xto,web
1040532,66,64,69,65,73,vio,nkb,zhy,edx,web
1040533,77,74,78,69,72,mxe,ybe,flb,zhy,zrb
1040534,78,67,69,66,74,flb,xto,zhy,vio,ybe
1040535,65,78,71,76,74,edx,flb,wsx,ehg,ybe
1040536,77,73,79,67,63,mxe,web,aky,xto,rgh
1040537,63,66,62,70,64,rgh,vio,adf,dij,nkb
1040538,72,74,73,63,79,zrb,ybe,web,rgh,aky
1040539,63,65,77,67,76,rgh,edx,mxe,xto,ehg
1040540,78,72,67,79,77,flb,zrb,xto,aky,mxe
1040541,73,71,75,69,68,web,wsx,mjw,zhy,otr
1040542,63,72,75,77,66,rgh,zrb,mjw,mxe,vio
1040543,77,66,70,61,79,mxe,vio,dij,joq,aky
1040544,76,69,64,67,63,ehg,zhy,nkb,xto,rgh
1040545,78,65,76,64,72,flb,edx,ehg,nkb,zrb
1040546,61,77,67,79,80,joq,mxe,xto,aky,qhw
1040547,67,63,66,61,71,xto,rgh,vio,joq,wsx
1040548,75,61,62,76,66,mjw,joq,adf,ehg,vio
1040549,68,62,75,61,73,otr,adf,mjw,joq,web
1040550,80,69,62,73,72,qhw,zhy,adf,web,zrb
1040551,71,70,72,79,80,wsx,dij,zrb,aky,qhw
1040552,75,66,78,73,69,mjw,vio,flb,web,zhy
1040553,62,70,80,74,69,adf,dij,qhw,ybe,zhy
1040554,67,78,61,70,79,xto,flb,joq,dij,aky
1040555,63,79,66,80,62,rgh,aky,vio,qhw,adf
1040556,79,72,64,63,70,aky,zrb,nkb,rgh,dij
1040557,80,64,66,61,79,qhw,nkb,vio,joq,aky
1040558,67,62,63,61,75,xto,adf,rgh,joq,mjw
1040559,72,73,67,80,71,zrb,web,xto,qhw,wsx
1040560,62,80,72,75,78,adf,qhw,zrb,mjw,flb
1040561,63,67,80,70,69,rgh,xto,qhw,dij,zhy
1040562,62,66,77,71,63,adf,vio,mxe,wsx,rgh
1040563,71,64,79,78,72,wsx,nkb,aky,flb,zrb
1040564,65,69,70,74,80,edx,zhy,dij,ybe,qhw
1040565,67,63,73,68,72,xto,rgh,web,otr,zrb
1040566,74,79,76,68,73,ybe,aky,ehg,otr,web
1040567,66,61,62,68,67,vio,joq,adf,otr,xto
1040568,63,62,64,70,71,rgh,adf,nkb,dij,wsx
1040569,62,69,68,71,74,adf,zhy,otr,wsx,ybe
1040570,73,80,78,71,62,web,qhw,flb,wsx,adf
1040571,62,67,70,80,79,adf,xto,dij,qhw,aky
1040572,66,74,72,64,61,vio,ybe,zrb,nkb,joq
1040573,74,63,65,71,64,ybe,rgh,edx,wsx,nkb
1040574,70,72,66,68,73,dij,zrb,vio,otr,web
1040575,65,64,62,80,66,edx,nkb,adf,qhw,vio
1040576,68,78,80,75,79,otr,flb,qhw,mjw,aky
1040577,80,70,64,69,73,qhw,dij,nkb,zhy,web
1040578,74,77,76,70,69,ybe,mxe,ehg,dij,zhy
1040579,76,66,79,69,80,ehg,vio,aky,zhy,qhw
1040580,64,65,74,61,76,nkb,edx,ybe,joq,ehg
1040581,66,70,65,75,62,vio,dij,edx,mjw,adf
1040582,66,76,65,75,64,vio,ehg,edx,mjw,nkb
1040583,61,63,80,76,78,joq,rgh,qhw,ehg,flb
1040584,75,76,65,63,62,mjw,ehg,edx,rgh,adf
1040585,80,68,67,69,63,qhw,otr,xto,zhy,rgh
1040586,72,75,66,61,76,zrb,mjw,vio,joq,ehg
1040587,69,67,63,77,64,zhy,xto,rgh,mxe,nkb
1040588,77,72,74,66,70,mxe,zrb,ybe,vio,dij
1040589,79,61,65,70,74,aky,joq,edx,dij,ybe
1040590,77,65,76,64,67,mxe,edx,ehg,nkb,xto
1040591,70,61,76,67,77,dij,joq,ehg,xto,mxe
1040592,75,69,80,78,65,mjw,zhy,qhw,flb,edx
1040593,66,65,77,68,62,vio,edx,mxe,otr,adf
1040594,72,79,66,77,74,zrb,aky,vio,mxe,ybe
1040595,68,79,74,69,71,otr,aky,ybe,zhy,wsx
1040596,75,66,61,69,76,mjw,vio,joq,zhy,ehg
1040597,74,63,70,67,68,ybe,rgh,dij,xto,otr
1040598,69,65,67,72,74,zhy,edx,xto,zrb,ybe
1040599,77,63,73,72,68,mxe,rgh,web,zrb,otr
1040600,75,76,64,78,61,mjw,ehg,nkb,flb,joq
1050001,86,89,88,99,93,dmv,dve,uzc,hrw,cxs
1050002,96,90,93,81,92,nzs,dxh,cxs,bml,noh
1050003,88,87,90,93,81,uzc,rgm,dxh,cxs,bml
1050004,90,92,91,87,89,dxh,noh,pyz,rgm,dve
1050005,83,87,97,91,96,srt,rgm,nmq,pyz,nzs
1050006,86,89,88,81,93,dmv,dve,uzc,bml,cxs
1050007,99,88,98,85,92,hrw,uzc,hmu,bky,noh
1050008,96,93,82,83,86,nzs,cxs,ihw,srt,dmv
1050009,90,87,81,86,82,dxh,rgm,bml,dmv,ihw
1050010,87,82,99,88,84,rgm,ihw,hrw,uzc,gtj
1050011,90,87,99,85,89,dxh,rgm,hrw,bky,dve
1050012,95,83,87,85,89,bua,srt,rgm,bky,dve
1050013,100,85,87,86,98,kqy,bky,rgm,dmv,hmu
1050014,86,95,91,87,89,dmv,bua,pyz,rgm,dve
1050015,100,90,99,89,94,kqy,dxh,hrw,dve,vlq
1050016,95,98,97,84,82,bua,hmu,nmq,gtj,ihw
1050017,92,93,89,90,95,noh,cxs,dve,dxh,bua
1050018,84,99,95,94,97,gtj,hrw,bua,vlq,nmq
1050019,91,99,87,83,88,pyz,hrw,rgm,srt,uzc
1050020,96,91,97,89,85,nzs,pyz,nmq,dve,bky
1050021,84,86,95,82,99,gtj,dmv,bua,ihw,hrw
1050022,85,100,83,93,90,bky,kqy,srt,cxs,dxh
1050023,94,92,86,83,97,vlq,noh,dmv,srt,nmq
1050024,99,93,88,89,81,hrw,cxs,uzc,dve,bml
1050025,90,100,97,96,82,dxh,kqy,nmq,nzs,ihw
1050026,82,88,98,85,97,ihw,uzc,hmu,bky,nmq
1050027,83,96,93,87,90,srt,nzs,cxs,rgm,dxh
1050028,84,94,91,92,86,gtj,vlq,pyz,noh,dmv
1050029,100,82,84,90,94,kqy,ihw,gtj,dxh,vlq
1050030,91,81,87,93,94,pyz,bml,rgm,cxs,vlq
1050031,100,92,82,88,85,kqy,noh,ihw,uzc,bky
1050032,100,91,95,88,84,kqy,pyz,bua,uzc,gtj
1050033,81,87,91,93,86,bml,rgm,pyz,cxs,dmv
1050034,91,94,87,92,95,pyz,vlq,rgm,noh,bua
1050035,96,89,84,100,99,nzs,dve,gtj,kqy,hrw
1050036,81,92,93,91,99,bml,noh,cxs,pyz,hrw
1050037,100,90,92,87,84,kqy,dxh,noh,rgm,gtj
1050038,88,82,93,87,99,uzc,ihw,cxs,rgm,hrw
1050039,91,87,82,98,81,pyz,rgm,ihw,hmu,bml
1050040,86,89,81,84,94,dmv,dve,bml,gtj,vlq
1050041,82,95,98,88,81,ihw,bua,hmu,uzc,bml
1050042,87,81,90,83,91,rgm,bml,dxh,srt,pyz
1050043,100,86,98,85,96,kqy,dmv,hmu,bky,nzs
1050044,97,99,89,84,96,nmq,hrw,dve,gtj,nzs
1050045,95,90,93,81,97,bua,dxh,cxs,bml,nmq
1050046,81,98,100,94,89,bml,hmu,kqy,vlq,dve
1050047,100,82,89,96,88,kqy,ihw,dve,nzs,uzc
1050048,82,83,100,85,99,ihw,srt,kqy,bky,hrw
1050049,94,92,82,86,84,vlq,noh,ihw,dmv,gtj
1050050,85,89,91,84,96,bky,dve,pyz,gtj,nzs
1050051,100,93,85,88,90,kqy,cxs,bky,uzc,dxh
1050052,97,86,92,81,100,nmq,dmv,noh,bml,kqy
1050053,92,85,83,89,95,noh,bky,srt,dve,bua
1050054,87,98,97,88,81,rgm,hmu,nmq,uzc,bml
1050055,99,91,93,89,95,hrw,pyz,cxs,dve,bua
1050056,85,94,98,90,87,bky,vlq,hmu,dxh,rgm
1050057,89,88,86,98,91,dve,uzc,dmv,hmu,pyz
1050058,99,88,98,92,81,hrw,uzc,hmu,noh,bml
1050059,99,81,85,82,90,hrw,bml,bky,ihw,dxh
1050060,93,99,92,86,82,cxs,hrw,noh,dmv,ihw
1050061,82,86,99,89,83,ihw,dmv,hrw,dve,srt
1050062,94,96,100,81,97,vlq,nzs,kqy,bml,nmq
1050063,91,94,93,100,82,pyz,vlq,cxs,kqy,ihw
1050064,85,100,98,88,89,bky,kqy,hmu,uzc,dve
1050065,97,81,96,86,90,nmq,bml,nzs,dmv,dxh
1050066,91,82,86,100,96,pyz,ihw,dmv,kqy,nzs
1050067,94,93,86,92,81,vlq,cxs,dmv,noh,bml
1050068,94,85,87,90,83,vlq,bky,rgm,dxh,srt
1050069,88,84,96,81,91,uzc,gtj,nzs,bml,pyz
1050070,81,95,85,91,94,bml,bua,bky,pyz,vlq
1050071,96,83,91,92,99,nzs,srt,pyz,noh,hrw
1050072,88,100,87,95,93,uzc,kqy,rgm,bua,cxs
1050073,94,87,93,99,89,vlq,rgm,cxs,hrw,dve
1050074,99,95,96,82,93,hrw,bua,nzs,ihw,cxs
1050075,100,90,99,94,92,kqy,dxh,hrw,vlq,noh
1050076,94,97,96,98,86,vlq,nmq,nzs,hmu,dmv
1050077,99,91,97,82,94,hrw,pyz,nmq,ihw,vlq
1050078,89,94,97,86,96,dve,vlq,nmq,dmv,nzs
1050079,89,97,86,82,85,dve,nmq,dmv,ihw,bky
1050080,85,82,87,98,100,bky,ihw,rgm,hmu,kqy
1050081,83,99,82,88,92,srt,hrw,ihw,uzc,noh
1050082,90,100,93,87,85,dxh,kqy,cxs,rgm,bky
1050083,84,92,89,87,99,gtj,noh,dve,rgm,hrw
1050084,98,82,81,97,87,hmu,ihw,bml,nmq,rgm
1050085,99,85,95,98,88,hrw,bky,bua,hmu,uzc
1050086,87,82,85,89,100,rgm,ihw,bky,dve,kqy
1050087,91,97,100,93,82,pyz,nmq,kqy,cxs,ihw
1050088,82,86,98,93,83,ihw,dmv,hmu,cxs,srt
1050089,89,99,83,87,84,dve,hrw,srt,rgm,gtj
1050090,94,96,84,81,82,vlq,nzs,gtj,bml,ihw
1050091,98,95,93,94,91,hmu,bua,cxs,vlq,pyz
1050092,99,93,84,98,83,hrw,cxs,gtj,hmu,srt
1050093,83,94,86,84,81,srt,vlq,dmv,gtj,bml
1050094,94,84,97,91,82,vlq,gtj,nmq,pyz,ihw
1050095,87,84,83,92,91,rgm,gtj,srt,noh,pyz
1050096,95,81,96,91,83,bua,bml,nzs,pyz,srt
1050097,86,83,88,97,89,dmv,srt,uzc,nmq,dve
1050098,95,83,87,84,93,bua,srt,rgm,gtj,cxs
1050099,96,98,85,95,97,nzs,hmu,bky,bua,nmq
1050100,97,93,89,81,85,nmq,cxs,dve,bml,bky
1050101,81,94,83,87,100,bml,vlq,srt,rgm,kqy
1050102,96,100,81,82,86,nzs,kqy,bml,ihw,dmv
1050103,87,95,85,98,92,rgm,bua,bky,hmu,noh
1050104,89,87,81,85,86,dve,rgm,bml,bky,dmv
1050105,90,100,83,91,87,dxh,kqy,srt,pyz,rgm
1050106,88,93,84,87,100,uzc,cxs,gtj,rgm,kqy
1050107,91,84,97,93,88,pyz,gtj,nmq,cxs,uzc
1050108,87,98,94,92,95,rgm,hmu,vlq,noh,bua
1050109,93,87,81,95,97,cxs,rgm,bml,bua,nmq
1050110,90,81,94,95,93,dxh,bml,vlq,bua,cxs
1050111,98,83,94,88,81,hmu,srt,vlq,uzc,bml
1050112,89,97,87,90,86,dve,nmq,rgm,dxh,dmv
1050113,92,84,97,96,88,noh,gtj,nmq,nzs,uzc
1050114,96,100,85,93,97,nzs,kqy,bky,cxs,nmq
1050115,95,93,94,90,89,bua,cxs,vlq,dxh,dve
1050116,99,98,91,100,81,hrw,hmu,pyz,kqy,bml
1050117,81,85,93,88,87,bml,bky,cxs,uzc,rgm
1050118,90,98,89,96,100,dxh,hmu,dve,nzs,kqy
1050119,95,84,92,91,83,bua,gtj,noh,pyz,srt
1050120,92,97,90,86,91,noh,nmq,dxh,dmv,pyz
1050121,98,85,81,90,86,hmu,bky,bml,dxh,dmv
1050122,88,82,98,99,94,uzc,ihw,hmu,hrw,vlq
1050123,98,90,86,93,89,hmu,dxh,dmv,cxs,dve
1050124,88,93,92,89,84,uzc,cxs,noh,dve,gtj
1050125,98,82,95,81,93,hmu,ihw,bua,bml,cxs
1050126,89,83,88,97,85,dve,srt,uzc,nmq,bky
1050127,92,86,99,89,95,noh,dmv,hrw,dve,bua
1050128,96,94,92,88,87,nzs,vlq,noh,uzc,rgm
1050129,100,83,82,90,81,kqy,srt,ihw,dxh,bml
1050130,100,90,89,97,99,kqy,dxh,dve,nmq,hrw
1050131,95,90,89,94,93,bua,dxh,dve,vlq,cxs
1050132,87,90,82,89,85,rgm,dxh,ihw,dve,bky
1050133,90,89,97,83,93,dxh,dve,nmq,srt,cxs
1050134,87,84,82,96,94,rgm,gtj,ihw,nzs,vlq
1050135,96,83,91,97,92,nzs,srt,pyz,nmq,noh
1050136,87,88,100,91,85,rgm,uzc,kqy,pyz,bky
1050137,90,94,81,99,84,dxh,vlq,bml,hrw,gtj
1050138,94,89,81,93,90,vlq,dve,bml,cxs,dxh
1050139,92,88,97,85,93,noh,uzc,nmq,bky,cxs
1050140,81,84,89,96,86,bml,gtj,dve,nzs,dmv
1050141,92,96,87,95,98,noh,nzs,rgm,bua,hmu
1050142,98,86,96,99,91,hmu,dmv,nzs,hrw,pyz
1050143,100,84,83,97,82,kqy,gtj,srt,nmq,ihw
1050144,97,87,81,90,91,nmq,rgm,bml,dxh,pyz
1050145,90,95,88,81,84,dxh,bua,uzc,bml,gtj
1050146,92,89,90,94,84,noh,dve,dxh,vlq,gtj
1050147,94,89,96,99,93,vlq,dve,nzs,hrw,cxs
1050148,82,94,90,89,83,ihw,vlq,dxh,dve,srt
1050149,97,82,89,91,85,nmq,ihw,dve,pyz,bky
1050150,96,89,94,95,88,nzs,dve,vlq,bua,uzc
1050151,85,81,98,87,99,bky,bml,hmu,rgm,hrw
1050152,87,82,90,89,91,rgm,ihw,dxh,dve,pyz
1050153,87,84,83,97,100,rgm,gtj,srt,nmq,kqy
1050154,92,84,89,97,96,noh,gtj,dve,nmq,nzs
1050155,82,91,85,94,92,ihw,pyz,bky,vlq,noh
1050156,81,84,91,96,83,bml,gtj,pyz,nzs,srt
1050157,92,88,87,96,97,noh,uzc,rgm,nzs,nmq
1050158,86,90,83,92,94,dmv,dxh,srt,noh,vlq
1050159,92,90,94,86,82,noh,dxh,vlq,dmv,ihw
1050160,94,93,88,87,97,vlq,cxs,uzc,rgm,nmq
1050161,97,87,91,92,85,nmq,rgm,pyz,noh,bky
1050162,98,89,87,94,96,hmu,dve,rgm,vlq,nzs
1050163,81,94,85,86,84,bml,vlq,bky,dmv,gtj
1050164,85,100,88,84,89,bky,kqy,uzc,gtj,dve
1050165,95,89,92,91,81,bua,dve,noh,pyz,bml
1050166,86,100,98,83,94,dmv,kqy,hmu,srt,vlq
1050167,86,98,90,99,89,dmv,hmu,dxh,hrw,dve
1050168,99,98,97,87,93,hrw,hmu,nmq,rgm,cxs
1050169,96,100,98,90,91,nzs,kqy,hmu,dxh,pyz
1050170,99,84,96,100,95,hrw,gtj,nzs,kqy,bua
1050171,90,97,95,84,96,dxh,nmq,bua,gtj,nzs
1050172,93,86,92,95,96,cxs,dmv,noh,bua,nzs
1050173,88,92,95,93,91,uzc,noh,bua,cxs,pyz
1050174,100,94,89,99,87,kqy,vlq,dve,hrw,rgm
1050175,94,96,98,83,87,vlq,nzs,hmu,srt,rgm
1050176,94,86,81,84,91,vlq,dmv,bml,gtj,pyz
1050177,90,91,88,96,87,dxh,pyz,uzc,nzs,rgm
1050178,87,96,84,98,94,rgm,nzs,gtj,hmu,vlq
1050179,100,99,98,84,82,kqy,hrw,hmu,gtj,ihw
1050180,81,96,97,82,90,bml,nzs,nmq,ihw,dxh
1050181,81,94,90,89,98,bml,vlq,dxh,dve,hmu
1050182,87,89,92,83,90,rgm,dve,noh,srt,dxh
1050183,93,89,98,97,92,cxs,dve,hmu,nmq,noh
1050184,90,99,93,89,92,dxh,hrw,cxs,dve,noh
1050185,83,94,91,92,95,srt,vlq,pyz,noh,bua
1050186,90,84,94,86,92,dxh,gtj,vlq,dmv,noh
1050187,92,91,94,86,95,noh,pyz,vlq,dmv,bua
1050188,97,87,92,98,89,nmq,rgm,noh,hmu,dve
1050189,83,88,89,85,91,srt,uzc,dve,bky,pyz
1050190,92,89,93,87,85,noh,dve,cxs,rgm,bky
1050191,89,92,84,90,99,dve,noh,gtj,dxh,hrw
1050192,96,99,100,97,88,nzs,hrw,kqy,nmq,uzc
1050193,87,85,89,97,91,rgm,bky,dve,nmq,pyz
1050194,99,95,90,84,83,hrw,bua,dxh,gtj,srt
1050195,83,86,87,81,98,srt,dmv,rgm,bml,hmu
1050196,89,92,94,99,98,dve,noh,vlq,hrw,hmu
1050197,92,82,93,83,89,noh,ihw,cxs,srt,dve
1050198,100,86,85,83,88,kqy,dmv,bky,srt,uzc
1050199,86,98,93,94,97,dmv,hmu,cxs,vlq,nmq
1050200,93,94,87,98,95,cxs,vlq,rgm,hmu,bua
1050201,100,95,88,99,86,kqy,bua,uzc,hrw,dmv
1050202,97,82,87,85,81,nmq,ihw,rgm,bky,bml
1050203,97,84,93,86,88,nmq,gtj,cxs,dmv,uzc
1050204,82,91,99,89,86,ihw,pyz,hrw,dve,dmv
1050205,88,83,86,85,96,uzc,srt,dmv,bky,nzs
1050206,88,84,90,100,89,uzc,gtj,dxh,kqy,dve
1050207,91,97,90,94,100,pyz,nmq,dxh,vlq,kqy
1050208,96,100,93,97,89,nzs,kqy,cxs,nmq,dve
1050209,97,92,85,81,94,nmq,noh,bky,bml,vlq
1050210,98,82,96,95,89,hmu,ihw,nzs,bua,dve
1050211,98,81,90,84,91,hmu,bml,dxh,gtj,pyz
1050212,94,95,90,99,86,vlq,bua,dxh,hrw,dmv
1050213,82,93,88,96,87,ihw,cxs,uzc,nzs,rgm
1050214,93,100,83,91,81,cxs,kqy,srt,pyz,bml
1050215,94,92,95,99,85,vlq,noh,bua,hrw,bky
1050216,81,82,85,91,87,bml,ihw,bky,pyz,rgm
1050217,86,97,83,84,85,dmv,nmq,srt,gtj,bky
1050218,94,96,98,93,81,vlq,nzs,hmu,cxs,bml
1050219,98,92,99,85,89,hmu,noh,hrw,bky,dve
1050220,90,81,82,89,86,dxh,bml,ihw,dve,dmv
1050221,88,85,87,82,93,uzc,bky,rgm,ihw,cxs
1050222,98,95,93,83,85,hmu,bua,cxs,srt,bky
1050223,98,87,97,99,81,hmu,rgm,nmq,hrw,bml
1050224,83,90,91,84,95,srt,dxh,pyz,gtj,bua
1050225,85,81,92,97,88,bky,bml,noh,nmq,uzc
1050226,82,91,97,100,89,ihw,pyz,nmq,kqy,dve
1050227,84,95,96,94,89,gtj,bua,nzs,vlq,dve
1050228,99,100,89,92,90,hrw,kqy,dve,noh,dxh
1050229,85,84,96,93,92,bky,gtj,nzs,cxs,noh
1050230,100,88,99,92,87,kqy,uzc,hrw,noh,rgm
1050231,90,83,96,82,86,dxh,srt,nzs,ihw,dmv
1050232,95,82,94,93,91,bua,ihw,vlq,cxs,pyz
1050233,93,92,94,100,96,cxs,noh,vlq,kqy,nzs
1050234,100,98,84,93,83,kqy,hmu,gtj,cxs,srt
1050235,89,97,95,84,100,dve,nmq,bua,gtj,kqy
1050236,98,93,92,97,95,hmu,cxs,noh,nmq,bua
1050237,86,99,98,84,81,dmv,hrw,hmu,gtj,bml
1050238,90,100,85,96,88,dxh,kqy,bky,nzs,uzc
1050239,92,83,88,82,85,noh,srt,uzc,ihw,bky
1050240,100,89,88,86,85,kqy,dve,uzc,dmv,bky
1050241,84,87,81,94,89,gtj,rgm,bml,vlq,dve
1050242,92,81,90,88,98,noh,bml,dxh,uzc,hmu
1050243,94,86,90,98,81,vlq,dmv,dxh,hmu,bml
1050244,97,95,88,87,93,nmq,bua,uzc,rgm,cxs
1050245,97,89,100,91,81,nmq,dve,kqy,pyz,bml
1050246,95,93,87,91,97,bua,cxs,rgm,pyz,nmq
1050247,84,91,93,92,94,gtj,pyz,cxs,noh,vlq
1050248,94,90,91,83,87,vlq,dxh,pyz,srt,rgm
1050249,84,82,96,83,92,gtj,ihw,nzs,srt,noh
1050250,88,84,86,100,99,uzc,gtj,dmv,kqy,hrw
1050251,87,91,98,88,100,rgm,pyz,hmu,uzc,kqy
1050252,82,89,98,95,81,ihw,dve,hmu,bua,bml
1050253,95,84,93,92,98,bua,gtj,cxs,noh,hmu
1050254,86,98,88,85,81,dmv,hmu,uzc,bky,bml
1050255,99,81,100,83,93,hrw,bml,kqy,srt,cxs
1050256,86,88,93,95,84,dmv,uzc,cxs,bua,gtj
1050257,99,83,84,86,97,hrw,srt,gtj,dmv,nmq
1050258,94,82,99,85,96,vlq,ihw,hrw,bky,nzs
1050259,90,99,86,87,89,dxh,hrw,dmv,rgm,dve
1050260,91,88,92,86,85,pyz,uzc,noh,dmv,bky
1050261,85,96,92,84,90,bky,nzs,noh,gtj,dxh
1050262,92,90,100,82,97,noh,dxh,kqy,ihw,nmq
1050263,90,81,85,97,84,dxh,bml,bky,nmq,gtj
1050264,82,99,96,93,100,ihw,hrw,nzs,cxs,kqy
1050265,97,90,81,91,84,nmq,dxh,bml,pyz,gtj
1050266,88,99,93,94,85,uzc,hrw,cxs,vlq,bky
1050267,98,88,89,85,83,hmu,uzc,dve,bky,srt
1050268,92,94,81,99,86,noh,vlq,bml,hrw,dmv
1050269,82,98,96,88,92,ihw,hmu,nzs,uzc,noh
1050270,89,90,91,97,82,dve,dxh,pyz,nmq,ihw
1050271,100,93,85,89,97,kqy,cxs,bky,dve,nmq
1050272,83,93,99,86,95,srt,cxs,hrw,dmv,bua
1050273,82,93,84,81,97,ihw,cxs,gtj,bml,nmq
1050274,97,96,83,89,99,nmq,nzs,srt,dve,hrw
1050275,82,85,90,89,94,ihw,bky,dxh,dve,vlq
1050276,98,83,93,86,85,hmu,srt,cxs,dmv,bky
1050277,85,94,87,88,97,bky,vlq,rgm,uzc,nmq
1050278,94,86,97,91,88,vlq,dmv,nmq,pyz,uzc
1050279,81,97,93,84,94,bml,nmq,cxs,gtj,vlq
1050280,96,83,93,89,92,nzs,srt,cxs,dve,noh
1050281,93,95,89,99,84,cxs,bua,dve,hrw,gtj
1050282,89,81,93,86,97,dve,bml,cxs,dmv,nmq
1050283,86,96,81,93,98,dmv,nzs,bml,cxs,hmu
1050284,98,95,96,84,90,hmu,bua,nzs,gtj,dxh
1050285,83,91,88,97,100,srt,pyz,uzc,nmq,kqy
1050286,82,95,83,86,97,ihw,bua,srt,dmv,nmq
1050287,88,93,90,96,100,uzc,cxs,dxh,nzs,kqy
1050288,86,98,95,100,90,dmv,hmu,bua,kqy,dxh
1050289,92,85,90,81,93,noh,bky,dxh,bml,cxs
1050290,91,83,99,94,84,pyz,srt,hrw,vlq,gtj
1050291,91,84,82,89,98,pyz,gtj,ihw,dve,hmu
1050292,100,90,85,82,89,kqy,dxh,bky,ihw,dve
1050293,85,100,92,81,84,bky,kqy,noh,bml,gtj
1050294,83,81,97,88,94,srt,bml,nmq,uzc,vlq
1050295,87,82,100,86,88,rgm,ihw,kqy,dmv,uzc
1050296,84,95,98,93,96,gtj,bua,hmu,cxs,nzs
1050297,99,93,97,96,85,hrw,cxs,nmq,nzs,bky
1050298,92,100,99,89,97,noh,kqy,hrw,dve,nmq
1050299,82,85,91,90,89,ihw,bky,pyz,dxh,dve
1050300,94,93,99,86,88,vlq,cxs,hrw,dmv,uzc
1050301,93,95,96,91,92,cxs,bua,nzs,pyz,noh
1050302,88,90,93,94,91,uzc,dxh,cxs,vlq,pyz
1050303,100,82,94,98,81,kqy,ihw,vlq,hmu,bml
1050304,84,88,83,90,89,gtj,uzc,srt,dxh,dve
1050305,90,88,91,86,95,dxh,uzc,pyz,dmv,bua
1050306,94,82,86,87,85,vlq,ihw,dmv,rgm,bky
1050307,94,81,93,92,83,vlq,bml,cxs,noh,srt
1050308,97,88,91,93,98,nmq,uzc,pyz,cxs,hmu
1050309,91,81,94,92,97,pyz,bml,vlq,noh,nmq
1050310,97,93,92,83,82,nmq,cxs,noh,srt,ihw
1050311,96,89,83,86,99,nzs,dve,srt,dmv,hrw
1050312,92,96,95,88,99,noh,nzs,bua,uzc,hrw
1050313,98,83,94,96,91,hmu,srt,vlq,nzs,pyz
1050314,100,84,94,92,85,kqy,gtj,vlq,noh,bky
1050315,82,87,83,97,98,ihw,rgm,srt,nmq,hmu
1050316,91,94,85,100,83,pyz,vlq,bky,kqy,srt
1050317,84,99,82,95,90,gtj,hrw,ihw,bua,dxh
1050318,96,97,85,88,89,nzs,nmq,bky,uzc,dve
1050319,85,99,90,94,81,bky,hrw,dxh,vlq,bml
1050320,85,95,83,88,87,bky,bua,srt,uzc,rgm
1050321,85,90,88,89,99,bky,dxh,uzc,dve,hrw
1050322,92,81,85,100,82,noh,bml,bky,kqy,ihw
1050323,84,90,100,86,91,gtj,dxh,kqy,dmv,pyz
1050324,90,94,87,93,98,dxh,vlq,rgm,cxs,hmu
1050325,84,90,91,93,96,gtj,dxh,pyz,cxs,nzs
1050326,99,93,85,87,88,hrw,cxs,bky,rgm,uzc
1050327,99,89,100,81,90,hrw,dve,kqy,bml,dxh
1050328,84,83,92,81,99,gtj,srt,noh,bml,hrw
1050329,98,99,96,84,100,hmu,hrw,nzs,gtj,kqy
1050330,84,90,85,93,91,gtj,dxh,bky,cxs,pyz
1050331,100,81,85,82,84,kqy,bml,bky,ihw,gtj
1050332,100,91,99,95,96,kqy,pyz,hrw,bua,nzs
1050333,86,84,94,90,96,dmv,gtj,vlq,dxh,nzs
1050334,93,87,96,91,92,cxs,rgm,nzs,pyz,noh
1050335,94,85,96,89,82,vlq,bky,nzs,dve,ihw
1050336,84,99,82,85,91,gtj,hrw,ihw,bky,pyz
1050337,83,95,81,88,93,srt,bua,bml,uzc,cxs
1050338,81,94,85,100,86,bml,vlq,bky,kqy,dmv
1050339,89,84,95,100,86,dve,gtj,bua,kqy,dmv
1050340,84,92,98,83,96,gtj,noh,hmu,srt,nzs
1050341,90,92,98,83,81,dxh,noh,hmu,srt,bml
1050342,100,84,88,97,93,kqy,gtj,uzc,nmq,cxs
1050343,90,87,100,97,88,dxh,rgm,kqy,nmq,uzc
1050344,90,100,93,94,99,dxh,kqy,cxs,vlq,hrw
1050345,96,87,85,98,82,nzs,rgm,bky,hmu,ihw
1050346,92,88,94,91,89,noh,uzc,vlq,pyz,dve
1050347,96,91,85,84,98,nzs,pyz,bky,gtj,hmu
1050348,96,88,82,83,84,nzs,uzc,ihw,srt,gtj
1050349,100,99,93,91,96,kqy,hrw,cxs,pyz,nzs
1050350,85,83,93,88,90,bky,srt,cxs,uzc,dxh
1050351,100,89,90,87,91,kqy,dve,dxh,rgm,pyz
1050352,95,90,87,89,84,bua,dxh,rgm,dve,gtj
1050353,94,100,88,86,96,vlq,kqy,uzc,dmv,nzs
1050354,99,95,90,93,82,hrw,bua,dxh,cxs,ihw
1050355,81,90,88,93,99,bml,dxh,uzc,cxs,hrw
1050356,96,87,88,86,100,nzs,rgm,uzc,dmv,kqy
1050357,99,85,96,86,81,hrw,bky,nzs,dmv,bml
1050358,88,95,85,93,89,uzc,bua,bky,cxs,dve
1050359,97,92,82,99,98,nmq,noh,ihw,hrw,hmu
1050360,91,92,84,88,100,pyz,noh,gtj,uzc,kqy
1050361,85,97,82,96,95,bky,nmq,ihw,nzs,bua
1050362,98,86,99,94,91,hmu,dmv,hrw,vlq,pyz
1050363,94,97,87,86,93,vlq,nmq,rgm,dmv,cxs
1050364,87,96,94,82,81,rgm,nzs,vlq,ihw,bml
1050365,85,83,90,88,92,bky,srt,dxh,uzc,noh
1050366,95,94,93,89,87,bua,vlq,cxs,dve,rgm
1050367,95,89,94,85,98,bua,dve,vlq,bky,hmu
1050368,99,91,93,84,100,hrw,pyz,cxs,gtj,kqy
1050369,89,98,83,87,84,dve,hmu,srt,rgm,gtj
1050370,82,96,99,81,94,ihw,nzs,hrw,bml,vlq
1050371,82,97,100,89,90,ihw,nmq,kqy,dve,dxh
1050372,82,92,91,95,97,ihw,noh,pyz,bua,nmq
1050373,81,99,84,82,92,bml,hrw,gtj,ihw,noh
1050374,95,85,90,93,97,bua,bky,dxh,cxs,nmq
1050375,97,89,82,88,85,nmq,dve,ihw,uzc,bky
1050376,91,98,86,87,81,pyz,hmu,dmv,rgm,bml
1050377,93,100,90,86,88,cxs,kqy,dxh,dmv,uzc
1050378,90,93,83,84,96,dxh,cxs,srt,gtj,nzs
1050379,90,97,87,98,96,dxh,nmq,rgm,hmu,nzs
1050380,91,95,85,86,87,pyz,bua,bky,dmv,rgm
1050381,91,83,97,89,98,pyz,srt,nmq,dve,hmu
1050382,82,93,83,92,99,ihw,cxs,srt,noh,hrw
1050383,92,87,100,93,84,noh,rgm,kqy,cxs,gtj
1050384,84,82,86,91,89,gtj,ihw,dmv,pyz,dve
1050385,87,91,86,99,96,rgm,pyz,dmv,hrw,nzs
1050386,87,97,88,99,98,rgm,nmq,uzc,hrw,hmu
1050387,100,90,95,84,89,kqy,dxh,bua,gtj,dve
1050388,89,84,94,99,90,dve,gtj,vlq,hrw,dxh
1050389,100,91,82,92,97,kqy,pyz,ihw,noh,nmq
1050390,96,91,98,85,87,nzs,pyz,hmu,bky,rgm
1050391,84,86,96,82,87,gtj,dmv,nzs,ihw,rgm
1050392,82,84,94,87,97,ihw,gtj,vlq,rgm,nmq
1050393,95,89,93,91,98,bua,dve,cxs,pyz,hmu
1050394,83,82,94,96,87,srt,ihw,vlq,nzs,rgm
1050395,95,93,88,99,91,bua,cxs,uzc,hrw,pyz
1050396,97,88,85,92,81,nmq,uzc,bky,noh,bml
1050397,96,85,88,91,95,nzs,bky,uzc,pyz,bua
1050398,97,98,85,81,83,nmq,hmu,bky,bml,srt
1050399,83,97,86,91,84,srt,nmq,dmv,pyz,gtj
1050400,86,97,89,96,87,dmv,nmq,dve,nzs,rgm
1050401,82,94,90,99,97,ihw,vlq,dxh,hrw,nmq
1050402,95,98,85,82,93,bua,hmu,bky,ihw,cxs
1050403,99,88,83,91,85,hrw,uzc,srt,pyz,bky
1050404,89,90,97,91,93,dve,dxh,nmq,pyz,cxs
1050405,96,83,82,92,87,nzs,srt,ihw,noh,rgm
1050406,93,97,98,99,95,cxs,nmq,hmu,hrw,bua
1050407,88,84,87,82,96,uzc,gtj,rgm,ihw,nzs
1050408,83,87,98,90,93,srt,rgm,hmu,dxh,cxs
1050409,81,85,93,99,83,bml,bky,cxs,hrw,srt
1050410,87,88,83,98,91,rgm,uzc,srt,hmu,pyz
1050411,86,91,83,92,82,dmv,pyz,srt,noh,ihw
1050412,92,97,85,81,90,noh,nmq,bky,bml,dxh
1050413,97,88,98,91,100,nmq,uzc,hmu,pyz,kqy
1050414,85,96,90,81,95,bky,nzs,dxh,bml,bua
1050415,81,93,90,88,86,bml,cxs,dxh,uzc,dmv
1050416,94,86,87,95,85,vlq,dmv,rgm,bua,bky
1050417,88,84,96,83,82,uzc,gtj,nzs,srt,ihw
1050418,84,100,86,93,82,gtj,kqy,dmv,cxs,ihw
1050419,100,83,92,97,96,kqy,srt,noh,nmq,nzs
1050420,100,98,89,97,81,kqy,hmu,dve,nmq,bml
1050421,98,91,99,96,81,hmu,pyz,hrw,nzs,bml
1050422,89,85,88,90,91,dve,bky,uzc,dxh,pyz
1050423,92,91,83,81,85,noh,pyz,srt,bml,bky
1050424,100,88,98,81,85,kqy,uzc,hmu,bml,bky
1050425,93,81,86,100,97,cxs,bml,dmv,kqy,nmq
1050426,88,92,90,96,86,uzc,noh,dxh,nzs,dmv
1050427,89,94,84,98,96,dve,vlq,gtj,hmu,nzs
1050428,97,91,96,88,85,nmq,pyz,nzs,uzc,bky
1050429,85,84,96,87,94,bky,gtj,nzs,rgm,vlq
1050430,97,84,89,90,95,nmq,gtj,dve,dxh,bua
1050431,94,85,86,93,89,vlq,bky,dmv,cxs,dve
1050432,91,97,98,85,93,pyz,nmq,hmu,bky,cxs
1050433,96,82,81,90,100,nzs,ihw,bml,dxh,kqy
1050434,91,90,93,84,86,pyz,dxh,cxs,gtj,dmv
1050435,83,84,100,98,95,srt,gtj,kqy,hmu,bua
1050436,84,99,87,82,95,gtj,hrw,rgm,ihw,bua
1050437,100,88,82,85,81,kqy,uzc,ihw,bky,bml
1050438,89,85,96,97,81,dve,bky,nzs,nmq,bml
1050439,93,86,82,98,81,cxs,dmv,ihw,hmu,bml
1050440,81,100,83,92,82,bml,kqy,srt,noh,ihw
1050441,83,87,91,93,100,srt,rgm,pyz,cxs,kqy
1050442,85,84,90,95,98,bky,gtj,dxh,bua,hmu
1050443,91,83,87,82,85,pyz,srt,rgm,ihw,bky
1050444,88,84,99,86,81,uzc,gtj,hrw,dmv,bml
1050445,91,85,98,97,96,pyz,bky,hmu,nmq,nzs
1050446,100,92,94,81,82,kqy,noh,vlq,bml,ihw
1050447,95,98,87,85,83,bua,hmu,rgm,bky,srt
1050448,98,99,92,97,84,hmu,hrw,noh,nmq,gtj
1050449,84,96,91,93,98,gtj,nzs,pyz,cxs,hmu
1050450,81,99,96,82,97,bml,hrw,nzs,ihw,nmq
1050451,91,94,81,83,96,pyz,vlq,bml,srt,nzs
1050452,95,88,94,91,98,bua,uzc,vlq,pyz,hmu
1050453,92,88,82,85,97,noh,uzc,ihw,bky,nmq
1050454,93,90,96,97,89,cxs,dxh,nzs,nmq,dve
1050455,96,88,83,90,82,nzs,uzc,srt,dxh,ihw
1050456,97,87,92,81,90,nmq,rgm,noh,bml,dxh
1050457,99,84,81,90,88,hrw,gtj,bml,dxh,uzc
1050458,100,85,82,99,90,kqy,bky,ihw,hrw,dxh
1050459,90,83,81,89,94,dxh,srt,bml,dve,vlq
1050460,93,92,82,94,98,cxs,noh,ihw,vlq,hmu
1050461,100,90,95,99,85,kqy,dxh,bua,hrw,bky
1050462,85,95,88,94,97,bky,bua,uzc,vlq,nmq
1050463,100,98,86,97,94,kqy,hmu,dmv,nmq,vlq
1050464,89,96,92,82,100,dve,nzs,noh,ihw,kqy
1050465,87,84,94,93,85,rgm,gtj,vlq,cxs,bky
1050466,94,100,91,96,83,vlq,kqy,pyz,nzs,srt
1050467,88,100,85,86,98,uzc,kqy,bky,dmv,hmu
1050468,92,85,94,90,93,noh,bky,vlq,dxh,cxs
1050469,89,88,83,93,100,dve,uzc,srt,cxs,kqy
1050470,92,87,88,97,96,noh,rgm,uzc,nmq,nzs
1050471,99,82,93,87,84,hrw,ihw,cxs,rgm,gtj
1050472,83,89,95,98,91,srt,dve,bua,hmu,pyz
1050473,97,88,91,89,94,nmq,uzc,pyz,dve,vlq
1050474,85,100,89,94,93,bky,kqy,dve,vlq,cxs
1050475,92,87,98,95,81,noh,rgm,hmu,bua,bml
1050476,97,87,95,83,96,nmq,rgm,bua,srt,nzs
1050477,88,99,84,92,90,uzc,hrw,gtj,noh,dxh
1050478,95,92,82,99,91,bua,noh,ihw,hrw,pyz
1050479,82,91,97,83,85,ihw,pyz,nmq,srt,bky
1050480,100,95,96,83,92,kqy,bua,nzs,srt,noh
1050481,81,99,94,83,86,bml,hrw,vlq,srt,dmv
1050482,89,91,85,96,100,dve,pyz,bky,nzs,kqy
1050483,98,91,94,93,84,hmu,pyz,vlq,cxs,gtj
1050484,100,90,96,83,93,kqy,dxh,nzs,srt,cxs
1050485,89,90,83,88,96,dve,dxh,srt,uzc,nzs
1050486,83,91,89,96,86,srt,pyz,dve,nzs,dmv
1050487,97,82,81,98,83,nmq,ihw,bml,hmu,srt
1050488,87,84,83,99,98,rgm,gtj,srt,hrw,hmu
1050489,92,85,94,99,86,noh,bky,vlq,hrw,dmv
1050490,87,94,85,93,97,rgm,vlq,bky,cxs,nmq
1050491,84,85,86,100,96,gtj,bky,dmv,kqy,nzs
1050492,88,93,83,89,82,uzc,cxs,srt,dve,ihw
1050493,97,88,93,94,87,nmq,uzc,cxs,vlq,rgm
1050494,81,82,98,92,94,bml,ihw,hmu,noh,vlq
1050495,100,88,95,90,93,kqy,uzc,bua,dxh,cxs
1050496,94,92,89,100,82,vlq,noh,dve,kqy,ihw
1050497,83,94,85,98,92,srt,vlq,bky,hmu,noh
1050498,93,81,91,100,94,cxs,bml,pyz,kqy,vlq
1050499,84,91,81,99,85,gtj,pyz,bml,hrw,bky
1050500,87,98,84,88,96,rgm,hmu,gtj,uzc,nzs
1050501,91,97,86,87,89,pyz,nmq,dmv,rgm,dve
1050502,94,86,89,95,88,vlq,dmv,dve,bua,uzc
1050503,91,96,87,88,100,pyz,nzs,rgm,uzc,kqy
1050504,95,98,85,93,97,bua,hmu,bky,cxs,nmq
1050505,96,84,97,82,86,nzs,gtj,nmq,ihw,dmv
1050506,90,92,93,100,97,dxh,noh,cxs,kqy,nmq
1050507,94,92,84,90,88,vlq,noh,gtj,dxh,uzc
1050508,95,89,82,100,99,bua,dve,ihw,kqy,hrw
1050509,95,92,89,97,90,bua,noh,dve,nmq,dxh
1050510,86,84,82,83,93,dmv,gtj,ihw,srt,cxs
1050511,91,82,89,92,83,pyz,ihw,dve,noh,srt
1050512,86,93,94,85,90,dmv,cxs,vlq,bky,dxh
1050513,95,99,83,92,98,bua,hrw,srt,noh,hmu
1050514,88,91,90,87,82,uzc,pyz,dxh,rgm,ihw
1050515,97,98,86,99,83,nmq,hmu,dmv,hrw,srt
1050516,87,81,84,91,96,rgm,bml,gtj,pyz,nzs
1050517,97,84,90,88,92,nmq,gtj,dxh,uzc,noh
1050518,99,96,81,86,93,hrw,nzs,bml,dmv,cxs
1050519,91,84,89,96,92,pyz,gtj,dve,nzs,noh
1050520,90,87,97,88,99,dxh,rgm,nmq,uzc,hrw
1050521,98,85,95,86,89,hmu,bky,bua,dmv,dve
1050522,94,89,86,85,91,vlq,dve,dmv,bky,pyz
1050523,94,92,82,91,97,vlq,noh,ihw,pyz,nmq
1050524,86,99,85,90,89,dmv,hrw,bky,dxh,dve
1050525,94,87,82,92,81,vlq,rgm,ihw,noh,bml
1050526,92,84,86,87,99,noh,gtj,dmv,rgm,hrw
1050527,81,93,83,89,90,bml,cxs,srt,dve,dxh
1050528,83,96,99,90,91,srt,nzs,hrw,dxh,pyz
1050529,88,98,90,83,84,uzc,hmu,dxh,srt,gtj
1050530,89,91,81,94,100,dve,pyz,bml,vlq,kqy
1050531,96,85,83,87,93,nzs,bky,srt,rgm,cxs
1050532,86,84,89,85,93,dmv,gtj,dve,bky,cxs
1050533,97,94,98,89,92,nmq,vlq,hmu,dve,noh
1050534,98,87,89,86,94,hmu,rgm,dve,dmv,vlq
1050535,85,98,91,96,94,bky,hmu,pyz,nzs,vlq
1050536,97,93,99,87,83,nmq,cxs,hrw,rgm,srt
1050537,83,86,82,90,84,srt,dmv,ihw,dxh,gtj
1050538,92,94,93,83,99,noh,vlq,cxs,srt,hrw
1050539,83,85,97,87,96,srt,bky,nmq,rgm,nzs
1050540,98,92,87,99,97,hmu,noh,rgm,hrw,nmq
1050541,93,91,95,89,88,cxs,pyz,bua,dve,uzc
1050542,83,92,95,97,86,srt,noh,bua,nmq,dmv
1050543,97,86,90,81,99,nmq,dmv,dxh,bml,hrw
1050544,96,89,84,87,83,nzs,dve,gtj,rgm,srt
1050545,98,85,96,84,92,hmu,bky,nzs,gtj,noh
1050546,81,97,87,99,100,bml,nmq,rgm,hrw,kqy
1050547,87,83,86,81,91,rgm,srt,dmv,bml,pyz
1050548,95,81,82,96,86,bua,bml,ihw,nzs,dmv
1050549,88,82,95,81,93,uzc,ihw,bua,bml,cxs
1050550,100,89,82,93,92,kqy,dve,ihw,cxs,noh
1050551,91,90,92,99,100,pyz,dxh,noh,hrw,kqy
1050552,95,86,98,93,89,bua,dmv,hmu,cxs,dve
1050553,82,90,100,94,89,ihw,dxh,kqy,vlq,dve
1050554,87,98,81,90,99,rgm,hmu,bml,dxh,hrw
1050555,83,99,86,100,82,srt,hrw,dmv,kqy,ihw
1050556,99,92,84,83,90,hrw,noh,gtj,srt,dxh
1050557,100,84,86,81,99,kqy,gtj,dmv,bml,hrw
1050558,87,82,83,81,95,rgm,ihw,srt,bml,bua
1050559,92,93,87,100,91,noh,cxs,rgm,kqy,pyz
1050560,82,100,92,95,98,ihw,kqy,noh,bua,hmu
1050561,83,87,100,90,89,srt,rgm,kqy,dxh,dve
1050562,82,86,97,91,83,ihw,dmv,nmq,pyz,srt
1050563,91,84,99,98,92,pyz,gtj,hrw,hmu,noh
1050564,85,89,90,94,100,bky,dve,dxh,vlq,kqy
1050565,87,83,93,88,92,rgm,srt,cxs,uzc,noh
1050566,94,99,96,88,93,vlq,hrw,nzs,uzc,cxs
1050567,86,81,82,88,87,dmv,bml,ihw,uzc,rgm
1050568,83,82,84,90,91,srt,ihw,gtj,dxh,pyz
1050569,82,89,88,91,94,ihw,dve,uzc,pyz,vlq
1050570,93,100,98,91,82,cxs,kqy,hmu,pyz,ihw
1050571,82,87,90,100,99,ihw,rgm,dxh,kqy,hrw
1050572,86,94,92,84,81,dmv,vlq,noh,gtj,bml
1050573,94,83,85,91,84,vlq,srt,bky,pyz,gtj
1050574,90,92,86,88,93,dxh,noh,dmv,uzc,cxs
1050575,85,84,82,100,86,bky,gtj,ihw,kqy,dmv
1050576,88,98,100,95,99,uzc,hmu,kqy,bua,hrw
1050577,100,90,84,89,93,kqy,dxh,gtj,dve,cxs
1050578,94,97,96,90,89,vlq,nmq,nzs,dxh,dve
1050579,96,86,99,89,100,nzs,dmv,hrw,dve,kqy
1050580,84,85,94,81,96,gtj,bky,vlq,bml,nzs
1050581,86,90,85,95,82,dmv,dxh,bky,bua,ihw
1050582,86,96,85,95,84,dmv,nzs,bky,bua,gtj
1050583,81,83,100,96,98,bml,srt,kqy,nzs,hmu
1050584,95,96,85,83,82,bua,nzs,bky,srt,ihw
1050585,100,88,87,89,83,kqy,uzc,rgm,dve,srt
1050586,92,95,86,81,96,noh,bua,dmv,bml,nzs
1050587,89,87,83,97,84,dve,rgm,srt,nmq,gtj
1050588,97,92,94,86,90,nmq,noh,vlq,dmv,dxh
1050589,99,81,85,90,94,hrw,bml,bky,dxh,vlq
1050590,97,85,96,84,87,nmq,bky,nzs,gtj,rgm
1050591,90,81,96,87,97,dxh,bml,nzs,rgm,nmq
1050592,95,89,100,98,85,bua,dve,kqy,hmu,bky
1050593,86,85,97,88,82,dmv,bky,nmq,uzc,ihw
1050594,92,99,86,97,94,noh,hrw,dmv,nmq,vlq
1050595,88,99,94,89,91,uzc,hrw,vlq,dve,pyz
1050596,95,86,81,89,96,bua,dmv,bml,dve,nzs
1050597,94,83,90,87,88,vlq,srt,dxh,rgm,uzc
1050598,89,85,87,92,94,dve,bky,rgm,noh,vlq
1050599,97,83,93,92,88,nmq,srt,cxs,noh,uzc
1050600,95,96,84,98,81,bua,nzs,gtj,hmu,bml
1060001,106,109,108,119,113,kwx,nkl,isj,tvx,hot
1060002,116,110,113,101,112,zew,gjp,hot,wfd,kqp
1060003,108,107,110,113,101,isj,roq,gjp,hot,wfd
1060004,110,112,111,107,109,gjp,kqp,nfm,roq,nkl
1060005,103,107,117,111,116,knr,roq,xzq,nfm,zew
1060006,106,109,108,101,113,kwx,nkl,isj,wfd,hot
1060007,119,108,118,105,112,tvx,isj,tqc,she,kqp
1060008,116,113,102,103,106,zew,hot,xfc,knr,kwx
1060009,110,107,101,106,102,gjp,roq,wfd,kwx,xfc
1060010,107,102,119,108,104,roq,xfc,tvx,isj,aln
1060011,110,107,119,105,109,gjp,roq,tvx,she,nkl
1060012,115,103,107,105,109,sxz,knr,roq,she,nkl
1060013,120,105,107,106,118,gfa,she,roq,kwx,tqc
1060014,106,115,111,107,109,kwx,sxz,nfm,roq,nkl
1060015,120,110,119,109,114,gfa,gjp,tvx,nkl,nvj
1060016,115,118,117,104,102,sxz,tqc,xzq,aln,xfc
1060017,112,113,109,110,115,kqp,hot,nkl,gjp,sxz
1060018,104,119,115,114,117,aln,tvx,sxz,nvj,xzq
1060019,111,119,107,103,108,nfm,tvx,roq,knr,isj
1060020,116,111,117,109,105,zew,nfm,xzq,nkl,she
1060021,104,106,115,102,119,aln,kwx,sxz,xfc,tvx
1060022,105,120,103,113,110,she,gfa,knr,hot,gjp
1060023,114,112,106,103,117,nvj,kqp,kwx,knr,xzq
1060024,119,113,108,109,101,tvx,hot,isj,nkl,wfd
1060025,110,120,117,116,102,gjp,gfa,xzq,zew,xfc
1060026,102,108,118,105,117,xfc,isj,tqc,she,xzq
1060027,103,116,113,107,110,knr,zew,hot,roq,gjp
1060028,104,114,111,112,106,aln,nvj,nfm,kqp,kwx
1060029,120,102,104,110,114,gfa,xfc,aln,gjp,nvj
1060030,111,101,107,113,114,nfm,wfd,roq,hot,nvj
1060031,120,112,102,108,105,gfa,kqp,xfc,isj,she
1060032,120,111,115,108,104,gfa,nfm,sxz,isj,aln
1060033,101,107,111,113,106,wfd,roq,nfm,hot,kwx
1060034,111,114,107,112,115,nfm,nvj,roq,kqp,sxz
1060035,116,109,104,120,119,zew,nkl,aln,gfa,tvx
1060036,101,112,113,111,119,wfd,kqp,hot,nfm,tvx
1060037,120,110,112,107,104,gfa,gjp,kqp,roq,aln
1060038,108,102,113,107,119,isj,xfc,hot,roq,tvx
1060039,111,107,102,118,101,nfm,roq,xfc,tqc,wfd
1060040,106,109,101,104,114,kwx,nkl,wfd,aln,nvj
1060041,102,115,118,108,101,xfc,sxz,tqc,isj,wfd
1060042,107,101,110,103,111,roq,wfd,gjp,knr,nfm
1060043,120,106,118,105,116,gfa,kwx,tqc,she,zew
1060044,117,119,109,104,116,xzq,tvx,nkl,aln,zew
1060045,115,110,113,101,117,sxz,gjp,hot,wfd,xzq
1060046,101,118,120,114,109,wfd,tqc,gfa,nvj,nkl
1060047,120,102,109,116,108,gfa,xfc,nkl,zew,isj
1060048,102,103,120,105,119,xfc,knr,gfa,she,tvx
1060049,114,112,102,106,104,nvj,kqp,xfc,kwx,aln
1060050,105,109,111,104,116,she,nkl,nfm,aln,zew
1060051,120,113,105,108,110,gfa,hot,she,isj,gjp
1060052,117,106,112,101,120,xzq,kwx,kqp,wfd,gfa
1060053,112,105,103,109,115,kqp,she,knr,nkl,sxz
1060054,107,118,117,108,101,roq,tqc,xzq,isj,wfd
1060055,119,111,113,109,115,tvx,nfm,hot,nkl,sxz
1060056,105,114,118,110,107,she,nvj,tqc,gjp,roq
1060057,109,108,106,118,111,nkl,isj,kwx,tqc,nfm
1060058,119,108,118,112,101,tvx,isj,tqc,kqp,wfd
1060059,119,101,105,102,110,tvx,wfd,she,xfc,gjp
1060060,113,119,112,106,102,hot,tvx,kqp,kwx,xfc
1060061,102,106,119,109,103,xfc,kwx,tvx,nkl,knr
1060062,114,116,120,101,117,nvj,zew,gfa,wfd,xzq
1060063,111,114,113,120,102,nfm,nvj,hot,gfa,xfc
1060064,105,120,118,108,109,she,gfa,tqc,isj,nkl
1060065,117,101,116,106,110,xzq,wfd,zew,kwx,gjp
1060066,111,102,106,120,116,nfm,xfc,kwx,gfa,zew
1060067,114,113,106,112,101,nvj,hot,kwx,kqp,wfd
1060068,114,105,107,110,103,nvj,she,roq,gjp,knr
1060069,108,104,116,101,111,isj,aln,zew,wfd,nfm
1060070,101,115,105,111,114,wfd,sxz,she,nfm,nvj
1060071,116,103,111,112,119,zew,knr,nfm,kqp,tvx
1060072,108,120,107,115,113,isj,gfa,roq,sxz,hot
1060073,114,107,113,119,109,nvj,roq,hot,tvx,nkl
1060074,119,115,116,102,113,tvx,sxz,zew,xfc,hot
1060075,120,110,119,114,112,gfa,gjp,tvx,nvj,kqp
1060076,114,117,116,118,106,nvj,xzq,zew,tqc,kwx
1060077,119,111,117,102,114,tvx,nfm,xzq,xfc,nvj
1060078,109,114,117,106,116,nkl,nvj,xzq,kwx,zew
1060079,109,117,106,102,105,nkl,xzq,kwx,xfc,she
1060080,105,102,107,118,120,she,xfc,roq,tqc,gfa
1060081,103,119,102,108,112,knr,tvx,xfc,isj,kqp
1060082,110,120,113,107,105,gjp,gfa,hot,roq,she
1060083,104,112,109,107,119,aln,kqp,nkl,roq,tvx
1060084,118,102,101,117,107,tqc,xfc,wfd,xzq,roq
1060085,119,105,115,118,108,tvx,she,sxz,tqc,isj
1060086,107,102,105,109,120,roq,xfc,she,nkl,gfa
1060087,111,117,120,113,102,nfm,xzq,gfa,hot,xfc
1060088,102,106,118,113,103,xfc,kwx,tqc,hot,knr
1060089,109,119,103,107,104,nkl,tvx,knr,roq,aln
1060090,114,116,104,101,102,nvj,zew,aln,wfd,xfc
1060091,118,115,113,114,111,tqc,sxz,hot,nvj,nfm
1060092,119,113,104,118,103,tvx,hot,aln,tqc,knr
1060093,103,114,106,104,101,knr,nvj,kwx,aln,wfd
1060094,114,104,117,111,102,nvj,aln,xzq,nfm,xfc
1060095,107,104,103,112,111,roq,aln,knr,kqp,nfm
1060096,115,101,116,111,103,sxz,wfd,zew,nfm,knr
1060097,106,103,108,117,109,kwx,knr,isj,xzq,nkl
1060098,115,103,107,104,113,sxz,knr,roq,aln,hot
1060099,116,118,105,115,117,zew,tqc,she,sxz,xzq
1060100,117,113,109,101,105,xzq,hot,nkl,wfd,she
1060101,101,114,103,107,120,wfd,nvj,knr,roq,gfa
1060102,116,120,101,102,106,zew,gfa,wfd,xfc,kwx
1060103,107,115,105,118,112,roq,sxz,she,tqc,kqp
1060104,109,107,101,105,106,nkl,roq,wfd,she,kwx
1060105,110,120,103,111,107,gjp,gfa,knr,nfm,roq
1060106,108,113,104,107,120,isj,hot,aln,roq,gfa
1060107,111,104,117,113,108,nfm,aln,xzq,hot,isj
1060108,107,118,114,112,115,roq,tqc,nvj,kqp,sxz
1060109,113,107,101,115,117,hot,roq,wfd,sxz,xzq
1060110,110,101,114,115,113,gjp,wfd,nvj,sxz,hot
1060111,118,103,114,108,101,tqc,knr,nvj,isj,wfd
1060112,109,117,107,110,106,nkl,xzq,roq,gjp,kwx
1060113,112,104,117,116,108,kqp,aln,xzq,zew,isj
1060114,116,120,105,113,117,zew,gfa,she,hot,xzq
1060115,115,113,114,110,109,sxz,hot,nvj,gjp,nkl
1060116,119,118,111,120,101,tvx,tqc,nfm,gfa,wfd
1060117,101,105,113,108,107,wfd,she,hot,isj,roq
1060118,110,118,109,116,120,gjp,tqc,nkl,zew,gfa
1060119,115,104,112,111,103,sxz,aln,kqp,nfm,knr
1060120,112,117,110,106,111,kqp,xzq,gjp,kwx,nfm
1060121,118,105,101,110,106,tqc,she,wfd,gjp,kwx
1060122,108,102,118,119,114,isj,xfc,tqc,tvx,nvj
1060123,118,110,106,113,109,tqc,gjp,kwx,hot,nkl
1060124,108,113,112,109,104,isj,hot,kqp,nkl,aln
1060125,118,102,115,101,113,tqc,xfc,sxz,wfd,hot
1060126,109,103,108,117,105,nkl,knr,isj,xzq,she
1060127,112,106,119,109,115,kqp,kwx,tvx,nkl,sxz
1060128,116,114,112,108,107,zew,nvj,kqp,isj,roq
1060129,120,103,102,110,101,gfa,knr,xfc,gjp,wfd
1060130,120,110,109,117,119,gfa,gjp,nkl,xzq,tvx
1060131,115,110,109,114,113,sxz,gjp,nkl,nvj,hot
1060132,107,110,102,109,105,roq,gjp,xfc,nkl,she
1060133,110,109,117,103,113,gjp,nkl,xzq,knr,hot
1060134,107,104,102,116,114,roq,aln,xfc,zew,nvj
1060135,116,103,111,117,112,zew,knr,nfm,xzq,kqp
1060136,107,108,120,111,105,roq,isj,gfa,nfm,she
1060137,110,114,101,119,104,gjp,nvj,wfd,tvx,aln
1060138,114,109,101,113,110,nvj,nkl,wfd,hot,gjp
1060139,112,108,117,105,113,kqp,isj,xzq,she,hot
1060140,101,104,109,116,106,wfd,aln,nkl,zew,kwx
1060141,112,116,107,115,118,kqp,zew,roq,sxz,tqc
1060142,118,106,116,119,111,tqc,kwx,zew,tvx,nfm
1060143,120,104,103,117,102,gfa,aln,knr,xzq,xfc
1060144,117,107,101,110,111,xzq,roq,wfd,gjp,nfm
1060145,110,115,108,101,104,gjp,sxz,isj,wfd,aln
1060146,112,109,110,114,104,kqp,nkl,gjp,nvj,aln
1060147,114,109,116,119,113,nvj,nkl,zew,tvx,hot
1060148,102,114,110,109,103,xfc,nvj,gjp,nkl,knr
1060149,117,102,109,111,105,xzq,xfc,nkl,nfm,she
1060150,116,109,114,115,108,zew,nkl,nvj,sxz,isj
1060151,105,101,118,107,119,she,wfd,tqc,roq,tvx
1060152,107,102,110,109,111,roq,xfc,gjp,nkl,nfm
1060153,107,104,103,117,120,roq,aln,knr,xzq,gfa
1060154,112,104,109,117,116,kqp,aln,nkl,xzq,zew
1060155,102,111,105,114,112,xfc,nfm,she,nvj,kqp
1060156,101,104,111,116,103,wfd,aln,nfm,zew,knr
1060157,112,108,107,116,117,kqp,isj,roq,zew,xzq
1060158,106,110,103,112,114,kwx,gjp,knr,kqp,nvj
1060159,112,110,114,106,102,kqp,gjp,nvj,kwx,xfc
1060160,114,113,108,107,117,nvj,hot,isj,roq,xzq
1060161,117,107,111,112,105,xzq,roq,nfm,kqp,she
1060162,118,109,107,114,116,tqc,nkl,roq,nvj,zew
1060163,101,114,105,106,104,wfd,nvj,she,kwx,aln
1060164,105,120,108,104,109,she,gfa,isj,aln,nkl
1060165,115,109,112,111,101,sxz,nkl,kqp,nfm,wfd
1060166,106,120,118,103,114,kwx,gfa,tqc,knr,nvj
1060167,106,118,110,119,109,kwx,tqc,gjp,tvx,nkl
1060168,119,118,117,107,113,tvx,tqc,xzq,roq,hot
1060169,116,120,118,110,111,zew,gfa,tqc,gjp,nfm
1060170,119,104,116,120,115,tvx,aln,zew,gfa,sxz
1060171,110,117,115,104,116,gjp,xzq,sxz,aln,zew
1060172,113,106,112,115,116,hot,kwx,kqp,sxz,zew
1060173,108,112,115,113,111,isj,kqp,sxz,hot,nfm
1060174,120,114,109,119,107,gfa,nvj,nkl,tvx,roq
1060175,114,116,118,103,107,nvj,zew,tqc,knr,roq
1060176,114,106,101,104,111,nvj,kwx,wfd,aln,nfm
1060177,110,111,108,116,107,gjp,nfm,isj,zew,roq
1060178,107,116,104,118,114,roq,zew,aln,tqc,nvj
1060179,120,119,118,104,102,gfa,tvx,tqc,aln,xfc
1060180,101,116,117,102,110,wfd,zew,xzq,xfc,gjp
1060181,101,114,110,109,118,wfd,nvj,gjp,nkl,tqc
1060182,107,109,112,103,110,roq,nkl,kqp,knr,gjp
1060183,113,109,118,117,112,hot,nkl,tqc,xzq,kqp
1060184,110,119,113,109,112,gjp,tvx,hot,nkl,kqp
1060185,103,114,111,112,115,knr,nvj,nfm,kqp,sxz
1060186,110,104,114,106,112,gjp,aln,nvj,kwx,kqp
1060187,112,111,114,106,115,kqp,nfm,nvj,kwx,sxz
1060188,117,107,112,118,109,xzq,roq,kqp,tqc,nkl
1060189,103,108,109,105,111,knr,isj,nkl,she,nfm
1060190,112,109,113,107,105,kqp,nkl,hot,roq,she
1060191,109,112,104,110,119,nkl,kqp,aln,gjp,tvx
1060192,116,119,120,117,108,zew,tvx,gfa,xzq,isj
1060193,107,105,109,117,111,roq,she,nkl,xzq,nfm
1060194,119,115,110,104,103,tvx,sxz,gjp,aln,knr
1060195,103,106,107,101,118,knr,kwx,roq,wfd,tqc
1060196,109,112,114,119,118,nkl,kqp,nvj,tvx,tqc
1060197,112,102,113,103,109,kqp,xfc,hot,knr,nkl
1060198,120,106,105,103,108,gfa,kwx,she,knr,isj
1060199,106,118,113,114,117,kwx,tqc,hot,nvj,xzq
1060200,113,114,107,118,115,hot,nvj,roq,tqc,sxz
1060201,120,115,108,119,106,gfa,sxz,isj,tvx,kwx
1060202,117,102,107,105,101,xzq,xfc,roq,she,wfd
1060203,117,104,113,106,108,xzq,aln,hot,kwx,isj
1060204,102,111,119,109,106,xfc,nfm,tvx,nkl,kwx
1060205,108,103,106,105,116,isj,knr,kwx,she,zew
1060206,108,104,110,120,109,isj,aln,gjp,gfa,nkl
1060207,111,117,110,114,120,nfm,xzq,gjp,nvj,gfa
1060208,116,120,113,117,109,zew,gfa,hot,xzq,nkl
1060209,117,112,105,101,114,xzq,kqp,she,wfd,nvj
1060210,118,102,116,115,109,tqc,xfc,zew,sxz,nkl
1060211,118,101,110,104,111,tqc,wfd,gjp,aln,nfm
1060212,114,115,110,119,106,nvj,sxz,gjp,tvx,kwx
1060213,102,113,108,116,107,xfc,hot,isj,zew,roq
1060214,113,120,103,111,101,hot,gfa,knr,nfm,wfd
1060215,114,112,115,119,105,nvj,kqp,sxz,tvx,she
1060216,101,102,105,111,107,wfd,xfc,she,nfm,roq
1060217,106,117,103,104,105,kwx,xzq,knr,aln,she
1060218,114,116,118,113,101,nvj,zew,tqc,hot,wfd
1060219,118,112,119,105,109,tqc,kqp,tvx,she,nkl
1060220,110,101,102,109,106,gjp,wfd,xfc,nkl,kwx
1060221,108,105,107,102,113,isj,she,roq,xfc,hot
1060222,118,115,113,103,105,tqc,sxz,hot,knr,she
1060223,118,107,117,119,101,tqc,roq,xzq,tvx,wfd
1060224,103,110,111,104,115,knr,gjp,nfm,aln,sxz
1060225,105,101,112,117,108,she,wfd,kqp,xzq,isj
1060226,102,111,117,120,109,xfc,nfm,xzq,gfa,nkl
1060227,104,115,116,114,109,aln,sxz,zew,nvj,nkl
1060228,119,120,109,112,110,tvx,gfa,nkl,kqp,gjp
1060229,105,104,116,113,112,she,aln,zew,hot,kqp
1060230,120,108,119,112,107,gfa,isj,tvx,kqp,roq
1060231,110,103,116,102,106,gjp,knr,zew,xfc,kwx
1060232,115,102,114,113,111,sxz,xfc,nvj,hot,nfm
1060233,113,112,114,120,116,hot,kqp,nvj,gfa,zew
1060234,120,118,104,113,103,gfa,tqc,aln,hot,knr
1060235,109,117,115,104,120,nkl,xzq,sxz,aln,gfa
1060236,118,113,112,117,115,tqc,hot,kqp,xzq,sxz
1060237,106,119,118,104,101,kwx,tvx,tqc,aln,wfd
1060238,110,120,105,116,108,gjp,gfa,she,zew,isj
1060239,112,103,108,102,105,kqp,knr,isj,xfc,she
1060240,120,109,108,106,105,gfa,nkl,isj,kwx,she
1060241,104,107,101,114,109,aln,roq,wfd,nvj,nkl
1060242,112,101,110,108,118,kqp,wfd,gjp,isj,tqc
1060243,114,106,110,118,101,nvj,kwx,gjp,tqc,wfd
1060244,117,115,108,107,113,xzq,sxz,isj,roq,hot
1060245,117,109,120,111,101,xzq,nkl,gfa,nfm,wfd
1060246,115,113,107,111,117,sxz,hot,roq,nfm,xzq
1060247,104,111,113,112,114,aln,nfm,hot,kqp,nvj
1060248,114,110,111,103,107,nvj,gjp,nfm,knr,roq
1060249,104,102,116,103,112,aln,xfc,zew,knr,kqp
1060250,108,104,106,120,119,isj,aln,kwx,gfa,tvx
1060251,107,111,118,108,120,roq,nfm,tqc,isj,gfa
1060252,102,109,118,115,101,xfc,nkl,tqc,sxz,wfd
1060253,115,104,113,112,118,sxz,aln,hot,kqp,tqc
1060254,106,118,108,105,101,kwx,tqc,isj,she,wfd
1060255,119,101,120,103,113,tvx,wfd,gfa,knr,hot
1060256,106,108,113,115,104,kwx,isj,hot,sxz,aln
1060257,119,103,104,106,117,tvx,knr,aln,kwx,xzq
1060258,114,102,119,105,116,nvj,xfc,tvx,she,zew
1060259,110,119,106,107,109,gjp,tvx,kwx,roq,nkl
1060260,111,108,112,106,105,nfm,isj,kqp,kwx,she
1060261,105,116,112,104,110,she,zew,kqp,aln,gjp
1060262,112,110,120,102,117,kqp,gjp,gfa,xfc,xzq
1060263,110,101,105,117,104,gjp,wfd,she,xzq,aln
1060264,102,119,116,113,120,xfc,tvx,zew,hot,gfa
1060265,117,110,101,111,104,xzq,gjp,wfd,nfm,aln
1060266,108,119,113,114,105,isj,tvx,hot,nvj,she
1060267,118,108,109,105,103,tqc,isj,nkl,she,knr
1060268,112,114,101,119,106,kqp,nvj,wfd,tvx,kwx
1060269,102,118,116,108,112,xfc,tqc,zew,isj,kqp
1060270,109,110,111,117,102,nkl,gjp,nfm,xzq,xfc
1060271,120,113,105,109,117,gfa,hot,she,nkl,xzq
1060272,103,113,119,106,115,knr,hot,tvx,kwx,sxz
1060273,102,113,104,101,117,xfc,hot,aln,wfd,xzq
1060274,117,116,103,109,119,xzq,zew,knr,nkl,tvx
1060275,102,105,110,109,114,xfc,she,gjp,nkl,nvj
1060276,118,103,113,106,105,tqc,knr,hot,kwx,she
1060277,105,114,107,108,117,she,nvj,roq,isj,xzq
1060278,114,106,117,111,108,nvj,kwx,xzq,nfm,isj
1060279,101,117,113,104,114,wfd,xzq,hot,aln,nvj
1060280,116,103,113,109,112,zew,knr,hot,nkl,kqp
1060281,113,115,109,119,104,hot,sxz,nkl,tvx,aln
1060282,109,101,113,106,117,nkl,wfd,hot,kwx,xzq
1060283,106,116,101,113,118,kwx,zew,wfd,hot,tqc
1060284,118,115,116,104,110,tqc,sxz,zew,aln,gjp
1060285,103,111,108,117,120,knr,nfm,isj,xzq,gfa
1060286,102,115,103,106,117,xfc,sxz,knr,kwx,xzq
1060287,108,113,110,116,120,isj,hot,gjp,zew,gfa
1060288,106,118,115,120,110,kwx,tqc,sxz,gfa,gjp
1060289,112,105,110,101,113,kqp,she,gjp,wfd,hot
1060290,111,103,119,114,104,nfm,knr,tvx,nvj,aln
1060291,111,104,102,109,118,nfm,aln,xfc,nkl,tqc
1060292,120,110,105,102,109,gfa,gjp,she,xfc,nkl
1060293,105,120,112,101,104,she,gfa,kqp,wfd,aln
1060294,103,101,117,108,114,knr,wfd,xzq,isj,nvj
1060295,107,102,120,106,108,roq,xfc,gfa,kwx,isj
1060296,104,115,118,113,116,aln,sxz,tqc,hot,zew
1060297,119,113,117,116,105,tvx,hot,xzq,zew,she
1060298,112,120,119,109,117,kqp,gfa,tvx,nkl,xzq
1060299,102,105,111,110,109,xfc,she,nfm,gjp,nkl
1060300,114,113,119,106,108,nvj,hot,tvx,kwx,isj
1060301,113,115,116,111,112,hot,sxz,zew,nfm,kqp
1060302,108,110,113,114,111,isj,gjp,hot,nvj,nfm
1060303,120,102,114,118,101,gfa,xfc,nvj,tqc,wfd
1060304,104,108,103,110,109,aln,isj,knr,gjp,nkl
1060305,110,108,111,106,115,gjp,isj,nfm,kwx,sxz
1060306,114,102,106,107,105,nvj,xfc,kwx,roq,she
1060307,114,101,113,112,103,nvj,wfd,hot,kqp,knr
1060308,117,108,111,113,118,xzq,isj,nfm,hot,tqc
1060309,111,101,114,112,117,nfm,wfd,nvj,kqp,xzq
1060310,117,113,112,103,102,xzq,hot,kqp,knr,xfc
1060311,116,109,103,106,119,zew,nkl,knr,kwx,tvx
1060312,112,116,115,108,119,kqp,zew,sxz,isj,tvx
1060313,118,103,114,116,111,tqc,knr,nvj,zew,nfm
1060314,120,104,114,112,105,gfa,aln,nvj,kqp,she
1060315,102,107,103,117,118,xfc,roq,knr,xzq,tqc
1060316,111,114,105,120,103,nfm,nvj,she,gfa,knr
1060317,104,119,102,115,110,aln,tvx,xfc,sxz,gjp
1060318,116,117,105,108,109,zew,xzq,she,isj,nkl
1060319,105,119,110,114,101,she,tvx,gjp,nvj,wfd
1060320,105,115,103,108,107,she,sxz,knr,isj,roq
1060321,105,110,108,109,119,she,gjp,isj,nkl,tvx
1060322,112,101,105,120,102,kqp,wfd,she,gfa,xfc
1060323,104,110,120,106,111,aln,gjp,gfa,kwx,nfm
1060324,110,114,107,113,118,gjp,nvj,roq,hot,tqc
1060325,104,110,111,113,116,aln,gjp,nfm,hot,zew
1060326,119,113,105,107,108,tvx,hot,she,roq,isj
1060327,119,109,120,101,110,tvx,nkl,gfa,wfd,gjp
1060328,104,103,112,101,119,aln,knr,kqp,wfd,tvx
1060329,118,119,116,104,120,tqc,tvx,zew,aln,gfa
1060330,104,110,105,113,111,aln,gjp,she,hot,nfm
1060331,120,101,105,102,104,gfa,wfd,she,xfc,aln
1060332,120,111,119,115,116,gfa,nfm,tvx,sxz,zew
1060333,106,104,114,110,116,kwx,aln,nvj,gjp,zew
1060334,113,107,116,111,112,hot,roq,zew,nfm,kqp
1060335,114,105,116,109,102,nvj,she,zew,nkl,xfc
1060336,104,119,102,105,111,aln,tvx,xfc,she,nfm
1060337,103,115,101,108,113,knr,sxz,wfd,isj,hot
1060338,101,114,105,120,106,wfd,nvj,she,gfa,kwx
1060339,109,104,115,120,106,nkl,aln,sxz,gfa,kwx
1060340,104,112,118,103,116,aln,kqp,tqc,knr,zew
1060341,110,112,118,103,101,gjp,kqp,tqc,knr,wfd
1060342,120,104,108,117,113,gfa,aln,isj,xzq,hot
1060343,110,107,120,117,108,gjp,roq,gfa,xzq,isj
1060344,110,120,113,114,119,gjp,gfa,hot,nvj,tvx
1060345,116,107,105,118,102,zew,roq,she,tqc,xfc
1060346,112,108,114,111,109,kqp,isj,nvj,nfm,nkl
1060347,116,111,105,104,118,zew,nfm,she,aln,tqc
1060348,116,108,102,103,104,zew,isj,xfc,knr,aln
1060349,120,119,113,111,116,gfa,tvx,hot,nfm,zew
1060350,105,103,113,108,110,she,knr,hot,isj,gjp
1060351,120,109,110,107,111,gfa,nkl,gjp,roq,nfm
1060352,115,110,107,109,104,sxz,gjp,roq,nkl,aln
1060353,114,120,108,106,116,nvj,gfa,isj,kwx,zew
1060354,119,115,110,113,102,tvx,sxz,gjp,hot,xfc
1060355,101,110,108,113,119,wfd,gjp,isj,hot,tvx
1060356,116,107,108,106,120,zew,roq,isj,kwx,gfa
1060357,119,105,116,106,101,tvx,she,zew,kwx,wfd
1060358,108,115,105,113,109,isj,sxz,she,hot,nkl
1060359,117,112,102,119,118,xzq,kqp,xfc,tvx,tqc
1060360,111,112,104,108,120,nfm,kqp,aln,isj,gfa
1060361,105,117,102,116,115,she,xzq,xfc,zew,sxz
1060362,118,106,119,114,111,tqc,kwx,tvx,nvj,nfm
1060363,114,117,107,106,113,nvj,xzq,roq,kwx,hot
1060364,107,116,114,102,101,roq,zew,nvj,xfc,wfd
1060365,105,103,110,108,112,she,knr,gjp,isj,kqp
1060366,115,114,113,109,107,sxz,nvj,hot,nkl,roq
1060367,115,109,114,105,118,sxz,nkl,nvj,she,tqc
1060368,119,111,113,104,120,tvx,nfm,hot,aln,gfa
1060369,109,118,103,107,104,nkl,tqc,knr,roq,aln
1060370,102,116,119,101,114,xfc,zew,tvx,wfd,nvj
1060371,102,117,120,109,110,xfc,xzq,gfa,nkl,gjp
1060372,102,112,111,115,117,xfc,kqp,nfm,sxz,xzq
1060373,101,119,104,102,112,wfd,tvx,aln,xfc,kqp
1060374,115,105,110,113,117,sxz,she,gjp,hot,xzq
1060375,117,109,102,108,105,xzq,nkl,xfc,isj,she
1060376,111,118,106,107,101,nfm,tqc,kwx,roq,wfd
1060377,113,120,110,106,108,hot,gfa,gjp,kwx,isj
1060378,110,113,103,104,116,gjp,hot,knr,aln,zew
1060379,110,117,107,118,116,gjp,xzq,roq,tqc,zew
1060380,111,115,105,106,107,nfm,sxz,she,kwx,roq
1060381,111,103,117,109,118,nfm,knr,xzq,nkl,tqc
1060382,102,113,103,112,119,xfc,hot,knr,kqp,tvx
1060383,112,107,120,113,104,kqp,roq,gfa,hot,aln
1060384,104,102,106,111,109,aln,xfc,kwx,nfm,nkl
1060385,107,111,106,119,116,roq,nfm,kwx,tvx,zew
1060386,107,117,108,119,118,roq,xzq,isj,tvx,tqc
1060387,120,110,115,104,109,gfa,gjp,sxz,aln,nkl
1060388,109,104,114,119,110,nkl,aln,nvj,tvx,gjp
1060389,120,111,102,112,117,gfa,nfm,xfc,kqp,xzq
1060390,116,111,118,105,107,zew,nfm,tqc,she,roq
1060391,104,106,116,102,107,aln,kwx,zew,xfc,roq
1060392,102,104,114,107,117,xfc,aln,nvj,roq,xzq
1060393,115,109,113,111,118,sxz,nkl,hot,nfm,tqc
1060394,103,102,114,116,107,knr,xfc,nvj,zew,roq
1060395,115,113,108,119,111,sxz,hot,isj,tvx,nfm
1060396,117,108,105,112,101,xzq,isj,she,kqp,wfd
1060397,116,105,108,111,115,zew,she,isj,nfm,sxz
1060398,117,118,105,101,103,xzq,tqc,she,wfd,knr
1060399,103,117,106,111,104,knr,xzq,kwx,nfm,aln
1060400,106,117,109,116,107,kwx,xzq,nkl,zew,roq
1060401,102,114,110,119,117,xfc,nvj,gjp,tvx,xzq
1060402,115,118,105,102,113,sxz,tqc,she,xfc,hot
1060403,119,108,103,111,105,tvx,isj,knr,nfm,she
1060404,109,110,117,111,113,nkl,gjp,xzq,nfm,hot
1060405,116,103,102,112,107,zew,knr,xfc,kqp,roq
1060406,113,117,118,119,115,hot,xzq,tqc,tvx,sxz
1060407,108,104,107,102,116,isj,aln,roq,xfc,zew
1060408,103,107,118,110,113,knr,roq,tqc,gjp,hot
1060409,101,105,113,119,103,wfd,she,hot,tvx,knr
1060410,107,108,103,118,111,roq,isj,knr,tqc,nfm
1060411,106,111,103,112,102,kwx,nfm,knr,kqp,xfc
1060412,112,117,105,101,110,kqp,xzq,she,wfd,gjp
1060413,117,108,118,111,120,xzq,isj,tqc,nfm,gfa
1060414,105,116,110,101,115,she,zew,gjp,wfd,sxz
1060415,101,113,110,108,106,wfd,hot,gjp,isj,kwx
1060416,114,106,107,115,105,nvj,kwx,roq,sxz,she
1060417,108,104,116,103,102,isj,aln,zew,knr,xfc
1060418,104,120,106,113,102,aln,gfa,kwx,hot,xfc
1060419,120,103,112,117,116,gfa,knr,kqp,xzq,zew
1060420,120,118,109,117,101,gfa,tqc,nkl,xzq,wfd
1060421,118,111,119,116,101,tqc,nfm,tvx,zew,wfd
1060422,109,105,108,110,111,nkl,she,isj,gjp,nfm
1060423,112,111,103,101,105,kqp,nfm,knr,wfd,she
1060424,120,108,118,101,105,gfa,isj,tqc,wfd,she
1060425,113,101,106,120,117,hot,wfd,kwx,gfa,xzq
1060426,108,112,110,116,106,isj,kqp,gjp,zew,kwx
1060427,109,114,104,118,116,nkl,nvj,aln,tqc,zew
1060428,117,111,116,108,105,xzq,nfm,zew,isj,she
1060429,105,104,116,107,114,she,aln,zew,roq,nvj
1060430,117,104,109,110,115,xzq,aln,nkl,gjp,sxz
1060431,114,105,106,113,109,nvj,she,kwx,hot,nkl
1060432,111,117,118,105,113,nfm,xzq,tqc,she,hot
1060433,116,102,101,110,120,zew,xfc,wfd,gjp,gfa
1060434,111,110,113,104,106,nfm,gjp,hot,aln,kwx
1060435,103,104,120,118,115,knr,aln,gfa,tqc,sxz
1060436,104,119,107,102,115,aln,tvx,roq,xfc,sxz
1060437,120,108,102,105,101,gfa,isj,xfc,she,wfd
1060438,109,105,116,117,101,nkl,she,zew,xzq,wfd
1060439,113,106,102,118,101,hot,kwx,xfc,tqc,wfd
1060440,101,120,103,112,102,wfd,gfa,knr,kqp,xfc
1060441,103,107,111,113,120,knr,roq,nfm,hot,gfa
1060442,105,104,110,115,118,she,aln,gjp,sxz,tqc
1060443,111,103,107,102,105,nfm,knr,roq,xfc,she
1060444,108,104,119,106,101,isj,aln,tvx,kwx,wfd
1060445,111,105,118,117,116,nfm,she,tqc,xzq,zew
1060446,120,112,114,101,102,gfa,kqp,nvj,wfd,xfc
1060447,115,118,107,105,103,sxz,tqc,roq,she,knr
1060448,118,119,112,117,104,tqc,tvx,kqp,xzq,aln
1060449,104,116,111,113,118,aln,zew,nfm,hot,tqc
1060450,101,119,116,102,117,wfd,tvx,zew,xfc,xzq
1060451,111,114,101,103,116,nfm,nvj,wfd,knr,zew
1060452,115,108,114,111,118,sxz,isj,nvj,nfm,tqc
1060453,112,108,102,105,117,kqp,isj,xfc,she,xzq
1060454,113,110,116,117,109,hot,gjp,zew,xzq,nkl
1060455,116,108,103,110,102,zew,isj,knr,gjp,xfc
1060456,117,107,112,101,110,xzq,roq,kqp,wfd,gjp
1060457,119,104,101,110,108,tvx,aln,wfd,gjp,isj
1060458,120,105,102,119,110,gfa,she,xfc,tvx,gjp
1060459,110,103,101,109,114,gjp,knr,wfd,nkl,nvj
1060460,113,112,102,114,118,hot,kqp,xfc,nvj,tqc
1060461,120,110,115,119,105,gfa,gjp,sxz,tvx,she
1060462,105,115,108,114,117,she,sxz,isj,nvj,xzq
1060463,120,118,106,117,114,gfa,tqc,kwx,xzq,nvj
1060464,109,116,112,102,120,nkl,zew,kqp,xfc,gfa
1060465,107,104,114,113,105,roq,aln,nvj,hot,she
1060466,114,120,111,116,103,nvj,gfa,nfm,zew,knr
1060467,108,120,105,106,118,isj,gfa,she,kwx,tqc
1060468,112,105,114,110,113,kqp,she,nvj,gjp,hot
1060469,109,108,103,113,120,nkl,isj,knr,hot,gfa
1060470,112,107,108,117,116,kqp,roq,isj,xzq,zew
1060471,119,102,113,107,104,tvx,xfc,hot,roq,aln
1060472,103,109,115,118,111,knr,nkl,sxz,tqc,nfm
1060473,117,108,111,109,114,xzq,isj,nfm,nkl,nvj
1060474,105,120,109,114,113,she,gfa,nkl,nvj,hot
1060475,112,107,118,115,101,kqp,roq,tqc,sxz,wfd
1060476,117,107,115,103,116,xzq,roq,sxz,knr,zew
1060477,108,119,104,112,110,isj,tvx,aln,kqp,gjp
1060478,115,112,102,119,111,sxz,kqp,xfc,tvx,nfm
1060479,102,111,117,103,105,xfc,nfm,xzq,knr,she
1060480,120,115,116,103,112,gfa,sxz,zew,knr,kqp
1060481,101,119,114,103,106,wfd,tvx,nvj,knr,kwx
1060482,109,111,105,116,120,nkl,nfm,she,zew,gfa
1060483,118,111,114,113,104,tqc,nfm,nvj,hot,aln
1060484,120,110,116,103,113,gfa,gjp,zew,knr,hot
1060485,109,110,103,108,116,nkl,gjp,knr,isj,zew
1060486,103,111,109,116,106,knr,nfm,nkl,zew,kwx
1060487,117,102,101,118,103,xzq,xfc,wfd,tqc,knr
1060488,107,104,103,119,118,roq,aln,knr,tvx,tqc
1060489,112,105,114,119,106,kqp,she,nvj,tvx,kwx
1060490,107,114,105,113,117,roq,nvj,she,hot,xzq
1060491,104,105,106,120,116,aln,she,kwx,gfa,zew
1060492,108,113,103,109,102,isj,hot,knr,nkl,xfc
1060493,117,108,113,114,107,xzq,isj,hot,nvj,roq
1060494,101,102,118,112,114,wfd,xfc,tqc,kqp,nvj
1060495,120,108,115,110,113,gfa,isj,sxz,gjp,hot
1060496,114,112,109,120,102,nvj,kqp,nkl,gfa,xfc
1060497,103,114,105,118,112,knr,nvj,she,tqc,kqp
1060498,113,101,111,120,114,hot,wfd,nfm,gfa,nvj
1060499,104,111,101,119,105,aln,nfm,wfd,tvx,she
1060500,107,118,104,108,116,roq,tqc,aln,isj,zew
1060501,111,117,106,107,109,nfm,xzq,kwx,roq,nkl
1060502,114,106,109,115,108,nvj,kwx,nkl,sxz,isj
1060503,111,116,107,108,120,nfm,zew,roq,isj,gfa
1060504,115,118,105,113,117,sxz,tqc,she,hot,xzq
1060505,116,104,117,102,106,zew,aln,xzq,xfc,kwx
1060506,110,112,113,120,117,gjp,kqp,hot,gfa,xzq
1060507,114,112,104,110,108,nvj,kqp,aln,gjp,isj
1060508,115,109,102,120,119,sxz,nkl,xfc,gfa,tvx
1060509,115,112,109,117,110,sxz,kqp,nkl,xzq,gjp
1060510,106,104,102,103,113,kwx,aln,xfc,knr,hot
1060511,111,102,109,112,103,nfm,xfc,nkl,kqp,knr
1060512,106,113,114,105,110,kwx,hot,nvj,she,gjp
1060513,115,119,103,112,118,sxz,tvx,knr,kqp,tqc
1060514,108,111,110,107,102,isj,nfm,gjp,roq,xfc
1060515,117,118,106,119,103,xzq,tqc,kwx,tvx,knr
1060516,107,101,104,111,116,roq,wfd,aln,nfm,zew
1060517,117,104,110,108,112,xzq,aln,gjp,isj,kqp
1060518,119,116,101,106,113,tvx,zew,wfd,kwx,hot
1060519,111,104,109,116,112,nfm,aln,nkl,zew,kqp
1060520,110,107,117,108,119,gjp,roq,xzq,isj,tvx
1060521,118,105,115,106,109,tqc,she,sxz,kwx,nkl
1060522,114,109,106,105,111,nvj,nkl,kwx,she,nfm
1060523,114,112,102,111,117,nvj,kqp,xfc,nfm,xzq
1060524,106,119,105,110,109,kwx,tvx,she,gjp,nkl
1060525,114,107,102,112,101,nvj,roq,xfc,kqp,wfd
1060526,112,104,106,107,119,kqp,aln,kwx,roq,tvx
1060527,101,113,103,109,110,wfd,hot,knr,nkl,gjp
1060528,103,116,119,110,111,knr,zew,tvx,gjp,nfm
1060529,108,118,110,103,104,isj,tqc,gjp,knr,aln
1060530,109,111,101,114,120,nkl,nfm,wfd,nvj,gfa
1060531,116,105,103,107,113,zew,she,knr,roq,hot
1060532,106,104,109,105,113,kwx,aln,nkl,she,hot
1060533,117,114,118,109,112,xzq,nvj,tqc,nkl,kqp
1060534,118,107,109,106,114,tqc,roq,nkl,kwx,nvj
1060535,105,118,111,116,114,she,tqc,nfm,zew,nvj
1060536,117,113,119,107,103,xzq,hot,tvx,roq,knr
1060537,103,106,102,110,104,knr,kwx,xfc,gjp,aln
1060538,112,114,113,103,119,kqp,nvj,hot,knr,tvx
1060539,103,105,117,107,116,knr,she,xzq,roq,zew
1060540,118,112,107,119,117,tqc,kqp,roq,tvx,xzq
1060541,113,111,115,109,108,hot,nfm,sxz,nkl,isj
1060542,103,112,115,117,106,knr,kqp,sxz,xzq,kwx
1060543,117,106,110,101,119,xzq,kwx,gjp,wfd,tvx
1060544,116,109,104,107,103,zew,nkl,aln,roq,knr
1060545,118,105,116,104,112,tqc,she,zew,aln,kqp
1060546,101,117,107,119,120,wfd,xzq,roq,tvx,gfa
1060547,107,103,106,101,111,roq,knr,kwx,wfd,nfm
1060548,115,101,102,116,106,sxz,wfd,xfc,zew,kwx
1060549,108,102,115,101,113,isj,xfc,sxz,wfd,hot
1060550,120,109,102,113,112,gfa,nkl,xfc,hot,kqp
1060551,111,110,112,119,120,nfm,gjp,kqp,tvx,gfa
1060552,115,106,118,113,109,sxz,kwx,tqc,hot,nkl
1060553,102,110,120,114,109,xfc,gjp,gfa,nvj,nkl
1060554,107,118,101,110,119,roq,tqc,wfd,gjp,tvx
1060555,103,119,106,120,102,knr,tvx,kwx,gfa,xfc
1060556,119,112,104,103,110,tvx,kqp,aln,knr,gjp
1060557,120,104,106,101,119,gfa,aln,kwx,wfd,tvx
1060558,107,102,103,101,115,roq,xfc,knr,wfd,sxz
1060559,112,113,107,120,111,kqp,hot,roq,gfa,nfm
1060560,102,120,112,115,118,xfc,gfa,kqp,sxz,tqc
1060561,103,107,120,110,109,knr,roq,gfa,gjp,nkl
1060562,102,106,117,111,103,xfc,kwx,xzq,nfm,knr
1060563,111,104,119,118,112,nfm,aln,tvx,tqc,kqp
1060564,105,109,110,114,120,she,nkl,gjp,nvj,gfa
1060565,107,103,113,108,112,roq,knr,hot,isj,kqp
1060566,114,119,116,108,113,nvj,tvx,zew,isj,hot
1060567,106,101,102,108,107,kwx,wfd,xfc,isj,roq
1060568,103,102,104,110,111,knr,xfc,aln,gjp,nfm
1060569,102,109,108,111,114,xfc,nkl,isj,nfm,nvj
1060570,113,120,118,111,102,hot,gfa,tqc,nfm,xfc
1060571,102,107,110,120,119,xfc,roq,gjp,gfa,tvx
1060572,106,114,112,104,101,kwx,nvj,kqp,aln,wfd
1060573,114,103,105,111,104,nvj,knr,she,nfm,aln
1060574,110,112,106,108,113,gjp,kqp,kwx,isj,hot
1060575,105,104,102,120,106,she,aln,xfc,gfa,kwx
1060576,108,118,120,115,119,isj,tqc,gfa,sxz,tvx
1060577,120,110,104,109,113,gfa,gjp,aln,nkl,hot
1060578,114,117,116,110,109,nvj,xzq,zew,gjp,nkl
1060579,116,106,119,109,120,zew,kwx,tvx,nkl,gfa
1060580,104,105,114,101,116,aln,she,nvj,wfd,zew
1060581,106,110,105,115,102,kwx,gjp,she,sxz,xfc
1060582,106,116,105,115,104,kwx,zew,she,sxz,aln
1060583,101,103,120,116,118,wfd,knr,gfa,zew,tqc
1060584,115,116,105,103,102,sxz,zew,she,knr,xfc
1060585,120,108,107,109,103,gfa,isj,roq,nkl,knr
1060586,112,115,106,101,116,kqp,sxz,kwx,wfd,zew
1060587,109,107,103,117,104,nkl,roq,knr,xzq,aln
1060588,117,112,114,106,110,xzq,kqp,nvj,kwx,gjp
1060589,119,101,105,110,114,tvx,wfd,she,gjp,nvj
1060590,117,105,116,104,107,xzq,she,zew,aln,roq
1060591,110,101,116,107,117,gjp,wfd,zew,roq,xzq
1060592,115,109,120,118,105,sxz,nkl,gfa,tqc,she
1060593,106,105,117,108,102,kwx,she,xzq,isj,xfc
1060594,112,119,106,117,114,kqp,tvx,kwx,xzq,nvj
1060595,108,119,114,109,111,isj,tvx,nvj,nkl,nfm
1060596,115,106,101,109,116,sxz,kwx,wfd,nkl,zew
1060597,114,103,110,107,108,nvj,knr,gjp,roq,isj
1060598,109,105,107,112,114,nkl,she,roq,kqp,nvj
1060599,117,103,113,112,108,xzq,knr,hot,kqp,isj
1060600,115,116,104,118,101,sxz,zew,aln,tqc,wfd
1070001,126,129,128,139,133,ftp,pol,ljy,qfs,hmr
1070002,136,130,133,121,132,cdu,ypz,hmr,afe,owi
1070003,128,127,130,133,121,ljy,dnr,ypz,hmr,afe
1070004,130,132,131,127,129,ypz,owi,wch,dnr,pol
1070005,123,127,137,131,136,ypw,dnr,rtj,wch,cdu
1070006,126,129,128,121,133,ftp,pol,ljy,afe,hmr
1070007,139,128,138,125,132,qfs,ljy,rbk,rda,owi
1070008,136,133,122,123,126,cdu,hmr,rup,ypw,ftp
1070009,130,127,121,126,122,ypz,dnr,afe,ftp,rup
1070010,127,122,139,128,124,dnr,rup,qfs,ljy,num
1070011,130,127,139,125,129,ypz,dnr,qfs,rda,pol
1070012,135,123,127,125,129,mhp,ypw,dnr,rda,pol
1070013,140,125,127,126,138,rxq,rda,dnr,ftp,rbk
1070014,126,135,131,127,129,ftp,mhp,wch,dnr,pol
1070015,140,130,139,129,134,rxq,ypz,qfs,pol,mue
1070016,135,138,137,124,122,mhp,rbk,rtj,num,rup
1070017,132,133,129,130,135,owi,hmr,pol,ypz,mhp
1070018,124,139,135,134,137,num,qfs,mhp,mue,rtj
1070019,131,139,127,123,128,wch,qfs,dnr,ypw,ljy
1070020,136,131,137,129,125,cdu,wch,rtj,pol,rda
1070021,124,126,135,122,139,num,ftp,mhp,rup,qfs
1070022,125,140,123,133,130,rda,rxq,ypw,hmr,ypz
1070023,134,132,126,123,137,mue,owi,ftp,ypw,rtj
1070024,139,133,128,129,121,qfs,hmr,ljy,pol,afe
1070025,130,140,137,136,122,ypz,rxq,rtj,cdu,rup
1070026,122,128,138,125,137,rup,ljy,rbk,rda,rtj
1070027,123,136,133,127,130,ypw,cdu,hmr,dnr,ypz
1070028,124,134,131,132,126,num,mue,wch,owi,ftp
1070029,140,122,124,130,134,rxq,rup,num,ypz,mue
1070030,131,121,127,133,134,wch,afe,dnr,hmr,mue
1070031,140,132,122,128,125,rxq,owi,rup,ljy,rda
1070032,140,131,135,128,124,rxq,wch,mhp,ljy,num
1070033,121,127,131,133,126,afe,dnr,wch,hmr,ftp
1070034,131,134,127,132,135,wch,mue,dnr,owi,mhp
1070035,136,129,124,140,139,cdu,pol,num,rxq,qfs
1070036,121,132,133,131,139,afe,owi,hmr,wch,qfs
1070037,140,130,132,127,124,rxq,ypz,owi,dnr,num
1070038,128,122,133,127,139,ljy,rup,hmr,dnr,qfs
1070039,131,127,122,138,121,wch,dnr,rup,rbk,afe
1070040,126,129,121,124,134,ftp,pol,afe,num,mue
1070041,122,135,138,128,121,rup,mhp,rbk,ljy,afe
1070042,127,121,130,123,131,dnr,afe,ypz,ypw,wch
1070043,140,126,138,125,136,rxq,ftp,rbk,rda,cdu
1070044,137,139,129,124,136,rtj,qfs,pol,num,cdu
1070045,135,130,133,121,137,mhp,ypz,hmr,afe,rtj
1070046,121,138,140,134,129,afe,rbk,rxq,mue,pol
1070047,140,122,129,136,128,rxq,rup,pol,cdu,ljy
1070048,122,123,140,125,139,rup,ypw,rxq,rda,qfs
1070049,134,132,122,126,124,mue,owi,rup,ftp,num
1070050,125,129,131,124,136,rda,pol,wch,num,cdu
1070051,140,133,125,128,130,rxq,hmr,rda,ljy,ypz
1070052,137,126,132,121,140,rtj,ftp,owi,afe,rxq
1070053,132,125,123,129,135,owi,rda,ypw,pol,mhp
1070054,127,138,137,128,121,dnr,rbk,rtj,ljy,afe
1070055,139,131,133,129,135,qfs,wch,hmr,pol,mhp
1070056,125,134,138,130,127,rda,mue,rbk,ypz,dnr
1070057,129,128,126,138,131,pol,ljy,ftp,rbk,wch
1070058,139,128,138,132,121,qfs,ljy,rbk,owi,afe
1070059,139,121,125,122,130,qfs,afe,rda,rup,ypz
1070060,133,139,132,126,122,hmr,qfs,owi,ftp,rup
1070061,122,126,139,129,123,rup,ftp,qfs,pol,ypw
1070062,134,136,140,121,137,mue,cdu,rxq,afe,rtj
1070063,131,134,133,140,122,wch,mue,hmr,rxq,rup
1070064,125,140,138,128,129,rda,rxq,rbk,ljy,pol
1070065,137,121,136,126,130,rtj,afe,cdu,ftp,ypz
1070066,131,122,126,140,136,wch,rup,ftp,rxq,cdu
1070067,134,133,126,132,121,mue,hmr,ftp,owi,afe
1070068,134,125,127,130,123,mue,rda,dnr,ypz,ypw
1070069,128,124,136,121,131,ljy,num,cdu,afe,wch
1070070,121,135,125,131,134,afe,mhp,rda,wch,mue
1070071,136,123,131,132,139,cdu,ypw,wch,owi,qfs
1070072,128,140,127,135,133,ljy,rxq,dnr,mhp,hmr
1070073,134,127,133,139,129,mue,dnr,hmr,qfs,pol
1070074,139,135,136,122,133,qfs,mhp,cdu,rup,hmr
1070075,140,130,139,134,132,rxq,ypz,qfs,mue,owi
1070076,134,137,136,138,126,mue,rtj,cdu,rbk,ftp
1070077,139,131,137,122,134,qfs,wch,rtj,rup,mue
1070078,129,134,137,126,136,pol,mue,rtj,ftp,cdu
1070079,129,137,126,122,125,pol,rtj,ftp,rup,rda
1070080,125,122,127,138,140,rda,rup,dnr,rbk,rxq
1070081,123,139,122,128,132,ypw,qfs,rup,ljy,owi
1070082,130,140,133,127,125,ypz,rxq,hmr,dnr,rda
1070083,124,132,129,127,139,num,owi,pol,dnr,qfs
1070084,138,122,121,137,127,rbk,rup,afe,rtj,dnr
1070085,139,125,135,138,128,qfs,rda,mhp,rbk,ljy
1070086,127,122,125,129,140,dnr,rup,rda,pol,rxq
1070087,131,137,140,133,122,wch,rtj,rxq,hmr,rup
1070088,122,126,138,133,123,rup,ftp,rbk,hmr,ypw
1070089,129,139,123,127,124,pol,qfs,ypw,dnr,num
1070090,134,136,124,121,122,mue,cdu,num,afe,rup
1070091,138,135,133,134,131,rbk,mhp,hmr,mue,wch
1070092,139,133,124,138,123,qfs,hmr,num,rbk,ypw
1070093,123,134,126,124,121,ypw,mue,ftp,num,afe
1070094,134,124,137,131,122,mue,num,rtj,wch,rup
1070095,127,124,123,132,131,dnr,num,ypw,owi,wch
1070096,135,121,136,131,123,mhp,afe,cdu,wch,ypw
1070097,126,123,128,137,129,ftp,ypw,ljy,rtj,pol
1070098,135,123,127,124,133,mhp,ypw,dnr,num,hmr
1070099,136,138,125,135,137,cdu,rbk,rda,mhp,rtj
1070100,137,133,129,121,125,rtj,hmr,pol,afe,rda
1070101,121,134,123,127,140,afe,mue,ypw,dnr,rxq
1070102,136,140,121,122,126,cdu,rxq,afe,rup,ftp
1070103,127,135,125,138,132,dnr,mhp,rda,rbk,owi
1070104,129,127,121,125,126,pol,dnr,afe,rda,ftp
1070105,130,140,123,131,127,ypz,rxq,ypw,wch,dnr
1070106,128,133,124,127,140,ljy,hmr,num,dnr,rxq
1070107,131,124,137,133,128,wch,num,rtj,hmr,ljy
1070108,127,138,134,132,135,dnr,rbk,mue,owi,mhp
1070109,133,127,121,135,137,hmr,dnr,afe,mhp,rtj
1070110,130,121,134,135,133,ypz,afe,mue,mhp,hmr
1070111,138,123,134,128,121,rbk,ypw,mue,ljy,afe
1070112,129,137,127,130,126,pol,rtj,dnr,ypz,ftp
1070113,132,124,137,136,128,owi,num,rtj,cdu,ljy
1070114,136,140,125,133,137,cdu,rxq,rda,hmr,rtj
1070115,135,133,134,130,129,mhp,hmr,mue,ypz,pol
1070116,139,138,131,140,121,qfs,rbk,wch,rxq,afe
1070117,121,125,133,128,127,afe,rda,hmr,ljy,dnr
1070118,130,138,129,136,140,ypz,rbk,pol,cdu,rxq
1070119,135,124,132,131,123,mhp,num,owi,wch,ypw
1070120,132,137,130,126,131,owi,rtj,ypz,ftp,wch
1070121,138,125,121,130,126,rbk,rda,afe,ypz,ftp
1070122,128,122,138,139,134,ljy,rup,rbk,qfs,mue
1070123,138,130,126,133,129,rbk,ypz,ftp,hmr,pol
1070124,128,133,132,129,124,ljy,hmr,owi,pol,num
1070125,138,122,135,121,133,rbk,rup,mhp,afe,hmr
1070126,129,123,128,137,125,pol,ypw,ljy,rtj,rda
1070127,132,126,139,129,135,owi,ftp,qfs,pol,mhp
1070128,136,134,132,128,127,cdu,mue,owi,ljy,dnr
1070129,140,123,122,130,121,rxq,ypw,rup,ypz,afe
1070130,140,130,129,137,139,rxq,ypz,pol,rtj,qfs
1070131,135,130,129,134,133,mhp,ypz,pol,mue,hmr
1070132,127,130,122,129,125,dnr,ypz,rup,pol,rda
1070133,130,129,137,123,133,ypz,pol,rtj,ypw,hmr
1070134,127,124,122,136,134,dnr,num,rup,cdu,mue
1070135,136,123,131,137,132,cdu,ypw,wch,rtj,owi
1070136,127,128,140,131,125,dnr,ljy,rxq,wch,rda
1070137,130,134,121,139,124,ypz,mue,afe,qfs,num
1070138,134,129,121,133,130,mue,pol,afe,hmr,ypz
1070139,132,128,137,125,133,owi,ljy,rtj,rda,hmr
1070140,121,124,129,136,126,afe,num,pol,cdu,ftp
1070141,132,136,127,135,138,owi,cdu,dnr,mhp,rbk
1070142,138,126,136,139,131,rbk,ftp,cdu,qfs,wch
1070143,140,124,123,137,122,rxq,num,ypw,rtj,rup
1070144,137,127,121,130,131,rtj,dnr,afe,ypz,wch
1070145,130,135,128,121,124,ypz,mhp,ljy,afe,num
1070146,132,129,130,134,124,owi,pol,ypz,mue,num
1070147,134,129,136,139,133,mue,pol,cdu,qfs,hmr
1070148,122,134,130,129,123,rup,mue,ypz,pol,ypw
1070149,137,122,129,131,125,rtj,rup,pol,wch,rda
1070150,136,129,134,135,128,cdu,pol,mue,mhp,ljy
1070151,125,121,138,127,139,rda,afe,rbk,dnr,qfs
1070152,127,122,130,129,131,dnr,rup,ypz,pol,wch
1070153,127,124,123,137,140,dnr,num,ypw,rtj,rxq
1070154,132,124,129,137,136,owi,num,pol,rtj,cdu
1070155,122,131,125,134,132,rup,wch,rda,mue,owi
1070156,121,124,131,136,123,afe,num,wch,cdu,ypw
1070157,132,128,127,136,137,owi,ljy,dnr,cdu,rtj
1070158,126,130,123,132,134,ftp,ypz,ypw,owi,mue
1070159,132,130,134,126,122,owi,ypz,mue,ftp,rup
1070160,134,133,128,127,137,mue,hmr,ljy,dnr,rtj
1070161,137,127,131,132,125,rtj,dnr,wch,owi,rda
1070162,138,129,127,134,136,rbk,pol,dnr,mue,cdu
1070163,121,134,125,126,124,afe,mue,rda,ftp,num
1070164,125,140,128,124,129,rda,rxq,ljy,num,pol
1070165,135,129,132,131,121,mhp,pol,owi,wch,afe
1070166,126,140,138,123,134,ftp,rxq,rbk,ypw,mue
1070167,126,138,130,139,129,ftp,rbk,ypz,qfs,pol
1070168,139,138,137,127,133,qfs,rbk,rtj,dnr,hmr
1070169,136,140,138,130,131,cdu,rxq,rbk,ypz,wch
1070170,139,124,136,140,135,qfs,num,cdu,rxq,mhp
1070171,130,137,135,124,136,ypz,rtj,mhp,num,cdu
1070172,133,126,132,135,136,hmr,ftp,owi,mhp,cdu
1070173,128,132,135,133,131,ljy,owi,mhp,hmr,wch
1070174,140,134,129,139,127,rxq,mue,pol,qfs,dnr
1070175,134,136,138,123,127,mue,cdu,rbk,ypw,dnr
1070176,134,126,121,124,131,mue,ftp,afe,num,wch
1070177,130,131,128,136,127,ypz,wch,ljy,cdu,dnr
1070178,127,136,124,138,134,dnr,cdu,num,rbk,mue
1070179,140,139,138,124,122,rxq,qfs,rbk,num,rup
1070180,121,136,137,122,130,afe,cdu,rtj,rup,ypz
1070181,121,134,130,129,138,afe,mue,ypz,pol,rbk
1070182,127,129,132,123,130,dnr,pol,owi,ypw,ypz
1070183,133,129,138,137,132,hmr,pol,rbk,rtj,owi
1070184,130,139,133,129,132,ypz,qfs,hmr,pol,owi
1070185,123,134,131,132,135,ypw,mue,wch,owi,mhp
1070186,130,124,134,126,132,ypz,num,mue,ftp,owi
1070187,132,131,134,126,135,owi,wch,mue,ftp,mhp
1070188,137,127,132,138,129,rtj,dnr,owi,rbk,pol
1070189,123,128,129,125,131,ypw,ljy,pol,rda,wch
1070190,132,129,133,127,125,owi,pol,hmr,dnr,rda
1070191,129,132,124,130,139,pol,owi,num,ypz,qfs
1070192,136,139,140,137,128,cdu,qfs,rxq,rtj,ljy
1070193,127,125,129,137,131,dnr,rda,pol,rtj,wch
1070194,139,135,130,124,123,qfs,mhp,ypz,num,ypw
1070195,123,126,127,121,138,ypw,ftp,dnr,afe,rbk
1070196,129,132,134,139,138,pol,owi,mue,qfs,rbk
1070197,132,122,133,123,129,owi,rup,hmr,ypw,pol
1070198,140,126,125,123,128,rxq,ftp,rda,ypw,ljy
1070199,126,138,133,134,137,ftp,rbk,hmr,mue,rtj
1070200,133,134,127,138,135,hmr,mue,dnr,rbk,mhp
1070201,140,135,128,139,126,rxq,mhp,ljy,qfs,ftp
1070202,137,122,127,125,121,rtj,rup,dnr,rda,afe
1070203,137,124,133,126,128,rtj,num,hmr,ftp,ljy
1070204,122,131,139,129,126,rup,wch,qfs,pol,ftp
1070205,128,123,126,125,136,ljy,ypw,ftp,rda,cdu
1070206,128,124,130,140,129,ljy,num,ypz,rxq,pol
1070207,131,137,130,134,140,wch,rtj,ypz,mue,rxq
1070208,136,140,133,137,129,cdu,rxq,hmr,rtj,pol
1070209,137,132,125,121,134,rtj,owi,rda,afe,mue
1070210,138,122,136,135,129,rbk,rup,cdu,mhp,pol
1070211,138,121,130,124,131,rbk,afe,ypz,num,wch
1070212,134,135,130,139,126,mue,mhp,ypz,qfs,ftp
1070213,122,133,128,136,127,rup,hmr,ljy,cdu,dnr
1070214,133,140,123,131,121,hmr,rxq,ypw,wch,afe
1070215,134,132,135,139,125,mue,owi,mhp,qfs,rda
1070216,121,122,125,131,127,afe,rup,rda,wch,dnr
1070217,126,137,123,124,125,ftp,rtj,ypw,num,rda
1070218,134,136,138,133,121,mue,cdu,rbk,hmr,afe
1070219,138,132,139,125,129,rbk,owi,qfs,rda,pol
1070220,130,121,122,129,126,ypz,afe,rup,pol,ftp
1070221,128,125,127,122,133,ljy,rda,dnr,rup,hmr
1070222,138,135,133,123,125,rbk,mhp,hmr,ypw,rda
1070223,138,127,137,139,121,rbk,dnr,rtj,qfs,afe
1070224,123,130,131,124,135,ypw,ypz,wch,num,mhp
1070225,125,121,132,137,128,rda,afe,owi,rtj,ljy
1070226,122,131,137,140,129,rup,wch,rtj,rxq,pol
1070227,124,135,136,134,129,num,mhp,cdu,mue,pol
1070228,139,140,129,132,130,qfs,rxq,pol,owi,ypz
1070229,125,124,136,133,132,rda,num,cdu,hmr,owi
1070230,140,128,139,132,127,rxq,ljy,qfs,owi,dnr
1070231,130,123,136,122,126,ypz,ypw,cdu,rup,ftp
1070232,135,122,134,133,131,mhp,rup,mue,hmr,wch
1070233,133,132,134,140,136,hmr,owi,mue,rxq,cdu
1070234,140,138,124,133,123,rxq,rbk,num,hmr,ypw
1070235,129,137,135,124,140,pol,rtj,mhp,num,rxq
1070236,138,133,132,137,135,rbk,hmr,owi,rtj,mhp
1070237,126,139,138,124,121,ftp,qfs,rbk,num,afe
1070238,130,140,125,136,128,ypz,rxq,rda,cdu,ljy
1070239,132,123,128,122,125,owi,ypw,ljy,rup,rda
1070240,140,129,128,126,125,rxq,pol,ljy,ftp,rda
1070241,124,127,121,134,129,num,dnr,afe,mue,pol
1070242,132,121,130,128,138,owi,afe,ypz,ljy,rbk
1070243,134,126,130,138,121,mue,ftp,ypz,rbk,afe
1070244,137,135,128,127,133,rtj,mhp,ljy,dnr,hmr
1070245,137,129,140,131,121,rtj,pol,rxq,wch,afe
1070246,135,133,127,131,137,mhp,hmr,dnr,wch,rtj
1070247,124,131,133,132,134,num,wch,hmr,owi,mue
1070248,134,130,131,123,127,mue,ypz,wch,ypw,dnr
1070249,124,122,136,123,132,num,rup,cdu,ypw,owi
1070250,128,124,126,140,139,ljy,num,ftp,rxq,qfs
1070251,127,131,138,128,140,dnr,wch,rbk,ljy,rxq
1070252,122,129,138,135,121,rup,pol,rbk,mhp,afe
1070253,135,124,133,132,138,mhp,num,hmr,owi,rbk
1070254,126,138,128,125,121,ftp,rbk,ljy,rda,afe
1070255,139,121,140,123,133,qfs,afe,rxq,ypw,hmr
1070256,126,128,133,135,124,ftp,ljy,hmr,mhp,num
1070257,139,123,124,126,137,qfs,ypw,num,ftp,rtj
1070258,134,122,139,125,136,mue,rup,qfs,rda,cdu
1070259,130,139,126,127,129,ypz,qfs,ftp,dnr,pol
1070260,131,128,132,126,125,wch,ljy,owi,ftp,rda
1070261,125,136,132,124,130,rda,cdu,owi,num,ypz
1070262,132,130,140,122,137,owi,ypz,rxq,rup,rtj
1070263,130,121,125,137,124,ypz,afe,rda,rtj,num
1070264,122,139,136,133,140,rup,qfs,cdu,hmr,rxq
1070265,137,130,121,131,124,rtj,ypz,afe,wch,num
1070266,128,139,133,134,125,ljy,qfs,hmr,mue,rda
1070267,138,128,129,125,123,rbk,ljy,pol,rda,ypw
1070268,132,134,121,139,126,owi,mue,afe,qfs,ftp
1070269,122,138,136,128,132,rup,rbk,cdu,ljy,owi
1070270,129,130,131,137,122,pol,ypz,wch,rtj,rup
1070271,140,133,125,129,137,rxq,hmr,rda,pol,rtj
1070272,123,133,139,126,135,ypw,hmr,qfs,ftp,mhp
1070273,122,133,124,121,137,rup,hmr,num,afe,rtj
1070274,137,136,123,129,139,rtj,cdu,ypw,pol,qfs
1070275,122,125,130,129,134,rup,rda,ypz,pol,mue
1070276,138,123,133,126,125,rbk,ypw,hmr,ftp,rda
1070277,125,134,127,128,137,rda,mue,dnr,ljy,rtj
1070278,134,126,137,131,128,mue,ftp,rtj,wch,ljy
1070279,121,137,133,124,134,afe,rtj,hmr,num,mue
1070280,136,123,133,129,132,cdu,ypw,hmr,pol,owi
1070281,133,135,129,139,124,hmr,mhp,pol,qfs,num
1070282,129,121,133,126,137,pol,afe,hmr,ftp,rtj
1070283,126,136,121,133,138,ftp,cdu,afe,hmr,rbk
1070284,138,135,136,124,130,rbk,mhp,cdu,num,ypz
1070285,123,131,128,137,140,ypw,wch,ljy,rtj,rxq
1070286,122,135,123,126,137,rup,mhp,ypw,ftp,rtj
1070287,128,133,130,136,140,ljy,hmr,ypz,cdu,rxq
1070288,126,138,135,140,130,ftp,rbk,mhp,rxq,ypz
1070289,132,125,130,121,133,owi,rda,ypz,afe,hmr
1070290,131,123,139,134,124,wch,ypw,qfs,mue,num
1070291,131,124,122,129,138,wch,num,rup,pol,rbk
1070292,140,130,125,122,129,rxq,ypz,rda,rup,pol
1070293,125,140,132,121,124,rda,rxq,owi,afe,num
1070294,123,121,137,128,134,ypw,afe,rtj,ljy,mue
1070295,127,122,140,126,128,dnr,rup,rxq,ftp,ljy
1070296,124,135,138,133,136,num,mhp,rbk,hmr,cdu
1070297,139,133,137,136,125,qfs,hmr,rtj,cdu,rda
1070298,132,140,139,129,137,owi,rxq,qfs,pol,rtj
1070299,122,125,131,130,129,rup,rda,wch,ypz,pol
1070300,134,133,139,126,128,mue,hmr,qfs,ftp,ljy
1070301,133,135,136,131,132,hmr,mhp,cdu,wch,owi
1070302,128,130,133,134,131,ljy,ypz,hmr,mue,wch
1070303,140,122,134,138,121,rxq,rup,mue,rbk,afe
1070304,124,128,123,130,129,num,ljy,ypw,ypz,pol
1070305,130,128,131,126,135,ypz,ljy,wch,ftp,mhp
1070306,134,122,126,127,125,mue,rup,ftp,dnr,rda
1070307,134,121,133,132,123,mue,afe,hmr,owi,ypw
1070308,137,128,131,133,138,rtj,ljy,wch,hmr,rbk
1070309,131,121,134,132,137,wch,afe,mue,owi,rtj
1070310,137,133,132,123,122,rtj,hmr,owi,ypw,rup
1070311,136,129,123,126,139,cdu,pol,ypw,ftp,qfs
1070312,132,136,135,128,139,owi,cdu,mhp,ljy,qfs
1070313,138,123,134,136,131,rbk,ypw,mue,cdu,wch
1070314,140,124,134,132,125,rxq,num,mue,owi,rda
1070315,122,127,123,137,138,rup,dnr,ypw,rtj,rbk
1070316,131,134,125,140,123,wch,mue,rda,rxq,ypw
1070317,124,139,122,135,130,num,qfs,rup,mhp,ypz
1070318,136,137,125,128,129,cdu,rtj,rda,ljy,pol
1070319,125,139,130,134,121,rda,qfs,ypz,mue,afe
1070320,125,135,123,128,127,rda,mhp,ypw,ljy,dnr
1070321,125,130,128,129,139,rda,ypz,ljy,pol,qfs
1070322,132,121,125,140,122,owi,afe,rda,rxq,rup
1070323,124,130,140,126,131,num,ypz,rxq,ftp,wch
1070324,130,134,127,133,138,ypz,mue,dnr,hmr,rbk
1070325,124,130,131,133,136,num,ypz,wch,hmr,cdu
1070326,139,133,125,127,128,qfs,hmr,rda,dnr,ljy
1070327,139,129,140,121,130,qfs,pol,rxq,afe,ypz
1070328,124,123,132,121,139,num,ypw,owi,afe,qfs
1070329,138,139,136,124,140,rbk,qfs,cdu,num,rxq
1070330,124,130,125,133,131,num,ypz,rda,hmr,wch
1070331,140,121,125,122,124,rxq,afe,rda,rup,num
1070332,140,131,139,135,136,rxq,wch,qfs,mhp,cdu
1070333,126,124,134,130,136,ftp,num,mue,ypz,cdu
1070334,133,127,136,131,132,hmr,dnr,cdu,wch,owi
1070335,134,125,136,129,122,mue,rda,cdu,pol,rup
1070336,124,139,122,125,131,num,qfs,rup,rda,wch
1070337,123,135,121,128,133,ypw,mhp,afe,ljy,hmr
1070338,121,134,125,140,126,afe,mue,rda,rxq,ftp
1070339,129,124,135,140,126,pol,num,mhp,rxq,ftp
1070340,124,132,138,123,136,num,owi,rbk,ypw,cdu
1070341,130,132,138,123,121,ypz,owi,rbk,ypw,afe
1070342,140,124,128,137,133,rxq,num,ljy,rtj,hmr
1070343,130,127,140,137,128,ypz,dnr,rxq,rtj,ljy
1070344,130,140,133,134,139,ypz,rxq,hmr,mue,qfs
1070345,136,127,125,138,122,cdu,dnr,rda,rbk,rup
1070346,132,128,134,131,129,owi,ljy,mue,wch,pol
1070347,136,131,125,124,138,cdu,wch,rda,num,rbk
1070348,136,128,122,123,124,cdu,ljy,rup,ypw,num
1070349,140,139,133,131,136,rxq,qfs,hmr,wch,cdu
1070350,125,123,133,128,130,rda,ypw,hmr,ljy,ypz
1070351,140,129,130,127,131,rxq,pol,ypz,dnr,wch
1070352,135,130,127,129,124,mhp,ypz,dnr,pol,num
1070353,134,140,128,126,136,mue,rxq,ljy,ftp,cdu
1070354,139,135,130,133,122,qfs,mhp,ypz,hmr,rup
1070355,121,130,128,133,139,afe,ypz,ljy,hmr,qfs
1070356,136,127,128,126,140,cdu,dnr,ljy,ftp,rxq
1070357,139,125,136,126,121,qfs,rda,cdu,ftp,afe
1070358,128,135,125,133,129,ljy,mhp,rda,hmr,pol
1070359,137,132,122,139,138,rtj,owi,rup,qfs,rbk
1070360,131,132,124,128,140,wch,owi,num,ljy,rxq
1070361,125,137,122,136,135,rda,rtj,rup,cdu,mhp
1070362,138,126,139,134,131,rbk,ftp,qfs,mue,wch
1070363,134,137,127,126,133,mue,rtj,dnr,ftp,hmr
1070364,127,136,134,122,121,dnr,cdu,mue,rup,afe
1070365,125,123,130,128,132,rda,ypw,ypz,ljy,owi
1070366,135,134,133,129,127,mhp,mue,hmr,pol,dnr
1070367,135,129,134,125,138,mhp,pol,mue,rda,rbk
1070368,139,131,133,124,140,qfs,wch,hmr,num,rxq
1070369,129,138,123,127,124,pol,rbk,ypw,dnr,num
1070370,122,136,139,121,134,rup,cdu,qfs,afe,mue
1070371,122,137,140,129,130,rup,rtj,rxq,pol,ypz
1070372,122,132,131,135,137,rup,owi,wch,mhp,rtj
1070373,121,139,124,122,132,afe,qfs,num,rup,owi
1070374,135,125,130,133,137,mhp,rda,ypz,hmr,rtj
1070375,137,129,122,128,125,rtj,pol,rup,ljy,rda
1070376,131,138,126,127,121,wch,rbk,ftp,dnr,afe
1070377,133,140,130,126,128,hmr,rxq,ypz,ftp,ljy
1070378,130,133,123,124,136,ypz,hmr,ypw,num,cdu
1070379,130,137,127,138,136,ypz,rtj,dnr,rbk,cdu
1070380,131,135,125,126,127,wch,mhp,rda,ftp,dnr
1070381,131,123,137,129,138,wch,ypw,rtj,pol,rbk
1070382,122,133,123,132,139,rup,hmr,ypw,owi,qfs
1070383,132,127,140,133,124,owi,dnr,rxq,hmr,num
1070384,124,122,126,131,129,num,rup,ftp,wch,pol
1070385,127,131,126,139,136,dnr,wch,ftp,qfs,cdu
1070386,127,137,128,139,138,dnr,rtj,ljy,qfs,rbk
1070387,140,130,135,124,129,rxq,ypz,mhp,num,pol
1070388,129,124,134,139,130,pol,num,mue,qfs,ypz
1070389,140,131,122,132,137,rxq,wch,rup,owi,rtj
1070390,136,131,138,125,127,cdu,wch,rbk,rda,dnr
1070391,124,126,136,122,127,num,ftp,cdu,rup,dnr
1070392,122,124,134,127,137,rup,num,mue,dnr,rtj
1070393,135,129,133,131,138,mhp,pol,hmr,wch,rbk
1070394,123,122,134,136,127,ypw,rup,mue,cdu,dnr
1070395,135,133,128,139,131,mhp,hmr,ljy,qfs,wch
1070396,137,128,125,132,121,rtj,ljy,rda,owi,afe
1070397,136,125,128,131,135,cdu,rda,ljy,wch,mhp
1070398,137,138,125,121,123,rtj,rbk,rda,afe,ypw
1070399,123,137,126,131,124,ypw,rtj,ftp,wch,num
1070400,126,137,129,136,127,ftp,rtj,pol,cdu,dnr
1070401,122,134,130,139,137,rup,mue,ypz,qfs,rtj
1070402,135,138,125,122,133,mhp,rbk,rda,rup,hmr
1070403,139,128,123,131,125,qfs,ljy,ypw,wch,rda
1070404,129,130,137,131,133,pol,ypz,rtj,wch,hmr
1070405,136,123,122,132,127,cdu,ypw,rup,owi,dnr
1070406,133,137,138,139,135,hmr,rtj,rbk,qfs,mhp
1070407,128,124,127,122,136,ljy,num,dnr,rup,cdu
1070408,123,127,138,130,133,ypw,dnr,rbk,ypz,hmr
1070409,121,125,133,139,123,afe,rda,hmr,qfs,ypw
1070410,127,128,123,138,131,dnr,ljy,ypw,rbk,wch
1070411,126,131,123,132,122,ftp,wch,ypw,owi,rup
1070412,132,137,125,121,130,owi,rtj,rda,afe,ypz
1070413,137,128,138,131,140,rtj,ljy,rbk,wch,rxq
1070414,125,136,130,121,135,rda,cdu,ypz,afe,mhp
1070415,121,133,130,128,126,afe,hmr,ypz,ljy,ftp
1070416,134,126,127,135,125,mue,ftp,dnr,mhp,rda
1070417,128,124,136,123,122,ljy,num,cdu,ypw,rup
1070418,124,140,126,133,122,num,rxq,ftp,hmr,rup
1070419,140,123,132,137,136,rxq,ypw,owi,rtj,cdu
1070420,140,138,129,137,121,rxq,rbk,pol,rtj,afe
1070421,138,131,139,136,121,rbk,wch,qfs,cdu,afe
1070422,129,125,128,130,131,pol,rda,ljy,ypz,wch
1070423,132,131,123,121,125,owi,wch,ypw,afe,rda
1070424,140,128,138,121,125,rxq,ljy,rbk,afe,rda
1070425,133,121,126,140,137,hmr,afe,ftp,rxq,rtj
1070426,128,132,130,136,126,ljy,owi,ypz,cdu,ftp
1070427,129,134,124,138,136,pol,mue,num,rbk,cdu
1070428,137,131,136,128,125,rtj,wch,cdu,ljy,rda
1070429,125,124,136,127,134,rda,num,cdu,dnr,mue
1070430,137,124,129,130,135,rtj,num,pol,ypz,mhp
1070431,134,125,126,133,129,mue,rda,ftp,hmr,pol
1070432,131,137,138,125,133,wch,rtj,rbk,rda,hmr
1070433,136,122,121,130,140,cdu,rup,afe,ypz,rxq
1070434,131,130,133,124,126,wch,ypz,hmr,num,ftp
1070435,123,124,140,138,135,ypw,num,rxq,rbk,mhp
1070436,124,139,127,122,135,num,qfs,dnr,rup,mhp
1070437,140,128,122,125,121,rxq,ljy,rup,rda,afe
1070438,129,125,136,137,121,pol,rda,cdu,rtj,afe
1070439,133,126,122,138,121,hmr,ftp,rup,rbk,afe
1070440,121,140,123,132,122,afe,rxq,ypw,owi,rup
1070441,123,127,131,133,140,ypw,dnr,wch,hmr,rxq
1070442,125,124,130,135,138,rda,num,ypz,mhp,rbk
1070443,131,123,127,122,125,wch,ypw,dnr,rup,rda
1070444,128,124,139,126,121,ljy,num,qfs,ftp,afe
1070445,131,125,138,137,136,wch,rda,rbk,rtj,cdu
1070446,140,132,134,121,122,rxq,owi,mue,afe,rup
1070447,135,138,127,125,123,mhp,rbk,dnr,rda,ypw
1070448,138,139,132,137,124,rbk,qfs,owi,rtj,num
1070449,124,136,131,133,138,num,cdu,wch,hmr,rbk
1070450,121,139,136,122,137,afe,qfs,cdu,rup,rtj
1070451,131,134,121,123,136,wch,mue,afe,ypw,cdu
1070452,135,128,134,131,138,mhp,ljy,mue,wch,rbk
1070453,132,128,122,125,137,owi,ljy,rup,rda,rtj
1070454,133,130,136,137,129,hmr,ypz,cdu,rtj,pol
1070455,136,128,123,130,122,cdu,ljy,ypw,ypz,rup
1070456,137,127,132,121,130,rtj,dnr,owi,afe,ypz
1070457,139,124,121,130,128,qfs,num,afe,ypz,ljy
1070458,140,125,122,139,130,rxq,rda,rup,qfs,ypz
1070459,130,123,121,129,134,ypz,ypw,afe,pol,mue
1070460,133,132,122,134,138,hmr,owi,rup,mue,rbk
1070461,140,130,135,139,125,rxq,ypz,mhp,qfs,rda
1070462,125,135,128,134,137,rda,mhp,ljy,mue,rtj
1070463,140,138,126,137,134,rxq,rbk,ftp,rtj,mue
1070464,129,136,132,122,140,pol,cdu,owi,rup,rxq
1070465,127,124,134,133,125,dnr,num,mue,hmr,rda
1070466,134,140,131,136,123,mue,rxq,wch,cdu,ypw
1070467,128,140,125,126,138,ljy,rxq,rda,ftp,rbk
1070468,132,125,134,130,133,owi,rda,mue,ypz,hmr
1070469,129,128,123,133,140,pol,ljy,ypw,hmr,rxq
1070470,132,127,128,137,136,owi,dnr,ljy,rtj,cdu
1070471,139,122,133,127,124,qfs,rup,hmr,dnr,num
1070472,123,129,135,138,131,ypw,pol,mhp,rbk,wch
1070473,137,128,131,129,134,rtj,ljy,wch,pol,mue
1070474,125,140,129,134,133,rda,rxq,pol,mue,hmr
1070475,132,127,138,135,121,owi,dnr,rbk,mhp,afe
1070476,137,127,135,123,136,rtj,dnr,mhp,ypw,cdu
1070477,128,139,124,132,130,ljy,qfs,num,owi,ypz
1070478,135,132,122,139,131,mhp,owi,rup,qfs,wch
1070479,122,131,137,123,125,rup,wch,rtj,ypw,rda
1070480,140,135,136,123,132,rxq,mhp,cdu,ypw,owi
1070481,121,139,134,123,126,afe,qfs,mue,ypw,ftp
1070482,129,131,125,136,140,pol,wch,rda,cdu,rxq
1070483,138,131,134,133,124,rbk,wch,mue,hmr,num
1070484,140,130,136,123,133,rxq,ypz,cdu,ypw,hmr
1070485,129,130,123,128,136,pol,ypz,ypw,ljy,cdu
1070486,123,131,129,136,126,ypw,wch,pol,cdu,ftp
1070487,137,122,121,138,123,rtj,rup,afe,rbk,ypw
1070488,127,124,123,139,138,dnr,num,ypw,qfs,rbk
1070489,132,125,134,139,126,owi,rda,mue,qfs,ftp
1070490,127,134,125,133,137,dnr,mue,rda,hmr,rtj
1070491,124,125,126,140,136,num,rda,ftp,rxq,cdu
1070492,128,133,123,129,122,ljy,hmr,ypw,pol,rup
1070493,137,128,133,134,127,rtj,ljy,hmr,mue,dnr
1070494,121,122,138,132,134,afe,rup,rbk,owi,mue
1070495,140,128,135,130,133,rxq,ljy,mhp,ypz,hmr
1070496,134,132,129,140,122,mue,owi,pol,rxq,rup
1070497,123,134,125,138,132,ypw,mue,rda,rbk,owi
1070498,133,121,131,140,134,hmr,afe,wch,rxq,mue
1070499,124,131,121,139,125,num,wch,afe,qfs,rda
1070500,127,138,124,128,136,dnr,rbk,num,ljy,cdu
1070501,131,137,126,127,129,wch,rtj,ftp,dnr,pol
1070502,134,126,129,135,128,mue,ftp,pol,mhp,ljy
1070503,131,136,127,128,140,wch,cdu,dnr,ljy,rxq
1070504,135,138,125,133,137,mhp,rbk,rda,hmr,rtj
1070505,136,124,137,122,126,cdu,num,rtj,rup,ftp
1070506,130,132,133,140,137,ypz,owi,hmr,rxq,rtj
1070507,134,132,124,130,128,mue,owi,num,ypz,ljy
1070508,135,129,122,140,139,mhp,pol,rup,rxq,qfs
1070509,135,132,129,137,130,mhp,owi,pol,rtj,ypz
1070510,126,124,122,123,133,ftp,num,rup,ypw,hmr
1070511,131,122,129,132,123,wch,rup,pol,owi,ypw
1070512,126,133,134,125,130,ftp,hmr,mue,rda,ypz
1070513,135,139,123,132,138,mhp,qfs,ypw,owi,rbk
1070514,128,131,130,127,122,ljy,wch,ypz,dnr,rup
1070515,137,138,126,139,123,rtj,rbk,ftp,qfs,ypw
1070516,127,121,124,131,136,dnr,afe,num,wch,cdu
1070517,137,124,130,128,132,rtj,num,ypz,ljy,owi
1070518,139,136,121,126,133,qfs,cdu,afe,ftp,hmr
1070519,131,124,129,136,132,wch,num,pol,cdu,owi
1070520,130,127,137,128,139,ypz,dnr,rtj,ljy,qfs
1070521,138,125,135,126,129,rbk,rda,mhp,ftp,pol
1070522,134,129,126,125,131,mue,pol,ftp,rda,wch
1070523,134,132,122,131,137,mue,owi,rup,wch,rtj
1070524,126,139,125,130,129,ftp,qfs,rda,ypz,pol
1070525,134,127,122,132,121,mue,dnr,rup,owi,afe
1070526,132,124,126,127,139,owi,num,ftp,dnr,qfs
1070527,121,133,123,129,130,afe,hmr,ypw,pol,ypz
1070528,123,136,139,130,131,ypw,cdu,qfs,ypz,wch
1070529,128,138,130,123,124,ljy,rbk,ypz,ypw,num
1070530,129,131,121,134,140,pol,wch,afe,mue,rxq
1070531,136,125,123,127,133,cdu,rda,ypw,dnr,hmr
1070532,126,124,129,125,133,ftp,num,pol,rda,hmr
1070533,137,134,138,129,132,rtj,mue,rbk,pol,owi
1070534,138,127,129,126,134,rbk,dnr,pol,ftp,mue
1070535,125,138,131,136,134,rda,rbk,wch,cdu,mue
1070536,137,133,139,127,123,rtj,hmr,qfs,dnr,ypw
1070537,123,126,122,130,124,ypw,ftp,rup,ypz,num
1070538,132,134,133,123,139,owi,mue,hmr,ypw,qfs
1070539,123,125,137,127,136,ypw,rda,rtj,dnr,cdu
1070540,138,132,127,139,137,rbk,owi,dnr,qfs,rtj
1070541,133,131,135,129,128,hmr,wch,mhp,pol,ljy
1070542,123,132,135,137,126,ypw,owi,mhp,rtj,ftp
1070543,137,126,130,121,139,rtj,ftp,ypz,afe,qfs
1070544,136,129,124,127,123,cdu,pol,num,dnr,ypw
1070545,138,125,136,124,132,rbk,rda,cdu,num,owi
1070546,121,137,127,139,140,afe,rtj,dnr,qfs,rxq
1070547,127,123,126,121,131,dnr,ypw,ftp,afe,wch
1070548,135,121,122,136,126,mhp,afe,rup,cdu,ftp
1070549,128,122,135,121,133,ljy,rup,mhp,afe,hmr
1070550,140,129,122,133,132,rxq,pol,rup,hmr,owi
1070551,131,130,132,139,140,wch,ypz,owi,qfs,rxq
1070552,135,126,138,133,129,mhp,ftp,rbk,hmr,pol
1070553,122,130,140,134,129,rup,ypz,rxq,mue,pol
1070554,127,138,121,130,139,dnr,rbk,afe,ypz,qfs
1070555,123,139,126,140,122,ypw,qfs,ftp,rxq,rup
1070556,139,132,124,123,130,qfs,owi,num,ypw,ypz
1070557,140,124,126,121,139,rxq,num,ftp,afe,qfs
1070558,127,122,123,121,135,dnr,rup,ypw,afe,mhp
1070559,132,133,127,140,131,owi,hmr,dnr,rxq,wch
1070560,122,140,132,135,138,rup,rxq,owi,mhp,rbk
1070561,123,127,140,130,129,ypw,dnr,rxq,ypz,pol
1070562,122,126,137,131,123,rup,ftp,rtj,wch,ypw
1070563,131,124,139,138,132,wch,num,qfs,rbk,owi
1070564,125,129,130,134,140,rda,pol,ypz,mue,rxq
1070565,127,123,133,128,132,dnr,ypw,hmr,ljy,owi
1070566,134,139,136,128,133,mue,qfs,cdu,ljy,hmr
1070567,126,121,122,128,127,ftp,afe,rup,ljy,dnr
1070568,123,122,124,130,131,ypw,rup,num,ypz,wch
1070569,122,129,128,131,134,rup,pol,ljy,wch,mue
1070570,133,140,138,131,122,hmr,rxq,rbk,wch,rup
1070571,122,127,130,140,139,rup,dnr,ypz,rxq,qfs
1070572,126,134,132,124,121,ftp,mue,owi,num,afe
1070573,134,123,125,131,124,mue,ypw,rda,wch,num
1070574,130,132,126,128,133,ypz,owi,ftp,ljy,hmr
1070575,125,124,122,140,126,rda,num,rup,rxq,ftp
1070576,128,138,140,135,139,ljy,rbk,rxq,mhp,qfs
1070577,140,130,124,129,133,rxq,ypz,num,pol,hmr
1070578,134,137,136,130,129,mue,rtj,cdu,ypz,pol
1070579,136,126,139,129,140,cdu,ftp,qfs,pol,rxq
1070580,124,125,134,121,136,num,rda,mue,afe,cdu
1070581,126,130,125,135,122,ftp,ypz,rda,mhp,rup
1070582,126,136,125,135,124,ftp,cdu,rda,mhp,num
1070583,121,123,140,136,138,afe,ypw,rxq,cdu,rbk
1070584,135,136,125,123,122,mhp,cdu,rda,ypw,rup
1070585,140,128,127,129,123,rxq,ljy,dnr,pol,ypw
1070586,132,135,126,121,136,owi,mhp,ftp,afe,cdu
1070587,129,127,123,137,124,pol,dnr,ypw,rtj,num
1070588,137,132,134,126,130,rtj,owi,mue,ftp,ypz
1070589,139,121,125,130,134,qfs,afe,rda,ypz,mue
1070590,137,125,136,124,127,rtj,rda,cdu,num,dnr
1070591,130,121,136,127,137,ypz,afe,cdu,dnr,rtj
1070592,135,129,140,138,125,mhp,pol,rxq,rbk,rda
1070593,126,125,137,128,122,ftp,rda,rtj,ljy,rup
1070594,132,139,126,137,134,owi,qfs,ftp,rtj,mue
1070595,128,139,134,129,131,ljy,qfs,mue,pol,wch
1070596,135,126,121,129,136,mhp,ftp,afe,pol,cdu
1070597,134,123,130,127,128,mue,ypw,ypz,dnr,ljy
1070598,129,125,127,132,134,pol,rda,dnr,owi,mue
1070599,137,123,133,132,128,rtj,ypw,hmr,owi,ljy
1070600,135,136,124,138,121,mhp,cdu,num,rbk,afe
1080001,146,149,148,159,153,web,ulm,xzj,okh,xfh
1080002,156,150,153,141,152,qaf,etk,xfh,ays,qeb
1080003,148,147,150,153,141,xzj,lwc,etk,xfh,ays
1080004,150,152,151,147,149,etk,qeb,lpu,lwc,ulm
1080005,143,147,157,151,156,cur,lwc,prk,lpu,qaf
1080006,146,149,148,141,153,web,ulm,xzj,ays,xfh
1080007,159,148,158,145,152,okh,xzj,rhj,csn,qeb
1080008,156,153,142,143,146,qaf,xfh,fmq,cur,web
1080009,150,147,141,146,142,etk,lwc,ays,web,fmq
1080010,147,142,159,148,144,lwc,fmq,okh,xzj,gwx
1080011,150,147,159,145,149,etk,lwc,okh,csn,ulm
1080012,155,143,147,145,149,ivn,cur,lwc,csn,ulm
1080013,160,145,147,146,158,qps,csn,lwc,web,rhj
1080014,146,155,151,147,149,web,ivn,lpu,lwc,ulm
1080015,160,150,159,149,154,qps,etk,okh,ulm,dlu
1080016,155,158,157,144,142,ivn,rhj,prk,gwx,fmq
1080017,152,153,149,150,155,qeb,xfh,ulm,etk,ivn
1080018,144,159,155,154,157,gwx,okh,ivn,dlu,prk
1080019,151,159,147,143,148,lpu,okh,lwc,cur,xzj
1080020,156,151,157,149,145,qaf,lpu,prk,ulm,csn
1080021,144,146,155,142,159,gwx,web,ivn,fmq,okh
1080022,145,160,143,153,150,csn,qps,cur,xfh,etk
1080023,154,152,146,143,157,dlu,qeb,web,cur,prk
1080024,159,153,148,149,141,okh,xfh,xzj,ulm,ays
1080025,150,160,157,156,142,etk,qps,prk,qaf,fmq
1080026,142,148,158,145,157,fmq,xzj,rhj,csn,prk
1080027,143,156,153,147,150,cur,qaf,xfh,lwc,etk
1080028,144,154,151,152,146,gwx,dlu,lpu,qeb,web
1080029,160,142,144,150,154,qps,fmq,gwx,etk,dlu
1080030,151,141,147,153,154,lpu,ays,lwc,xfh,dlu
1080031,160,152,142,148,145,qps,qeb,fmq,xzj,csn
1080032,160,151,155,148,144,qps,lpu,ivn,xzj,gwx
1080033,141,147,151,153,146,ays,lwc,lpu,xfh,web
1080034,151,154,147,152,155,lpu,dlu,lwc,qeb,ivn
1080035,156,149,144,160,159,qaf,ulm,gwx,qps,okh
1080036,141,152,153,151,159,ays,qeb,xfh,lpu,okh
1080037,160,150,152,147,144,qps,etk,qeb,lwc,gwx
1080038,148,142,153,147,159,xzj,fmq,xfh,lwc,okh
1080039,151,147,142,158,141,lpu,lwc,fmq,rhj,ays
1080040,146,149,141,144,154,web,ulm,ays,gwx,dlu
1080041,142,155,158,148,141,fmq,ivn,rhj,xzj,ays
1080042,147,141,150,143,151,lwc,ays,etk,cur,lpu
1080043,160,146,158,145,156,qps,web,rhj,csn,qaf
1080044,157,159,149,144,156,prk,okh,ulm,gwx,qaf
1080045,155,150,153,141,157,ivn,etk,xfh,ays,prk
1080046,141,158,160,154,149,ays,rhj,qps,dlu,ulm
1080047,160,142,149,156,148,qps,fmq,ulm,qaf,xzj
1080048,142,143,160,145,159,fmq,cur,qps,csn,okh
1080049,154,152,142,146,144,dlu,qeb,fmq,web,gwx
1080050,145,149,151,144,156,csn,ulm,lpu,gwx,qaf
1080051,160,153,145,148,150,qps,xfh,csn,xzj,etk
1080052,157,146,152,141,160,prk,web,qeb,ays,qps
1080053,152,145,143,149,155,qeb,csn,cur,ulm,ivn
1080054,147,158,157,148,141,lwc,rhj,prk,xzj,ays
1080055,159,151,153,149,155,okh,lpu,xfh,ulm,ivn
1080056,145,154,158,150,147,csn,dlu,rhj,etk,lwc
1080057,149,148,146,158,151,ulm,xzj,web,rhj,lpu
1080058,159,148,158,152,141,okh,xzj,rhj,qeb,ays
1080059,159,141,145,142,150,okh,ays,csn,fmq,etk
1080060,153,159,152,146,142,xfh,okh,qeb,web,fmq
1080061,142,146,159,149,143,fmq,web,okh,ulm,cur
1080062,154,156,160,141,157,dlu,qaf,qps,ays,prk
1080063,151,154,153,160,142,lpu,dlu,xfh,qps,fmq
1080064,145,160,158,148,149,csn,qps,rhj,xzj,ulm
1080065,157,141,156,146,150,prk,ays,qaf,web,etk
1080066,151,142,146,160,156,lpu,fmq,web,qps,qaf
1080067,154,153,146,152,141,dlu,xfh,web,qeb,ays
1080068,154,145,147,150,143,dlu,csn,lwc,etk,cur
1080069,148,144,156,141,151,xzj,gwx,qaf,ays,lpu
1080070,141,155,145,151,154,ays,ivn,csn,lpu,dlu
1080071,156,143,151,152,159,qaf,cur,lpu,qeb,okh
1080072,148,160,147,155,153,xzj,qps,lwc,ivn,xfh
1080073,154,147,153,159,149,dlu,lwc,xfh,okh,ulm
1080074,159,155,156,142,153,okh,ivn,qaf,fmq,xfh
1080075,160,150,159,154,152,qps,etk,okh,dlu,qeb
1080076,154,157,156,158,146,dlu,prk,qaf,rhj,web
1080077,159,151,157,142,154,okh,lpu,prk,fmq,dlu
1080078,149,154,157,146,156,ulm,dlu,prk,web,qaf
1080079,149,157,146,142,145,ulm,prk,web,fmq,csn
1080080,145,142,147,158,160,csn,fmq,lwc,rhj,qps
1080081,143,159,142,148,152,cur,okh,fmq,xzj,qeb
1080082,150,160,153,147,145,etk,qps,xfh,lwc,csn
1080083,144,152,149,147,159,gwx,qeb,ulm,lwc,okh
1080084,158,142,141,157,147,rhj,fmq,ays,prk,lwc
1080085,159,145,155,158,148,okh,csn,ivn,rhj,xzj
1080086,147,142,145,149,160,lwc,fmq,csn,ulm,qps
1080087,151,157,160,153,142,lpu,prk,qps,xfh,fmq
1080088,142,146,158,153,143,fmq,web,rhj,xfh,cur
1080089,149,159,143,147,144,ulm,okh,cur,lwc,gwx
1080090,154,156,144,141,142,dlu,qaf,gwx,ays,fmq
1080091,158,155,153,154,151,rhj,ivn,xfh,dlu,lpu
1080092,159,153,144,158,143,okh,xfh,gwx,rhj,cur
1080093,143,154,146,144,141,cur,dlu,web,gwx,ays
1080094,154,144,157,151,142,dlu,gwx,prk,lpu,fmq
1080095,147,144,143,152,151,lwc,gwx,cur,qeb,lpu
1080096,155,141,156,151,143,ivn,ays,qaf,lpu,cur
1080097,146,143,148,157,149,web,cur,xzj,prk,ulm
1080098,155,143,147,144,153,ivn,cur,lwc,gwx,xfh
1080099,156,158,145,155,157,qaf,rhj,csn,ivn,prk
1080100,157,153,149,141,145,prk,xfh,ulm,ays,csn
1080101,141,154,143,147,160,ays,dlu,cur,lwc,qps
1080102,156,160,141,142,146,qaf,qps,ays,fmq,web
1080103,147,155,145,158,152,lwc,ivn,csn,rhj,qeb
1080104,149,147,141,145,146,ulm,lwc,ays,csn,web
1080105,150,160,143,151,147,etk,qps,cur,lpu,lwc
1080106,148,153,144,147,160,xzj,xfh,gwx,lwc,qps
1080107,151,144,157,153,148,lpu,gwx,prk,xfh,xzj
1080108,147,158,154,152,155,lwc,rhj,dlu,qeb,ivn
1080109,153,147,141,155,157,xfh,lwc,ays,ivn,prk
1080110,150,141,154,155,153,etk,ays,dlu,ivn,xfh
1080111,158,143,154,148,141,rhj,cur,dlu,xzj,ays
1080112,149,157,147,150,146,ulm,prk,lwc,etk,web
1080113,152,144,157,156,148,qeb,gwx,prk,qaf,xzj
1080114,156,160,145,153,157,qaf,qps,csn,xfh,prk
1080115,155,153,154,150,149,ivn,xfh,dlu,etk,ulm
1080116,159,158,151,160,141,okh,rhj,lpu,qps,ays
1080117,141,145,153,148,147,ays,csn,xfh,xzj,lwc
1080118,150,158,149,156,160,etk,rhj,ulm,qaf,qps
1080119,155,144,152,151,143,ivn,gwx,qeb,lpu,cur
1080120,152,157,150,146,151,qeb,prk,etk,web,lpu
1080121,158,145,141,150,146,rhj,csn,ays,etk,web
1080122,148,142,158,159,154,xzj,fmq,rhj,okh,dlu
1080123,158,150,146,153,149,rhj,etk,web,xfh,ulm
1080124,148,153,152,149,144,xzj,xfh,qeb,ulm,gwx
1080125,158,142,155,141,153,rhj,fmq,ivn,ays,xfh
1080126,149,143,148,157,145,ulm,cur,xzj,prk,csn
1080127,152,146,159,149,155,qeb,web,okh,ulm,ivn
1080128,156,154,152,148,147,qaf,dlu,qeb,xzj,lwc
1080129,160,143,142,150,141,qps,cur,fmq,etk,ays
1080130,160,150,149,157,159,qps,etk,ulm,prk,okh
1080131,155,150,149,154,153,ivn,etk,ulm,dlu,xfh
1080132,147,150,142,149,145,lwc,etk,fmq,ulm,csn
1080133,150,149,157,143,153,etk,ulm,prk,cur,xfh
1080134,147,144,142,156,154,lwc,gwx,fmq,qaf,dlu
1080135,156,143,151,157,152,qaf,cur,lpu,prk,qeb
1080136,147,148,160,151,145,lwc,xzj,qps,lpu,csn
1080137,150,154,141,159,144,etk,dlu,ays,okh,gwx
1080138,154,149,141,153,150,dlu,ulm,ays,xfh,etk
1080139,152,148,157,145,153,qeb,xzj,prk,csn,xfh
1080140,141,144,149,156,146,ays,gwx,ulm,qaf,web
1080141,152,156,147,155,158,qeb,qaf,lwc,ivn,rhj
1080142,158,146,156,159,151,rhj,web,qaf,okh,lpu
1080143,160,144,143,157,142,qps,gwx,cur,prk,fmq
1080144,157,147,141,150,151,prk,lwc,ays,etk,lpu
1080145,150,155,148,141,144,etk,ivn,xzj,ays,gwx
1080146,152,149,150,154,144,qeb,ulm,etk,dlu,gwx
1080147,154,149,156,159,153,dlu,ulm,qaf,okh,xfh
1080148,142,154,150,149,143,fmq,dlu,etk,ulm,cur
1080149,157,142,149,151,145,prk,fmq,ulm,lpu,csn
1080150,156,149,154,155,148,qaf,ulm,dlu,ivn,xzj
1080151,145,141,158,147,159,csn,ays,rhj,lwc,okh
1080152,147,142,150,149,151,lwc,fmq,etk,ulm,lpu
1080153,147,144,143,157,160,lwc,gwx,cur,prk,qps
1080154,152,144,149,157,156,qeb,gwx,ulm,prk,qaf
1080155,142,151,145,154,152,fmq,lpu,csn,dlu,qeb
1080156,141,144,151,156,143,ays,gwx,lpu,qaf,cur
1080157,152,148,147,156,157,qeb,xzj,lwc,qaf,prk
1080158,146,150,143,152,154,web,etk,cur,qeb,dlu
1080159,152,150,154,146,142,qeb,etk,dlu,web,fmq
1080160,154,153,148,147,157,dlu,xfh,xzj,lwc,prk
1080161,157,147,151,152,145,prk,lwc,lpu,qeb,csn
1080162,158,149,147,154,156,rhj,ulm,lwc,dlu,qaf
1080163,141,154,145,146,144,ays,dlu,csn,web,gwx
1080164,145,160,148,144,149,csn,qps,xzj,gwx,ulm
1080165,155,149,152,151,141,ivn,ulm,qeb,lpu,ays
1080166,146,160,158,143,154,web,qps,rhj,cur,dlu
1080167,146,158,150,159,149,web,rhj,etk,okh,ulm
1080168,159,158,157,147,153,okh,rhj,prk,lwc,xfh
1080169,156,160,158,150,151,qaf,qps,rhj,etk,lpu
1080170,159,144,156,160,155,okh,gwx,qaf,qps,ivn
1080171,150,157,155,144,156,etk,prk,ivn,gwx,qaf
1080172,153,146,152,155,156,xfh,web,qeb,ivn,qaf
1080173,148,152,155,153,151,xzj,qeb,ivn,xfh,lpu
1080174,160,154,149,159,147,qps,dlu,ulm,okh,lwc
1080175,154,156,158,143,147,dlu,qaf,rhj,cur,lwc
1080176,154,146,141,144,151,dlu,web,ays,gwx,lpu
1080177,150,151,148,156,147,etk,lpu,xzj,qaf,lwc
1080178,147,156,144,158,154,lwc,qaf,gwx,rhj,dlu
1080179,160,159,158,144,142,qps,okh,rhj,gwx,fmq
1080180,141,156,157,142,150,ays,qaf,prk,fmq,etk
1080181,141,154,150,149,158,ays,dlu,etk,ulm,rhj
1080182,147,149,152,143,150,lwc,ulm,qeb,cur,etk
1080183,153,149,158,157,152,xfh,ulm,rhj,prk,qeb
1080184,150,159,153,149,152,etk,okh,xfh,ulm,qeb
1080185,143,154,151,152,155,cur,dlu,lpu,qeb,ivn
1080186,150,144,154,146,152,etk,gwx,dlu,web,qeb
1080187,152,151,154,146,155,qeb,lpu,dlu,web,ivn
1080188,157,147,152,158,149,prk,lwc,qeb,rhj,ulm
1080189,143,148,149,145,151,cur,xzj,ulm,csn,lpu
1080190,152,149,153,147,145,qeb,ulm,xfh,lwc,csn
1080191,149,152,144,150,159,ulm,qeb,gwx,etk,okh
1080192,156,159,160,157,148,qaf,okh,qps,prk,xzj
1080193,147,145,149,157,151,lwc,csn,ulm,prk,lpu
1080194,159,155,150,144,143,okh,ivn,etk,gwx,cur
1080195,143,146,147,141,158,cur,web,lwc,ays,rhj
1080196,149,152,154,159,158,ulm,qeb,dlu,okh,rhj
1080197,152,142,153,143,149,qeb,fmq,xfh,cur,ulm
1080198,160,146,145,143,148,qps,web,csn,cur,xzj
1080199,146,158,153,154,157,web,rhj,xfh,dlu,prk
1080200,153,154,147,158,155,xfh,dlu,lwc,rhj,ivn
1080201,160,155,148,159,146,qps,ivn,xzj,okh,web
1080202,157,142,147,145,141,prk,fmq,lwc,csn,ays
1080203,157,144,153,146,148,prk,gwx,xfh,web,xzj
1080204,142,151,159,149,146,fmq,lpu,okh,ulm,web
1080205,148,143,146,145,156,xzj,cur,web,csn,qaf
1080206,148,144,150,160,149,xzj,gwx,etk,qps,ulm
1080207,151,157,150,154,160,lpu,prk,etk,dlu,qps
1080208,156,160,153,157,149,qaf,qps,xfh,prk,ulm
1080209,157,152,145,141,154,prk,qeb,csn,ays,dlu
1080210,158,142,156,155,149,rhj,fmq,qaf,ivn,ulm
1080211,158,141,150,144,151,rhj,ays,etk,gwx,lpu
1080212,154,155,150,159,146,dlu,ivn,etk,okh,web
1080213,142,153,148,156,147,fmq,xfh,xzj,qaf,lwc
1080214,153,160,143,151,141,xfh,qps,cur,lpu,ays
1080215,154,152,155,159,145,dlu,qeb,ivn,okh,csn
1080216,141,142,145,151,147,ays,fmq,csn,lpu,lwc
1080217,146,157,143,144,145,web,prk,cur,gwx,csn
1080218,154,156,158,153,141,dlu,qaf,rhj,xfh,ays
1080219,158,152,159,145,149,rhj,qeb,okh,csn,ulm
1080220,150,141,142,149,146,etk,ays,fmq,ulm,web
1080221,148,145,147,142,153,xzj,csn,lwc,fmq,xfh
1080222,158,155,153,143,145,rhj,ivn,xfh,cur,csn
1080223,158,147,157,159,141,rhj,lwc,prk,okh,ays
1080224,143,150,151,144,155,cur,etk,lpu,gwx,ivn
1080225,145,141,152,157,148,csn,ays,qeb,prk,xzj
1080226,142,151,157,160,149,fmq,lpu,prk,qps,ulm
1080227,144,155,156,154,149,gwx,ivn,qaf,dlu,ulm
1080228,159,160,149,152,150,okh,qps,ulm,qeb,etk
1080229,145,144,156,153,152,csn,gwx,qaf,xfh,qeb
1080230,160,148,159,152,147,qps,xzj,okh,qeb,lwc
1080231,150,143,156,142,146,etk,cur,qaf,fmq,web
1080232,155,142,154,153,151,ivn,fmq,dlu,xfh,lpu
1080233,153,152,154,160,156,xfh,qeb,dlu,qps,qaf
1080234,160,158,144,153,143,qps,rhj,gwx,xfh,cur
1080235,149,157,155,144,160,ulm,prk,ivn,gwx,qps
1080236,158,153,152,157,155,rhj,xfh,qeb,prk,ivn
1080237,146,159,158,144,141,web,okh,rhj,gwx,ays
1080238,150,160,145,156,148,etk,qps,csn,qaf,xzj
1080239,152,143,148,142,145,qeb,cur,xzj,fmq,csn
1080240,160,149,148,146,145,qps,ulm,xzj,web,csn
1080241,144,147,141,154,149,gwx,lwc,ays,dlu,ulm
1080242,152,141,150,148,158,qeb,ays,etk,xzj,rhj
1080243,154,146,150,158,141,dlu,web,etk,rhj,ays
1080244,157,155,148,147,153,prk,ivn,xzj,lwc,xfh
1080245,157,149,160,151,141,prk,ulm,qps,lpu,ays
1080246,155,153,147,151,157,ivn,xfh,lwc,lpu,prk
1080247,144,151,153,152,154,gwx,lpu,xfh,qeb,dlu
1080248,154,150,151,143,147,dlu,etk,lpu,cur,lwc
1080249,144,142,156,143,152,gwx,fmq,qaf,cur,qeb
1080250,148,144,146,160,159,xzj,gwx,web,qps,okh
1080251,147,151,158,148,160,lwc,lpu,rhj,xzj,qps
1080252,142,149,158,155,141,fmq,ulm,rhj,ivn,ays
1080253,155,144,153,152,158,ivn,gwx,xfh,qeb,rhj
1080254,146,158,148,145,141,web,rhj,xzj,csn,ays
1080255,159,141,160,143,153,okh,ays,qps,cur,xfh
1080256,146,148,153,155,144,web,xzj,xfh,ivn,gwx
1080257,159,143,144,146,157,okh,cur,gwx,web,prk
1080258,154,142,159,145,156,dlu,fmq,okh,csn,qaf
1080259,150,159,146,147,149,etk,okh,web,lwc,ulm
1080260,151,148,152,146,145,lpu,xzj,qeb,web,csn
1080261,145,156,152,144,150,csn,qaf,qeb,gwx,etk
1080262,152,150,160,142,157,qeb,etk,qps,fmq,prk
1080263,150,141,145,157,144,etk,ays,csn,prk,gwx
1080264,142,159,156,153,160,fmq,okh,qaf,xfh,qps
1080265,157,150,141,151,144,prk,etk,ays,lpu,gwx
1080266,148,159,153,154,145,xzj,okh,xfh,dlu,csn
1080267,158,148,149,145,143,rhj,xzj,ulm,csn,cur
1080268,152,154,141,159,146,qeb,dlu,ays,okh,web
1080269,142,158,156,148,152,fmq,rhj,qaf,xzj,qeb
1080270,149,150,151,157,142,ulm,etk,lpu,prk,fmq
1080271,160,153,145,149,157,qps,xfh,csn,ulm,prk
1080272,143,153,159,146,155,cur,xfh,okh,web,ivn
1080273,142,153,144,141,157,fmq,xfh,gwx,ays,prk
1080274,157,156,143,149,159,prk,qaf,cur,ulm,okh
1080275,142,145,150,149,154,fmq,csn,etk,ulm,dlu
1080276,158,143,153,146,145,rhj,cur,xfh,web,csn
1080277,145,154,147,148,157,csn,dlu,lwc,xzj,prk
1080278,154,146,157,151,148,dlu,web,prk,lpu,xzj
1080279,141,157,153,144,154,ays,prk,xfh,gwx,dlu
1080280,156,143,153,149,152,qaf,cur,xfh,ulm,qeb
1080281,153,155,149,159,144,xfh,ivn,ulm,okh,gwx
1080282,149,141,153,146,157,ulm,ays,xfh,web,prk
1080283,146,156,141,153,158,web,qaf,ays,xfh,rhj
1080284,158,155,156,144,150,rhj,ivn,qaf,gwx,etk
1080285,143,151,148,157,160,cur,lpu,xzj,prk,qps
1080286,142,155,143,146,157,fmq,ivn,cur,web,prk
1080287,148,153,150,156,160,xzj,xfh,etk,qaf,qps
1080288,146,158,155,160,150,web,rhj,ivn,qps,etk
1080289,152,145,150,141,153,qeb,csn,etk,ays,xfh
1080290,151,143,159,154,144,lpu,cur,okh,dlu,gwx
1080291,151,144,142,149,158,lpu,gwx,fmq,ulm,rhj
1080292,160,150,145,142,149,qps,etk,csn,fmq,ulm
1080293,145,160,152,141,144,csn,qps,qeb,ays,gwx
1080294,143,141,157,148,154,cur,ays,prk,xzj,dlu
1080295,147,142,160,146,148,lwc,fmq,qps,web,xzj
1080296,144,155,158,153,156,gwx,ivn,rhj,xfh,qaf
1080297,159,153,157,156,145,okh,xfh,prk,qaf,csn
1080298,152,160,159,149,157,qeb,qps,okh,ulm,prk
1080299,142,145,151,150,149,fmq,csn,lpu,etk,ulm
1080300,154,153,159,146,148,dlu,xfh,okh,web,xzj
1080301,153,155,156,151,152,xfh,ivn,qaf,lpu,qeb
1080302,148,150,153,154,151,xzj,etk,xfh,dlu,lpu
1080303,160,142,154,158,141,qps,fmq,dlu,rhj,ays
1080304,144,148,143,150,149,gwx,xzj,cur,etk,ulm
1080305,150,148,151,146,155,etk,xzj,lpu,web,ivn
1080306,154,142,146,147,145,dlu,fmq,web,lwc,csn
1080307,154,141,153,152,143,dlu,ays,xfh,qeb,cur
1080308,157,148,151,153,158,prk,xzj,lpu,xfh,rhj
1080309,151,141,154,152,157,lpu,ays,dlu,qeb,prk
1080310,157,153,152,143,142,prk,xfh,qeb,cur,fmq
1080311,156,149,143,146,159,qaf,ulm,cur,web,okh
1080312,152,156,155,148,159,qeb,qaf,ivn,xzj,okh
1080313,158,143,154,156,151,rhj,cur,dlu,qaf,lpu
1080314,160,144,154,152,145,qps,gwx,dlu,qeb,csn
1080315,142,147,143,157,158,fmq,lwc,cur,prk,rhj
1080316,151,154,145,160,143,lpu,dlu,csn,qps,cur
1080317,144,159,142,155,150,gwx,okh,fmq,ivn,etk
1080318,156,157,145,148,149,qaf,prk,csn,xzj,ulm
1080319,145,159,150,154,141,csn,okh,etk,dlu,ays
1080320,145,155,143,148,147,csn,ivn,cur,xzj,lwc
1080321,145,150,148,149,159,csn,etk,xzj,ulm,okh
1080322,152,141,145,160,142,qeb,ays,csn,qps,fmq
1080323,144,150,160,146,151,gwx,etk,qps,web,lpu
1080324,150,154,147,153,158,etk,dlu,lwc,xfh,rhj
1080325,144,150,151,153,156,gwx,etk,lpu,xfh,qaf
1080326,159,153,145,147,148,okh,xfh,csn,lwc,xzj
1080327,159,149,160,141,150,okh,ulm,qps,ays,etk
1080328,144,143,152,141,159,gwx,cur,qeb,ays,okh
1080329,158,159,156,144,160,rhj,okh,qaf,gwx,qps
1080330,144,150,145,153,151,gwx,etk,csn,xfh,lpu
1080331,160,141,145,142,144,qps,ays,csn,fmq,gwx
1080332,160,151,159,155,156,qps,lpu,okh,ivn,qaf
1080333,146,144,154,150,156,web,gwx,dlu,etk,qaf
1080334,153,147,156,151,152,xfh,lwc,qaf,lpu,qeb
1080335,154,145,156,149,142,dlu,csn,qaf,ulm,fmq
1080336,144,159,142,145,151,gwx,okh,fmq,csn,lpu
1080337,143,155,141,148,153,cur,ivn,ays,xzj,xfh
1080338,141,154,145,160,146,ays,dlu,csn,qps,web
1080339,149,144,155,160,146,ulm,gwx,ivn,qps,web
1080340,144,152,158,143,156,gwx,qeb,rhj,cur,qaf
1080341,150,152,158,143,141,etk,qeb,rhj,cur,ays
1080342,160,144,148,157,153,qps,gwx,xzj,prk,xfh
1080343,150,147,160,157,148,etk,lwc,qps,prk,xzj
1080344,150,160,153,154,159,etk,qps,xfh,dlu,okh
1080345,156,147,145,158,142,qaf,lwc,csn,rhj,fmq
1080346,152,148,154,151,149,qeb,xzj,dlu,lpu,ulm
1080347,156,151,145,144,158,qaf,lpu,csn,gwx,rhj
1080348,156,148,142,143,144,qaf,xzj,fmq,cur,gwx
1080349,160,159,153,151,156,qps,okh,xfh,lpu,qaf
1080350,145,143,153,148,150,csn,cur,xfh,xzj,etk
1080351,160,149,150,147,151,qps,ulm,etk,lwc,lpu
1080352,155,150,147,149,144,ivn,etk,lwc,ulm,gwx
1080353,154,160,148,146,156,dlu,qps,xzj,web,qaf
1080354,159,155,150,153,142,okh,ivn,etk,xfh,fmq
1080355,141,150,148,153,159,ays,etk,xzj,xfh,okh
1080356,156,147,148,146,160,qaf,lwc,xzj,web,qps
1080357,159,145,156,146,141,okh,csn,qaf,web,ays
1080358,148,155,145,153,149,xzj,ivn,csn,xfh,ulm
1080359,157,152,142,159,158,prk,qeb,fmq,okh,rhj
1080360,151,152,144,148,160,lpu,qeb,gwx,xzj,qps
1080361,145,157,142,156,155,csn,prk,fmq,qaf,ivn
1080362,158,146,159,154,151,rhj,web,okh,dlu,lpu
1080363,154,157,147,146,153,dlu,prk,lwc,web,xfh
1080364,147,156,154,142,141,lwc,qaf,dlu,fmq,ays
1080365,145,143,150,148,152,csn,cur,etk,xzj,qeb
1080366,155,154,153,149,147,ivn,dlu,xfh,ulm,lwc
1080367,155,149,154,145,158,ivn,ulm,dlu,csn,rhj
1080368,159,151,153,144,160,okh,lpu,xfh,gwx,qps
1080369,149,158,143,147,144,ulm,rhj,cur,lwc,gwx
1080370,142,156,159,141,154,fmq,qaf,okh,ays,dlu
1080371,142,157,160,149,150,fmq,prk,qps,ulm,etk
1080372,142,152,151,155,157,fmq,qeb,lpu,ivn,prk
1080373,141,159,144,142,152,ays,okh,gwx,fmq,qeb
1080374,155,145,150,153,157,ivn,csn,etk,xfh,prk
1080375,157,149,142,148,145,prk,ulm,fmq,xzj,csn
1080376,151,158,146,147,141,lpu,rhj,web,lwc,ays
1080377,153,160,150,146,148,xfh,qps,etk,web,xzj
1080378,150,153,143,144,156,etk,xfh,cur,gwx,qaf
1080379,150,157,147,158,156,etk,prk,lwc,rhj,qaf
1080380,151,155,145,146,147,lpu,ivn,csn,web,lwc
1080381,151,143,157,149,158,lpu,cur,prk,ulm,rhj
1080382,142,153,143,152,159,fmq,xfh,cur,qeb,okh
1080383,152,147,160,153,144,qeb,lwc,qps,xfh,gwx
1080384,144,142,146,151,149,gwx,fmq,web,lpu,ulm
1080385,147,151,146,159,156,lwc,lpu,web,okh,qaf
1080386,147,157,148,159,158,lwc,prk,xzj,okh,rhj
1080387,160,150,155,144,149,qps,etk,ivn,gwx,ulm
1080388,149,144,154,159,150,ulm,gwx,dlu,okh,etk
1080389,160,151,142,152,157,qps,lpu,fmq,qeb,prk
1080390,156,151,158,145,147,qaf,lpu,rhj,csn,lwc
1080391,144,146,156,142,147,gwx,web,qaf,fmq,lwc
1080392,142,144,154,147,157,fmq,gwx,dlu,lwc,prk
1080393,155,149,153,151,158,ivn,ulm,xfh,lpu,rhj
1080394,143,142,154,156,147,cur,fmq,dlu,qaf,lwc
1080395,155,153,148,159,151,ivn,xfh,xzj,okh,lpu
1080396,157,148,145,152,141,prk,xzj,csn,qeb,ays
1080397,156,145,148,151,155,qaf,csn,xzj,lpu,ivn
1080398,157,158,145,141,143,prk,rhj,csn,ays,cur
1080399,143,157,146,151,144,cur,prk,web,lpu,gwx
1080400,146,157,149,156,147,web,prk,ulm,qaf,lwc
1080401,142,154,150,159,157,fmq,dlu,etk,okh,prk
1080402,155,158,145,142,153,ivn,rhj,csn,fmq,xfh
1080403,159,148,143,151,145,okh,xzj,cur,lpu,csn
1080404,149,150,157,151,153,ulm,etk,prk,lpu,xfh
1080405,156,143,142,152,147,qaf,cur,fmq,qeb,lwc
1080406,153,157,158,159,155,xfh,prk,rhj,okh,ivn
1080407,148,144,147,142,156,xzj,gwx,lwc,fmq,qaf
1080408,143,147,158,150,153,cur,lwc,rhj,etk,xfh
1080409,141,145,153,159,143,ays,csn,xfh,okh,cur
1080410,147,148,143,158,151,lwc,xzj,cur,rhj,lpu
1080411,146,151,143,152,142,web,lpu,cur,qeb,fmq
1080412,152,157,145,141,150,qeb,prk,csn,ays,etk
1080413,157,148,158,151,160,prk,xzj,rhj,lpu,qps
1080414,145,156,150,141,155,csn,qaf,etk,ays,ivn
1080415,141,153,150,148,146,ays,xfh,etk,xzj,web
1080416,154,146,147,155,145,dlu,web,lwc,ivn,csn
1080417,148,144,156,143,142,xzj,gwx,qaf,cur,fmq
1080418,144,160,146,153,142,gwx,qps,web,xfh,fmq
1080419,160,143,152,157,156,qps,cur,qeb,prk,qaf
1080420,160,158,149,157,141,qps,rhj,ulm,prk,ays
1080421,158,151,159,156,141,rhj,lpu,okh,qaf,ays
1080422,149,145,148,150,151,ulm,csn,xzj,etk,lpu
1080423,152,151,143,141,145,qeb,lpu,cur,ays,csn
1080424,160,148,158,141,145,qps,xzj,rhj,ays,csn
1080425,153,141,146,160,157,xfh,ays,web,qps,prk
1080426,148,152,150,156,146,xzj,qeb,etk,qaf,web
1080427,149,154,144,158,156,ulm,dlu,gwx,rhj,qaf
1080428,157,151,156,148,145,prk,lpu,qaf,xzj,csn
1080429,145,144,156,147,154,csn,gwx,qaf,lwc,dlu
1080430,157,144,149,150,155,prk,gwx,ulm,etk,ivn
1080431,154,145,146,153,149,dlu,csn,web,xfh,ulm
1080432,151,157,158,145,153,lpu,prk,rhj,csn,xfh
1080433,156,142,141,150,160,qaf,fmq,ays,etk,qps
1080434,151,150,153,144,146,lpu,etk,xfh,gwx,web
1080435,143,144,160,158,155,cur,gwx,qps,rhj,ivn
1080436,144,159,147,142,155,gwx,okh,lwc,fmq,ivn
1080437,160,148,142,145,141,qps,xzj,fmq,csn,ays
1080438,149,145,156,157,141,ulm,csn,qaf,prk,ays
1080439,153,146,142,158,141,xfh,web,fmq,rhj,ays
1080440,141,160,143,152,142,ays,qps,cur,qeb,fmq
1080441,143,147,151,153,160,cur,lwc,lpu,xfh,qps
1080442,145,144,150,155,158,csn,gwx,etk,ivn,rhj
1080443,151,143,147,142,145,lpu,cur,lwc,fmq,csn
1080444,148,144,159,146,141,xzj,gwx,okh,web,ays
1080445,151,145,158,157,156,lpu,csn,rhj,prk,qaf
1080446,160,152,154,141,142,qps,qeb,dlu,ays,fmq
1080447,155,158,147,145,143,ivn,rhj,lwc,csn,cur
1080448,158,159,152,157,144,rhj,okh,qeb,prk,gwx
1080449,144,156,151,153,158,gwx,qaf,lpu,xfh,rhj
1080450,141,159,156,142,157,ays,okh,qaf,fmq,prk
1080451,151,154,141,143,156,lpu,dlu,ays,cur,qaf
1080452,155,148,154,151,158,ivn,xzj,dlu,lpu,rhj
1080453,152,148,142,145,157,qeb,xzj,fmq,csn,prk
1080454,153,150,156,157,149,xfh,etk,qaf,prk,ulm
1080455,156,148,143,150,142,qaf,xzj,cur,etk,fmq
1080456,157,147,152,141,150,prk,lwc,qeb,ays,etk
1080457,159,144,141,150,148,okh,gwx,ays,etk,xzj
1080458,160,145,142,159,150,qps,csn,fmq,okh,etk
1080459,150,143,141,149,154,etk,cur,ays,ulm,dlu
1080460,153,152,142,154,158,xfh,qeb,fmq,dlu,rhj
1080461,160,150,155,159,145,qps,etk,ivn,okh,csn
1080462,145,155,148,154,157,csn,ivn,xzj,dlu,prk
1080463,160,158,146,157,154,qps,rhj,web,prk,dlu
1080464,149,156,152,142,160,ulm,qaf,qeb,fmq,qps
1080465,147,144,154,153,145,lwc,gwx,dlu,xfh,csn
1080466,154,160,151,156,143,dlu,qps,lpu,qaf,cur
1080467,148,160,145,146,158,xzj,qps,csn,web,rhj
1080468,152,145,154,150,153,qeb,csn,dlu,etk,xfh
1080469,149,148,143,153,160,ulm,xzj,cur,xfh,qps
1080470,152,147,148,157,156,qeb,lwc,xzj,prk,qaf
1080471,159,142,153,147,144,okh,fmq,xfh,lwc,gwx
1080472,143,149,155,158,151,cur,ulm,ivn,rhj,lpu
1080473,157,148,151,149,154,prk,xzj,lpu,ulm,dlu
1080474,145,160,149,154,153,csn,qps,ulm,dlu,xfh
1080475,152,147,158,155,141,qeb,lwc,rhj,ivn,ays
1080476,157,147,155,143,156,prk,lwc,ivn,cur,qaf
1080477,148,159,144,152,150,xzj,okh,gwx,qeb,etk
1080478,155,152,142,159,151,ivn,qeb,fmq,okh,lpu
1080479,142,151,157,143,145,fmq,lpu,prk,cur,csn
1080480,160,155,156,143,152,qps,ivn,qaf,cur,qeb
1080481,141,159,154,143,146,ays,okh,dlu,cur,web
1080482,149,151,145,156,160,ulm,lpu,csn,qaf,qps
1080483,158,151,154,153,144,rhj,lpu,dlu,xfh,gwx
1080484,160,150,156,143,153,qps,etk,qaf,cur,xfh
1080485,149,150,143,148,156,ulm,etk,cur,xzj,qaf
1080486,143,151,149,156,146,cur,lpu,ulm,qaf,web
1080487,157,142,141,158,143,prk,fmq,ays,rhj,cur
1080488,147,144,143,159,158,lwc,gwx,cur,okh,rhj
1080489,152,145,154,159,146,qeb,csn,dlu,okh,web
1080490,147,154,145,153,157,lwc,dlu,csn,xfh,prk
1080491,144,145,146,160,156,gwx,csn,web,qps,qaf
1080492,148,153,143,149,142,xzj,xfh,cur,ulm,fmq
1080493,157,148,153,154,147,prk,xzj,xfh,dlu,lwc
1080494,141,142,158,152,154,ays,fmq,rhj,qeb,dlu
1080495,160,148,155,150,153,qps,xzj,ivn,etk,xfh
1080496,154,152,149,160,142,dlu,qeb,ulm,qps,fmq
1080497,143,154,145,158,152,cur,dlu,csn,rhj,qeb
1080498,153,141,151,160,154,xfh,ays,lpu,qps,dlu
1080499,144,151,141,159,145,gwx,lpu,ays,okh,csn
1080500,147,158,144,148,156,lwc,rhj,gwx,xzj,qaf
1080501,151,157,146,147,149,lpu,prk,web,lwc,ulm
1080502,154,146,149,155,148,dlu,web,ulm,ivn,xzj
1080503,151,156,147,148,160,lpu,qaf,lwc,xzj,qps
1080504,155,158,145,153,157,ivn,rhj,csn,xfh,prk
1080505,156,144,157,142,146,qaf,gwx,prk,fmq,web
1080506,150,152,153,160,157,etk,qeb,xfh,qps,prk
1080507,154,152,144,150,148,dlu,qeb,gwx,etk,xzj
1080508,155,149,142,160,159,ivn,ulm,fmq,qps,okh
1080509,155,152,149,157,150,ivn,qeb,ulm,prk,etk
1080510,146,144,142,143,153,web,gwx,fmq,cur,xfh
1080511,151,142,149,152,143,lpu,fmq,ulm,qeb,cur
1080512,146,153,154,145,150,web,xfh,dlu,csn,etk
1080513,155,159,143,152,158,ivn,okh,cur,qeb,rhj
1080514,148,151,150,147,142,xzj,lpu,etk,lwc,fmq
1080515,157,158,146,159,143,prk,rhj,web,okh,cur
1080516,147,141,144,151,156,lwc,ays,gwx,lpu,qaf
1080517,157,144,150,148,152,prk,gwx,etk,xzj,qeb
1080518,159,156,141,146,153,okh,qaf,ays,web,xfh
1080519,151,144,149,156,152,lpu,gwx,ulm,qaf,qeb
1080520,150,147,157,148,159,etk,lwc,prk,xzj,okh
1080521,158,145,155,146,149,rhj,csn,ivn,web,ulm
1080522,154,149,146,145,151,dlu,ulm,web,csn,lpu
1080523,154,152,142,151,157,dlu,qeb,fmq,lpu,prk
1080524,146,159,145,150,149,web,okh,csn,etk,ulm
1080525,154,147,142,152,141,dlu,lwc,fmq,qeb,ays
1080526,152,144,146,147,159,qeb,gwx,web,lwc,okh
1080527,141,153,143,149,150,ays,xfh,cur,ulm,etk
1080528,143,156,159,150,151,cur,qaf,okh,etk,lpu
1080529,148,158,150,143,144,xzj,rhj,etk,cur,gwx
1080530,149,151,141,154,160,ulm,lpu,ays,dlu,qps
1080531,156,145,143,147,153,qaf,csn,cur,lwc,xfh
1080532,146,144,149,145,153,web,gwx,ulm,csn,xfh
1080533,157,154,158,149,152,prk,dlu,rhj,ulm,qeb
1080534,158,147,149,146,154,rhj,lwc,ulm,web,dlu
1080535,145,158,151,156,154,csn,rhj,lpu,qaf,dlu
1080536,157,153,159,147,143,prk,xfh,okh,lwc,cur
1080537,143,146,142,150,144,cur,web,fmq,etk,gwx
1080538,152,154,153,143,159,qeb,dlu,xfh,cur,okh
1080539,143,145,157,147,156,cur,csn,prk,lwc,qaf
1080540,158,152,147,159,157,rhj,qeb,lwc,okh,prk
1080541,153,151,155,149,148,xfh,lpu,ivn,ulm,xzj
1080542,143,152,155,157,146,cur,qeb,ivn,prk,web
1080543,157,146,150,141,159,prk,web,etk,ays,okh
1080544,156,149,144,147,143,qaf,ulm,gwx,lwc,cur
1080545,158,145,156,144,152,rhj,csn,qaf,gwx,qeb
1080546,141,157,147,159,160,ays,prk,lwc,okh,qps
1080547,147,143,146,141,151,lwc,cur,web,ays,lpu
1080548,155,141,142,156,146,ivn,ays,fmq,qaf,web
1080549,148,142,155,141,153,xzj,fmq,ivn,ays,xfh
1080550,160,149,142,153,152,qps,ulm,fmq,xfh,qeb
1080551,151,150,152,159,160,lpu,etk,qeb,okh,qps
1080552,155,146,158,153,149,ivn,web,rhj,xfh,ulm
1080553,142,150,160,154,149,fmq,etk,qps,dlu,ulm
1080554,147,158,141,150,159,lwc,rhj,ays,etk,okh
1080555,143,159,146,160,142,cur,okh,web,qps,fmq
1080556,159,152,144,143,150,okh,qeb,gwx,cur,etk
1080557,160,144,146,141,159,qps,gwx,web,ays,okh
1080558,147,142,143,141,155,lwc,fmq,cur,ays,ivn
1080559,152,153,147,160,151,qeb,xfh,lwc,qps,lpu
1080560,142,160,152,155,158,fmq,qps,qeb,ivn,rhj
1080561,143,147,160,150,149,cur,lwc,qps,etk,ulm
1080562,142,146,157,151,143,fmq,web,prk,lpu,cur
1080563,151,144,159,158,152,lpu,gwx,okh,rhj,qeb
1080564,145,149,150,154,160,csn,ulm,etk,dlu,qps
1080565,147,143,153,148,152,lwc,cur,xfh,xzj,qeb
1080566,154,159,156,148,153,dlu,okh,qaf,xzj,xfh
1080567,146,141,142,148,147,web,ays,fmq,xzj,lwc
1080568,143,142,144,150,151,cur,fmq,gwx,etk,lpu
1080569,142,149,148,151,154,fmq,ulm,xzj,lpu,dlu
1080570,153,160,158,151,142,xfh,qps,rhj,lpu,fmq
1080571,142,147,150,160,159,fmq,lwc,etk,qps,okh
1080572,146,154,152,144,141,web,dlu,qeb,gwx,ays
1080573,154,143,145,151,144,dlu,cur,csn,lpu,gwx
1080574,150,152,146,148,153,etk,qeb,web,xzj,xfh
1080575,145,144,142,160,146,csn,gwx,fmq,qps,web
1080576,148,158,160,155,159,xzj,rhj,qps,ivn,okh
1080577,160,150,144,149,153,qps,etk,gwx,ulm,xfh
1080578,154,157,156,150,149,dlu,prk,qaf,etk,ulm
1080579,156,146,159,149,160,qaf,web,okh,ulm,qps
1080580,144,145,154,141,156,gwx,csn,dlu,ays,qaf
1080581,146,150,145,155,142,web,etk,csn,ivn,fmq
1080582,146,156,145,155,144,web,qaf,csn,ivn,gwx
1080583,141,143,160,156,158,ays,cur,qps,qaf,rhj
1080584,155,156,145,143,142,ivn,qaf,csn,cur,fmq
1080585,160,148,147,149,143,qps,xzj,lwc,ulm,cur
1080586,152,155,146,141,156,qeb,ivn,web,ays,qaf
1080587,149,147,143,157,144,ulm,lwc,cur,prk,gwx
1080588,157,152,154,146,150,prk,qeb,dlu,web,etk
1080589,159,141,145,150,154,okh,ays,csn,etk,dlu
1080590,157,145,156,144,147,prk,csn,qaf,gwx,lwc
1080591,150,141,156,147,157,etk,ays,qaf,lwc,prk
1080592,155,149,160,158,145,ivn,ulm,qps,rhj,csn
1080593,146,145,157,148,142,web,csn,prk,xzj,fmq
1080594,152,159,146,157,154,qeb,okh,web,prk,dlu
1080595,148,159,154,149,151,xzj,okh,dlu,ulm,lpu
1080596,155,146,141,149,156,ivn,web,ays,ulm,qaf
1080597,154,143,150,147,148,dlu,cur,etk,lwc,xzj
1080598,149,145,147,152,154,ulm,csn,lwc,qeb,dlu
1080599,157,143,153,152,148,prk,cur,xfh,qeb,xzj
1080600,155,156,144,158,141,ivn,qaf,gwx,rhj,ays
1090001,166,169,168,179,173,ezr,txr,sfa,qxz,isu
1090002,176,170,173,161,172,zkx,kxz,isu,soy,vqn
1090003,168,167,170,173,161,sfa,qbg,kxz,isu,soy
1090004,170,172,171,167,169,kxz,vqn,uro,qbg,txr
1090005,163,167,177,171,176,lqk,qbg,jxw,uro,zkx
1090006,166,169,168,161,173,ezr,txr,sfa,soy,isu
1090007,179,168,178,165,172,qxz,sfa,ljh,vqa,vqn
1090008,176,173,162,163,166,zkx,isu,zsm,lqk,ezr
1090009,170,167,161,166,162,kxz,qbg,soy,ezr,zsm
1090010,167,162,179,168,164,qbg,zsm,qxz,sfa,ptq
1090011,170,167,179,165,169,kxz,qbg,qxz,vqa,txr
1090012,175,163,167,165,169,bag,lqk,qbg,vqa,txr
1090013,180,165,167,166,178,xrs,vqa,qbg,ezr,ljh
1090014,166,175,171,167,169,ezr,bag,uro,qbg,txr
1090015,180,170,179,169,174,xrs,kxz,qxz,txr,zna
1090016,175,178,177,164,162,bag,ljh,jxw,ptq,zsm
1090017,172,173,169,170,175,vqn,isu,txr,kxz,bag
1090018,164,179,175,174,177,ptq,qxz,bag,zna,jxw
1090019,171,179,167,163,168,uro,qxz,qbg,lqk,sfa
1090020,176,171,177,169,165,zkx,uro,jxw,txr,vqa
1090021,164,166,175,162,179,ptq,ezr,bag,zsm,qxz
1090022,165,180,163,173,170,vqa,xrs,lqk,isu,kxz
1090023,174,172,166,163,177,zna,vqn,ezr,lqk,jxw
1090024,179,173,168,169,161,qxz,isu,sfa,txr,soy
1090025,170,180,177,176,162,kxz,xrs,jxw,zkx,zsm
1090026,162,168,178,165,177,zsm,sfa,ljh,vqa,jxw
1090027,163,176,173,167,170,lqk,zkx,isu,qbg,kxz
1090028,164,174,171,172,166,ptq,zna,uro,vqn,ezr
1090029,180,162,164,170,174,xrs,zsm,ptq,kxz,zna
1090030,171,161,167,173,174,uro,soy,qbg,isu,zna
1090031,180,172,162,168,165,xrs,vqn,zsm,sfa,vqa
1090032,180,171,175,168,164,xrs,uro,bag,sfa,ptq
1090033,161,167,171,173,166,soy,qbg,uro,isu,ezr
1090034,171,174,167,172,175,uro,zna,qbg,vqn,bag
1090035,176,169,164,180,179,zkx,txr,ptq,xrs,qxz
1090036,161,172,173,171,179,soy,vqn,isu,uro,qxz
1090037,180,170,172,167,164,xrs,kxz,vqn,qbg,ptq
1090038,168,162,173,167,179,sfa,zsm,isu,qbg,qxz
1090039,171,167,162,178,161,uro,qbg,zsm,ljh,soy
1090040,166,169,161,164,174,ezr,txr,soy,ptq,zna
1090041,162,175,178,168,161,zsm,bag,ljh,sfa,soy
1090042,167,161,170,163,171,qbg,soy,kxz,lqk,uro
1090043,180,166,178,165,176,xrs,ezr,ljh,vqa,zkx
1090044,177,179,169,164,176,jxw,qxz,txr,ptq,zkx
1090045,175,170,173,161,177,bag,kxz,isu,soy,jxw
1090046,161,178,180,174,169,soy,ljh,xrs,zna,txr
1090047,180,162,169,176,168,xrs,zsm,txr,zkx,sfa
1090048,162,163,180,165,179,zsm,lqk,xrs,vqa,qxz
1090049,174,172,162,166,164,zna,vqn,zsm,ezr,ptq
1090050,165,169,171,164,176,vqa,txr,uro,ptq,zkx
1090051,180,173,165,168,170,xrs,isu,vqa,sfa,kxz
1090052,177,166,172,161,180,jxw,ezr,vqn,soy,xrs
1090053,172,165,163,169,175,vqn,vqa,lqk,txr,bag
1090054,167,178,177,168,161,qbg,ljh,jxw,sfa,soy
1090055,179,171,173,169,175,qxz,uro,isu,txr,bag
1090056,165,174,178,170,167,vqa,zna,ljh,kxz,qbg
1090057,169,168,166,178,171,txr,sfa,ezr,ljh,uro
1090058,179,168,178,172,161,qxz,sfa,ljh,vqn,soy
1090059,179,161,165,162,170,qxz,soy,vqa,zsm,kxz
1090060,173,179,172,166,162,isu,qxz,vqn,ezr,zsm
1090061,162,166,179,169,163,zsm,ezr,qxz,txr,lqk
1090062,174,176,180,161,177,zna,zkx,xrs,soy,jxw
1090063,171,174,173,180,162,uro,zna,isu,xrs,zsm
1090064,165,180,178,168,169,vqa,xrs,ljh,sfa,txr
1090065,177,161,176,166,170,jxw,soy,zkx,ezr,kxz
1090066,171,162,166,180,176,uro,zsm,ezr,xrs,zkx
1090067,174,173,166,172,161,zna,isu,ezr,vqn,soy
1090068,174,165,167,170,163,zna,vqa,qbg,kxz,lqk
1090069,168,164,176,161,171,sfa,ptq,zkx,soy,uro
1090070,161,175,165,171,174,soy,bag,vqa,uro,zna
1090071,176,163,171,172,179,zkx,lqk,uro,vqn,qxz
1090072,168,180,167,175,173,sfa,xrs,qbg,bag,isu
1090073,174,167,173,179,169,zna,qbg,isu,qxz,txr
1090074,179,175,176,162,173,qxz,bag,zkx,zsm,isu
1090075,180,170,179,174,172,xrs,kxz,qxz,zna,vqn
1090076,174,177,176,178,166,zna,jxw,zkx,ljh,ezr
1090077,179,171,177,162,174,qxz,uro,jxw,zsm,zna
1090078,169,174,177,166,176,txr,zna,jxw,ezr,zkx
1090079,169,177,166,162,165,txr,jxw,ezr,zsm,vqa
1090080,165,162,167,178,180,vqa,zsm,qbg,ljh,xrs
1090081,163,179,162,168,172,lqk,qxz,zsm,sfa,vqn
1090082,170,180,173,167,165,kxz,xrs,isu,qbg,vqa
1090083,164,172,169,167,179,ptq,vqn,txr,qbg,qxz
1090084,178,162,161,177,167,ljh,zsm,soy,jxw,qbg
1090085,179,165,175,178,168,qxz,vqa,bag,ljh,sfa
1090086,167,162,165,169,180,qbg,zsm,vqa,txr,xrs
1090087,171,177,180,173,162,uro,jxw,xrs,isu,zsm
1090088,162,166,178,173,163,zsm,ezr,ljh,isu,lqk
1090089,169,179,163,167,164,txr,qxz,lqk,qbg,ptq
1090090,174,176,164,161,162,zna,zkx,ptq,soy,zsm
1090091,178,175,173,174,171,ljh,bag,isu,zna,uro
1090092,179,173,164,178,163,qxz,isu,ptq,ljh,lqk
1090093,163,174,166,164,161,lqk,zna,ezr,ptq,soy
1090094,174,164,177,171,162,zna,ptq,jxw,uro,zsm
1090095,167,164,163,172,171,qbg,ptq,lqk,vqn,uro
1090096,175,161,176,171,163,bag,soy,zkx,uro,lqk
1090097,166,163,168,177,169,ezr,lqk,sfa,jxw,txr
1090098,175,163,167,164,173,bag,lqk,qbg,ptq,isu
1090099,176,178,165,175,177,zkx,ljh,vqa,bag,jxw
1090100,177,173,169,161,165,jxw,isu,txr,soy,vqa
1090101,161,174,163,167,180,soy,zna,lqk,qbg,xrs
1090102,176,180,161,162,166,zkx,xrs,soy,zsm,ezr
1090103,167,175,165,178,172,qbg,bag,vqa,ljh,vqn
1090104,169,167,161,165,166,txr,qbg,soy,vqa,ezr
1090105,170,180,163,171,167,kxz,xrs,lqk,uro,qbg
1090106,168,173,164,167,180,sfa,isu,ptq,qbg,xrs
1090107,171,164,177,173,168,uro,ptq,jxw,isu,sfa
1090108,167,178,174,172,175,qbg,ljh,zna,vqn,bag
1090109,173,167,161,175,177,isu,qbg,soy,bag,jxw
1090110,170,161,174,175,173,kxz,soy,zna,bag,isu
1090111,178,163,174,168,161,ljh,lqk,zna,sfa,soy
1090112,169,177,167,170,166,txr,jxw,qbg,kxz,ezr
1090113,172,164,177,176,168,vqn,ptq,jxw,zkx,sfa
1090114,176,180,165,173,177,zkx,xrs,vqa,isu,jxw
1090115,175,173,174,170,169,bag,isu,zna,kxz,txr
1090116,179,178,171,180,161,qxz,ljh,uro,xrs,soy
1090117,161,165,173,168,167,soy,vqa,isu,sfa,qbg
1090118,170,178,169,176,180,kxz,ljh,txr,zkx,xrs
1090119,175,164,172,171,163,bag,ptq,vqn,uro,lqk
1090120,172,177,170,166,171,vqn,jxw,kxz,ezr,uro
1090121,178,165,161,170,166,ljh,vqa,soy,kxz,ezr
1090122,168,162,178,179,174,sfa,zsm,ljh,qxz,zna
1090123,178,170,166,173,169,ljh,kxz,ezr,isu,txr
1090124,168,173,172,169,164,sfa,isu,vqn,txr,ptq
1090125,178,162,175,161,173,ljh,zsm,bag,soy,isu
1090126,169,163,168,177,165,txr,lqk,sfa,jxw,vqa
1090127,172,166,179,169,175,vqn,ezr,qxz,txr,bag
1090128,176,174,172,168,167,zkx,zna,vqn,sfa,qbg
1090129,180,163,162,170,161,xrs,lqk,zsm,kxz,soy
1090130,180,170,169,177,179,xrs,kxz,txr,jxw,qxz
1090131,175,170,169,174,173,bag,kxz,txr,zna,isu
1090132,167,170,162,169,165,qbg,kxz,zsm,txr,vqa
1090133,170,169,177,163,173,kxz,txr,jxw,lqk,isu
1090134,167,164,162,176,174,qbg,ptq,zsm,zkx,zna
1090135,176,163,171,177,172,zkx,lqk,uro,jxw,vqn
1090136,167,168,180,171,165,qbg,sfa,xrs,uro,vqa
1090137,170,174,161,179,164,kxz,zna,soy,qxz,ptq
1090138,174,169,161,173,170,zna,txr,soy,isu,kxz
1090139,172,168,177,165,173,vqn,sfa,jxw,vqa,isu
1090140,161,164,169,176,166,soy,ptq,txr,zkx,ezr
1090141,172,176,167,175,178,vqn,zkx,qbg,bag,ljh
1090142,178,166,176,179,171,ljh,ezr,zkx,qxz,uro
1090143,180,164,163,177,162,xrs,ptq,lqk,jxw,zsm
1090144,177,167,161,170,171,jxw,qbg,soy,kxz,uro
1090145,170,175,168,161,164,kxz,bag,sfa,soy,ptq
1090146,172,169,170,174,164,vqn,txr,kxz,zna,ptq
1090147,174,169,176,179,173,zna,txr,zkx,qxz,isu
1090148,162,174,170,169,163,zsm,zna,kxz,txr,lqk
1090149,177,162,169,171,165,jxw,zsm,txr,uro,vqa
1090150,176,169,174,175,168,zkx,txr,zna,bag,sfa
1090151,165,161,178,167,179,vqa,soy,ljh,qbg,qxz
1090152,167,162,170,169,171,qbg,zsm,kxz,txr,uro
1090153,167,164,163,177,180,qbg,ptq,lqk,jxw,xrs
1090154,172,164,169,177,176,vqn,ptq,txr,jxw,zkx
1090155,162,171,165,174,172,zsm,uro,vqa,zna,vqn
1090156,161,164,171,176,163,soy,ptq,uro,zkx,lqk
1090157,172,168,167,176,177,vqn,sfa,qbg,zkx,jxw
1090158,166,170,163,172,174,ezr,kxz,lqk,vqn,zna
1090159,172,170,174,166,162,vqn,kxz,zna,ezr,zsm
1090160,174,173,168,167,177,zna,isu,sfa,qbg,jxw
1090161,177,167,171,172,165,jxw,qbg,uro,vqn,vqa
1090162,178,169,167,174,176,ljh,txr,qbg,zna,zkx
1090163,161,174,165,166,164,soy,zna,vqa,ezr,ptq
1090164,165,180,168,164,169,vqa,xrs,sfa,ptq,txr
1090165,175,169,172,171,161,bag,txr,vqn,uro,soy
1090166,166,180,178,163,174,ezr,xrs,ljh,lqk,zna
1090167,166,178,170,179,169,ezr,ljh,kxz,qxz,txr
1090168,179,178,177,167,173,qxz,ljh,jxw,qbg,isu
1090169,176,180,178,170,171,zkx,xrs,ljh,kxz,uro
1090170,179,164,176,180,175,qxz,ptq,zkx,xrs,bag
1090171,170,177,175,164,176,kxz,jxw,bag,ptq,zkx
1090172,173,166,172,175,176,isu,ezr,vqn,bag,zkx
1090173,168,172,175,173,171,sfa,vqn,bag,isu,uro
1090174,180,174,169,179,167,xrs,zna,txr,qxz,qbg
1090175,174,176,178,163,167,zna,zkx,ljh,lqk,qbg
1090176,174,166,161,164,171,zna,ezr,soy,ptq,uro
1090177,170,171,168,176,167,kxz,uro,sfa,zkx,qbg
1090178,167,176,164,178,174,qbg,zkx,ptq,ljh,zna
1090179,180,179,178,164,162,xrs,qxz,ljh,ptq,zsm
1090180,161,176,177,162,170,soy,zkx,jxw,zsm,kxz
1090181,161,174,170,169,178,soy,zna,kxz,txr,ljh
1090182,167,169,172,163,170,qbg,txr,vqn,lqk,kxz
1090183,173,169,178,177,172,isu,txr,ljh,jxw,vqn
1090184,170,179,173,169,172,kxz,qxz,isu,txr,vqn
1090185,163,174,171,172,175,lqk,zna,uro,vqn,bag
1090186,170,164,174,166,172,kxz,ptq,zna,ezr,vqn
1090187,172,171,174,166,175,vqn,uro,zna,ezr,bag
1090188,177,167,172,178,169,jxw,qbg,vqn,ljh,txr
1090189,163,168,169,165,171,lqk,sfa,txr,vqa,uro
1090190,172,169,173,167,165,vqn,txr,isu,qbg,vqa
1090191,169,172,164,170,179,txr,vqn,ptq,kxz,qxz
1090192,176,179,180,177,168,zkx,qxz,xrs,jxw,sfa
1090193,167,165,169,177,171,qbg,vqa,txr,jxw,uro
1090194,179,175,170,164,163,qxz,bag,kxz,ptq,lqk
1090195,163,166,167,161,178,lqk,ezr,qbg,soy,ljh
1090196,169,172,174,179,178,txr,vqn,zna,qxz,ljh
1090197,172,162,173,163,169,vqn,zsm,isu,lqk,txr
1090198,180,166,165,163,168,xrs,ezr,vqa,lqk,sfa
1090199,166,178,173,174,177,ezr,ljh,isu,zna,jxw
1090200,173,174,167,178,175,isu,zna,qbg,ljh,bag
1090201,180,175,168,179,166,xrs,bag,sfa,qxz,ezr
1090202,177,162,167,165,161,jxw,zsm,qbg,vqa,soy
1090203,177,164,173,166,168,jxw,ptq,isu,ezr,sfa
1090204,162,171,179,169,166,zsm,uro,qxz,txr,ezr
1090205,168,163,166,165,176,sfa,lqk,ezr,vqa,zkx
1090206,168,164,170,180,169,sfa,ptq,kxz,xrs,txr
1090207,171,177,170,174,180,uro,jxw,kxz,zna,xrs
1090208,176,180,173,177,169,zkx,xrs,isu,jxw,txr
1090209,177,172,165,161,174,jxw,vqn,vqa,soy,zna
1090210,178,162,176,175,169,ljh,zsm,zkx,bag,txr
1090211,178,161,170,164,171,ljh,soy,kxz,ptq,uro
1090212,174,175,170,179,166,zna,bag,kxz,qxz,ezr
1090213,162,173,168,176,167,zsm,isu,sfa,zkx,qbg
1090214,173,180,163,171,161,isu,xrs,lqk,uro,soy
1090215,174,172,175,179,165,zna,vqn,bag,qxz,vqa
1090216,161,162,165,171,167,soy,zsm,vqa,uro,qbg
1090217,166,177,163,164,165,ezr,jxw,lqk,ptq,vqa
1090218,174,176,178,173,161,zna,zkx,ljh,isu,soy
1090219,178,172,179,165,169,ljh,vqn,qxz,vqa,txr
1090220,170,161,162,169,166,kxz,soy,zsm,txr,ezr
1090221,168,165,167,162,173,sfa,vqa,qbg,zsm,isu
1090222,178,175,173,163,165,ljh,bag,isu,lqk,vqa
1090223,178,167,177,179,161,ljh,qbg,jxw,qxz,soy
1090224,163,170,171,164,175,lqk,kxz,uro,ptq,bag
1090225,165,161,172,177,168,vqa,soy,vqn,jxw,sfa
1090226,162,171,177,180,169,zsm,uro,jxw,xrs,txr
1090227,164,175,176,174,169,ptq,bag,zkx,zna,txr
1090228,179,180,169,172,170,qxz,xrs,txr,vqn,kxz
1090229,165,164,176,173,172,vqa,ptq,zkx,isu,vqn
1090230,180,168,179,172,167,xrs,sfa,qxz,vqn,qbg
1090231,170,163,176,162,166,kxz,lqk,zkx,zsm,ezr
1090232,175,162,174,173,171,bag,zsm,zna,isu,uro
1090233,173,172,174,180,176,isu,vqn,zna,xrs,zkx
1090234,180,178,164,173,163,xrs,ljh,ptq,isu,lqk
1090235,169,177,175,164,180,txr,jxw,bag,ptq,xrs
1090236,178,173,172,177,175,ljh,isu,vqn,jxw,bag
1090237,166,179,178,164,161,ezr,qxz,ljh,ptq,soy
1090238,170,180,165,176,168,kxz,xrs,vqa,zkx,sfa
1090239,172,163,168,162,165,vqn,lqk,sfa,zsm,vqa
1090240,180,169,168,166,165,xrs,txr,sfa,ezr,vqa
1090241,164,167,161,174,169,ptq,qbg,soy,zna,txr
1090242,172,161,170,168,178,vqn,soy,kxz,sfa,ljh
1090243,174,166,170,178,161,zna,ezr,kxz,ljh,soy
1090244,177,175,168,167,173,jxw,bag,sfa,qbg,isu
1090245,177,169,180,171,161,jxw,txr,xrs,uro,soy
1090246,175,173,167,171,177,bag,isu,qbg,uro,jxw
1090247,164,171,173,172,174,ptq,uro,isu,vqn,zna
1090248,174,170,171,163,167,zna,kxz,uro,lqk,qbg
1090249,164,162,176,163,172,ptq,zsm,zkx,lqk,vqn
1090250,168,164,166,180,179,sfa,ptq,ezr,xrs,qxz
1090251,167,171,178,168,180,qbg,uro,ljh,sfa,xrs
1090252,162,169,178,175,161,zsm,txr,ljh,bag,soy
1090253,175,164,173,172,178,bag,ptq,isu,vqn,ljh
1090254,166,178,168,165,161,ezr,ljh,sfa,vqa,soy
1090255,179,161,180,163,173,qxz,soy,xrs,lqk,isu
1090256,166,168,173,175,164,ezr,sfa,isu,bag,ptq
1090257,179,163,164,166,177,qxz,lqk,ptq,ezr,jxw
1090258,174,162,179,165,176,zna,zsm,qxz,vqa,zkx
1090259,170,179,166,167,169,kxz,qxz,ezr,qbg,txr
1090260,171,168,172,166,165,uro,sfa,vqn,ezr,vqa
1090261,165,176,172,164,170,vqa,zkx,vqn,ptq,kxz
1090262,172,170,180,162,177,vqn,kxz,xrs,zsm,jxw
1090263,170,161,165,177,164,kxz,soy,vqa,jxw,ptq
1090264,162,179,176,173,180,zsm,qxz,zkx,isu,xrs
1090265,177,170,161,171,164,jxw,kxz,soy,uro,ptq
1090266,168,179,173,174,165,sfa,qxz,isu,zna,vqa
1090267,178,168,169,165,163,ljh,sfa,txr,vqa,lqk
1090268,172,174,161,179,166,vqn,zna,soy,qxz,ezr
1090269,162,178,176,168,172,zsm,ljh,zkx,sfa,vqn
1090270,169,170,171,177,162,txr,kxz,uro,jxw,zsm
1090271,180,173,165,169,177,xrs,isu,vqa,txr,jxw
1090272,163,173,179,166,175,lqk,isu,qxz,ezr,bag
1090273,162,173,164,161,177,zsm,isu,ptq,soy,jxw
1090274,177,176,163,169,179,jxw,zkx,lqk,txr,qxz
1090275,162,165,170,169,174,zsm,vqa,kxz,txr,zna
1090276,178,163,173,166,165,ljh,lqk,isu,ezr,vqa
1090277,165,174,167,168,177,vqa,zna,qbg,sfa,jxw
1090278,174,166,177,171,168,zna,ezr,jxw,uro,sfa
1090279,161,177,173,164,174,soy,jxw,isu,ptq,zna
1090280,176,163,173,169,172,zkx,lqk,isu,txr,vqn
1090281,173,175,169,179,164,isu,bag,txr,qxz,ptq
1090282,169,161,173,166,177,txr,soy,isu,ezr,jxw
1090283,166,176,161,173,178,ezr,zkx,soy,isu,ljh
1090284,178,175,176,164,170,ljh,bag,zkx,ptq,kxz
1090285,163,171,168,177,180,lqk,uro,sfa,jxw,xrs
1090286,162,175,163,166,177,zsm,bag,lqk,ezr,jxw
1090287,168,173,170,176,180,sfa,isu,kxz,zkx,xrs
1090288,166,178,175,180,170,ezr,ljh,bag,xrs,kxz
1090289,172,165,170,161,173,vqn,vqa,kxz,soy,isu
1090290,171,163,179,174,164,uro,lqk,qxz,zna,ptq
1090291,171,164,162,169,178,uro,ptq,zsm,txr,ljh
1090292,180,170,165,162,169,xrs,kxz,vqa,zsm,txr
1090293,165,180,172,161,164,vqa,xrs,vqn,soy,ptq
1090294,163,161,177,168,174,lqk,soy,jxw,sfa,zna
1090295,167,162,180,166,168,qbg,zsm,xrs,ezr,sfa
1090296,164,175,178,173,176,ptq,bag,ljh,isu,zkx
1090297,179,173,177,176,165,qxz,isu,jxw,zkx,vqa
1090298,172,180,179,169,177,vqn,xrs,qxz,txr,jxw
1090299,162,165,171,170,169,zsm,vqa,uro,kxz,txr
1090300,174,173,179,166,168,zna,isu,qxz,ezr,sfa
1090301,173,175,176,171,172,isu,bag,zkx,uro,vqn
1090302,168,170,173,174,171,sfa,kxz,isu,zna,uro
1090303,180,162,174,178,161,xrs,zsm,zna,ljh,soy
1090304,164,168,163,170,169,ptq,sfa,lqk,kxz,txr
1090305,170,168,171,166,175,kxz,sfa,uro,ezr,bag
1090306,174,162,166,167,165,zna,zsm,ezr,qbg,vqa
1090307,174,161,173,172,163,zna,soy,isu,vqn,lqk
1090308,177,168,171,173,178,jxw,sfa,uro,isu,ljh
1090309,171,161,174,172,177,uro,soy,zna,vqn,jxw
1090310,177,173,172,163,162,jxw,isu,vqn,lqk,zsm
1090311,176,169,163,166,179,zkx,txr,lqk,ezr,qxz
1090312,172,176,175,168,179,vqn,zkx,bag,sfa,qxz
1090313,178,163,174,176,171,ljh,lqk,zna,zkx,uro
1090314,180,164,174,172,165,xrs,ptq,zna,vqn,vqa
1090315,162,167,163,177,178,zsm,qbg,lqk,jxw,ljh
1090316,171,174,165,180,163,uro,zna,vqa,xrs,lqk
1090317,164,179,162,175,170,ptq,qxz,zsm,bag,kxz
1090318,176,177,165,168,169,zkx,jxw,vqa,sfa,txr
1090319,165,179,170,174,161,vqa,qxz,kxz,zna,soy
1090320,165,175,163,168,167,vqa,bag,lqk,sfa,qbg
1090321,165,170,168,169,179,vqa,kxz,sfa,txr,qxz
1090322,172,161,165,180,162,vqn,soy,vqa,xrs,zsm
1090323,164,170,180,166,171,ptq,kxz,xrs,ezr,uro
1090324,170,174,167,173,178,kxz,zna,qbg,isu,ljh
1090325,164,170,171,173,176,ptq,kxz,uro,isu,zkx
1090326,179,173,165,167,168,qxz,isu,vqa,qbg,sfa
1090327,179,169,180,161,170,qxz,txr,xrs,soy,kxz
1090328,164,163,172,161,179,ptq,lqk,vqn,soy,qxz
1090329,178,179,176,164,180,ljh,qxz,zkx,ptq,xrs
1090330,164,170,165,173,171,ptq,kxz,vqa,isu,uro
1090331,180,161,165,162,164,xrs,soy,vqa,zsm,ptq
1090332,180,171,179,175,176,xrs,uro,qxz,bag,zkx
1090333,166,164,174,170,176,ezr,ptq,zna,kxz,zkx
1090334,173,167,176,171,172,isu,qbg,zkx,uro,vqn
1090335,174,165,176,169,162,zna,vqa,zkx,txr,zsm
1090336,164,179,162,165,171,ptq,qxz,zsm,vqa,uro
1090337,163,175,161,168,173,lqk,bag,soy,sfa,isu
1090338,161,174,165,180,166,soy,zna,vqa,xrs,ezr
1090339,169,164,175,180,166,txr,ptq,bag,xrs,ezr
1090340,164,172,178,163,176,ptq,vqn,ljh,lqk,zkx
1090341,170,172,178,163,161,kxz,vqn,ljh,lqk,soy
1090342,180,164,168,177,173,xrs,ptq,sfa,jxw,isu
1090343,170,167,180,177,168,kxz,qbg,xrs,jxw,sfa
1090344,170,180,173,174,179,kxz,xrs,isu,zna,qxz
1090345,176,167,165,178,162,zkx,qbg,vqa,ljh,zsm
1090346,172,168,174,171,169,vqn,sfa,zna,uro,txr
1090347,176,171,165,164,178,zkx,uro,vqa,ptq,ljh
1090348,176,168,162,163,164,zkx,sfa,zsm,lqk,ptq
1090349,180,179,173,171,176,xrs,qxz,isu,uro,zkx
1090350,165,163,173,168,170,vqa,lqk,isu,sfa,kxz
1090351,180,169,170,167,171,xrs,txr,kxz,qbg,uro
1090352,175,170,167,169,164,bag,kxz,qbg,txr,ptq
1090353,174,180,168,166,176,zna,xrs,sfa,ezr,zkx
1090354,179,175,170,173,162,qxz,bag,kxz,isu,zsm
1090355,161,170,168,173,179,soy,kxz,sfa,isu,qxz
1090356,176,167,168,166,180,zkx,qbg,sfa,ezr,xrs
1090357,179,165,176,166,161,qxz,vqa,zkx,ezr,soy
1090358,168,175,165,173,169,sfa,bag,vqa,isu,txr
1090359,177,172,162,179,178,jxw,vqn,zsm,qxz,ljh
1090360,171,172,164,168,180,uro,vqn,ptq,sfa,xrs
1090361,165,177,162,176,175,vqa,jxw,zsm,zkx,bag
1090362,178,166,179,174,171,ljh,ezr,qxz,zna,uro
1090363,174,177,167,166,173,zna,jxw,qbg,ezr,isu
1090364,167,176,174,162,161,qbg,zkx,zna,zsm,soy
1090365,165,163,170,168,172,vqa,lqk,kxz,sfa,vqn
1090366,175,174,173,169,167,bag,zna,isu,txr,qbg
1090367,175,169,174,165,178,bag,txr,zna,vqa,ljh
1090368,179,171,173,164,180,qxz,uro,isu,ptq,xrs
1090369,169,178,163,167,164,txr,ljh,lqk,qbg,ptq
1090370,162,176,179,161,174,zsm,zkx,qxz,soy,zna
1090371,162,177,180,169,170,zsm,jxw,xrs,txr,kxz
1090372,162,172,171,175,177,zsm,vqn,uro,bag,jxw
1090373,161,179,164,162,172,soy,qxz,ptq,zsm,vqn
1090374,175,165,170,173,177,bag,vqa,kxz,isu,jxw
1090375,177,169,162,168,165,jxw,txr,zsm,sfa,vqa
1090376,171,178,166,167,161,uro,ljh,ezr,qbg,soy
1090377,173,180,170,166,168,isu,xrs,kxz,ezr,sfa
1090378,170,173,163,164,176,kxz,isu,lqk,ptq,zkx
1090379,170,177,167,178,176,kxz,jxw,qbg,ljh,zkx
1090380,171,175,165,166,167,uro,bag,vqa,ezr,qbg
1090381,171,163,177,169,178,uro,lqk,jxw,txr,ljh
1090382,162,173,163,172,179,zsm,isu,lqk,vqn,qxz
1090383,172,167,180,173,164,vqn,qbg,xrs,isu,ptq
1090384,164,162,166,171,169,ptq,zsm,ezr,uro,txr
1090385,167,171,166,179,176,qbg,uro,ezr,qxz,zkx
1090386,167,177,168,179,178,qbg,jxw,sfa,qxz,ljh
1090387,180,170,175,164,169,xrs,kxz,bag,ptq,txr
1090388,169,164,174,179,170,txr,ptq,zna,qxz,kxz
1090389,180,171,162,172,177,xrs,uro,zsm,vqn,jxw
1090390,176,171,178,165,167,zkx,uro,ljh,vqa,qbg
1090391,164,166,176,162,167,ptq,ezr,zkx,zsm,qbg
1090392,162,164,174,167,177,zsm,ptq,zna,qbg,jxw
1090393,175,169,173,171,178,bag,txr,isu,uro,ljh
1090394,163,162,174,176,167,lqk,zsm,zna,zkx,qbg
1090395,175,173,168,179,171,bag,isu,sfa,qxz,uro
1090396,177,168,165,172,161,jxw,sfa,vqa,vqn,soy
1090397,176,165,168,171,175,zkx,vqa,sfa,uro,bag
1090398,177,178,165,161,163,jxw,ljh,vqa,soy,lqk
1090399,163,177,166,171,164,lqk,jxw,ezr,uro,ptq
1090400,166,177,169,176,167,ezr,jxw,txr,zkx,qbg
1090401,162,174,170,179,177,zsm,zna,kxz,qxz,jxw
1090402,175,178,165,162,173,bag,ljh,vqa,zsm,isu
1090403,179,168,163,171,165,qxz,sfa,lqk,uro,vqa
1090404,169,170,177,171,173,txr,kxz,jxw,uro,isu
1090405,176,163,162,172,167,zkx,lqk,zsm,vqn,qbg
1090406,173,177,178,179,175,isu,jxw,ljh,qxz,bag
1090407,168,164,167,162,176,sfa,ptq,qbg,zsm,zkx
1090408,163,167,178,170,173,lqk,qbg,ljh,kxz,isu
1090409,161,165,173,179,163,soy,vqa,isu,qxz,lqk
1090410,167,168,163,178,171,qbg,sfa,lqk,ljh,uro
1090411,166,171,163,172,162,ezr,uro,lqk,vqn,zsm
1090412,172,177,165,161,170,vqn,jxw,vqa,soy,kxz
1090413,177,168,178,171,180,jxw,sfa,ljh,uro,xrs
1090414,165,176,170,161,175,vqa,zkx,kxz,soy,bag
1090415,161,173,170,168,166,soy,isu,kxz,sfa,ezr
1090416,174,166,167,175,165,zna,ezr,qbg,bag,vqa
1090417,168,164,176,163,162,sfa,ptq,zkx,lqk,zsm
1090418,164,180,166,173,162,ptq,xrs,ezr,isu,zsm
1090419,180,163,172,177,176,xrs,lqk,vqn,jxw,zkx
1090420,180,178,169,177,161,xrs,ljh,txr,jxw,soy
1090421,178,171,179,176,161,ljh,uro,qxz,zkx,soy
1090422,169,165,168,170,171,txr,vqa,sfa,kxz,uro
1090423,172,171,163,161,165,vqn,uro,lqk,soy,vqa
1090424,180,168,178,161,165,xrs,sfa,ljh,soy,vqa
1090425,173,161,166,180,177,isu,soy,ezr,xrs,jxw
1090426,168,172,170,176,166,sfa,vqn,kxz,zkx,ezr
1090427,169,174,164,178,176,txr,zna,ptq,ljh,zkx
1090428,177,171,176,168,165,jxw,uro,zkx,sfa,vqa
1090429,165,164,176,167,174,vqa,ptq,zkx,qbg,zna
1090430,177,164,169,170,175,jxw,ptq,txr,kxz,bag
1090431,174,165,166,173,169,zna,vqa,ezr,isu,txr
1090432,171,177,178,165,173,uro,jxw,ljh,vqa,isu
1090433,176,162,161,170,180,zkx,zsm,soy,kxz,xrs
1090434,171,170,173,164,166,uro,kxz,isu,ptq,ezr
1090435,163,164,180,178,175,lqk,ptq,xrs,ljh,bag
1090436,164,179,167,162,175,ptq,qxz,qbg,zsm,bag
1090437,180,168,162,165,161,xrs,sfa,zsm,vqa,soy
1090438,169,165,176,177,161,txr,vqa,zkx,jxw,soy
1090439,173,166,162,178,161,isu,ezr,zsm,ljh,soy
1090440,161,180,163,172,162,soy,xrs,lqk,vqn,zsm
1090441,163,167,171,173,180,lqk,qbg,uro,isu,xrs
1090442,165,164,170,175,178,vqa,ptq,kxz,bag,ljh
1090443,171,163,167,162,165,uro,lqk,qbg,zsm,vqa
1090444,168,164,179,166,161,sfa,ptq,qxz,ezr,soy
1090445,171,165,178,177,176,uro,vqa,ljh,jxw,zkx
1090446,180,172,174,161,162,xrs,vqn,zna,soy,zsm
1090447,175,178,167,165,163,bag,ljh,qbg,vqa,lqk
1090448,178,179,172,177,164,ljh,qxz,vqn,jxw,ptq
1090449,164,176,171,173,178,ptq,zkx,uro,isu,ljh
1090450,161,179,176,162,177,soy,qxz,zkx,zsm,jxw
1090451,171,174,161,163,176,uro,zna,soy,lqk,zkx
1090452,175,168,174,171,178,bag,sfa,zna,uro,ljh
1090453,172,168,162,165,177,vqn,sfa,zsm,vqa,jxw
1090454,173,170,176,177,169,isu,kxz,zkx,jxw,txr
1090455,176,168,163,170,162,zkx,sfa,lqk,kxz,zsm
1090456,177,167,172,161,170,jxw,qbg,vqn,soy,kxz
1090457,179,164,161,170,168,qxz,ptq,soy,kxz,sfa
1090458,180,165,162,179,170,xrs,vqa,zsm,qxz,kxz
1090459,170,163,161,169,174,kxz,lqk,soy,txr,zna
1090460,173,172,162,174,178,isu,vqn,zsm,zna,ljh
1090461,180,170,175,179,165,xrs,kxz,bag,qxz,vqa
1090462,165,175,168,174,177,vqa,bag,sfa,zna,jxw
1090463,180,178,166,177,174,xrs,ljh,ezr,jxw,zna
1090464,169,176,172,162,180,txr,zkx,vqn,zsm,xrs
1090465,167,164,174,173,165,qbg,ptq,zna,isu,vqa
1090466,174,180,171,176,163,zna,xrs,uro,zkx,lqk
1090467,168,180,165,166,178,sfa,xrs,vqa,ezr,ljh
1090468,172,165,174,170,173,vqn,vqa,zna,kxz,isu
1090469,169,168,163,173,180,txr,sfa,lqk,isu,xrs
1090470,172,167,168,177,176,vqn,qbg,sfa,jxw,zkx
1090471,179,162,173,167,164,qxz,zsm,isu,qbg,ptq
1090472,163,169,175,178,171,lqk,txr,bag,ljh,uro
1090473,177,168,171,169,174,jxw,sfa,uro,txr,zna
1090474,165,180,169,174,173,vqa,xrs,txr,zna,isu
1090475,172,167,178,175,161,vqn,qbg,ljh,bag,soy
1090476,177,167,175,163,176,jxw,qbg,bag,lqk,zkx
1090477,168,179,164,172,170,sfa,qxz,ptq,vqn,kxz
1090478,175,172,162,179,171,bag,vqn,zsm,qxz,uro
1090479,162,171,177,163,165,zsm,uro,jxw,lqk,vqa
1090480,180,175,176,163,172,xrs,bag,zkx,lqk,vqn
1090481,161,179,174,163,166,soy,qxz,zna,lqk,ezr
1090482,169,171,165,176,180,txr,uro,vqa,zkx,xrs
1090483,178,171,174,173,164,ljh,uro,zna,isu,ptq
1090484,180,170,176,163,173,xrs,kxz,zkx,lqk,isu
1090485,169,170,163,168,176,txr,kxz,lqk,sfa,zkx
1090486,163,171,169,176,166,lqk,uro,txr,zkx,ezr
1090487,177,162,161,178,163,jxw,zsm,soy,ljh,lqk
1090488,167,164,163,179,178,qbg,ptq,lqk,qxz,ljh
1090489,172,165,174,179,166,vqn,vqa,zna,qxz,ezr
1090490,167,174,165,173,177,qbg,zna,vqa,isu,jxw
1090491,164,165,166,180,176,ptq,vqa,ezr,xrs,zkx
1090492,168,173,163,169,162,sfa,isu,lqk,txr,zsm
1090493,177,168,173,174,167,jxw,sfa,isu,zna,qbg
1090494,161,162,178,172,174,soy,zsm,ljh,vqn,zna
1090495,180,168,175,170,173,xrs,sfa,bag,kxz,isu
1090496,174,172,169,180,162,zna,vqn,txr,xrs,zsm
1090497,163,174,165,178,172,lqk,zna,vqa,ljh,vqn
1090498,173,161,171,180,174,isu,soy,uro,xrs,zna
1090499,164,171,161,179,165,ptq,uro,soy,qxz,vqa
1090500,167,178,164,168,176,qbg,ljh,ptq,sfa,zkx
1090501,171,177,166,167,169,uro,jxw,ezr,qbg,txr
1090502,174,166,169,175,168,zna,ezr,txr,bag,sfa
1090503,171,176,167,168,180,uro,zkx,qbg,sfa,xrs
1090504,175,178,165,173,177,bag,ljh,vqa,isu,jxw
1090505,176,164,177,162,166,zkx,ptq,jxw,zsm,ezr
1090506,170,172,173,180,177,kxz,vqn,isu,xrs,jxw
1090507,174,172,164,170,168,zna,vqn,ptq,kxz,sfa
1090508,175,169,162,180,179,bag,txr,zsm,xrs,qxz
1090509,175,172,169,177,170,bag,vqn,txr,jxw,kxz
1090510,166,164,162,163,173,ezr,ptq,zsm,lqk,isu
1090511,171,162,169,172,163,uro,zsm,txr,vqn,lqk
1090512,166,173,174,165,170,ezr,isu,zna,vqa,kxz
1090513,175,179,163,172,178,bag,qxz,lqk,vqn,ljh
1090514,168,171,170,167,162,sfa,uro,kxz,qbg,zsm
1090515,177,178,166,179,163,jxw,ljh,ezr,qxz,lqk
1090516,167,161,164,171,176,qbg,soy,ptq,uro,zkx
1090517,177,164,170,168,172,jxw,ptq,kxz,sfa,vqn
1090518,179,176,161,166,173,qxz,zkx,soy,ezr,isu
1090519,171,164,169,176,172,uro,ptq,txr,zkx,vqn
1090520,170,167,177,168,179,kxz,qbg,jxw,sfa,qxz
1090521,178,165,175,166,169,ljh,vqa,bag,ezr,txr
1090522,174,169,166,165,171,zna,txr,ezr,vqa,uro
1090523,174,172,162,171,177,zna,vqn,zsm,uro,jxw
1090524,166,179,165,170,169,ezr,qxz,vqa,kxz,txr
1090525,174,167,162,172,161,zna,qbg,zsm,vqn,soy
1090526,172,164,166,167,179,vqn,ptq,ezr,qbg,qxz
1090527,161,173,163,169,170,soy,isu,lqk,txr,kxz
1090528,163,176,179,170,171,lqk,zkx,qxz,kxz,uro
1090529,168,178,170,163,164,sfa,ljh,kxz,lqk,ptq
1090530,169,171,161,174,180,txr,uro,soy,zna,xrs
1090531,176,165,163,167,173,zkx,vqa,lqk,qbg,isu
1090532,166,164,169,165,173,ezr,ptq,txr,vqa,isu
1090533,177,174,178,169,172,jxw,zna,ljh,txr,vqn
1090534,178,167,169,166,174,ljh,qbg,txr,ezr,zna
1090535,165,178,171,176,174,vqa,ljh,uro,zkx,zna
1090536,177,173,179,167,163,jxw,isu,qxz,qbg,lqk
1090537,163,166,162,170,164,lqk,ezr,zsm,kxz,ptq
1090538,172,174,173,163,179,vqn,zna,isu,lqk,qxz
1090539,163,165,177,167,176,lqk,vqa,jxw,qbg,zkx
1090540,178,172,167,179,177,ljh,vqn,qbg,qxz,jxw
1090541,173,171,175,169,168,isu,uro,bag,txr,sfa
1090542,163,172,175,177,166,lqk,vqn,bag,jxw,ezr
1090543,177,166,170,161,179,jxw,ezr,kxz,soy,qxz
1090544,176,169,164,167,163,zkx,txr,ptq,qbg,lqk
1090545,178,165,176,164,172,ljh,vqa,zkx,ptq,vqn
1090546,161,177,167,179,180,soy,jxw,qbg,qxz,xrs
1090547,167,163,166,161,171,qbg,lqk,ezr,soy,uro
1090548,175,161,162,176,166,bag,soy,zsm,zkx,ezr
1090549,168,162,175,161,173,sfa,zsm,bag,soy,isu
1090550,180,169,162,173,172,xrs,txr,zsm,isu,vqn
1090551,171,170,172,179,180,uro,kxz,vqn,qxz,xrs
1090552,175,166,178,173,169,bag,ezr,ljh,isu,txr
1090553,162,170,180,174,169,zsm,kxz,xrs,zna,txr
1090554,167,178,161,170,179,qbg,ljh,soy,kxz,qxz
1090555,163,179,166,180,162,lqk,qxz,ezr,xrs,zsm
1090556,179,172,164,163,170,qxz,vqn,ptq,lqk,kxz
1090557,180,164,166,161,179,xrs,ptq,ezr,soy,qxz
1090558,167,162,163,161,175,qbg,zsm,lqk,soy,bag
1090559,172,173,167,180,171,vqn,isu,qbg,xrs,uro
1090560,162,180,172,175,178,zsm,xrs,vqn,bag,ljh
1090561,163,167,180,170,169,lqk,qbg,xrs,kxz,txr
1090562,162,166,177,171,163,zsm,ezr,jxw,uro,lqk
1090563,171,164,179,178,172,uro,ptq,qxz,ljh,vqn
1090564,165,169,170,174,180,vqa,txr,kxz,zna,xrs
1090565,167,163,173,168,172,qbg,lqk,isu,sfa,vqn
1090566,174,179,176,168,173,zna,qxz,zkx,sfa,isu
1090567,166,161,162,168,167,ezr,soy,zsm,sfa,qbg
1090568,163,162,164,170,171,lqk,zsm,ptq,kxz,uro
1090569,162,169,168,171,174,zsm,txr,sfa,uro,zna
1090570,173,180,178,171,162,isu,xrs,ljh,uro,zsm
1090571,162,167,170,180,179,zsm,qbg,kxz,xrs,qxz
1090572,166,174,172,164,161,ezr,zna,vqn,ptq,soy
1090573,174,163,165,171,164,zna,lqk,vqa,uro,ptq
1090574,170,172,166,168,173,kxz,vqn,ezr,sfa,isu
1090575,165,164,162,180,166,vqa,ptq,zsm,xrs,ezr
1090576,168,178,180,175,179,sfa,ljh,xrs,bag,qxz
1090577,180,170,164,169,173,xrs,kxz,ptq,txr,isu
1090578,174,177,176,170,169,zna,jxw,zkx,kxz,txr
1090579,176,166,179,169,180,zkx,ezr,qxz,txr,xrs
1090580,164,165,174,161,176,ptq,vqa,zna,soy,zkx
1090581,166,170,165,175,162,ezr,kxz,vqa,bag,zsm
1090582,166,176,165,175,164,ezr,zkx,vqa,bag,ptq
1090583,161,163,180,176,178,soy,lqk,xrs,zkx,ljh
1090584,175,176,165,163,162,bag,zkx,vqa,lqk,zsm
1090585,180,168,167,169,163,xrs,sfa,qbg,txr,lqk
1090586,172,175,166,161,176,vqn,bag,ezr,soy,zkx
1090587,169,167,163,177,164,txr,qbg,lqk,jxw,ptq
1090588,177,172,174,166,170,jxw,vqn,zna,ezr,kxz
1090589,179,161,165,170,174,qxz,soy,vqa,kxz,zna
1090590,177,165,176,164,167,jxw,vqa,zkx,ptq,qbg
1090591,170,161,176,167,177,kxz,soy,zkx,qbg,jxw
1090592,175,169,180,178,165,bag,txr,xrs,ljh,vqa
1090593,166,165,177,168,162,ezr,vqa,jxw,sfa,zsm
1090594,172,179,166,177,174,vqn,qxz,ezr,jxw,zna
1090595,168,179,174,169,171,sfa,qxz,zna,txr,uro
1090596,175,166,161,169,176,bag,ezr,soy,txr,zkx
1090597,174,163,170,167,168,zna,lqk,kxz,qbg,sfa
1090598,169,165,167,172,174,txr,vqa,qbg,vqn,zna
1090599,177,163,173,172,168,jxw,lqk,isu,vqn,sfa
1090600,175,176,164,178,161,bag,zkx,ptq,ljh,soy
1100001,186,189,188,199,193,gjo,sre,xoj,rgk,mik
1100002,196,190,193,181,192,kbs,kwh,mik,dtj,vfi
1100003,188,187,190,193,181,xoj,gxu,kwh,mik,dtj
1100004,190,192,191,187,189,kwh,vfi,kvf,gxu,sre
1100005,183,187,197,191,196,iwj,gxu,rkx,kvf,kbs
1100006,186,189,188,181,193,gjo,sre,xoj,dtj,mik
1100007,199,188,198,185,192,rgk,xoj,sfl,jzq,vfi
1100008,196,193,182,183,186,kbs,mik,jlq,iwj,gjo
1100009,190,187,181,186,182,kwh,gxu,dtj,gjo,jlq
1100010,187,182,199,188,184,gxu,jlq,rgk,xoj,lhi
1100011,190,187,199,185,189,kwh,gxu,rgk,jzq,sre
1100012,195,183,187,185,189,unh,iwj,gxu,jzq,sre
1100013,200,185,187,186,198,ikv,jzq,gxu,gjo,sfl
1100014,186,195,191,187,189,gjo,unh,kvf,gxu,sre
1100015,200,190,199,189,194,ikv,kwh,rgk,sre,dai
1100016,195,198,197,184,182,unh,sfl,rkx,lhi,jlq
1100017,192,193,189,190,195,vfi,mik,sre,kwh,unh
1100018,184,199,195,194,197,lhi,rgk,unh,dai,rkx
1100019,191,199,187,183,188,kvf,rgk,gxu,iwj,xoj
1100020,196,191,197,189,185,kbs,kvf,rkx,sre,jzq
1100021,184,186,195,182,199,lhi,gjo,unh,jlq,rgk
1100022,185,200,183,193,190,jzq,ikv,iwj,mik,kwh
1100023,194,192,186,183,197,dai,vfi,gjo,iwj,rkx
1100024,199,193,188,189,181,rgk,mik,xoj,sre,dtj
1100025,190,200,197,196,182,kwh,ikv,rkx,kbs,jlq
1100026,182,188,198,185,197,jlq,xoj,sfl,jzq,rkx
1100027,183,196,193,187,190,iwj,kbs,mik,gxu,kwh
1100028,184,194,191,192,186,lhi,dai,kvf,vfi,gjo
1100029,200,182,184,190,194,ikv,jlq,lhi,kwh,dai
1100030,191,181,187,193,194,kvf,dtj,gxu,mik,dai
1100031,200,192,182,188,185,ikv,vfi,jlq,xoj,jzq
1100032,200,191,195,188,184,ikv,kvf,unh,xoj,lhi
1100033,181,187,191,193,186,dtj,gxu,kvf,mik,gjo
1100034,191,194,187,192,195,kvf,dai,gxu,vfi,unh
1100035,196,189,184,200,199,kbs,sre,lhi,ikv,rgk
1100036,181,192,193,191,199,dtj,vfi,mik,kvf,rgk
1100037,200,190,192,187,184,ikv,kwh,vfi,gxu,lhi
1100038,188,182,193,187,199,xoj,jlq,mik,gxu,rgk
1100039,191,187,182,198,181,kvf,gxu,jlq,sfl,dtj
1100040,186,189,181,184,194,gjo,sre,dtj,lhi,dai
1100041,182,195,198,188,181,jlq,unh,sfl,xoj,dtj
1100042,187,181,190,183,191,gxu,dtj,kwh,iwj,kvf
1100043,200,186,198,185,196,ikv,gjo,sfl,jzq,kbs
1100044,197,199,189,184,196,rkx,rgk,sre,lhi,kbs
1100045,195,190,193,181,197,unh,kwh,mik,dtj,rkx
1100046,181,198,200,194,189,dtj,sfl,ikv,dai,sre
1100047,200,182,189,196,188,ikv,jlq,sre,kbs,xoj
1100048,182,183,200,185,199,jlq,iwj,ikv,jzq,rgk
1100049,194,192,182,186,184,dai,vfi,jlq,gjo,lhi
1100050,185,189,191,184,196,jzq,sre,kvf,lhi,kbs
1100051,200,193,185,188,190,ikv,mik,jzq,xoj,kwh
1100052,197,186,192,181,200,rkx,gjo,vfi,dtj,ikv
1100053,192,185,183,189,195,vfi,jzq,iwj,sre,unh
1100054,187,198,197,188,181,gxu,sfl,rkx,xoj,dtj
1100055,199,191,193,189,195,rgk,kvf,mik,sre,unh
1100056,185,194,198,190,187,jzq,dai,sfl,kwh,gxu
1100057,189,188,186,198,191,sre,xoj,gjo,sfl,kvf
1100058,199,188,198,192,181,rgk,xoj,sfl,vfi,dtj
1100059,199,181,185,182,190,rgk,dtj,jzq,jlq,kwh
1100060,193,199,192,186,182,mik,rgk,vfi,gjo,jlq
1100061,182,186,199,189,183,jlq,gjo,rgk,sre,iwj
1100062,194,196,200,181,197,dai,kbs,ikv,dtj,rkx
1100063,191,194,193,200,182,kvf,dai,mik,ikv,jlq
1100064,185,200,198,188,189,jzq,ikv,sfl,xoj,sre
1100065,197,181,196,186,190,rkx,dtj,kbs,gjo,kwh
1100066,191,182,186,200,196,kvf,jlq,gjo,ikv,kbs
1100067,194,193,186,192,181,dai,mik,gjo,vfi,dtj
1100068,194,185,187,190,183,dai,jzq,gxu,kwh,iwj
1100069,188,184,196,181,191,xoj,lhi,kbs,dtj,kvf
1100070,181,195,185,191,194,dtj,unh,jzq,kvf,dai
1100071,196,183,191,192,199,kbs,iwj,kvf,vfi,rgk
1100072,188,200,187,195,193,xoj,ikv,gxu,unh,mik
1100073,194,187,193,199,189,dai,gxu,mik,rgk,sre
1100074,199,195,196,182,193,rgk,unh,kbs,jlq,mik
1100075,200,190,199,194,192,ikv,kwh,rgk,dai,vfi
1100076,194,197,196,198,186,dai,rkx,kbs,sfl,gjo
1100077,199,191,197,182,194,rgk,kvf,rkx,jlq,dai
1100078,189,194,197,186,196,sre,dai,rkx,gjo,kbs
1100079,189,197,186,182,185,sre,rkx,gjo,jlq,jzq
1100080,185,182,187,198,200,jzq,jlq,gxu,sfl,ikv
1100081,183,199,182,188,192,iwj,rgk,jlq,xoj,vfi
1100082,190,200,193,187,185,kwh,ikv,mik,gxu,jzq
1100083,184,192,189,187,199,lhi,vfi,sre,gxu,rgk
1100084,198,182,181,197,187,sfl,jlq,dtj,rkx,gxu
1100085,199,185,195,198,188,rgk,jzq,unh,sfl,xoj
1100086,187,182,185,189,200,gxu,jlq,jzq,sre,ikv
1100087,191,197,200,193,182,kvf,rkx,ikv,mik,jlq
1100088,182,186,198,193,183,jlq,gjo,sfl,mik,iwj
1100089,189,199,183,187,184,sre,rgk,iwj,gxu,lhi
1100090,194,196,184,181,182,dai,kbs,lhi,dtj,jlq
1100091,198,195,193,194,191,sfl,unh,mik,dai,kvf
1100092,199,193,184,198,183,rgk,mik,lhi,sfl,iwj
1100093,183,194,186,184,181,iwj,dai,gjo,lhi,dtj
1100094,194,184,197,191,182,dai,lhi,rkx,kvf,jlq
1100095,187,184,183,192,191,gxu,lhi,iwj,vfi,kvf
1100096,195,181,196,191,183,unh,dtj,kbs,kvf,iwj
1100097,186,183,188,197,189,gjo,iwj,xoj,rkx,sre
1100098,195,183,187,184,193,unh,iwj,gxu,lhi,mik
1100099,196,198,185,195,197,kbs,sfl,jzq,unh,rkx
1100100,197,193,189,181,185,rkx,mik,sre,dtj,jzq
1100101,181,194,183,187,200,dtj,dai,iwj,gxu,ikv
1100102,196,200,181,182,186,kbs,ikv,dtj,jlq,gjo
1100103,187,195,185,198,192,gxu,unh,jzq,sfl,vfi
1100104,189,187,181,185,186,sre,gxu,dtj,jzq,gjo
1100105,190,200,183,191,187,kwh,ikv,iwj,kvf,gxu
1100106,188,193,184,187,200,xoj,mik,lhi,gxu,ikv
1100107,191,184,197,193,188,kvf,lhi,rkx,mik,xoj
1100108,187,198,194,192,195,gxu,sfl,dai,vfi,unh
1100109,193,187,181,195,197,mik,gxu,dtj,unh,rkx
1100110,190,181,194,195,193,kwh,dtj,dai,unh,mik
1100111,198,183,194,188,181,sfl,iwj,dai,xoj,dtj
1100112,189,197,187,190,186,sre,rkx,gxu,kwh,gjo
1100113,192,184,197,196,188,vfi,lhi,rkx,kbs,xoj
1100114,196,200,185,193,197,kbs,ikv,jzq,mik,rkx
1100115,195,193,194,190,189,unh,mik,dai,kwh,sre
1100116,199,198,191,200,181,rgk,sfl,kvf,ikv,dtj
1100117,181,185,193,188,187,dtj,jzq,mik,xoj,gxu
1100118,190,198,189,196,200,kwh,sfl,sre,kbs,ikv
1100119,195,184,192,191,183,unh,lhi,vfi,kvf,iwj
1100120,192,197,190,186,191,vfi,rkx,kwh,gjo,kvf
1100121,198,185,181,190,186,sfl,jzq,dtj,kwh,gjo
1100122,188,182,198,199,194,xoj,jlq,sfl,rgk,dai
1100123,198,190,186,193,189,sfl,kwh,gjo,mik,sre
1100124,188,193,192,189,184,xoj,mik,vfi,sre,lhi
1100125,198,182,195,181,193,sfl,jlq,unh,dtj,mik
1100126,189,183,188,197,185,sre,iwj,xoj,rkx,jzq
1100127,192,186,199,189,195,vfi,gjo,rgk,sre,unh
1100128,196,194,192,188,187,kbs,dai,vfi,xoj,gxu
1100129,200,183,182,190,181,ikv,iwj,jlq,kwh,dtj
1100130,200,190,189,197,199,ikv,kwh,sre,rkx,rgk
1100131,195,190,189,194,193,unh,kwh,sre,dai,mik
1100132,187,190,182,189,185,gxu,kwh,jlq,sre,jzq
1100133,190,189,197,183,193,kwh,sre,rkx,iwj,mik
1100134,187,184,182,196,194,gxu,lhi,jlq,kbs,dai
1100135,196,183,191,197,192,kbs,iwj,kvf,rkx,vfi
1100136,187,188,200,191,185,gxu,xoj,ikv,kvf,jzq
1100137,190,194,181,199,184,kwh,dai,dtj,rgk,lhi
1100138,194,189,181,193,190,dai,sre,dtj,mik,kwh
1100139,192,188,197,185,193,vfi,xoj,rkx,jzq,mik
1100140,181,184,189,196,186,dtj,lhi,sre,kbs,gjo
1100141,192,196,187,195,198,vfi,kbs,gxu,unh,sfl
1100142,198,186,196,199,191,sfl,gjo,kbs,rgk,kvf
1100143,200,184,183,197,182,ikv,lhi,iwj,rkx,jlq
1100144,197,187,181,190,191,rkx,gxu,dtj,kwh,kvf
1100145,190,195,188,181,184,kwh,unh,xoj,dtj,lhi
1100146,192,189,190,194,184,vfi,sre,kwh,dai,lhi
1100147,194,189,196,199,193,dai,sre,kbs,rgk,mik
1100148,182,194,190,189,183,jlq,dai,kwh,sre,iwj
1100149,197,182,189,191,185,rkx,jlq,sre,kvf,jzq
1100150,196,189,194,195,188,kbs,sre,dai,unh,xoj
1100151,185,181,198,187,199,jzq,dtj,sfl,gxu,rgk
1100152,187,182,190,189,191,gxu,jlq,kwh,sre,kvf
1100153,187,184,183,197,200,gxu,lhi,iwj,rkx,ikv
1100154,192,184,189,197,196,vfi,lhi,sre,rkx,kbs
1100155,182,191,185,194,192,jlq,kvf,jzq,dai,vfi
1100156,181,184,191,196,183,dtj,lhi,kvf,kbs,iwj
1100157,192,188,187,196,197,vfi,xoj,gxu,kbs,rkx
1100158,186,190,183,192,194,gjo,kwh,iwj,vfi,dai
1100159,192,190,194,186,182,vfi,kwh,dai,gjo,jlq
1100160,194,193,188,187,197,dai,mik,xoj,gxu,rkx
1100161,197,187,191,192,185,rkx,gxu,kvf,vfi,jzq
1100162,198,189,187,194,196,sfl,sre,gxu,dai,kbs
1100163,181,194,185,186,184,dtj,dai,jzq,gjo,lhi
1100164,185,200,188,184,189,jzq,ikv,xoj,lhi,sre
1100165,195,189,192,191,181,unh,sre,vfi,kvf,dtj
1100166,186,200,198,183,194,gjo,ikv,sfl,iwj,dai
1100167,186,198,190,199,189,gjo,sfl,kwh,rgk,sre
1100168,199,198,197,187,193,rgk,sfl,rkx,gxu,mik
1100169,196,200,198,190,191,kbs,ikv,sfl,kwh,kvf
1100170,199,184,196,200,195,rgk,lhi,kbs,ikv,unh
1100171,190,197,195,184,196,kwh,rkx,unh,lhi,kbs
1100172,193,186,192,195,196,mik,gjo,vfi,unh,kbs
1100173,188,192,195,193,191,xoj,vfi,unh,mik,kvf
1100174,200,194,189,199,187,ikv,dai,sre,rgk,gxu
1100175,194,196,198,183,187,dai,kbs,sfl,iwj,gxu
1100176,194,186,181,184,191,dai,gjo,dtj,lhi,kvf
1100177,190,191,188,196,187,kwh,kvf,xoj,kbs,gxu
1100178,187,196,184,198,194,gxu,kbs,lhi,sfl,dai
1100179,200,199,198,184,182,ikv,rgk,sfl,lhi,jlq
1100180,181,196,197,182,190,dtj,kbs,rkx,jlq,kwh
1100181,181,194,190,189,198,dtj,dai,kwh,sre,sfl
1100182,187,189,192,183,190,gxu,sre,vfi,iwj,kwh
1100183,193,189,198,197,192,mik,sre,sfl,rkx,vfi
1100184,190,199,193,189,192,kwh,rgk,mik,sre,vfi
1100185,183,194,191,192,195,iwj,dai,kvf,vfi,unh
1100186,190,184,194,186,192,kwh,lhi,dai,gjo,vfi
1100187,192,191,194,186,195,vfi,kvf,dai,gjo,unh
1100188,197,187,192,198,189,rkx,gxu,vfi,sfl,sre
1100189,183,188,189,185,191,iwj,xoj,sre,jzq,kvf
1100190,192,189,193,187,185,vfi,sre,mik,gxu,jzq
1100191,189,192,184,190,199,sre,vfi,lhi,kwh,rgk
1100192,196,199,200,197,188,kbs,rgk,ikv,rkx,xoj
1100193,187,185,189,197,191,gxu,jzq,sre,rkx,kvf
1100194,199,195,190,184,183,rgk,unh,kwh,lhi,iwj
1100195,183,186,187,181,198,iwj,gjo,gxu,dtj,sfl
1100196,189,192,194,199,198,sre,vfi,dai,rgk,sfl
1100197,192,182,193,183,189,vfi,jlq,mik,iwj,sre
1100198,200,186,185,183,188,ikv,gjo,jzq,iwj,xoj
1100199,186,198,193,194,197,gjo,sfl,mik,dai,rkx
1100200,193,194,187,198,195,mik,dai,gxu,sfl,unh
1100201,200,195,188,199,186,ikv,unh,xoj,rgk,gjo
1100202,197,182,187,185,181,rkx,jlq,gxu,jzq,dtj
1100203,197,184,193,186,188,rkx,lhi,mik,gjo,xoj
1100204,182,191,199,189,186,jlq,kvf,rgk,sre,gjo
1100205,188,183,186,185,196,xoj,iwj,gjo,jzq,kbs
1100206,188,184,190,200,189,xoj,lhi,kwh,ikv,sre
1100207,191,197,190,194,200,kvf,rkx,kwh,dai,ikv
1100208,196,200,193,197,189,kbs,ikv,mik,rkx,sre
1100209,197,192,185,181,194,rkx,vfi,jzq,dtj,dai
1100210,198,182,196,195,189,sfl,jlq,kbs,unh,sre
1100211,198,181,190,184,191,sfl,dtj,kwh,lhi,kvf
1100212,194,195,190,199,186,dai,unh,kwh,rgk,gjo
1100213,182,193,188,196,187,jlq,mik,xoj,kbs,gxu
1100214,193,200,183,191,181,mik,ikv,iwj,kvf,dtj
1100215,194,192,195,199,185,dai,vfi,unh,rgk,jzq
1100216,181,182,185,191,187,dtj,jlq,jzq,kvf,gxu
1100217,186,197,183,184,185,gjo,rkx,iwj,lhi,jzq
1100218,194,196,198,193,181,dai,kbs,sfl,mik,dtj
1100219,198,192,199,185,189,sfl,vfi,rgk,jzq,sre
1100220,190,181,182,189,186,kwh,dtj,jlq,sre,gjo
1100221,188,185,187,182,193,xoj,jzq,gxu,jlq,mik
1100222,198,195,193,183,185,sfl,unh,mik,iwj,jzq
1100223,198,187,197,199,181,sfl,gxu,rkx,rgk,dtj
1100224,183,190,191,184,195,iwj,kwh,kvf,lhi,unh
1100225,185,181,192,197,188,jzq,dtj,vfi,rkx,xoj
1100226,182,191,197,200,189,jlq,kvf,rkx,ikv,sre
1100227,184,195,196,194,189,lhi,unh,kbs,dai,sre
1100228,199,200,189,192,190,rgk,ikv,sre,vfi,kwh
1100229,185,184,196,193,192,jzq,lhi,kbs,mik,vfi
1100230,200,188,199,192,187,ikv,xoj,rgk,vfi,gxu
1100231,190,183,196,182,186,kwh,iwj,kbs,jlq,gjo
1100232,195,182,194,193,191,unh,jlq,dai,mik,kvf
1100233,193,192,194,200,196,mik,vfi,dai,ikv,kbs
1100234,200,198,184,193,183,ikv,sfl,lhi,mik,iwj
1100235,189,197,195,184,200,sre,rkx,unh,lhi,ikv
1100236,198,193,192,197,195,sfl,mik,vfi,rkx,unh
1100237,186,199,198,184,181,gjo,rgk,sfl,lhi,dtj
1100238,190,200,185,196,188,kwh,ikv,jzq,kbs,xoj
1100239,192,183,188,182,185,vfi,iwj,xoj,jlq,jzq
1100240,200,189,188,186,185,ikv,sre,xoj,gjo,jzq
1100241,184,187,181,194,189,lhi,gxu,dtj,dai,sre
1100242,192,181,190,188,198,vfi,dtj,kwh,xoj,sfl
1100243,194,186,190,198,181,dai,gjo,kwh,sfl,dtj
1100244,197,195,188,187,193,rkx,unh,xoj,gxu,mik
1100245,197,189,200,191,181,rkx,sre,ikv,kvf,dtj
1100246,195,193,187,191,197,unh,mik,gxu,kvf,rkx
1100247,184,191,193,192,194,lhi,kvf,mik,vfi,dai
1100248,194,190,191,183,187,dai,kwh,kvf,iwj,gxu
1100249,184,182,196,183,192,lhi,jlq,kbs,iwj,vfi
1100250,188,184,186,200,199,xoj,lhi,gjo,ikv,rgk
1100251,187,191,198,188,200,gxu,kvf,sfl,xoj,ikv
1100252,182,189,198,195,181,jlq,sre,sfl,unh,dtj
1100253,195,184,193,192,198,unh,lhi,mik,vfi,sfl
1100254,186,198,188,185,181,gjo,sfl,xoj,jzq,dtj
1100255,199,181,200,183,193,rgk,dtj,ikv,iwj,mik
1100256,186,188,193,195,184,gjo,xoj,mik,unh,lhi
1100257,199,183,184,186,197,rgk,iwj,lhi,gjo,rkx
1100258,194,182,199,185,196,dai,jlq,rgk,jzq,kbs
1100259,190,199,186,187,189,kwh,rgk,gjo,gxu,sre
1100260,191,188,192,186,185,kvf,xoj,vfi,gjo,jzq
1100261,185,196,192,184,190,jzq,kbs,vfi,lhi,kwh
1100262,192,190,200,182,197,vfi,kwh,ikv,jlq,rkx
1100263,190,181,185,197,184,kwh,dtj,jzq,rkx,lhi
1100264,182,199,196,193,200,jlq,rgk,kbs,mik,ikv
1100265,197,190,181,191,184,rkx,kwh,dtj,kvf,lhi
1100266,188,199,193,194,185,xoj,rgk,mik,dai,jzq
1100267,198,188,189,185,183,sfl,xoj,sre,jzq,iwj
1100268,192,194,181,199,186,vfi,dai,dtj,rgk,gjo
1100269,182,198,196,188,192,jlq,sfl,kbs,xoj,vfi
1100270,189,190,191,197,182,sre,kwh,kvf,rkx,jlq
1100271,200,193,185,189,197,ikv,mik,jzq,sre,rkx
1100272,183,193,199,186,195,iwj,mik,rgk,gjo,unh
1100273,182,193,184,181,197,jlq,mik,lhi,dtj,rkx
1100274,197,196,183,189,199,rkx,kbs,iwj,sre,rgk
1100275,182,185,190,189,194,jlq,jzq,kwh,sre,dai
1100276,198,183,193,186,185,sfl,iwj,mik,gjo,jzq
1100277,185,194,187,188,197,jzq,dai,gxu,xoj,rkx
1100278,194,186,197,191,188,dai,gjo,rkx,kvf,xoj
1100279,181,197,193,184,194,dtj,rkx,mik,lhi,dai
1100280,196,183,193,189,192,kbs,iwj,mik,sre,vfi
1100281,193,195,189,199,184,mik,unh,sre,rgk,lhi
1100282,189,181,193,186,197,sre,dtj,mik,gjo,rkx
1100283,186,196,181,193,198,gjo,kbs,dtj,mik,sfl
1100284,198,195,196,184,190,sfl,unh,kbs,lhi,kwh
1100285,183,191,188,197,200,iwj,kvf,xoj,rkx,ikv
1100286,182,195,183,186,197,jlq,unh,iwj,gjo,rkx
1100287,188,193,190,196,200,xoj,mik,kwh,kbs,ikv
1100288,186,198,195,200,190,gjo,sfl,unh,ikv,kwh
1100289,192,185,190,181,193,vfi,jzq,kwh,dtj,mik
1100290,191,183,199,194,184,kvf,iwj,rgk,dai,lhi
1100291,191,184,182,189,198,kvf,lhi,jlq,sre,sfl
1100292,200,190,185,182,189,ikv,kwh,jzq,jlq,sre
1100293,185,200,192,181,184,jzq,ikv,vfi,dtj,lhi
1100294,183,181,197,188,194,iwj,dtj,rkx,xoj,dai
1100295,187,182,200,186,188,gxu,jlq,ikv,gjo,xoj
1100296,184,195,198,193,196,lhi,unh,sfl,mik,kbs
1100297,199,193,197,196,185,rgk,mik,rkx,kbs,jzq
1100298,192,200,199,189,197,vfi,ikv,rgk,sre,rkx
1100299,182,185,191,190,189,jlq,jzq,kvf,kwh,sre
1100300,194,193,199,186,188,dai,mik,rgk,gjo,xoj
1100301,193,195,196,191,192,mik,unh,kbs,kvf,vfi
1100302,188,190,193,194,191,xoj,kwh,mik,dai,kvf
1100303,200,182,194,198,181,ikv,jlq,dai,sfl,dtj
1100304,184,188,183,190,189,lhi,xoj,iwj,kwh,sre
1100305,190,188,191,186,195,kwh,xoj,kvf,gjo,unh
1100306,194,182,186,187,185,dai,jlq,gjo,gxu,jzq
1100307,194,181,193,192,183,dai,dtj,mik,vfi,iwj
1100308,197,188,191,193,198,rkx,xoj,kvf,mik,sfl
1100309,191,181,194,192,197,kvf,dtj,dai,vfi,rkx
1100310,197,193,192,183,182,rkx,mik,vfi,iwj,jlq
1100311,196,189,183,186,199,kbs,sre,iwj,gjo,rgk
1100312,192,196,195,188,199,vfi,kbs,unh,xoj,rgk
1100313,198,183,194,196,191,sfl,iwj,dai,kbs,kvf
1100314,200,184,194,192,185,ikv,lhi,dai,vfi,jzq
1100315,182,187,183,197,198,jlq,gxu,iwj,rkx,sfl
1100316,191,194,185,200,183,kvf,dai,jzq,ikv,iwj
1100317,184,199,182,195,190,lhi,rgk,jlq,unh,kwh
1100318,196,197,185,188,189,kbs,rkx,jzq,xoj,sre
1100319,185,199,190,194,181,jzq,rgk,kwh,dai,dtj
1100320,185,195,183,188,187,jzq,unh,iwj,xoj,gxu
1100321,185,190,188,189,199,jzq,kwh,xoj,sre,rgk
1100322,192,181,185,200,182,vfi,dtj,jzq,ikv,jlq
1100323,184,190,200,186,191,lhi,kwh,ikv,gjo,kvf
1100324,190,194,187,193,198,kwh,dai,gxu,mik,sfl
1100325,184,190,191,193,196,lhi,kwh,kvf,mik,kbs
1100326,199,193,185,187,188,rgk,mik,jzq,gxu,xoj
1100327,199,189,200,181,190,rgk,sre,ikv,dtj,kwh
1100328,184,183,192,181,199,lhi,iwj,vfi,dtj,rgk
1100329,198,199,196,184,200,sfl,rgk,kbs,lhi,ikv
1100330,184,190,185,193,191,lhi,kwh,jzq,mik,kvf
1100331,200,181,185,182,184,ikv,dtj,jzq,jlq,lhi
1100332,200,191,199,195,196,ikv,kvf,rgk,unh,kbs
1100333,186,184,194,190,196,gjo,lhi,dai,kwh,kbs
1100334,193,187,196,191,192,mik,gxu,kbs,kvf,vfi
1100335,194,185,196,189,182,dai,jzq,kbs,sre,jlq
1100336,184,199,182,185,191,lhi,rgk,jlq,jzq,kvf
1100337,183,195,181,188,193,iwj,unh,dtj,xoj,mik
1100338,181,194,185,200,186,dtj,dai,jzq,ikv,gjo
1100339,189,184,195,200,186,sre,lhi,unh,ikv,gjo
1100340,184,192,198,183,196,lhi,vfi,sfl,iwj,kbs
1100341,190,192,198,183,181,kwh,vfi,sfl,iwj,dtj
1100342,200,184,188,197,193,ikv,lhi,xoj,rkx,mik
1100343,190,187,200,197,188,kwh,gxu,ikv,rkx,xoj
1100344,190,200,193,194,199,kwh,ikv,mik,dai,rgk
1100345,196,187,185,198,182,kbs,gxu,jzq,sfl,jlq
1100346,192,188,194,191,189,vfi,xoj,dai,kvf,sre
1100347,196,191,185,184,198,kbs,kvf,jzq,lhi,sfl
1100348,196,188,182,183,184,kbs,xoj,jlq,iwj,lhi
1100349,200,199,193,191,196,ikv,rgk,mik,kvf,kbs
1100350,185,183,193,188,190,jzq,iwj,mik,xoj,kwh
1100351,200,189,190,187,191,ikv,sre,kwh,gxu,kvf
1100352,195,190,187,189,184,unh,kwh,gxu,sre,lhi
1100353,194,200,188,186,196,dai,ikv,xoj,gjo,kbs
1100354,199,195,190,193,182,rgk,unh,kwh,mik,jlq
1100355,181,190,188,193,199,dtj,kwh,xoj,mik,rgk
1100356,196,187,188,186,200,kbs,gxu,xoj,gjo,ikv
1100357,199,185,196,186,181,rgk,jzq,kbs,gjo,dtj
1100358,188,195,185,193,189,xoj,unh,jzq,mik,sre
1100359,197,192,182,199,198,rkx,vfi,jlq,rgk,sfl
1100360,191,192,184,188,200,kvf,vfi,lhi,xoj,ikv
1100361,185,197,182,196,195,jzq,rkx,jlq,kbs,unh
1100362,198,186,199,194,191,sfl,gjo,rgk,dai,kvf
1100363,194,197,187,186,193,dai,rkx,gxu,gjo,mik
1100364,187,196,194,182,181,gxu,kbs,dai,jlq,dtj
1100365,185,183,190,188,192,jzq,iwj,kwh,xoj,vfi
1100366,195,194,193,189,187,unh,dai,mik,sre,gxu
1100367,195,189,194,185,198,unh,sre,dai,jzq,sfl
1100368,199,191,193,184,200,rgk,kvf,mik,lhi,ikv
1100369,189,198,183,187,184,sre,sfl,iwj,gxu,lhi
1100370,182,196,199,181,194,jlq,kbs,rgk,dtj,dai
1100371,182,197,200,189,190,jlq,rkx,ikv,sre,kwh
1100372,182,192,191,195,197,jlq,vfi,kvf,unh,rkx
1100373,181,199,184,182,192,dtj,rgk,lhi,jlq,vfi
1100374,195,185,190,193,197,unh,jzq,kwh,mik,rkx
1100375,197,189,182,188,185,rkx,sre,jlq,xoj,jzq
1100376,191,198,186,187,181,kvf,sfl,gjo,gxu,dtj
1100377,193,200,190,186,188,mik,ikv,kwh,gjo,xoj
1100378,190,193,183,184,196,kwh,mik,iwj,lhi,kbs
1100379,190,197,187,198,196,kwh,rkx,gxu,sfl,kbs
1100380,191,195,185,186,187,kvf,unh,jzq,gjo,gxu
1100381,191,183,197,189,198,kvf,iwj,rkx,sre,sfl
1100382,182,193,183,192,199,jlq,mik,iwj,vfi,rgk
1100383,192,187,200,193,184,vfi,gxu,ikv,mik,lhi
1100384,184,182,186,191,189,lhi,jlq,gjo,kvf,sre
1100385,187,191,186,199,196,gxu,kvf,gjo,rgk,kbs
1100386,187,197,188,199,198,gxu,rkx,xoj,rgk,sfl
1100387,200,190,195,184,189,ikv,kwh,unh,lhi,sre
1100388,189,184,194,199,190,sre,lhi,dai,rgk,kwh
1100389,200,191,182,192,197,ikv,kvf,jlq,vfi,rkx
1100390,196,191,198,185,187,kbs,kvf,sfl,jzq,gxu
1100391,184,186,196,182,187,lhi,gjo,kbs,jlq,gxu
1100392,182,184,194,187,197,jlq,lhi,dai,gxu,rkx
1100393,195,189,193,191,198,unh,sre,mik,kvf,sfl
1100394,183,182,194,196,187,iwj,jlq,dai,kbs,gxu
1100395,195,193,188,199,191,unh,mik,xoj,rgk,kvf
1100396,197,188,185,192,181,rkx,xoj,jzq,vfi,dtj
1100397,196,185,188,191,195,kbs,jzq,xoj,kvf,unh
1100398,197,198,185,181,183,rkx,sfl,jzq,dtj,iwj
1100399,183,197,186,191,184,iwj,rkx,gjo,kvf,lhi
1100400,186,197,189,196,187,gjo,rkx,sre,kbs,gxu
1100401,182,194,190,199,197,jlq,dai,kwh,rgk,rkx
1100402,195,198,185,182,193,unh,sfl,jzq,jlq,mik
1100403,199,188,183,191,185,rgk,xoj,iwj,kvf,jzq
1100404,189,190,197,191,193,sre,kwh,rkx,kvf,mik
1100405,196,183,182,192,187,kbs,iwj,jlq,vfi,gxu
1100406,193,197,198,199,195,mik,rkx,sfl,rgk,unh
1100407,188,184,187,182,196,xoj,lhi,gxu,jlq,kbs
1100408,183,187,198,190,193,iwj,gxu,sfl,kwh,mik
1100409,181,185,193,199,183,dtj,jzq,mik,rgk,iwj
1100410,187,188,183,198,191,gxu,xoj,iwj,sfl,kvf
1100411,186,191,183,192,182,gjo,kvf,iwj,vfi,jlq
1100412,192,197,185,181,190,vfi,rkx,jzq,dtj,kwh
1100413,197,188,198,191,200,rkx,xoj,sfl,kvf,ikv
1100414,185,196,190,181,195,jzq,kbs,kwh,dtj,unh
1100415,181,193,190,188,186,dtj,mik,kwh,xoj,gjo
1100416,194,186,187,195,185,dai,gjo,gxu,unh,jzq
1100417,188,184,196,183,182,xoj,lhi,kbs,iwj,jlq
1100418,184,200,186,193,182,lhi,ikv,gjo,mik,jlq
1100419,200,183,192,197,196,ikv,iwj,vfi,rkx,kbs
1100420,200,198,189,197,181,ikv,sfl,sre,rkx,dtj
1100421,198,191,199,196,181,sfl,kvf,rgk,kbs,dtj
1100422,189,185,188,190,191,sre,jzq,xoj,kwh,kvf
1100423,192,191,183,181,185,vfi,kvf,iwj,dtj,jzq
1100424,200,188,198,181,185,ikv,xoj,sfl,dtj,jzq
1100425,193,181,186,200,197,mik,dtj,gjo,ikv,rkx
1100426,188,192,190,196,186,xoj,vfi,kwh,kbs,gjo
1100427,189,194,184,198,196,sre,dai,lhi,sfl,kbs
1100428,197,191,196,188,185,rkx,kvf,kbs,xoj,jzq
1100429,185,184,196,187,194,jzq,lhi,kbs,gxu,dai
1100430,197,184,189,190,195,rkx,lhi,sre,kwh,unh
1100431,194,185,186,193,189,dai,jzq,gjo,mik,sre
1100432,191,197,198,185,193,kvf,rkx,sfl,jzq,mik
1100433,196,182,181,190,200,kbs,jlq,dtj,kwh,ikv
1100434,191,190,193,184,186,kvf,kwh,mik,lhi,gjo
1100435,183,184,200,198,195,iwj,lhi,ikv,sfl,unh
1100436,184,199,187,182,195,lhi,rgk,gxu,jlq,unh
1100437,200,188,182,185,181,ikv,xoj,jlq,jzq,dtj
1100438,189,185,196,197,181,sre,jzq,kbs,rkx,dtj
1100439,193,186,182,198,181,mik,gjo,jlq,sfl,dtj
1100440,181,200,183,192,182,dtj,ikv,iwj,vfi,jlq
1100441,183,187,191,193,200,iwj,gxu,kvf,mik,ikv
1100442,185,184,190,195,198,jzq,lhi,kwh,unh,sfl
1100443,191,183,187,182,185,kvf,iwj,gxu,jlq,jzq
1100444,188,184,199,186,181,xoj,lhi,rgk,gjo,dtj
1100445,191,185,198,197,196,kvf,jzq,sfl,rkx,kbs
1100446,200,192,194,181,182,ikv,vfi,dai,dtj,jlq
1100447,195,198,187,185,183,unh,sfl,gxu,jzq,iwj
1100448,198,199,192,197,184,sfl,rgk,vfi,rkx,lhi
1100449,184,196,191,193,198,lhi,kbs,kvf,mik,sfl
1100450,181,199,196,182,197,dtj,rgk,kbs,jlq,rkx
1100451,191,194,181,183,196,kvf,dai,dtj,iwj,kbs
1100452,195,188,194,191,198,unh,xoj,dai,kvf,sfl
1100453,192,188,182,185,197,vfi,xoj,jlq,jzq,rkx
1100454,193,190,196,197,189,mik,kwh,kbs,rkx,sre
1100455,196,188,183,190,182,kbs,xoj,iwj,kwh,jlq
1100456,197,187,192,181,190,rkx,gxu,vfi,dtj,kwh
1100457,199,184,181,190,188,rgk,lhi,dtj,kwh,xoj
1100458,200,185,182,199,190,ikv,jzq,jlq,rgk,kwh
1100459,190,183,181,189,194,kwh,iwj,dtj,sre,dai
1100460,193,192,182,194,198,mik,vfi,jlq,dai,sfl
1100461,200,190,195,199,185,ikv,kwh,unh,rgk,jzq
1100462,185,195,188,194,197,jzq,unh,xoj,dai,rkx
1100463,200,198,186,197,194,ikv,sfl,gjo,rkx,dai
1100464,189,196,192,182,200,sre,kbs,vfi,jlq,ikv
1100465,187,184,194,193,185,gxu,lhi,dai,mik,jzq
1100466,194,200,191,196,183,dai,ikv,kvf,kbs,iwj
1100467,188,200,185,186,198,xoj,ikv,jzq,gjo,sfl
1100468,192,185,194,190,193,vfi,jzq,dai,kwh,mik
1100469,189,188,183,193,200,sre,xoj,iwj,mik,ikv
1100470,192,187,188,197,196,vfi,gxu,xoj,rkx,kbs
1100471,199,182,193,187,184,rgk,jlq,mik,gxu,lhi
1100472,183,189,195,198,191,iwj,sre,unh,sfl,kvf
1100473,197,188,191,189,194,rkx,xoj,kvf,sre,dai
1100474,185,200,189,194,193,jzq,ikv,sre,dai,mik
1100475,192,187,198,195,181,vfi,gxu,sfl,unh,dtj
1100476,197,187,195,183,196,rkx,gxu,unh,iwj,kbs
1100477,188,199,184,192,190,xoj,rgk,lhi,vfi,kwh
1100478,195,192,182,199,191,unh,vfi,jlq,rgk,kvf
1100479,182,191,197,183,185,jlq,kvf,rkx,iwj,jzq
1100480,200,195,196,183,192,ikv,unh,kbs,iwj,vfi
1100481,181,199,194,183,186,dtj,rgk,dai,iwj,gjo
1100482,189,191,185,196,200,sre,kvf,jzq,kbs,ikv
1100483,198,191,194,193,184,sfl,kvf,dai,mik,lhi
1100484,200,190,196,183,193,ikv,kwh,kbs,iwj,mik
1100485,189,190,183,188,196,sre,kwh,iwj,xoj,kbs
1100486,183,191,189,196,186,iwj,kvf,sre,kbs,gjo
1100487,197,182,181,198,183,rkx,jlq,dtj,sfl,iwj
1100488,187,184,183,199,198,gxu,lhi,iwj,rgk,sfl
1100489,192,185,194,199,186,vfi,jzq,dai,rgk,gjo
1100490,187,194,185,193,197,gxu,dai,jzq,mik,rkx
1100491,184,185,186,200,196,lhi,jzq,gjo,ikv,kbs
1100492,188,193,183,189,182,xoj,mik,iwj,sre,jlq
1100493,197,188,193,194,187,rkx,xoj,mik,dai,gxu
1100494,181,182,198,192,194,dtj,jlq,sfl,vfi,dai
1100495,200,188,195,190,193,ikv,xoj,unh,kwh,mik
1100496,194,192,189,200,182,dai,vfi,sre,ikv,jlq
1100497,183,194,185,198,192,iwj,dai,jzq,sfl,vfi
1100498,193,181,191,200,194,mik,dtj,kvf,ikv,dai
1100499,184,191,181,199,185,lhi,kvf,dtj,rgk,jzq
1100500,187,198,184,188,196,gxu,sfl,lhi,xoj,kbs
1100501,191,197,186,187,189,kvf,rkx,gjo,gxu,sre
1100502,194,186,189,195,188,dai,gjo,sre,unh,xoj
1100503,191,196,187,188,200,kvf,kbs,gxu,xoj,ikv
1100504,195,198,185,193,197,unh,sfl,jzq,mik,rkx
1100505,196,184,197,182,186,kbs,lhi,rkx,jlq,gjo
1100506,190,192,193,200,197,kwh,vfi,mik,ikv,rkx
1100507,194,192,184,190,188,dai,vfi,lhi,kwh,xoj
1100508,195,189,182,200,199,unh,sre,jlq,ikv,rgk
1100509,195,192,189,197,190,unh,vfi,sre,rkx,kwh
1100510,186,184,182,183,193,gjo,lhi,jlq,iwj,mik
1100511,191,182,189,192,183,kvf,jlq,sre,vfi,iwj
1100512,186,193,194,185,190,gjo,mik,dai,jzq,kwh
1100513,195,199,183,192,198,unh,rgk,iwj,vfi,sfl
1100514,188,191,190,187,182,xoj,kvf,kwh,gxu,jlq
1100515,197,198,186,199,183,rkx,sfl,gjo,rgk,iwj
1100516,187,181,184,191,196,gxu,dtj,lhi,kvf,kbs
1100517,197,184,190,188,192,rkx,lhi,kwh,xoj,vfi
1100518,199,196,181,186,193,rgk,kbs,dtj,gjo,mik
1100519,191,184,189,196,192,kvf,lhi,sre,kbs,vfi
1100520,190,187,197,188,199,kwh,gxu,rkx,xoj,rgk
1100521,198,185,195,186,189,sfl,jzq,unh,gjo,sre
1100522,194,189,186,185,191,dai,sre,gjo,jzq,kvf
1100523,194,192,182,191,197,dai,vfi,jlq,kvf,rkx
1100524,186,199,185,190,189,gjo,rgk,jzq,kwh,sre
1100525,194,187,182,192,181,dai,gxu,jlq,vfi,dtj
1100526,192,184,186,187,199,vfi,lhi,gjo,gxu,rgk
1100527,181,193,183,189,190,dtj,mik,iwj,sre,kwh
1100528,183,196,199,190,191,iwj,kbs,rgk,kwh,kvf
1100529,188,198,190,183,184,xoj,sfl,kwh,iwj,lhi
1100530,189,191,181,194,200,sre,kvf,dtj,dai,ikv
1100531,196,185,183,187,193,kbs,jzq,iwj,gxu,mik
1100532,186,184,189,185,193,gjo,lhi,sre,jzq,mik
1100533,197,194,198,189,192,rkx,dai,sfl,sre,vfi
1100534,198,187,189,186,194,sfl,gxu,sre,gjo,dai
1100535,185,198,191,196,194,jzq,sfl,kvf,kbs,dai
1100536,197,193,199,187,183,rkx,mik,rgk,gxu,iwj
1100537,183,186,182,190,184,iwj,gjo,jlq,kwh,lhi
1100538,192,194,193,183,199,vfi,dai,mik,iwj,rgk
1100539,183,185,197,187,196,iwj,jzq,rkx,gxu,kbs
1100540,198,192,187,199,197,sfl,vfi,gxu,rgk,rkx
1100541,193,191,195,189,188,mik,kvf,unh,sre,xoj
1100542,183,192,195,197,186,iwj,vfi,unh,rkx,gjo
1100543,197,186,190,181,199,rkx,gjo,kwh,dtj,rgk
1100544,196,189,184,187,183,kbs,sre,lhi,gxu,iwj
1100545,198,185,196,184,192,sfl,jzq,kbs,lhi,vfi
1100546,181,197,187,199,200,dtj,rkx,gxu,rgk,ikv
1100547,187,183,186,181,191,gxu,iwj,gjo,dtj,kvf
1100548,195,181,182,196,186,unh,dtj,jlq,kbs,gjo
1100549,188,182,195,181,193,xoj,jlq,unh,dtj,mik
1100550,200,189,182,193,192,ikv,sre,jlq,mik,vfi
1100551,191,190,192,199,200,kvf,kwh,vfi,rgk,ikv
1100552,195,186,198,193,189,unh,gjo,sfl,mik,sre
1100553,182,190,200,194,189,jlq,kwh,ikv,dai,sre
1100554,187,198,181,190,199,gxu,sfl,dtj,kwh,rgk
1100555,183,199,186,200,182,iwj,rgk,gjo,ikv,jlq
1100556,199,192,184,183,190,rgk,vfi,lhi,iwj,kwh
1100557,200,184,186,181,199,ikv,lhi,gjo,dtj,rgk
1100558,187,182,183,181,195,gxu,jlq,iwj,dtj,unh
1100559,192,193,187,200,191,vfi,mik,gxu,ikv,kvf
1100560,182,200,192,195,198,jlq,ikv,vfi,unh,sfl
1100561,183,187,200,190,189,iwj,gxu,ikv,kwh,sre
1100562,182,186,197,191,183,jlq,gjo,rkx,kvf,iwj
1100563,191,184,199,198,192,kvf,lhi,rgk,sfl,vfi
1100564,185,189,190,194,200,jzq,sre,kwh,dai,ikv
1100565,187,183,193,188,192,gxu,iwj,mik,xoj,vfi
1100566,194,199,196,188,193,dai,rgk,kbs,xoj,mik
1100567,186,181,182,188,187,gjo,dtj,jlq,xoj,gxu
1100568,183,182,184,190,191,iwj,jlq,lhi,kwh,kvf
1100569,182,189,188,191,194,jlq,sre,xoj,kvf,dai
1100570,193,200,198,191,182,mik,ikv,sfl,kvf,jlq
1100571,182,187,190,200,199,jlq,gxu,kwh,ikv,rgk
1100572,186,194,192,184,181,gjo,dai,vfi,lhi,dtj
1100573,194,183,185,191,184,dai,iwj,jzq,kvf,lhi
1100574,190,192,186,188,193,kwh,vfi,gjo,xoj,mik
1100575,185,184,182,200,186,jzq,lhi,jlq,ikv,gjo
1100576,188,198,200,195,199,xoj,sfl,ikv,unh,rgk
1100577,200,190,184,189,193,ikv,kwh,lhi,sre,mik
1100578,194,197,196,190,189,dai,rkx,kbs,kwh,sre
1100579,196,186,199,189,200,kbs,gjo,rgk,sre,ikv
1100580,184,185,194,181,196,lhi,jzq,dai,dtj,kbs
1100581,186,190,185,195,182,gjo,kwh,jzq,unh,jlq
1100582,186,196,185,195,184,gjo,kbs,jzq,unh,lhi
1100583,181,183,200,196,198,dtj,iwj,ikv,kbs,sfl
1100584,195,196,185,183,182,unh,kbs,jzq,iwj,jlq
1100585,200,188,187,189,183,ikv,xoj,gxu,sre,iwj
1100586,192,195,186,181,196,vfi,unh,gjo,dtj,kbs
1100587,189,187,183,197,184,sre,gxu,iwj,rkx,lhi
1100588,197,192,194,186,190,rkx,vfi,dai,gjo,kwh
1100589,199,181,185,190,194,rgk,dtj,jzq,kwh,dai
1100590,197,185,196,184,187,rkx,jzq,kbs,lhi,gxu
1100591,190,181,196,187,197,kwh,dtj,kbs,gxu,rkx
1100592,195,189,200,198,185,unh,sre,ikv,sfl,jzq
1100593,186,185,197,188,182,gjo,jzq,rkx,xoj,jlq
1100594,192,199,186,197,194,vfi,rgk,gjo,rkx,dai
1100595,188,199,194,189,191,xoj,rgk,dai,sre,kvf
1100596,195,186,181,189,196,unh,gjo,dtj,sre,kbs
1100597,194,183,190,187,188,dai,iwj,kwh,gxu,xoj
1100598,189,185,187,192,194,sre,jzq,gxu,vfi,dai
1100599,197,183,193,192,188,rkx,iwj,mik,vfi,xoj
1100600,195,196,184,198,181,unh,kbs,lhi,sfl,dtj
1110001,206,209,208,219,213,gqe,ocv,wxj,ipy,ovf
1110002,216,210,213,201,212,qzx,zst,ovf,qrt,pne
1110003,208,207,210,213,201,wxj,puq,zst,ovf,qrt
1110004,210,212,211,207,209,zst,pne,ceq,puq,ocv
1110005,203,207,217,211,216,luc,puq,ezo,ceq,qzx
1110006,206,209,208,201,213,gqe,ocv,wxj,qrt,ovf
1110007,219,208,218,205,212,ipy,wxj,lqi,udb,pne
1110008,216,213,202,203,206,qzx,ovf,zrk,luc,gqe
1110009,210,207,201,206,202,zst,puq,qrt,gqe,zrk
1110010,207,202,219,208,204,puq,zrk,ipy,wxj,diu
1110011,210,207,219,205,209,zst,puq,ipy,udb,ocv
1110012,215,203,207,205,209,ila,luc,puq,udb,ocv
1110013,220,205,207,206,218,hno,udb,puq,gqe,lqi
1110014,206,215,211,207,209,gqe,ila,ceq,puq,ocv
1110015,220,210,219,209,214,hno,zst,ipy,ocv,ega
1110016,215,218,217,204,202,ila,lqi,ezo,diu,zrk
1110017,212,213,209,210,215,pne,ovf,ocv,zst,ila
1110018,204,219,215,214,217,diu,ipy,ila,ega,ezo
1110019,211,219,207,203,208,ceq,ipy,puq,luc,wxj
1110020,216,211,217,209,205,qzx,ceq,ezo,ocv,udb
1110021,204,206,215,202,219,diu,gqe,ila,zrk,ipy
1110022,205,220,203,213,210,udb,hno,luc,ovf,zst
1110023,214,212,206,203,217,ega,pne,gqe,luc,ezo
1110024,219,213,208,209,201,ipy,ovf,wxj,ocv,qrt
1110025,210,220,217,216,202,zst,hno,ezo,qzx,zrk
1110026,202,208,218,205,217,zrk,wxj,lqi,udb,ezo
1110027,203,216,213,207,210,luc,qzx,ovf,puq,zst
1110028,204,214,211,212,206,diu,ega,ceq,pne,gqe
1110029,220,202,204,210,214,hno,zrk,diu,zst,ega
1110030,211,201,207,213,214,ceq,qrt,puq,ovf,ega
1110031,220,212,202,208,205,hno,pne,zrk,wxj,udb
1110032,220,211,215,208,204,hno,ceq,ila,wxj,diu
1110033,201,207,211,213,206,qrt,puq,ceq,ovf,gqe
1110034,211,214,207,212,215,ceq,ega,puq,pne,ila
1110035,216,209,204,220,219,qzx,ocv,diu,hno,ipy
1110036,201,212,213,211,219,qrt,pne,ovf,ceq,ipy
1110037,220,210,212,207,204,hno,zst,pne,puq,diu
1110038,208,202,213,207,219,wxj,zrk,ovf,puq,ipy
1110039,211,207,202,218,201,ceq,puq,zrk,lqi,qrt
1110040,206,209,201,204,214,gqe,ocv,qrt,diu,ega
1110041,202,215,218,208,201,zrk,ila,lqi,wxj,qrt
1110042,207,201,210,203,211,puq,qrt,zst,luc,ceq
1110043,220,206,218,205,216,hno,gqe,lqi,udb,qzx
1110044,217,219,209,204,216,ezo,ipy,ocv,diu,qzx
1110045,215,210,213,201,217,ila,zst,ovf,qrt,ezo
1110046,201,218,220,214,209,qrt,lqi,hno,ega,ocv
1110047,220,202,209,216,208,hno,zrk,ocv,qzx,wxj
1110048,202,203,220,205,219,zrk,luc,hno,udb,ipy
1110049,214,212,202,206,204,ega,pne,zrk,gqe,diu
1110050,205,209,211,204,216,udb,ocv,ceq,diu,qzx
1110051,220,213,205,208,210,hno,ovf,udb,wxj,zst
1110052,217,206,212,201,220,ezo,gqe,pne,qrt,hno
1110053,212,205,203,209,215,pne,udb,luc,ocv,ila
1110054,207,218,217,208,201,puq,lqi,ezo,wxj,qrt
1110055,219,211,213,209,215,ipy,ceq,ovf,ocv,ila
1110056,205,214,218,210,207,udb,ega,lqi,zst,puq
1110057,209,208,206,218,211,ocv,wxj,gqe,lqi,ceq
1110058,219,208,218,212,201,ipy,wxj,lqi,pne,qrt
1110059,219,201,205,202,210,ipy,qrt,udb,zrk,zst
1110060,213,219,212,206,202,ovf,ipy,pne,gqe,zrk
1110061,202,206,219,209,203,zrk,gqe,ipy,ocv,luc
1110062,214,216,220,201,217,ega,qzx,hno,qrt,ezo
1110063,211,214,213,220,202,ceq,ega,ovf,hno,zrk
1110064,205,220,218,208,209,udb,hno,lqi,wxj,ocv
1110065,217,201,216,206,210,ezo,qrt,qzx,gqe,zst
1110066,211,202,206,220,216,ceq,zrk,gqe,hno,qzx
1110067,214,213,206,212,201,ega,ovf,gqe,pne,qrt
1110068,214,205,207,210,203,ega,udb,puq,zst,luc
1110069,208,204,216,201,211,wxj,diu,qzx,qrt,ceq
1110070,201,215,205,211,214,qrt,ila,udb,ceq,ega
1110071,216,203,211,212,219,qzx,luc,ceq,pne,ipy
1110072,208,220,207,215,213,wxj,hno,puq,ila,ovf
1110073,214,207,213,219,209,ega,puq,ovf,ipy,ocv
1110074,219,215,216,202,213,ipy,ila,qzx,zrk,ovf
1110075,220,210,219,214,212,hno,zst,ipy,ega,pne
1110076,214,217,216,218,206,ega,ezo,qzx,lqi,gqe
1110077,219,211,217,202,214,ipy,ceq,ezo,zrk,ega
1110078,209,214,217,206,216,ocv,ega,ezo,gqe,qzx
1110079,209,217,206,202,205,ocv,ezo,gqe,zrk,udb
1110080,205,202,207,218,220,udb,zrk,puq,lqi,hno
1110081,203,219,202,208,212,luc,ipy,zrk,wxj,pne
1110082,210,220,213,207,205,zst,hno,ovf,puq,udb
1110083,204,212,209,207,219,diu,pne,ocv,puq,ipy
1110084,218,202,201,217,207,lqi,zrk,qrt,ezo,puq
1110085,219,205,215,218,208,ipy,udb,ila,lqi,wxj
1110086,207,202,205,209,220,puq,zrk,udb,ocv,hno
1110087,211,217,220,213,202,ceq,ezo,hno,ovf,zrk
1110088,202,206,218,213,203,zrk,gqe,lqi,ovf,luc
1110089,209,219,203,207,204,ocv,ipy,luc,puq,diu
1110090,214,216,204,201,202,ega,qzx,diu,qrt,zrk
1110091,218,215,213,214,211,lqi,ila,ovf,ega,ceq
1110092,219,213,204,218,203,ipy,ovf,diu,lqi,luc
1110093,203,214,206,204,201,luc,ega,gqe,diu,qrt
1110094,214,204,217,211,202,ega,diu,ezo,ceq,zrk
1110095,207,204,203,212,211,puq,diu,luc,pne,ceq
1110096,215,201,216,211,203,ila,qrt,qzx,ceq,luc
1110097,206,203,208,217,209,gqe,luc,wxj,ezo,ocv
1110098,215,203,207,204,213,ila,luc,puq,diu,ovf
1110099,216,218,205,215,217,qzx,lqi,udb,ila,ezo
1110100,217,213,209,201,205,ezo,ovf,ocv,qrt,udb
1110101,201,214,203,207,220,qrt,ega,luc,puq,hno
1110102,216,220,201,202,206,qzx,hno,qrt,zrk,gqe
1110103,207,215,205,218,212,puq,ila,udb,lqi,pne
1110104,209,207,201,205,206,ocv,puq,qrt,udb,gqe
1110105,210,220,203,211,207,zst,hno,luc,ceq,puq
1110106,208,213,204,207,220,wxj,ovf,diu,puq,hno
1110107,211,204,217,213,208,ceq,diu,ezo,ovf,wxj
1110108,207,218,214,212,215,puq,lqi,ega,pne,ila
1110109,213,207,201,215,217,ovf,puq,qrt,ila,ezo
1110110,210,201,214,215,213,zst,qrt,ega,ila,ovf
1110111,218,203,214,208,201,lqi,luc,ega,wxj,qrt
1110112,209,217,207,210,206,ocv,ezo,puq,zst,gqe
1110113,212,204,217,216,208,pne,diu,ezo,qzx,wxj
1110114,216,220,205,213,217,qzx,hno,udb,ovf,ezo
1110115,215,213,214,210,209,ila,ovf,ega,zst,ocv
1110116,219,218,211,220,201,ipy,lqi,ceq,hno,qrt
1110117,201,205,213,208,207,qrt,udb,ovf,wxj,puq
1110118,210,218,209,216,220,zst,lqi,ocv,qzx,hno
1110119,215,204,212,211,203,ila,diu,pne,ceq,luc
1110120,212,217,210,206,211,pne,ezo,zst,gqe,ceq
1110121,218,205,201,210,206,lqi,udb,qrt,zst,gqe
1110122,208,202,218,219,214,wxj,zrk,lqi,ipy,ega
1110123,218,210,206,213,209,lqi,zst,gqe,ovf,ocv
1110124,208,213,212,209,204,wxj,ovf,pne,ocv,diu
1110125,218,202,215,201,213,lqi,zrk,ila,qrt,ovf
1110126,209,203,208,217,205,ocv,luc,wxj,ezo,udb
1110127,212,206,219,209,215,pne,gqe,ipy,ocv,ila
1110128,216,214,212,208,207,qzx,ega,pne,wxj,puq
1110129,220,203,202,210,201,hno,luc,zrk,zst,qrt
1110130,220,210,209,217,219,hno,zst,ocv,ezo,ipy
1110131,215,210,209,214,213,ila,zst,ocv,ega,ovf
1110132,207,210,202,209,205,puq,zst,zrk,ocv,udb
1110133,210,209,217,203,213,zst,ocv,ezo,luc,ovf
1110134,207,204,202,216,214,puq,diu,zrk,qzx,ega
1110135,216,203,211,217,212,qzx,luc,ceq,ezo,pne
1110136,207,208,220,211,205,puq,wxj,hno,ceq,udb
1110137,210,214,201,219,204,zst,ega,qrt,ipy,diu
1110138,214,209,201,213,210,ega,ocv,qrt,ovf,zst
1110139,212,208,217,205,213,pne,wxj,ezo,udb,ovf
1110140,201,204,209,216,206,qrt,diu,ocv,qzx,gqe
1110141,212,216,207,215,218,pne,qzx,puq,ila,lqi
1110142,218,206,216,219,211,lqi,gqe,qzx,ipy,ceq
1110143,220,204,203,217,202,hno,diu,luc,ezo,zrk
1110144,217,207,201,210,211,ezo,puq,qrt,zst,ceq
1110145,210,215,208,201,204,zst,ila,wxj,qrt,diu
1110146,212,209,210,214,204,pne,ocv,zst,ega,diu
1110147,214,209,216,219,213,ega,ocv,qzx,ipy,ovf
1110148,202,214,210,209,203,zrk,ega,zst,ocv,luc
1110149,217,202,209,211,205,ezo,zrk,ocv,ceq,udb
1110150,216,209,214,215,208,qzx,ocv,ega,ila,wxj
1110151,205,201,218,207,219,udb,qrt,lqi,puq,ipy
1110152,207,202,210,209,211,puq,zrk,zst,ocv,ceq
1110153,207,204,203,217,220,puq,diu,luc,ezo,hno
1110154,212,204,209,217,216,pne,diu,ocv,ezo,qzx
1110155,202,211,205,214,212,zrk,ceq,udb,ega,pne
1110156,201,204,211,216,203,qrt,diu,ceq,qzx,luc
1110157,212,208,207,216,217,pne,wxj,puq,qzx,ezo
1110158,206,210,203,212,214,gqe,zst,luc,pne,ega
1110159,212,210,214,206,202,pne,zst,ega,gqe,zrk
1110160,214,213,208,207,217,ega,ovf,wxj,puq,ezo
1110161,217,207,211,212,205,ezo,puq,ceq,pne,udb
1110162,218,209,207,214,216,lqi,ocv,puq,ega,qzx
1110163,201,214,205,206,204,qrt,ega,udb,gqe,diu
1110164,205,220,208,204,209,udb,hno,wxj,diu,ocv
1110165,215,209,212,211,201,ila,ocv,pne,ceq,qrt
1110166,206,220,218,203,214,gqe,hno,lqi,luc,ega
1110167,206,218,210,219,209,gqe,lqi,zst,ipy,ocv
1110168,219,218,217,207,213,ipy,lqi,ezo,puq,ovf
1110169,216,220,218,210,211,qzx,hno,lqi,zst,ceq
1110170,219,204,216,220,215,ipy,diu,qzx,hno,ila
1110171,210,217,215,204,216,zst,ezo,ila,diu,qzx
1110172,213,206,212,215,216,ovf,gqe,pne,ila,qzx
1110173,208,212,215,213,211,wxj,pne,ila,ovf,ceq
1110174,220,214,209,219,207,hno,ega,ocv,ipy,puq
1110175,214,216,218,203,207,ega,qzx,lqi,luc,puq
1110176,214,206,201,204,211,ega,gqe,qrt,diu,ceq
1110177,210,211,208,216,207,zst,ceq,wxj,qzx,puq
1110178,207,216,204,218,214,puq,qzx,diu,lqi,ega
1110179,220,219,218,204,202,hno,ipy,lqi,diu,zrk
1110180,201,216,217,202,210,qrt,qzx,ezo,zrk,zst
1110181,201,214,210,209,218,qrt,ega,zst,ocv,lqi
1110182,207,209,212,203,210,puq,ocv,pne,luc,zst
1110183,213,209,218,217,212,ovf,ocv,lqi,ezo,pne
1110184,210,219,213,209,212,zst,ipy,ovf,ocv,pne
1110185,203,214,211,212,215,luc,ega,ceq,pne,ila
1110186,210,204,214,206,212,zst,diu,ega,gqe,pne
1110187,212,211,214,206,215,pne,ceq,ega,gqe,ila
1110188,217,207,212,218,209,ezo,puq,pne,lqi,ocv
1110189,203,208,209,205,211,luc,wxj,ocv,udb,ceq
1110190,212,209,213,207,205,pne,ocv,ovf,puq,udb
1110191,209,212,204,210,219,ocv,pne,diu,zst,ipy
1110192,216,219,220,217,208,qzx,ipy,hno,ezo,wxj
1110193,207,205,209,217,211,puq,udb,ocv,ezo,ceq
1110194,219,215,210,204,203,ipy,ila,zst,diu,luc
1110195,203,206,207,201,218,luc,gqe,puq,qrt,lqi
1110196,209,212,214,219,218,ocv,pne,ega,ipy,lqi
1110197,212,202,213,203,209,pne,zrk,ovf,luc,ocv
1110198,220,206,205,203,208,hno,gqe,udb,luc,wxj
1110199,206,218,213,214,217,gqe,lqi,ovf,ega,ezo
1110200,213,214,207,218,215,ovf,ega,puq,lqi,ila
1110201,220,215,208,219,206,hno,ila,wxj,ipy,gqe
1110202,217,202,207,205,201,ezo,zrk,puq,udb,qrt
1110203,217,204,213,206,208,ezo,diu,ovf,gqe,wxj
1110204,202,211,219,209,206,zrk,ceq,ipy,ocv,gqe
1110205,208,203,206,205,216,wxj,luc,gqe,udb,qzx
1110206,208,204,210,220,209,wxj,diu,zst,hno,ocv
1110207,211,217,210,214,220,ceq,ezo,zst,ega,hno
1110208,216,220,213,217,209,qzx,hno,ovf,ezo,ocv
1110209,217,212,205,201,214,ezo,pne,udb,qrt,ega
1110210,218,202,216,215,209,lqi,zrk,qzx,ila,ocv
1110211,218,201,210,204,211,lqi,qrt,zst,diu,ceq
1110212,214,215,210,219,206,ega,ila,zst,ipy,gqe
1110213,202,213,208,216,207,zrk,ovf,wxj,qzx,puq
1110214,213,220,203,211,201,ovf,hno,luc,ceq,qrt
1110215,214,212,215,219,205,ega,pne,ila,ipy,udb
1110216,201,202,205,211,207,qrt,zrk,udb,ceq,puq
1110217,206,217,203,204,205,gqe,ezo,luc,diu,udb
1110218,214,216,218,213,201,ega,qzx,lqi,ovf,qrt
1110219,218,212,219,205,209,lqi,pne,ipy,udb,ocv
1110220,210,201,202,209,206,zst,qrt,zrk,ocv,gqe
1110221,208,205,207,202,213,wxj,udb,puq,zrk,ovf
1110222,218,215,213,203,205,lqi,ila,ovf,luc,udb
1110223,218,207,217,219,201,lqi,puq,ezo,ipy,qrt
1110224,203,210,211,204,215,luc,zst,ceq,diu,ila
1110225,205,201,212,217,208,udb,qrt,pne,ezo,wxj
1110226,202,211,217,220,209,zrk,ceq,ezo,hno,ocv
1110227,204,215,216,214,209,diu,ila,qzx,ega,ocv
1110228,219,220,209,212,210,ipy,hno,ocv,pne,zst
1110229,205,204,216,213,212,udb,diu,qzx,ovf,pne
1110230,220,208,219,212,207,hno,wxj,ipy,pne,puq
1110231,210,203,216,202,206,zst,luc,qzx,zrk,gqe
1110232,215,202,214,213,211,ila,zrk,ega,ovf,ceq
1110233,213,212,214,220,216,ovf,pne,ega,hno,qzx
1110234,220,218,204,213,203,hno,lqi,diu,ovf,luc
1110235,209,217,215,204,220,ocv,ezo,ila,diu,hno
1110236,218,213,212,217,215,lqi,ovf,pne,ezo,ila
1110237,206,219,218,204,201,gqe,ipy,lqi,diu,qrt
1110238,210,220,205,216,208,zst,hno,udb,qzx,wxj
1110239,212,203,208,202,205,pne,luc,wxj,zrk,udb
1110240,220,209,208,206,205,hno,ocv,wxj,gqe,udb
1110241,204,207,201,214,209,diu,puq,qrt,ega,ocv
1110242,212,201,210,208,218,pne,qrt,zst,wxj,lqi
1110243,214,206,210,218,201,ega,gqe,zst,lqi,qrt
1110244,217,215,208,207,213,ezo,ila,wxj,puq,ovf
1110245,217,209,220,211,201,ezo,ocv,hno,ceq,qrt
1110246,215,213,207,211,217,ila,ovf,puq,ceq,ezo
1110247,204,211,213,212,214,diu,ceq,ovf,pne,ega
1110248,214,210,211,203,207,ega,zst,ceq,luc,puq
1110249,204,202,216,203,212,diu,zrk,qzx,luc,pne
1110250,208,204,206,220,219,wxj,diu,gqe,hno,ipy
1110251,207,211,218,208,220,puq,ceq,lqi,wxj,hno
1110252,202,209,218,215,201,zrk,ocv,lqi,ila,qrt
1110253,215,204,213,212,218,ila,diu,ovf,pne,lqi
1110254,206,218,208,205,201,gqe,lqi,wxj,udb,qrt
1110255,219,201,220,203,213,ipy,qrt,hno,luc,ovf
1110256,206,208,213,215,204,gqe,wxj,ovf,ila,diu
1110257,219,203,204,206,217,ipy,luc,diu,gqe,ezo
1110258,214,202,219,205,216,ega,zrk,ipy,udb,qzx
1110259,210,219,206,207,209,zst,ipy,gqe,puq,ocv
1110260,211,208,212,206,205,ceq,wxj,pne,gqe,udb
1110261,205,216,212,204,210,udb,qzx,pne,diu,zst
1110262,212,210,220,202,217,pne,zst,hno,zrk,ezo
1110263,210,201,205,217,204,zst,qrt,udb,ezo,diu
1110264,202,219,216,213,220,zrk,ipy,qzx,ovf,hno
1110265,217,210,201,211,204,ezo,zst,qrt,ceq,diu
1110266,208,219,213,214,205,wxj,ipy,ovf,ega,udb
1110267,218,208,209,205,203,lqi,wxj,ocv,udb,luc
1110268,212,214,201,219,206,pne,ega,qrt,ipy,gqe
1110269,202,218,216,208,212,zrk,lqi,qzx,wxj,pne
1110270,209,210,211,217,202,ocv,zst,ceq,ezo,zrk
1110271,220,213,205,209,217,hno,ovf,udb,ocv,ezo
1110272,203,213,219,206,215,luc,ovf,ipy,gqe,ila
1110273,202,213,204,201,217,zrk,ovf,diu,qrt,ezo
1110274,217,216,203,209,219,ezo,qzx,luc,ocv,ipy
1110275,202,205,210,209,214,zrk,udb,zst,ocv,ega
1110276,218,203,213,206,205,lqi,luc,ovf,gqe,udb
1110277,205,214,207,208,217,udb,ega,puq,wxj,ezo
1110278,214,206,217,211,208,ega,gqe,ezo,ceq,wxj
1110279,201,217,213,204,214,qrt,ezo,ovf,diu,ega
1110280,216,203,213,209,212,qzx,luc,ovf,ocv,pne
1110281,213,215,209,219,204,ovf,ila,ocv,ipy,diu
1110282,209,201,213,206,217,ocv,qrt,ovf,gqe,ezo
1110283,206,216,201,213,218,gqe,qzx,qrt,ovf,lqi
1110284,218,215,216,204,210,lqi,ila,qzx,diu,zst
1110285,203,211,208,217,220,luc,ceq,wxj,ezo,hno
1110286,202,215,203,206,217,zrk,ila,luc,gqe,ezo
1110287,208,213,210,216,220,wxj,ovf,zst,qzx,hno
1110288,206,218,215,220,210,gqe,lqi,ila,hno,zst
1110289,212,205,210,201,213,pne,udb,zst,qrt,ovf
1110290,211,203,219,214,204,ceq,luc,ipy,ega,diu
1110291,211,204,202,209,218,ceq,diu,zrk,ocv,lqi
1110292,220,210,205,202,209,hno,zst,udb,zrk,ocv
1110293,205,220,212,201,204,udb,hno,pne,qrt,diu
1110294,203,201,217,208,214,luc,qrt,ezo,wxj,ega
1110295,207,202,220,206,208,puq,zrk,hno,gqe,wxj
1110296,204,215,218,213,216,diu,ila,lqi,ovf,qzx
1110297,219,213,217,216,205,ipy,ovf,ezo,qzx,udb
1110298,212,220,219,209,217,pne,hno,ipy,ocv,ezo
1110299,202,205,211,210,209,zrk,udb,ceq,zst,ocv
1110300,214,213,219,206,208,ega,ovf,ipy,gqe,wxj
1110301,213,215,216,211,212,ovf,ila,qzx,ceq,pne
1110302,208,210,213,214,211,wxj,zst,ovf,ega,ceq
1110303,220,202,214,218,201,hno,zrk,ega,lqi,qrt
1110304,204,208,203,210,209,diu,wxj,luc,zst,ocv
1110305,210,208,211,206,215,zst,wxj,ceq,gqe,ila
1110306,214,202,206,207,205,ega,zrk,gqe,puq,udb
1110307,214,201,213,212,203,ega,qrt,ovf,pne,luc
1110308,217,208,211,213,218,ezo,wxj,ceq,ovf,lqi
1110309,211,201,214,212,217,ceq,qrt,ega,pne,ezo
1110310,217,213,212,203,202,ezo,ovf,pne,luc,zrk
1110311,216,209,203,206,219,qzx,ocv,luc,gqe,ipy
1110312,212,216,215,208,219,pne,qzx,ila,wxj,ipy
1110313,218,203,214,216,211,lqi,luc,ega,qzx,ceq
1110314,220,204,214,212,205,hno,diu,ega,pne,udb
1110315,202,207,203,217,218,zrk,puq,luc,ezo,lqi
1110316,211,214,205,220,203,ceq,ega,udb,hno,luc
1110317,204,219,202,215,210,diu,ipy,zrk,ila,zst
1110318,216,217,205,208,209,qzx,ezo,udb,wxj,ocv
1110319,205,219,210,214,201,udb,ipy,zst,ega,qrt
1110320,205,215,203,208,207,udb,ila,luc,wxj,puq
1110321,205,210,208,209,219,udb,zst,wxj,ocv,ipy
1110322,212,201,205,220,202,pne,qrt,udb,hno,zrk
1110323,204,210,220,206,211,diu,zst,hno,gqe,ceq
1110324,210,214,207,213,218,zst,ega,puq,ovf,lqi
1110325,204,210,211,213,216,diu,zst,ceq,ovf,qzx
1110326,219,213,205,207,208,ipy,ovf,udb,puq,wxj
1110327,219,209,220,201,210,ipy,ocv,hno,qrt,zst
1110328,204,203,212,201,219,diu,luc,pne,qrt,ipy
1110329,218,219,216,204,220,lqi,ipy,qzx,diu,hno
1110330,204,210,205,213,211,diu,zst,udb,ovf,ceq
1110331,220,201,205,202,204,hno,qrt,udb,zrk,diu
1110332,220,211,219,215,216,hno,ceq,ipy,ila,qzx
1110333,206,204,214,210,216,gqe,diu,ega,zst,qzx
1110334,213,207,216,211,212,ovf,puq,qzx,ceq,pne
1110335,214,205,216,209,202,ega,udb,qzx,ocv,zrk
1110336,204,219,202,205,211,diu,ipy,zrk,udb,ceq
1110337,203,215,201,208,213,luc,ila,qrt,wxj,ovf
1110338,201,214,205,220,206,qrt,ega,udb,hno,gqe
1110339,209,204,215,220,206,ocv,diu,ila,hno,gqe
1110340,204,212,218,203,216,diu,pne,lqi,luc,qzx
1110341,210,212,218,203,201,zst,pne,lqi,luc,qrt
1110342,220,204,208,217,213,hno,diu,wxj,ezo,ovf
1110343,210,207,220,217,208,zst,puq,hno,ezo,wxj
1110344,210,220,213,214,219,zst,hno,ovf,ega,ipy
1110345,216,207,205,218,202,qzx,puq,udb,lqi,zrk
1110346,212,208,214,211,209,pne,wxj,ega,ceq,ocv
1110347,216,211,205,204,218,qzx,ceq,udb,diu,lqi
1110348,216,208,202,203,204,qzx,wxj,zrk,luc,diu
1110349,220,219,213,211,216,hno,ipy,ovf,ceq,qzx
1110350,205,203,213,208,210,udb,luc,ovf,wxj,zst
1110351,220,209,210,207,211,hno,ocv,zst,puq,ceq
1110352,215,210,207,209,204,ila,zst,puq,ocv,diu
1110353,214,220,208,206,216,ega,hno,wxj,gqe,qzx
1110354,219,215,210,213,202,ipy,ila,zst,ovf,zrk
1110355,201,210,208,213,219,qrt,zst,wxj,ovf,ipy
1110356,216,207,208,206,220,qzx,puq,wxj,gqe,hno
1110357,219,205,216,206,201,ipy,udb,qzx,gqe,qrt
1110358,208,215,205,213,209,wxj,ila,udb,ovf,ocv
1110359,217,212,202,219,218,ezo,pne,zrk,ipy,lqi
1110360,211,212,204,208,220,ceq,pne,diu,wxj,hno
1110361,205,217,202,216,215,udb,ezo,zrk,qzx,ila
1110362,218,206,219,214,211,lqi,gqe,ipy,ega,ceq
1110363,214,217,207,206,213,ega,ezo,puq,gqe,ovf
1110364,207,216,214,202,201,puq,qzx,ega,zrk,qrt
1110365,205,203,210,208,212,udb,luc,zst,wxj,pne
1110366,215,214,213,209,207,ila,ega,ovf,ocv,puq
1110367,215,209,214,205,218,ila,ocv,ega,udb,lqi
1110368,219,211,213,204,220,ipy,ceq,ovf,diu,hno
1110369,209,218,203,207,204,ocv,lqi,luc,puq,diu
1110370,202,216,219,201,214,zrk,qzx,ipy,qrt,ega
1110371,202,217,220,209,210,zrk,ezo,hno,ocv,zst
1110372,202,212,211,215,217,zrk,pne,ceq,ila,ezo
1110373,201,219,204,202,212,qrt,ipy,diu,zrk,pne
1110374,215,205,210,213,217,ila,udb,zst,ovf,ezo
1110375,217,209,202,208,205,ezo,ocv,zrk,wxj,udb
1110376,211,218,206,207,201,ceq,lqi,gqe,puq,qrt
1110377,213,220,210,206,208,ovf,hno,zst,gqe,wxj
1110378,210,213,203,204,216,zst,ovf,luc,diu,qzx
1110379,210,217,207,218,216,zst,ezo,puq,lqi,qzx
1110380,211,215,205,206,207,ceq,ila,udb,gqe,puq
1110381,211,203,217,209,218,ceq,luc,ezo,ocv,lqi
1110382,202,213,203,212,219,zrk,ovf,luc,pne,ipy
1110383,212,207,220,213,204,pne,puq,hno,ovf,diu
1110384,204,202,206,211,209,diu,zrk,gqe,ceq,ocv
1110385,207,211,206,219,216,puq,ceq,gqe,ipy,qzx
1110386,207,217,208,219,218,puq,ezo,wxj,ipy,lqi
1110387,220,210,215,204,209,hno,zst,ila,diu,ocv
1110388,209,204,214,219,210,ocv,diu,ega,ipy,zst
1110389,220,211,202,212,217,hno,ceq,zrk,pne,ezo
1110390,216,211,218,205,207,qzx,ceq,lqi,udb,puq
1110391,204,206,216,202,207,diu,gqe,qzx,zrk,puq
1110392,202,204,214,207,217,zrk,diu,ega,puq,ezo
1110393,215,209,213,211,218,ila,ocv,ovf,ceq,lqi
1110394,203,202,214,216,207,luc,zrk,ega,qzx,puq
1110395,215,213,208,219,211,ila,ovf,wxj,ipy,ceq
1110396,217,208,205,212,201,ezo,wxj,udb,pne,qrt
1110397,216,205,208,211,215,qzx,udb,wxj,ceq,ila
1110398,217,218,205,201,203,ezo,lqi,udb,qrt,luc
1110399,203,217,206,211,204,luc,ezo,gqe,ceq,diu
1110400,206,217,209,216,207,gqe,ezo,ocv,qzx,puq
1110401,202,214,210,219,217,zrk,ega,zst,ipy,ezo
1110402,215,218,205,202,213,ila,lqi,udb,zrk,ovf
1110403,219,208,203,211,205,ipy,wxj,luc,ceq,udb
1110404,209,210,217,211,213,ocv,zst,ezo,ceq,ovf
1110405,216,203,202,212,207,qzx,luc,zrk,pne,puq
1110406,213,217,218,219,215,ovf,ezo,lqi,ipy,ila
1110407,208,204,207,202,216,wxj,diu,puq,zrk,qzx
1110408,203,207,218,210,213,luc,puq,lqi,zst,ovf
1110409,201,205,213,219,203,qrt,udb,ovf,ipy,luc
1110410,207,208,203,218,211,puq,wxj,luc,lqi,ceq
1110411,206,211,203,212,202,gqe,ceq,luc,pne,zrk
1110412,212,217,205,201,210,pne,ezo,udb,qrt,zst
1110413,217,208,218,211,220,ezo,wxj,lqi,ceq,hno
1110414,205,216,210,201,215,udb,qzx,zst,qrt,ila
1110415,201,213,210,208,206,qrt,ovf,zst,wxj,gqe
1110416,214,206,207,215,205,ega,gqe,puq,ila,udb
1110417,208,204,216,203,202,wxj,diu,qzx,luc,zrk
1110418,204,220,206,213,202,diu,hno,gqe,ovf,zrk
1110419,220,203,212,217,216,hno,luc,pne,ezo,qzx
1110420,220,218,209,217,201,hno,lqi,ocv,ezo,qrt
1110421,218,211,219,216,201,lqi,ceq,ipy,qzx,qrt
1110422,209,205,208,210,211,ocv,udb,wxj,zst,ceq
1110423,212,211,203,201,205,pne,ceq,luc,qrt,udb
1110424,220,208,218,201,205,hno,wxj,lqi,qrt,udb
1110425,213,201,206,220,217,ovf,qrt,gqe,hno,ezo
1110426,208,212,210,216,206,wxj,pne,zst,qzx,gqe
1110427,209,214,204,218,216,ocv,ega,diu,lqi,qzx
1110428,217,211,216,208,205,ezo,ceq,qzx,wxj,udb
1110429,205,204,216,207,214,udb,diu,qzx,puq,ega
1110430,217,204,209,210,215,ezo,diu,ocv,zst,ila
1110431,214,205,206,213,209,ega,udb,gqe,ovf,ocv
1110432,211,217,218,205,213,ceq,ezo,lqi,udb,ovf
1110433,216,202,201,210,220,qzx,zrk,qrt,zst,hno
1110434,211,210,213,204,206,ceq,zst,ovf,diu,gqe
1110435,203,204,220,218,215,luc,diu,hno,lqi,ila
1110436,204,219,207,202,215,diu,ipy,puq,zrk,ila
1110437,220,208,202,205,201,hno,wxj,zrk,udb,qrt
1110438,209,205,216,217,201,ocv,udb,qzx,ezo,qrt
1110439,213,206,202,218,201,ovf,gqe,zrk,lqi,qrt
1110440,201,220,203,212,202,qrt,hno,luc,pne,zrk
1110441,203,207,211,213,220,luc,puq,ceq,ovf,hno
1110442,205,204,210,215,218,udb,diu,zst,ila,lqi
1110443,211,203,207,202,205,ceq,luc,puq,zrk,udb
1110444,208,204,219,206,201,wxj,diu,ipy,gqe,qrt
1110445,211,205,218,217,216,ceq,udb,lqi,ezo,qzx
1110446,220,212,214,201,202,hno,pne,ega,qrt,zrk
1110447,215,218,207,205,203,ila,lqi,puq,udb,luc
1110448,218,219,212,217,204,lqi,ipy,pne,ezo,diu
1110449,204,216,211,213,218,diu,qzx,ceq,ovf,lqi
1110450,201,219,216,202,217,qrt,ipy,qzx,zrk,ezo
1110451,211,214,201,203,216,ceq,ega,qrt,luc,qzx
1110452,215,208,214,211,218,ila,wxj,ega,ceq,lqi
1110453,212,208,202,205,217,pne,wxj,zrk,udb,ezo
1110454,213,210,216,217,209,ovf,zst,qzx,ezo,ocv
1110455,216,208,203,210,202,qzx,wxj,luc,zst,zrk
1110456,217,207,212,201,210,ezo,puq,pne,qrt,zst
1110457,219,204,201,210,208,ipy,diu,qrt,zst,wxj
1110458,220,205,202,219,210,hno,udb,zrk,ipy,zst
1110459,210,203,201,209,214,zst,luc,qrt,ocv,ega
1110460,213,212,202,214,218,ovf,pne,zrk,ega,lqi
1110461,220,210,215,219,205,hno,zst,ila,ipy,udb
1110462,205,215,208,214,217,udb,ila,wxj,ega,ezo
1110463,220,218,206,217,214,hno,lqi,gqe,ezo,ega
1110464,209,216,212,202,220,ocv,qzx,pne,zrk,hno
1110465,207,204,214,213,205,puq,diu,ega,ovf,udb
1110466,214,220,211,216,203,ega,hno,ceq,qzx,luc
1110467,208,220,205,206,218,wxj,hno,udb,gqe,lqi
1110468,212,205,214,210,213,pne,udb,ega,zst,ovf
1110469,209,208,203,213,220,ocv,wxj,luc,ovf,hno
1110470,212,207,208,217,216,pne,puq,wxj,ezo,qzx
1110471,219,202,213,207,204,ipy,zrk,ovf,puq,diu
1110472,203,209,215,218,211,luc,ocv,ila,lqi,ceq
1110473,217,208,211,209,214,ezo,wxj,ceq,ocv,ega
1110474,205,220,209,214,213,udb,hno,ocv,ega,ovf
1110475,212,207,218,215,201,pne,puq,lqi,ila,qrt
1110476,217,207,215,203,216,ezo,puq,ila,luc,qzx
1110477,208,219,204,212,210,wxj,ipy,diu,pne,zst
1110478,215,212,202,219,211,ila,pne,zrk,ipy,ceq
1110479,202,211,217,203,205,zrk,ceq,ezo,luc,udb
1110480,220,215,216,203,212,hno,ila,qzx,luc,pne
1110481,201,219,214,203,206,qrt,ipy,ega,luc,gqe
1110482,209,211,205,216,220,ocv,ceq,udb,qzx,hno
1110483,218,211,214,213,204,lqi,ceq,ega,ovf,diu
1110484,220,210,216,203,213,hno,zst,qzx,luc,ovf
1110485,209,210,203,208,216,ocv,zst,luc,wxj,qzx
1110486,203,211,209,216,206,luc,ceq,ocv,qzx,gqe
1110487,217,202,201,218,203,ezo,zrk,qrt,lqi,luc
1110488,207,204,203,219,218,puq,diu,luc,ipy,lqi
1110489,212,205,214,219,206,pne,udb,ega,ipy,gqe
1110490,207,214,205,213,217,puq,ega,udb,ovf,ezo
1110491,204,205,206,220,216,diu,udb,gqe,hno,qzx
1110492,208,213,203,209,202,wxj,ovf,luc,ocv,zrk
1110493,217,208,213,214,207,ezo,wxj,ovf,ega,puq
1110494,201,202,218,212,214,qrt,zrk,lqi,pne,ega
1110495,220,208,215,210,213,hno,wxj,ila,zst,ovf
1110496,214,212,209,220,202,ega,pne,ocv,hno,zrk
1110497,203,214,205,218,212,luc,ega,udb,lqi,pne
1110498,213,201,211,220,214,ovf,qrt,ceq,hno,ega
1110499,204,211,201,219,205,diu,ceq,qrt,ipy,udb
1110500,207,218,204,208,216,puq,lqi,diu,wxj,qzx
1110501,211,217,206,207,209,ceq,ezo,gqe,puq,ocv
1110502,214,206,209,215,208,ega,gqe,ocv,ila,wxj
1110503,211,216,207,208,220,ceq,qzx,puq,wxj,hno
1110504,215,218,205,213,217,ila,lqi,udb,ovf,ezo
1110505,216,204,217,202,206,qzx,diu,ezo,zrk,gqe
1110506,210,212,213,220,217,zst,pne,ovf,hno,ezo
1110507,214,212,204,210,208,ega,pne,diu,zst,wxj
1110508,215,209,202,220,219,ila,ocv,zrk,hno,ipy
1110509,215,212,209,217,210,ila,pne,ocv,ezo,zst
1110510,206,204,202,203,213,gqe,diu,zrk,luc,ovf
1110511,211,202,209,212,203,ceq,zrk,ocv,pne,luc
1110512,206,213,214,205,210,gqe,ovf,ega,udb,zst
1110513,215,219,203,212,218,ila,ipy,luc,pne,lqi
1110514,208,211,210,207,202,wxj,ceq,zst,puq,zrk
1110515,217,218,206,219,203,ezo,lqi,gqe,ipy,luc
1110516,207,201,204,211,216,puq,qrt,diu,ceq,qzx
1110517,217,204,210,208,212,ezo,diu,zst,wxj,pne
1110518,219,216,201,206,213,ipy,qzx,qrt,gqe,ovf
1110519,211,204,209,216,212,ceq,diu,ocv,qzx,pne
1110520,210,207,217,208,219,zst,puq,ezo,wxj,ipy
1110521,218,205,215,206,209,lqi,udb,ila,gqe,ocv
1110522,214,209,206,205,211,ega,ocv,gqe,udb,ceq
1110523,214,212,202,211,217,ega,pne,zrk,ceq,ezo
1110524,206,219,205,210,209,gqe,ipy,udb,zst,ocv
1110525,214,207,202,212,201,ega,puq,zrk,pne,qrt
1110526,212,204,206,207,219,pne,diu,gqe,puq,ipy
1110527,201,213,203,209,210,qrt,ovf,luc,ocv,zst
1110528,203,216,219,210,211,luc,qzx,ipy,zst,ceq
1110529,208,218,210,203,204,wxj,lqi,zst,luc,diu
1110530,209,211,201,214,220,ocv,ceq,qrt,ega,hno
1110531,216,205,203,207,213,qzx,udb,luc,puq,ovf
1110532,206,204,209,205,213,gqe,diu,ocv,udb,ovf
1110533,217,214,218,209,212,ezo,ega,lqi,ocv,pne
1110534,218,207,209,206,214,lqi,puq,ocv,gqe,ega
1110535,205,218,211,216,214,udb,lqi,ceq,qzx,ega
1110536,217,213,219,207,203,ezo,ovf,ipy,puq,luc
1110537,203,206,202,210,204,luc,gqe,zrk,zst,diu
1110538,212,214,213,203,219,pne,ega,ovf,luc,ipy
1110539,203,205,217,207,216,luc,udb,ezo,puq,qzx
1110540,218,212,207,219,217,lqi,pne,puq,ipy,ezo
1110541,213,211,215,209,208,ovf,ceq,ila,ocv,wxj
1110542,203,212,215,217,206,luc,pne,ila,ezo,gqe
1110543,217,206,210,201,219,ezo,gqe,zst,qrt,ipy
1110544,216,209,204,207,203,qzx,ocv,diu,puq,luc
1110545,218,205,216,204,212,lqi,udb,qzx,diu,pne
1110546,201,217,207,219,220,qrt,ezo,puq,ipy,hno
1110547,207,203,206,201,211,puq,luc,gqe,qrt,ceq
1110548,215,201,202,216,206,ila,qrt,zrk,qzx,gqe
1110549,208,202,215,201,213,wxj,zrk,ila,qrt,ovf
1110550,220,209,202,213,212,hno,ocv,zrk,ovf,pne
1110551,211,210,212,219,220,ceq,zst,pne,ipy,hno
1110552,215,206,218,213,209,ila,gqe,lqi,ovf,ocv
1110553,202,210,220,214,209,zrk,zst,hno,ega,ocv
1110554,207,218,201,210,219,puq,lqi,qrt,zst,ipy
1110555,203,219,206,220,202,luc,ipy,gqe,hno,zrk
1110556,219,212,204,203,210,ipy,pne,diu,luc,zst
1110557,220,204,206,201,219,hno,diu,gqe,qrt,ipy
1110558,207,202,203,201,215,puq,zrk,luc,qrt,ila
1110559,212,213,207,220,211,pne,ovf,puq,hno,ceq
1110560,202,220,212,215,218,zrk,hno,pne,ila,lqi
1110561,203,207,220,210,209,luc,puq,hno,zst,ocv
1110562,202,206,217,211,203,zrk,gqe,ezo,ceq,luc
1110563,211,204,219,218,212,ceq,diu,ipy,lqi,pne
1110564,205,209,210,214,220,udb,ocv,zst,ega,hno
1110565,207,203,213,208,212,puq,luc,ovf,wxj,pne
1110566,214,219,216,208,213,ega,ipy,qzx,wxj,ovf
1110567,206,201,202,208,207,gqe,qrt,zrk,wxj,puq
1110568,203,202,204,210,211,luc,zrk,diu,zst,ceq
1110569,202,209,208,211,214,zrk,ocv,wxj,ceq,ega
1110570,213,220,218,211,202,ovf,hno,lqi,ceq,zrk
1110571,202,207,210,220,219,zrk,puq,zst,hno,ipy
1110572,206,214,212,204,201,gqe,ega,pne,diu,qrt
1110573,214,203,205,211,204,ega,luc,udb,ceq,diu
1110574,210,212,206,208,213,zst,pne,gqe,wxj,ovf
1110575,205,204,202,220,206,udb,diu,zrk,hno,gqe
1110576,208,218,220,215,219,wxj,lqi,hno,ila,ipy
1110577,220,210,204,209,213,hno,zst,diu,ocv,ovf
1110578,214,217,216,210,209,ega,ezo,qzx,zst,ocv
1110579,216,206,219,209,220,qzx,gqe,ipy,ocv,hno
1110580,204,205,214,201,216,diu,udb,ega,qrt,qzx
1110581,206,210,205,215,202,gqe,zst,udb,ila,zrk
1110582,206,216,205,215,204,gqe,qzx,udb,ila,diu
1110583,201,203,220,216,218,qrt,luc,hno,qzx,lqi
1110584,215,216,205,203,202,ila,qzx,udb,luc,zrk
1110585,220,208,207,209,203,hno,wxj,puq,ocv,luc
1110586,212,215,206,201,216,pne,ila,gqe,qrt,qzx
1110587,209,207,203,217,204,ocv,puq,luc,ezo,diu
1110588,217,212,214,206,210,ezo,pne,ega,gqe,zst
1110589,219,201,205,210,214,ipy,qrt,udb,zst,ega
1110590,217,205,216,204,207,ezo,udb,qzx,diu,puq
1110591,210,201,216,207,217,zst,qrt,qzx,puq,ezo
1110592,215,209,220,218,205,ila,ocv,hno,lqi,udb
1110593,206,205,217,208,202,gqe,udb,ezo,wxj,zrk
1110594,212,219,206,217,214,pne,ipy,gqe,ezo,ega
1110595,208,219,214,209,211,wxj,ipy,ega,ocv,ceq
1110596,215,206,201,209,216,ila,gqe,qrt,ocv,qzx
1110597,214,203,210,207,208,ega,luc,zst,puq,wxj
1110598,209,205,207,212,214,ocv,udb,puq,pne,ega
1110599,217,203,213,212,208,ezo,luc,ovf,pne,wxj
1110600,215,216,204,218,201,ila,qzx,diu,lqi,qrt
1120001,226,229,228,239,233,qvf,qls,meh,jtv,fza
1120002,236,230,233,221,232,hpi,qwa,fza,wfd,vkj
1120003,228,227,230,233,221,meh,jmb,qwa,fza,wfd
1120004,230,232,231,227,229,qwa,vkj,pqn,jmb,qls
1120005,223,227,237,231,236,nxp,jmb,lqm,pqn,hpi
1120006,226,229,228,221,233,qvf,qls,meh,wfd,fza
1120007,239,228,238,225,232,jtv,meh,nhf,inp,vkj
1120008,236,233,222,223,226,hpi,fza,nym,nxp,qvf
1120009,230,227,221,226,222,qwa,jmb,wfd,qvf,nym
1120010,227,222,239,228,224,jmb,nym,jtv,meh,jqo
1120011,230,227,239,225,229,qwa,jmb,jtv,inp,qls
1120012,235,223,227,225,229,wpk,nxp,jmb,inp,qls
1120013,240,225,227,226,238,hfb,inp,jmb,qvf,nhf
1120014,226,235,231,227,229,qvf,wpk,pqn,jmb,qls
1120015,240,230,239,229,234,hfb,qwa,jtv,qls,aik
1120016,235,238,237,224,222,wpk,nhf,lqm,jqo,nym
1120017,232,233,229,230,235,vkj,fza,qls,qwa,wpk
1120018,224,239,235,234,237,jqo,jtv,wpk,aik,lqm
1120019,231,239,227,223,228,pqn,jtv,jmb,nxp,meh
1120020,236,231,237,229,225,hpi,pqn,lqm,qls,inp
1120021,224,226,235,222,239,jqo,qvf,wpk,nym,jtv
1120022,225,240,223,233,230,inp,hfb,nxp,fza,qwa
1120023,234,232,226,223,237,aik,vkj,qvf,nxp,lqm
1120024,239,233,228,229,221,jtv,fza,meh,qls,wfd
1120025,230,240,237,236,222,qwa,hfb,lqm,hpi,nym
1120026,222,228,238,225,237,nym,meh,nhf,inp,lqm
1120027,223,236,233,227,230,nxp,hpi,fza,jmb,qwa
1120028,224,234,231,232,226,jqo,aik,pqn,vkj,qvf
1120029,240,222,224,230,234,hfb,nym,jqo,qwa,aik
1120030,231,221,227,233,234,pqn,wfd,jmb,fza,aik
1120031,240,232,222,228,225,hfb,vkj,nym,meh,inp
1120032,240,231,235,228,224,hfb,pqn,wpk,meh,jqo
1120033,221,227,231,233,226,wfd,jmb,pqn,fza,qvf
1120034,231,234,227,232,235,pqn,aik,jmb,vkj,wpk
1120035,236,229,224,240,239,hpi,qls,jqo,hfb,jtv
1120036,221,232,233,231,239,wfd,vkj,fza,pqn,jtv
1120037,240,230,232,227,224,hfb,qwa,vkj,jmb,jqo
1120038,228,222,233,227,239,meh,nym,fza,jmb,jtv
1120039,231,227,222,238,221,pqn,jmb,nym,nhf,wfd
1120040,226,229,221,224,234,qvf,qls,wfd,jqo,aik
1120041,222,235,238,228,221,nym,wpk,nhf,meh,wfd
1120042,227,221,230,223,231,jmb,wfd,qwa,nxp,pqn
1120043,240,226,238,225,236,hfb,qvf,nhf,inp,hpi
1120044,237,239,229,224,236,lqm,jtv,qls,jqo,hpi
1120045,235,230,233,221,237,wpk,qwa,fza,wfd,lqm
1120046,221,238,240,234,229,wfd,nhf,hfb,aik,qls
1120047,240,222,229,236,228,hfb,nym,qls,hpi,meh
1120048,222,223,240,225,239,nym,nxp,hfb,inp,jtv
1120049,234,232,222,226,224,aik,vkj,nym,qvf,jqo
1120050,225,229,231,224,236,inp,qls,pqn,jqo,hpi
1120051,240,233,225,228,230,hfb,fza,inp,meh,qwa
1120052,237,226,232,221,240,lqm,qvf,vkj,wfd,hfb
1120053,232,225,223,229,235,vkj,inp,nxp,qls,wpk
1120054,227,238,237,228,221,jmb,nhf,lqm,meh,wfd
1120055,239,231,233,229,235,jtv,pqn,fza,qls,wpk
1120056,225,234,238,230,227,inp,aik,nhf,qwa,jmb
1120057,229,228,226,238,231,qls,meh,qvf,nhf,pqn
1120058,239,228,238,232,221,jtv,meh,nhf,vkj,wfd
1120059,239,221,225,222,230,jtv,wfd,inp,nym,qwa
1120060,233,239,232,226,222,fza,jtv,vkj,qvf,nym
1120061,222,226,239,229,223,nym,qvf,jtv,qls,nxp
1120062,234,236,240,221,237,aik,hpi,hfb,wfd,lqm
1120063,231,234,233,240,222,pqn,aik,fza,hfb,nym
1120064,225,240,238,228,229,inp,hfb,nhf,meh,qls
1120065,237,221,236,226,230,lqm,wfd,hpi,qvf,qwa
1120066,231,222,226,240,236,pqn,nym,qvf,hfb,hpi
1120067,234,233,226,232,221,aik,fza,qvf,vkj,wfd
1120068,234,225,227,230,223,aik,inp,jmb,qwa,nxp
1120069,228,224,236,221,231,meh,jqo,hpi,wfd,pqn
1120070,221,235,225,231,234,wfd,wpk,inp,pqn,aik
1120071,236,223,231,232,239,hpi,nxp,pqn,vkj,jtv
1120072,228,240,227,235,233,meh,hfb,jmb,wpk,fza
1120073,234,227,233,239,229,aik,jmb,fza,jtv,qls
1120074,239,235,236,222,233,jtv,wpk,hpi,nym,fza
1120075,240,230,239,234,232,hfb,qwa,jtv,aik,vkj
1120076,234,237,236,238,226,aik,lqm,hpi,nhf,qvf
1120077,239,231,237,222,234,jtv,pqn,lqm,nym,aik
1120078,229,234,237,226,236,qls,aik,lqm,qvf,hpi
1120079,229,237,226,222,225,qls,lqm,qvf,nym,inp
1120080,225,222,227,238,240,inp,nym,jmb,nhf,hfb
1120081,223,239,222,228,232,nxp,jtv,nym,meh,vkj
1120082,230,240,233,227,225,qwa,hfb,fza,jmb,inp
1120083,224,232,229,227,239,jqo,vkj,qls,jmb,jtv
1120084,238,222,221,237,227,nhf,nym,wfd,lqm,jmb
1120085,239,225,235,238,228,jtv,inp,wpk,nhf,meh
1120086,227,222,225,229,240,jmb,nym,inp,qls,hfb
1120087,231,237,240,233,222,pqn,lqm,hfb,fza,nym
1120088,222,226,238,233,223,nym,qvf,nhf,fza,nxp
1120089,229,239,223,227,224,qls,jtv,nxp,jmb,jqo
1120090,234,236,224,221,222,aik,hpi,jqo,wfd,nym
1120091,238,235,233,234,231,nhf,wpk,fza,aik,pqn
1120092,239,233,224,238,223,jtv,fza,jqo,nhf,nxp
1120093,223,234,226,224,221,nxp,aik,qvf,jqo,wfd
1120094,234,224,237,231,222,aik,jqo,lqm,pqn,nym
1120095,227,224,223,232,231,jmb,jqo,nxp,vkj,pqn
1120096,235,221,236,231,223,wpk,wfd,hpi,pqn,nxp
1120097,226,223,228,237,229,qvf,nxp,meh,lqm,qls
1120098,235,223,227,224,233,wpk,nxp,jmb,jqo,fza
1120099,236,238,225,235,237,hpi,nhf,inp,wpk,lqm
1120100,237,233,229,221,225,lqm,fza,qls,wfd,inp
1120101,221,234,223,227,240,wfd,aik,nxp,jmb,hfb
1120102,236,240,221,222,226,hpi,hfb,wfd,nym,qvf
1120103,227,235,225,238,232,jmb,wpk,inp,nhf,vkj
1120104,229,227,221,225,226,qls,jmb,wfd,inp,qvf
1120105,230,240,223,231,227,qwa,hfb,nxp,pqn,jmb
1120106,228,233,224,227,240,meh,fza,jqo,jmb,hfb
1120107,231,224,237,233,228,pqn,jqo,lqm,fza,meh
1120108,227,238,234,232,235,jmb,nhf,aik,vkj,wpk
1120109,233,227,221,235,237,fza,jmb,wfd,wpk,lqm
1120110,230,221,234,235,233,qwa,wfd,aik,wpk,fza
1120111,238,223,234,228,221,nhf,nxp,aik,meh,wfd
1120112,229,237,227,230,226,qls,lqm,jmb,qwa,qvf
1120113,232,224,237,236,228,vkj,jqo,lqm,hpi,meh
1120114,236,240,225,233,237,hpi,hfb,inp,fza,lqm
1120115,235,233,234,230,229,wpk,fza,aik,qwa,qls
1120116,239,238,231,240,221,jtv,nhf,pqn,hfb,wfd
1120117,221,225,233,228,227,wfd,inp,fza,meh,jmb
1120118,230,238,229,236,240,qwa,nhf,qls,hpi,hfb
1120119,235,224,232,231,223,wpk,jqo,vkj,pqn,nxp
1120120,232,237,230,226,231,vkj,lqm,qwa,qvf,pqn
1120121,238,225,221,230,226,nhf,inp,wfd,qwa,qvf
1120122,228,222,238,239,234,meh,nym,nhf,jtv,aik
1120123,238,230,226,233,229,nhf,qwa,qvf,fza,qls
1120124,228,233,232,229,224,meh,fza,vkj,qls,jqo
1120125,238,222,235,221,233,nhf,nym,wpk,wfd,fza
1120126,229,223,228,237,225,qls,nxp,meh,lqm,inp
1120127,232,226,239,229,235,vkj,qvf,jtv,qls,wpk
1120128,236,234,232,228,227,hpi,aik,vkj,meh,jmb
1120129,240,223,222,230,221,hfb,nxp,nym,qwa,wfd
1120130,240,230,229,237,239,hfb,qwa,qls,lqm,jtv
1120131,235,230,229,234,233,wpk,qwa,qls,aik,fza
1120132,227,230,222,229,225,jmb,qwa,nym,qls,inp
1120133,230,229,237,223,233,qwa,qls,lqm,nxp,fza
1120134,227,224,222,236,234,jmb,jqo,nym,hpi,aik
1120135,236,223,231,237,232,hpi,nxp,pqn,lqm,vkj
1120136,227,228,240,231,225,jmb,meh,hfb,pqn,inp
1120137,230,234,221,239,224,qwa,aik,wfd,jtv,jqo
1120138,234,229,221,233,230,aik,qls,wfd,fza,qwa
1120139,232,228,237,225,233,vkj,meh,lqm,inp,fza
1120140,221,224,229,236,226,wfd,jqo,qls,hpi,qvf
1120141,232,236,227,235,238,vkj,hpi,jmb,wpk,nhf
1120142,238,226,236,239,231,nhf,qvf,hpi,jtv,pqn
1120143,240,224,223,237,222,hfb,jqo,nxp,lqm,nym
1120144,237,227,221,230,231,lqm,jmb,wfd,qwa,pqn
1120145,230,235,228,221,224,qwa,wpk,meh,wfd,jqo
1120146,232,229,230,234,224,vkj,qls,qwa,aik,jqo
1120147,234,229,236,239,233,aik,qls,hpi,jtv,fza
1120148,222,234,230,229,223,nym,aik,qwa,qls,nxp
1120149,237,222,229,231,225,lqm,nym,qls,pqn,inp
1120150,236,229,234,235,228,hpi,qls,aik,wpk,meh
1120151,225,221,238,227,239,inp,wfd,nhf,jmb,jtv
1120152,227,222,230,229,231,jmb,nym,qwa,qls,pqn
1120153,227,224,223,237,240,jmb,jqo,nxp,lqm,hfb
1120154,232,224,229,237,236,vkj,jqo,qls,lqm,hpi
1120155,222,231,225,234,232,nym,pqn,inp,aik,vkj
1120156,221,224,231,236,223,wfd,jqo,pqn,hpi,nxp
1120157,232,228,227,236,237,vkj,meh,jmb,hpi,lqm
1120158,226,230,223,232,234,qvf,qwa,nxp,vkj,aik
1120159,232,230,234,226,222,vkj,qwa,aik,qvf,nym
1120160,234,233,228,227,237,aik,fza,meh,jmb,lqm
1120161,237,227,231,232,225,lqm,jmb,pqn,vkj,inp
1120162,238,229,227,234,236,nhf,qls,jmb,aik,hpi
1120163,221,234,225,226,224,wfd,aik,inp,qvf,jqo
1120164,225,240,228,224,229,inp,hfb,meh,jqo,qls
1120165,235,229,232,231,221,wpk,qls,vkj,pqn,wfd
1120166,226,240,238,223,234,qvf,hfb,nhf,nxp,aik
1120167,226,238,230,239,229,qvf,nhf,qwa,jtv,qls
1120168,239,238,237,227,233,jtv,nhf,lqm,jmb,fza
1120169,236,240,238,230,231,hpi,hfb,nhf,qwa,pqn
1120170,239,224,236,240,235,jtv,jqo,hpi,hfb,wpk
1120171,230,237,235,224,236,qwa,lqm,wpk,jqo,hpi
1120172,233,226,232,235,236,fza,qvf,vkj,wpk,hpi
1120173,228,232,235,233,231,meh,vkj,wpk,fza,pqn
1120174,240,234,229,239,227,hfb,aik,qls,jtv,jmb
1120175,234,236,238,223,227,aik,hpi,nhf,nxp,jmb
1120176,234,226,221,224,231,aik,qvf,wfd,jqo,pqn
1120177,230,231,228,236,227,qwa,pqn,meh,hpi,jmb
1120178,227,236,224,238,234,jmb,hpi,jqo,nhf,aik
1120179,240,239,238,224,222,hfb,jtv,nhf,jqo,nym
1120180,221,236,237,222,230,wfd,hpi,lqm,nym,qwa
1120181,221,234,230,229,238,wfd,aik,qwa,qls,nhf
1120182,227,229,232,223,230,jmb,qls,vkj,nxp,qwa
1120183,233,229,238,237,232,fza,qls,nhf,lqm,vkj
1120184,230,239,233,229,232,qwa,jtv,fza,qls,vkj
1120185,223,234,231,232,235,nxp,aik,pqn,vkj,wpk
1120186,230,224,234,226,232,qwa,jqo,aik,qvf,vkj
1120187,232,231,234,226,235,vkj,pqn,aik,qvf,wpk
1120188,237,227,232,238,229,lqm,jmb,vkj,nhf,qls
1120189,223,228,229,225,231,nxp,meh,qls,inp,pqn
1120190,232,229,233,227,225,vkj,qls,fza,jmb,inp
1120191,229,232,224,230,239,qls,vkj,jqo,qwa,jtv
1120192,236,239,240,237,228,hpi,jtv,hfb,lqm,meh
1120193,227,225,229,237,231,jmb,inp,qls,lqm,pqn
1120194,239,235,230,224,223,jtv,wpk,qwa,jqo,nxp
1120195,223,226,227,221,238,nxp,qvf,jmb,wfd,nhf
1120196,229,232,234,239,238,qls,vkj,aik,jtv,nhf
1120197,232,222,233,223,229,vkj,nym,fza,nxp,qls
1120198,240,226,225,223,228,hfb,qvf,inp,nxp,meh
1120199,226,238,233,234,237,qvf,nhf,fza,aik,lqm
1120200,233,234,227,238,235,fza,aik,jmb,nhf,wpk
1120201,240,235,228,239,226,hfb,wpk,meh,jtv,qvf
1120202,237,222,227,225,221,lqm,nym,jmb,inp,wfd
1120203,237,224,233,226,228,lqm,jqo,fza,qvf,meh
1120204,222,231,239,229,226,nym,pqn,jtv,qls,qvf
1120205,228,223,226,225,236,meh,nxp,qvf,inp,hpi
1120206,228,224,230,240,229,meh,jqo,qwa,hfb,qls
1120207,231,237,230,234,240,pqn,lqm,qwa,aik,hfb
1120208,236,240,233,237,229,hpi,hfb,fza,lqm,qls
1120209,237,232,225,221,234,lqm,vkj,inp,wfd,aik
1120210,238,222,236,235,229,nhf,nym,hpi,wpk,qls
1120211,238,221,230,224,231,nhf,wfd,qwa,jqo,pqn
1120212,234,235,230,239,226,aik,wpk,qwa,jtv,qvf
1120213,222,233,228,236,227,nym,fza,meh,hpi,jmb
1120214,233,240,223,231,221,fza,hfb,nxp,pqn,wfd
1120215,234,232,235,239,225,aik,vkj,wpk,jtv,inp
1120216,221,222,225,231,227,wfd,nym,inp,pqn,jmb
1120217,226,237,223,224,225,qvf,lqm,nxp,jqo,inp
1120218,234,236,238,233,221,aik,hpi,nhf,fza,wfd
1120219,238,232,239,225,229,nhf,vkj,jtv,inp,qls
1120220,230,221,222,229,226,qwa,wfd,nym,qls,qvf
1120221,228,225,227,222,233,meh,inp,jmb,nym,fza
1120222,238,235,233,223,225,nhf,wpk,fza,nxp,inp
1120223,238,227,237,239,221,nhf,jmb,lqm,jtv,wfd
1120224,223,230,231,224,235,nxp,qwa,pqn,jqo,wpk
1120225,225,221,232,237,228,inp,wfd,vkj,lqm,meh
1120226,222,231,237,240,229,nym,pqn,lqm,hfb,qls
1120227,224,235,236,234,229,jqo,wpk,hpi,aik,qls
1120228,239,240,229,232,230,jtv,hfb,qls,vkj,qwa
1120229,225,224,236,233,232,inp,jqo,hpi,fza,vkj
1120230,240,228,239,232,227,hfb,meh,jtv,vkj,jmb
1120231,230,223,236,222,226,qwa,nxp,hpi,nym,qvf
1120232,235,222,234,233,231,wpk,nym,aik,fza,pqn
1120233,233,232,234,240,236,fza,vkj,aik,hfb,hpi
1120234,240,238,224,233,223,hfb,nhf,jqo,fza,nxp
1120235,229,237,235,224,240,qls,lqm,wpk,jqo,hfb
1120236,238,233,232,237,235,nhf,fza,vkj,lqm,wpk
1120237,226,239,238,224,221,qvf,jtv,nhf,jqo,wfd
1120238,230,240,225,236,228,qwa,hfb,inp,hpi,meh
1120239,232,223,228,222,225,vkj,nxp,meh,nym,inp
1120240,240,229,228,226,225,hfb,qls,meh,qvf,inp
1120241,224,227,221,234,229,jqo,jmb,wfd,aik,qls
1120242,232,221,230,228,238,vkj,wfd,qwa,meh,nhf
1120243,234,226,230,238,221,aik,qvf,qwa,nhf,wfd
1120244,237,235,228,227,233,lqm,wpk,meh,jmb,fza
1120245,237,229,240,231,221,lqm,qls,hfb,pqn,wfd
1120246,235,233,227,231,237,wpk,fza,jmb,pqn,lqm
1120247,224,231,233,232,234,jqo,pqn,fza,vkj,aik
1120248,234,230,231,223,227,aik,qwa,pqn,nxp,jmb
1120249,224,222,236,223,232,jqo,nym,hpi,nxp,vkj
1120250,228,224,226,240,239,meh,jqo,qvf,hfb,jtv
1120251,227,231,238,228,240,jmb,pqn,nhf,meh,hfb
1120252,222,229,238,235,221,nym,qls,nhf,wpk,wfd
1120253,235,224,233,232,238,wpk,jqo,fza,vkj,nhf
1120254,226,238,228,225,221,qvf,nhf,meh,inp,wfd
1120255,239,221,240,223,233,jtv,wfd,hfb,nxp,fza
1120256,226,228,233,235,224,qvf,meh,fza,wpk,jqo
1120257,239,223,224,226,237,jtv,nxp,jqo,qvf,lqm
1120258,234,222,239,225,236,aik,nym,jtv,inp,hpi
1120259,230,239,226,227,229,qwa,jtv,qvf,jmb,qls
1120260,231,228,232,226,225,pqn,meh,vkj,qvf,inp
1120261,225,236,232,224,230,inp,hpi,vkj,jqo,qwa
1120262,232,230,240,222,237,vkj,qwa,hfb,nym,lqm
1120263,230,221,225,237,224,qwa,wfd,inp,lqm,jqo
1120264,222,239,236,233,240,nym,jtv,hpi,fza,hfb
1120265,237,230,221,231,224,lqm,qwa,wfd,pqn,jqo
1120266,228,239,233,234,225,meh,jtv,fza,aik,inp
1120267,238,228,229,225,223,nhf,meh,qls,inp,nxp
1120268,232,234,221,239,226,vkj,aik,wfd,jtv,qvf
1120269,222,238,236,228,232,nym,nhf,hpi,meh,vkj
1120270,229,230,231,237,222,qls,qwa,pqn,lqm,nym
1120271,240,233,225,229,237,hfb,fza,inp,qls,lqm
1120272,223,233,239,226,235,nxp,fza,jtv,qvf,wpk
1120273,222,233,224,221,237,nym,fza,jqo,wfd,lqm
1120274,237,236,223,229,239,lqm,hpi,nxp,qls,jtv
1120275,222,225,230,229,234,nym,inp,qwa,qls,aik
1120276,238,223,233,226,225,nhf,nxp,fza,qvf,inp
1120277,225,234,227,228,237,inp,aik,jmb,meh,lqm
1120278,234,226,237,231,228,aik,qvf,lqm,pqn,meh
1120279,221,237,233,224,234,wfd,lqm,fza,jqo,aik
1120280,236,223,233,229,232,hpi,nxp,fza,qls,vkj
1120281,233,235,229,239,224,fza,wpk,qls,jtv,jqo
1120282,229,221,233,226,237,qls,wfd,fza,qvf,lqm
1120283,226,236,221,233,238,qvf,hpi,wfd,fza,nhf
1120284,238,235,236,224,230,nhf,wpk,hpi,jqo,qwa
1120285,223,231,228,237,240,nxp,pqn,meh,lqm,hfb
1120286,222,235,223,226,237,nym,wpk,nxp,qvf,lqm
1120287,228,233,230,236,240,meh,fza,qwa,hpi,hfb
1120288,226,238,235,240,230,qvf,nhf,wpk,hfb,qwa
1120289,232,225,230,221,233,vkj,inp,qwa,wfd,fza
1120290,231,223,239,234,224,pqn,nxp,jtv,aik,jqo
1120291,231,224,222,229,238,pqn,jqo,nym,qls,nhf
1120292,240,230,225,222,229,hfb,qwa,inp,nym,qls
1120293,225,240,232,221,224,inp,hfb,vkj,wfd,jqo
1120294,223,221,237,228,234,nxp,wfd,lqm,meh,aik
1120295,227,222,240,226,228,jmb,nym,hfb,qvf,meh
1120296,224,235,238,233,236,jqo,wpk,nhf,fza,hpi
1120297,239,233,237,236,225,jtv,fza,lqm,hpi,inp
1120298,232,240,239,229,237,vkj,hfb,jtv,qls,lqm
1120299,222,225,231,230,229,nym,inp,pqn,qwa,qls
1120300,234,233,239,226,228,aik,fza,jtv,qvf,meh
1120301,233,235,236,231,232,fza,wpk,hpi,pqn,vkj
1120302,228,230,233,234,231,meh,qwa,fza,aik,pqn
1120303,240,222,234,238,221,hfb,nym,aik,nhf,wfd
1120304,224,228,223,230,229,jqo,meh,nxp,qwa,qls
1120305,230,228,231,226,235,qwa,meh,pqn,qvf,wpk
1120306,234,222,226,227,225,aik,nym,qvf,jmb,inp
1120307,234,221,233,232,223,aik,wfd,fza,vkj,nxp
1120308,237,228,231,233,238,lqm,meh,pqn,fza,nhf
1120309,231,221,234,232,237,pqn,wfd,aik,vkj,lqm
1120310,237,233,232,223,222,lqm,fza,vkj,nxp,nym
1120311,236,229,223,226,239,hpi,qls,nxp,qvf,jtv
1120312,232,236,235,228,239,vkj,hpi,wpk,meh,jtv
1120313,238,223,234,236,231,nhf,nxp,aik,hpi,pqn
1120314,240,224,234,232,225,hfb,jqo,aik,vkj,inp
1120315,222,227,223,237,238,nym,jmb,nxp,lqm,nhf
1120316,231,234,225,240,223,pqn,aik,inp,hfb,nxp
1120317,224,239,222,235,230,jqo,jtv,nym,wpk,qwa
1120318,236,237,225,228,229,hpi,lqm,inp,meh,qls
1120319,225,239,230,234,221,inp,jtv,qwa,aik,wfd
1120320,225,235,223,228,227,inp,wpk,nxp,meh,jmb
1120321,225,230,228,229,239,inp,qwa,meh,qls,jtv
1120322,232,221,225,240,222,vkj,wfd,inp,hfb,nym
1120323,224,230,240,226,231,jqo,qwa,hfb,qvf,pqn
1120324,230,234,227,233,238,qwa,aik,jmb,fza,nhf
1120325,224,230,231,233,236,jqo,qwa,pqn,fza,hpi
1120326,239,233,225,227,228,jtv,fza,inp,jmb,meh
1120327,239,229,240,221,230,jtv,qls,hfb,wfd,qwa
1120328,224,223,232,221,239,jqo,nxp,vkj,wfd,jtv
1120329,238,239,236,224,240,nhf,jtv,hpi,jqo,hfb
1120330,224,230,225,233,231,jqo,qwa,inp,fza,pqn
1120331,240,221,225,222,224,hfb,wfd,inp,nym,jqo
1120332,240,231,239,235,236,hfb,pqn,jtv,wpk,hpi
1120333,226,224,234,230,236,qvf,jqo,aik,qwa,hpi
1120334,233,227,236,231,232,fza,jmb,hpi,pqn,vkj
1120335,234,225,236,229,222,aik,inp,hpi,qls,nym
1120336,224,239,222,225,231,jqo,jtv,nym,inp,pqn
1120337,223,235,221,228,233,nxp,wpk,wfd,meh,fza
1120338,221,234,225,240,226,wfd,aik,inp,hfb,qvf
1120339,229,224,235,240,226,qls,jqo,wpk,hfb,qvf
1120340,224,232,238,223,236,jqo,vkj,nhf,nxp,hpi
1120341,230,232,238,223,221,qwa,vkj,nhf,nxp,wfd
1120342,240,224,228,237,233,hfb,jqo,meh,lqm,fza
1120343,230,227,240,237,228,qwa,jmb,hfb,lqm,meh
1120344,230,240,233,234,239,qwa,hfb,fza,aik,jtv
1120345,236,227,225,238,222,hpi,jmb,inp,nhf,nym
1120346,232,228,234,231,229,vkj,meh,aik,pqn,qls
1120347,236,231,225,224,238,hpi,pqn,inp,jqo,nhf
1120348,236,228,222,223,224,hpi,meh,nym,nxp,jqo
1120349,240,239,233,231,236,hfb,jtv,fza,pqn,hpi
1120350,225,223,233,228,230,inp,nxp,fza,meh,qwa
1120351,240,229,230,227,231,hfb,qls,qwa,jmb,pqn
1120352,235,230,227,229,224,wpk,qwa,jmb,qls,jqo
1120353,234,240,228,226,236,aik,hfb,meh,qvf,hpi
1120354,239,235,230,233,222,jtv,wpk,qwa,fza,nym
1120355,221,230,228,233,239,wfd,qwa,meh,fza,jtv
1120356,236,227,228,226,240,hpi,jmb,meh,qvf,hfb
1120357,239,225,236,226,221,jtv,inp,hpi,qvf,wfd
1120358,228,235,225,233,229,meh,wpk,inp,fza,qls
1120359,237,232,222,239,238,lqm,vkj,nym,jtv,nhf
1120360,231,232,224,228,240,pqn,vkj,jqo,meh,hfb
1120361,225,237,222,236,235,inp,lqm,nym,hpi,wpk
1120362,238,226,239,234,231,nhf,qvf,jtv,aik,pqn
1120363,234,237,227,226,233,aik,lqm,jmb,qvf,fza
1120364,227,236,234,222,221,jmb,hpi,aik,nym,wfd
1120365,225,223,230,228,232,inp,nxp,qwa,meh,vkj
1120366,235,234,233,229,227,wpk,aik,fza,qls,jmb
1120367,235,229,234,225,238,wpk,qls,aik,inp,nhf
1120368,239,231,233,224,240,jtv,pqn,fza,jqo,hfb
1120369,229,238,223,227,224,qls,nhf,nxp,jmb,jqo
1120370,222,236,239,221,234,nym,hpi,jtv,wfd,aik
1120371,222,237,240,229,230,nym,lqm,hfb,qls,qwa
1120372,222,232,231,235,237,nym,vkj,pqn,wpk,lqm
1120373,221,239,224,222,232,wfd,jtv,jqo,nym,vkj
1120374,235,225,230,233,237,wpk,inp,qwa,fza,lqm
1120375,237,229,222,228,225,lqm,qls,nym,meh,inp
1120376,231,238,226,227,221,pqn,nhf,qvf,jmb,wfd
1120377,233,240,230,226,228,fza,hfb,qwa,qvf,meh
1120378,230,233,223,224,236,qwa,fza,nxp,jqo,hpi
1120379,230,237,227,238,236,qwa,lqm,jmb,nhf,hpi
1120380,231,235,225,226,227,pqn,wpk,inp,qvf,jmb
1120381,231,223,237,229,238,pqn,nxp,lqm,qls,nhf
1120382,222,233,223,232,239,nym,fza,nxp,vkj,jtv
1120383,232,227,240,233,224,vkj,jmb,hfb,fza,jqo
1120384,224,222,226,231,229,jqo,nym,qvf,pqn,qls
1120385,227,231,226,239,236,jmb,pqn,qvf,jtv,hpi
1120386,227,237,228,239,238,jmb,lqm,meh,jtv,nhf
1120387,240,230,235,224,229,hfb,qwa,wpk,jqo,qls
1120388,229,224,234,239,230,qls,jqo,aik,jtv,qwa
1120389,240,231,222,232,237,hfb,pqn,nym,vkj,lqm
1120390,236,231,238,225,227,hpi,pqn,nhf,inp,jmb
1120391,224,226,236,222,227,jqo,qvf,hpi,nym,jmb
1120392,222,224,234,227,237,nym,jqo,aik,jmb,lqm
1120393,235,229,233,231,238,wpk,qls,fza,pqn,nhf
1120394,223,222,234,236,227,nxp,nym,aik,hpi,jmb
1120395,235,233,228,239,231,wpk,fza,meh,jtv,pqn
1120396,237,228,225,232,221,lqm,meh,inp,vkj,wfd
1120397,236,225,228,231,235,hpi,inp,meh,pqn,wpk
1120398,237,238,225,221,223,lqm,nhf,inp,wfd,nxp
1120399,223,237,226,231,224,nxp,lqm,qvf,pqn,jqo
1120400,226,237,229,236,227,qvf,lqm,qls,hpi,jmb
1120401,222,234,230,239,237,nym,aik,qwa,jtv,lqm
1120402,235,238,225,222,233,wpk,nhf,inp,nym,fza
1120403,239,228,223,231,225,jtv,meh,nxp,pqn,inp
1120404,229,230,237,231,233,qls,qwa,lqm,pqn,fza
1120405,236,223,222,232,227,hpi,nxp,nym,vkj,jmb
1120406,233,237,238,239,235,fza,lqm,nhf,jtv,wpk
1120407,228,224,227,222,236,meh,jqo,jmb,nym,hpi
1120408,223,227,238,230,233,nxp,jmb,nhf,qwa,fza
1120409,221,225,233,239,223,wfd,inp,fza,jtv,nxp
1120410,227,228,223,238,231,jmb,meh,nxp,nhf,pqn
1120411,226,231,223,232,222,qvf,pqn,nxp,vkj,nym
1120412,232,237,225,221,230,vkj,lqm,inp,wfd,qwa
1120413,237,228,238,231,240,lqm,meh,nhf,pqn,hfb
1120414,225,236,230,221,235,inp,hpi,qwa,wfd,wpk
1120415,221,233,230,228,226,wfd,fza,qwa,meh,qvf
1120416,234,226,227,235,225,aik,qvf,jmb,wpk,inp
1120417,228,224,236,223,222,meh,jqo,hpi,nxp,nym
1120418,224,240,226,233,222,jqo,hfb,qvf,fza,nym
1120419,240,223,232,237,236,hfb,nxp,vkj,lqm,hpi
1120420,240,238,229,237,221,hfb,nhf,qls,lqm,wfd
1120421,238,231,239,236,221,nhf,pqn,jtv,hpi,wfd
1120422,229,225,228,230,231,qls,inp,meh,qwa,pqn
1120423,232,231,223,221,225,vkj,pqn,nxp,wfd,inp
1120424,240,228,238,221,225,hfb,meh,nhf,wfd,inp
1120425,233,221,226,240,237,fza,wfd,qvf,hfb,lqm
1120426,228,232,230,236,226,meh,vkj,qwa,hpi,qvf
1120427,229,234,224,238,236,qls,aik,jqo,nhf,hpi
1120428,237,231,236,228,225,lqm,pqn,hpi,meh,inp
1120429,225,224,236,227,234,inp,jqo,hpi,jmb,aik
1120430,237,224,229,230,235,lqm,jqo,qls,qwa,wpk
1120431,234,225,226,233,229,aik,inp,qvf,fza,qls
1120432,231,237,238,225,233,pqn,lqm,nhf,inp,fza
1120433,236,222,221,230,240,hpi,nym,wfd,qwa,hfb
1120434,231,230,233,224,226,pqn,qwa,fza,jqo,qvf
1120435,223,224,240,238,235,nxp,jqo,hfb,nhf,wpk
1120436,224,239,227,222,235,jqo,jtv,jmb,nym,wpk
1120437,240,228,222,225,221,hfb,meh,nym,inp,wfd
1120438,229,225,236,237,221,qls,inp,hpi,lqm,wfd
1120439,233,226,222,238,221,fza,qvf,nym,nhf,wfd
1120440,221,240,223,232,222,wfd,hfb,nxp,vkj,nym
1120441,223,227,231,233,240,nxp,jmb,pqn,fza,hfb
1120442,225,224,230,235,238,inp,jqo,qwa,wpk,nhf
1120443,231,223,227,222,225,pqn,nxp,jmb,nym,inp
1120444,228,224,239,226,221,meh,jqo,jtv,qvf,wfd
1120445,231,225,238,237,236,pqn,inp,nhf,lqm,hpi
1120446,240,232,234,221,222,hfb,vkj,aik,wfd,nym
1120447,235,238,227,225,223,wpk,nhf,jmb,inp,nxp
1120448,238,239,232,237,224,nhf,jtv,vkj,lqm,jqo
1120449,224,236,231,233,238,jqo,hpi,pqn,fza,nhf
1120450,221,239,236,222,237,wfd,jtv,hpi,nym,lqm
1120451,231,234,221,223,236,pqn,aik,wfd,nxp,hpi
1120452,235,228,234,231,238,wpk,meh,aik,pqn,nhf
1120453,232,228,222,225,237,vkj,meh,nym,inp,lqm
1120454,233,230,236,237,229,fza,qwa,hpi,lqm,qls
1120455,236,228,223,230,222,hpi,meh,nxp,qwa,nym
1120456,237,227,232,221,230,lqm,jmb,vkj,wfd,qwa
1120457,239,224,221,230,228,jtv,jqo,wfd,qwa,meh
1120458,240,225,222,239,230,hfb,inp,nym,jtv,qwa
1120459,230,223,221,229,234,qwa,nxp,wfd,qls,aik
1120460,233,232,222,234,238,fza,vkj,nym,aik,nhf
1120461,240,230,235,239,225,hfb,qwa,wpk,jtv,inp
1120462,225,235,228,234,237,inp,wpk,meh,aik,lqm
1120463,240,238,226,237,234,hfb,nhf,qvf,lqm,aik
1120464,229,236,232,222,240,qls,hpi,vkj,nym,hfb
1120465,227,224,234,233,225,jmb,jqo,aik,fza,inp
1120466,234,240,231,236,223,aik,hfb,pqn,hpi,nxp
1120467,228,240,225,226,238,meh,hfb,inp,qvf,nhf
1120468,232,225,234,230,233,vkj,inp,aik,qwa,fza
1120469,229,228,223,233,240,qls,meh,nxp,fza,hfb
1120470,232,227,228,237,236,vkj,jmb,meh,lqm,hpi
1120471,239,222,233,227,224,jtv,nym,fza,jmb,jqo
1120472,223,229,235,238,231,nxp,qls,wpk,nhf,pqn
1120473,237,228,231,229,234,lqm,meh,pqn,qls,aik
1120474,225,240,229,234,233,inp,hfb,qls,aik,fza
1120475,232,227,238,235,221,vkj,jmb,nhf,wpk,wfd
1120476,237,227,235,223,236,lqm,jmb,wpk,nxp,hpi
1120477,228,239,224,232,230,meh,jtv,jqo,vkj,qwa
1120478,235,232,222,239,231,wpk,vkj,nym,jtv,pqn
1120479,222,231,237,223,225,nym,pqn,lqm,nxp,inp
1120480,240,235,236,223,232,hfb,wpk,hpi,nxp,vkj
1120481,221,239,234,223,226,wfd,jtv,aik,nxp,qvf
1120482,229,231,225,236,240,qls,pqn,inp,hpi,hfb
1120483,238,231,234,233,224,nhf,pqn,aik,fza,jqo
1120484,240,230,236,223,233,hfb,qwa,hpi,nxp,fza
1120485,229,230,223,228,236,qls,qwa,nxp,meh,hpi
1120486,223,231,229,236,226,nxp,pqn,qls,hpi,qvf
1120487,237,222,221,238,223,lqm,nym,wfd,nhf,nxp
1120488,227,224,223,239,238,jmb,jqo,nxp,jtv,nhf
1120489,232,225,234,239,226,vkj,inp,aik,jtv,qvf
1120490,227,234,225,233,237,jmb,aik,inp,fza,lqm
1120491,224,225,226,240,236,jqo,inp,qvf,hfb,hpi
1120492,228,233,223,229,222,meh,fza,nxp,qls,nym
1120493,237,228,233,234,227,lqm,meh,fza,aik,jmb
1120494,221,222,238,232,234,wfd,nym,nhf,vkj,aik
1120495,240,228,235,230,233,hfb,meh,wpk,qwa,fza
1120496,234,232,229,240,222,aik,vkj,qls,hfb,nym
1120497,223,234,225,238,232,nxp,aik,inp,nhf,vkj
1120498,233,221,231,240,234,fza,wfd,pqn,hfb,aik
1120499,224,231,221,239,225,jqo,pqn,wfd,jtv,inp
1120500,227,238,224,228,236,jmb,nhf,jqo,meh,hpi
1120501,231,237,226,227,229,pqn,lqm,qvf,jmb,qls
1120502,234,226,229,235,228,aik,qvf,qls,wpk,meh
1120503,231,236,227,228,240,pqn,hpi,jmb,meh,hfb
1120504,235,238,225,233,237,wpk,nhf,inp,fza,lqm
1120505,236,224,237,222,226,hpi,jqo,lqm,nym,qvf
1120506,230,232,233,240,237,qwa,vkj,fza,hfb,lqm
1120507,234,232,224,230,228,aik,vkj,jqo,qwa,meh
1120508,235,229,222,240,239,wpk,qls,nym,hfb,jtv
1120509,235,232,229,237,230,wpk,vkj,qls,lqm,qwa
1120510,226,224,222,223,233,qvf,jqo,nym,nxp,fza
1120511,231,222,229,232,223,pqn,nym,qls,vkj,nxp
1120512,226,233,234,225,230,qvf,fza,aik,inp,qwa
1120513,235,239,223,232,238,wpk,jtv,nxp,vkj,nhf
1120514,228,231,230,227,222,meh,pqn,qwa,jmb,nym
1120515,237,238,226,239,223,lqm,nhf,qvf,jtv,nxp
1120516,227,221,224,231,236,jmb,wfd,jqo,pqn,hpi
1120517,237,224,230,228,232,lqm,jqo,qwa,meh,vkj
1120518,239,236,221,226,233,jtv,hpi,wfd,qvf,fza
1120519,231,224,229,236,232,pqn,jqo,qls,hpi,vkj
1120520,230,227,237,228,239,qwa,jmb,lqm,meh,jtv
1120521,238,225,235,226,229,nhf,inp,wpk,qvf,qls
1120522,234,229,226,225,231,aik,qls,qvf,inp,pqn
1120523,234,232,222,231,237,aik,vkj,nym,pqn,lqm
1120524,226,239,225,230,229,qvf,jtv,inp,qwa,qls
1120525,234,227,222,232,221,aik,jmb,nym,vkj,wfd
1120526,232,224,226,227,239,vkj,jqo,qvf,jmb,jtv
1120527,221,233,223,229,230,wfd,fza,nxp,qls,qwa
1120528,223,236,239,230,231,nxp,hpi,jtv,qwa,pqn
1120529,228,238,230,223,224,meh,nhf,qwa,nxp,jqo
1120530,229,231,221,234,240,qls,pqn,wfd,aik,hfb
1120531,236,225,223,227,233,hpi,inp,nxp,jmb,fza
1120532,226,224,229,225,233,qvf,jqo,qls,inp,fza
1120533,237,234,238,229,232,lqm,aik,nhf,qls,vkj
1120534,238,227,229,226,234,nhf,jmb,qls,qvf,aik
1120535,225,238,231,236,234,inp,nhf,pqn,hpi,aik
1120536,237,233,239,227,223,lqm,fza,jtv,jmb,nxp
1120537,223,226,222,230,224,nxp,qvf,nym,qwa,jqo
1120538,232,234,233,223,239,vkj,aik,fza,nxp,jtv
1120539,223,225,237,227,236,nxp,inp,lqm,jmb,hpi
1120540,238,232,227,239,237,nhf,vkj,jmb,jtv,lqm
1120541,233,231,235,229,228,fza,pqn,wpk,qls,meh
1120542,223,232,235,237,226,nxp,vkj,wpk,lqm,qvf
1120543,237,226,230,221,239,lqm,qvf,qwa,wfd,jtv
1120544,236,229,224,227,223,hpi,qls,jqo,jmb,nxp
1120545,238,225,236,224,232,nhf,inp,hpi,jqo,vkj
1120546,221,237,227,239,240,wfd,lqm,jmb,jtv,hfb
1120547,227,223,226,221,231,jmb,nxp,qvf,wfd,pqn
1120548,235,221,222,236,226,wpk,wfd,nym,hpi,qvf
1120549,228,222,235,221,233,meh,nym,wpk,wfd,fza
1120550,240,229,222,233,232,hfb,qls,nym,fza,vkj
1120551,231,230,232,239,240,pqn,qwa,vkj,jtv,hfb
1120552,235,226,238,233,229,wpk,qvf,nhf,fza,qls
1120553,222,230,240,234,229,nym,qwa,hfb,aik,qls
1120554,227,238,221,230,239,jmb,nhf,wfd,qwa,jtv
1120555,223,239,226,240,222,nxp,jtv,qvf,hfb,nym
1120556,239,232,224,223,230,jtv,vkj,jqo,nxp,qwa
1120557,240,224,226,221,239,hfb,jqo,qvf,wfd,jtv
1120558,227,222,223,221,235,jmb,nym,nxp,wfd,wpk
1120559,232,233,227,240,231,vkj,fza,jmb,hfb,pqn
1120560,222,240,232,235,238,nym,hfb,vkj,wpk,nhf
1120561,223,227,240,230,229,nxp,jmb,hfb,qwa,qls
1120562,222,226,237,231,223,nym,qvf,lqm,pqn,nxp
1120563,231,224,239,238,232,pqn,jqo,jtv,nhf,vkj
1120564,225,229,230,234,240,inp,qls,qwa,aik,hfb
1120565,227,223,233,228,232,jmb,nxp,fza,meh,vkj
1120566,234,239,236,228,233,aik,jtv,hpi,meh,fza
1120567,226,221,222,228,227,qvf,wfd,nym,meh,jmb
1120568,223,222,224,230,231,nxp,nym,jqo,qwa,pqn
1120569,222,229,228,231,234,nym,qls,meh,pqn,aik
1120570,233,240,238,231,222,fza,hfb,nhf,pqn,nym
1120571,222,227,230,240,239,nym,jmb,qwa,hfb,jtv
1120572,226,234,232,224,221,qvf,aik,vkj,jqo,wfd
1120573,234,223,225,231,224,aik,nxp,inp,pqn,jqo
1120574,230,232,226,228,233,qwa,vkj,qvf,meh,fza
1120575,225,224,222,240,226,inp,jqo,nym,hfb,qvf
1120576,228,238,240,235,239,meh,nhf,hfb,wpk,jtv
1120577,240,230,224,229,233,hfb,qwa,jqo,qls,fza
1120578,234,237,236,230,229,aik,lqm,hpi,qwa,qls
1120579,236,226,239,229,240,hpi,qvf,jtv,qls,hfb
1120580,224,225,234,221,236,jqo,inp,aik,wfd,hpi
1120581,226,230,225,235,222,qvf,qwa,inp,wpk,nym
1120582,226,236,225,235,224,qvf,hpi,inp,wpk,jqo
1120583,221,223,240,236,238,wfd,nxp,hfb,hpi,nhf
1120584,235,236,225,223,222,wpk,hpi,inp,nxp,nym
1120585,240,228,227,229,223,hfb,meh,jmb,qls,nxp
1120586,232,235,226,221,236,vkj,wpk,qvf,wfd,hpi
1120587,229,227,223,237,224,qls,jmb,nxp,lqm,jqo
1120588,237,232,234,226,230,lqm,vkj,aik,qvf,qwa
1120589,239,221,225,230,234,jtv,wfd,inp,qwa,aik
1120590,237,225,236,224,227,lqm,inp,hpi,jqo,jmb
1120591,230,221,236,227,237,qwa,wfd,hpi,jmb,lqm
1120592,235,229,240,238,225,wpk,qls,hfb,nhf,inp
1120593,226,225,237,228,222,qvf,inp,lqm,meh,nym
1120594,232,239,226,237,234,vkj,jtv,qvf,lqm,aik
1120595,228,239,234,229,231,meh,jtv,aik,qls,pqn
1120596,235,226,221,229,236,wpk,qvf,wfd,qls,hpi
1120597,234,223,230,227,228,aik,nxp,qwa,jmb,meh
1120598,229,225,227,232,234,qls,inp,jmb,vkj,aik
1120599,237,223,233,232,228,lqm,nxp,fza,vkj,meh
1120600,235,236,224,238,221,wpk,hpi,jqo,nhf,wfd
1130001,246,249,248,259,253,yof,ycg,bov,asq,lzg
1130002,256,250,253,241,252,vmp,gla,lzg,yrg,hyr
1130003,248,247,250,253,241,bov,dzt,gla,lzg,yrg
1130004,250,252,251,247,249,gla,hyr,nme,dzt,ycg
1130005,243,247,257,251,256,cfj,dzt,cwm,nme,vmp
1130006,246,249,248,241,253,yof,ycg,bov,yrg,lzg
1130007,259,248,258,245,252,asq,bov,sqo,gqp,hyr
1130008,256,253,242,243,246,vmp,lzg,xbz,cfj,yof
1130009,250,247,241,246,242,gla,dzt,yrg,yof,xbz
1130010,247,242,259,248,244,dzt,xbz,asq,bov,vjz
1130011,250,247,259,245,249,gla,dzt,asq,gqp,ycg
1130012,255,243,247,245,249,nhy,cfj,dzt,gqp,ycg
1130013,260,245,247,246,258,mrs,gqp,dzt,yof,sqo
1130014,246,255,251,247,249,yof,nhy,nme,dzt,ycg
1130015,260,250,259,249,254,mrs,gla,asq,ycg,hrm
1130016,255,258,257,244,242,nhy,sqo,cwm,vjz,xbz
1130017,252,253,249,250,255,hyr,lzg,ycg,gla,nhy
1130018,244,259,255,254,257,vjz,asq,nhy,hrm,cwm
1130019,251,259,247,243,248,nme,asq,dzt,cfj,bov
1130020,256,251,257,249,245,vmp,nme,cwm,ycg,gqp
1130021,244,246,255,242,259,vjz,yof,nhy,xbz,asq
1130022,245,260,243,253,250,gqp,mrs,cfj,lzg,gla
1130023,254,252,246,243,257,hrm,hyr,yof,cfj,cwm
1130024,259,253,248,249,241,asq,lzg,bov,ycg,yrg
1130025,250,260,257,256,242,gla,mrs,cwm,vmp,xbz
1130026,242,248,258,245,257,xbz,bov,sqo,gqp,cwm
1130027,243,256,253,247,250,cfj,vmp,lzg,dzt,gla
1130028,244,254,251,252,246,vjz,hrm,nme,hyr,yof
1130029,260,242,244,250,254,mrs,xbz,vjz,gla,hrm
1130030,251,241,247,253,254,nme,yrg,dzt,lzg,hrm
1130031,260,252,242,248,245,mrs,hyr,xbz,bov,gqp
1130032,260,251,255,248,244,mrs,nme,nhy,bov,vjz
1130033,241,247,251,253,246,yrg,dzt,nme,lzg,yof
1130034,251,254,247,252,255,nme,hrm,dzt,hyr,nhy
1130035,256,249,244,260,259,vmp,ycg,vjz,mrs,asq
1130036,241,252,253,251,259,yrg,hyr,lzg,nme,asq
1130037,260,250,252,247,244,mrs,gla,hyr,dzt,vjz
1130038,248,242,253,247,259,bov,xbz,lzg,dzt,asq
1130039,251,247,242,258,241,nme,dzt,xbz,sqo,yrg
1130040,246,249,241,244,254,yof,ycg,yrg,vjz,hrm
1130041,242,255,258,248,241,xbz,nhy,sqo,bov,yrg
1130042,247,241,250,243,251,dzt,yrg,gla,cfj,nme
1130043,260,246,258,245,256,mrs,yof,sqo,gqp,vmp
1130044,257,259,249,244,256,cwm,asq,ycg,vjz,vmp
1130045,255,250,253,241,257,nhy,gla,lzg,yrg,cwm
1130046,241,258,260,254,249,yrg,sqo,mrs,hrm,ycg
1130047,260,242,249,256,248,mrs,xbz,ycg,vmp,bov
1130048,242,243,260,245,259,xbz,cfj,mrs,gqp,asq
1130049,254,252,242,246,244,hrm,hyr,xbz,yof,vjz
1130050,245,249,251,244,256,gqp,ycg,nme,vjz,vmp
1130051,260,253,245,248,250,mrs,lzg,gqp,bov,gla
1130052,257,246,252,241,260,cwm,yof,hyr,yrg,mrs
1130053,252,245,243,249,255,hyr,gqp,cfj,ycg,nhy
1130054,247,258,257,248,241,dzt,sqo,cwm,bov,yrg
1130055,259,251,253,249,255,asq,nme,lzg,ycg,nhy
1130056,245,254,258,250,247,gqp,hrm,sqo,gla,dzt
1130057,249,248,246,258,251,ycg,bov,yof,sqo,nme
1130058,259,248,258,252,241,asq,bov,sqo,hyr,yrg
1130059,259,241,245,242,250,asq,yrg,gqp,xbz,gla
1130060,253,259,252,246,242,lzg,asq,hyr,yof,xbz
1130061,242,246,259,249,243,xbz,yof,asq,ycg,cfj
1130062,254,256,260,241,257,hrm,vmp,mrs,yrg,cwm
1130063,251,254,253,260,242,nme,hrm,lzg,mrs,xbz
1130064,245,260,258,248,249,gqp,mrs,sqo,bov,ycg
1130065,257,241,256,246,250,cwm,yrg,vmp,yof,gla
1130066,251,242,246,260,256,nme,xbz,yof,mrs,vmp
1130067,254,253,246,252,241,hrm,lzg,yof,hyr,yrg
1130068,254,245,247,250,243,hrm,gqp,dzt,gla,cfj
1130069,248,244,256,241,251,bov,vjz,vmp,yrg,nme
1130070,241,255,245,251,254,yrg,nhy,gqp,nme,hrm
1130071,256,243,251,252,259,vmp,cfj,nme,hyr,asq
1130072,248,260,247,255,253,bov,mrs,dzt,nhy,lzg
1130073,254,247,253,259,249,hrm,dzt,lzg,asq,ycg
1130074,259,255,256,242,253,asq,nhy,vmp,xbz,lzg
1130075,260,250,259,254,252,mrs,gla,asq,hrm,hyr
1130076,254,257,256,258,246,hrm,cwm,vmp,sqo,yof
1130077,259,251,257,242,254,asq,nme,cwm,xbz,hrm
1130078,249,254,257,246,256,ycg,hrm,cwm,yof,vmp
1130079,249,257,246,242,245,ycg,cwm,yof,xbz,gqp
1130080,245,242,247,258,260,gqp,xbz,dzt,sqo,mrs
1130081,243,259,242,248,252,cfj,asq,xbz,bov,hyr
1130082,250,260,253,247,245,gla,mrs,lzg,dzt,gqp
1130083,244,252,249,247,259,vjz,hyr,ycg,dzt,asq
1130084,258,242,241,257,247,sqo,xbz,yrg,cwm,dzt
1130085,259,245,255,258,248,asq,gqp,nhy,sqo,bov
1130086,247,242,245,249,260,dzt,xbz,gqp,ycg,mrs
1130087,251,257,260,253,242,nme,cwm,mrs,lzg,xbz
1130088,242,246,258,253,243,xbz,yof,sqo,lzg,cfj
1130089,249,259,243,247,244,ycg,asq,cfj,dzt,vjz
1130090,254,256,244,241,242,hrm,vmp,vjz,yrg,xbz
1130091,258,255,253,254,251,sqo,nhy,lzg,hrm,nme
1130092,259,253,244,258,243,asq,lzg,vjz,sqo,cfj
1130093,243,254,246,244,241,cfj,hrm,yof,vjz,yrg
1130094,254,244,257,251,242,hrm,vjz,cwm,nme,xbz
1130095,247,244,243,252,251,dzt,vjz,cfj,hyr,nme
1130096,255,241,256,251,243,nhy,yrg,vmp,nme,cfj
1130097,246,243,248,257,249,yof,cfj,bov,cwm,ycg
1130098,255,243,247,244,253,nhy,cfj,dzt,vjz,lzg
1130099,256,258,245,255,257,vmp,sqo,gqp,nhy,cwm
1130100,257,253,249,241,245,cwm,lzg,ycg,yrg,gqp
1130101,241,254,243,247,260,yrg,hrm,cfj,dzt,mrs
1130102,256,260,241,242,246,vmp,mrs,yrg,xbz,yof
1130103,247,255,245,258,252,dzt,nhy,gqp,sqo,hyr
1130104,249,247,241,245,246,ycg,dzt,yrg,gqp,yof
1130105,250,260,243,251,247,gla,mrs,cfj,nme,dzt
1130106,248,253,244,247,260,bov,lzg,vjz,dzt,mrs
1130107,251,244,257,253,248,nme,vjz,cwm,lzg,bov
1130108,247,258,254,252,255,dzt,sqo,hrm,hyr,nhy
1130109,253,247,241,255,257,lzg,dzt,yrg,nhy,cwm
1130110,250,241,254,255,253,gla,yrg,hrm,nhy,lzg
1130111,258,243,254,248,241,sqo,cfj,hrm,bov,yrg
1130112,249,257,247,250,246,ycg,cwm,dzt,gla,yof
1130113,252,244,257,256,248,hyr,vjz,cwm,vmp,bov
1130114,256,260,245,253,257,vmp,mrs,gqp,lzg,cwm
1130115,255,253,254,250,249,nhy,lzg,hrm,gla,ycg
1130116,259,258,251,260,241,asq,sqo,nme,mrs,yrg
1130117,241,245,253,248,247,yrg,gqp,lzg,bov,dzt
1130118,250,258,249,256,260,gla,sqo,ycg,vmp,mrs
1130119,255,244,252,251,243,nhy,vjz,hyr,nme,cfj
1130120,252,257,250,246,251,hyr,cwm,gla,yof,nme
1130121,258,245,241,250,246,sqo,gqp,yrg,gla,yof
1130122,248,242,258,259,254,bov,xbz,sqo,asq,hrm
1130123,258,250,246,253,249,sqo,gla,yof,lzg,ycg
1130124,248,253,252,249,244,bov,lzg,hyr,ycg,vjz
1130125,258,242,255,241,253,sqo,xbz,nhy,yrg,lzg
1130126,249,243,248,257,245,ycg,cfj,bov,cwm,gqp
1130127,252,246,259,249,255,hyr,yof,asq,ycg,nhy
1130128,256,254,252,248,247,vmp,hrm,hyr,bov,dzt
1130129,260,243,242,250,241,mrs,cfj,xbz,gla,yrg
1130130,260,250,249,257,259,mrs,gla,ycg,cwm,asq
1130131,255,250,249,254,253,nhy,gla,ycg,hrm,lzg
1130132,247,250,242,249,245,dzt,gla,xbz,ycg,gqp
1130133,250,249,257,243,253,gla,ycg,cwm,cfj,lzg
1130134,247,244,242,256,254,dzt,vjz,xbz,vmp,hrm
1130135,256,243,251,257,252,vmp,cfj,nme,cwm,hyr
1130136,247,248,260,251,245,dzt,bov,mrs,nme,gqp
1130137,250,254,241,259,244,gla,hrm,yrg,asq,vjz
1130138,254,249,241,253,250,hrm,ycg,yrg,lzg,gla
1130139,252,248,257,245,253,hyr,bov,cwm,gqp,lzg
1130140,241,244,249,256,246,yrg,vjz,ycg,vmp,yof
1130141,252,256,247,255,258,hyr,vmp,dzt,nhy,sqo
1130142,258,246,256,259,251,sqo,yof,vmp,asq,nme
1130143,260,244,243,257,242,mrs,vjz,cfj,cwm,xbz
1130144,257,247,241,250,251,cwm,dzt,yrg,gla,nme
1130145,250,255,248,241,244,gla,nhy,bov,yrg,vjz
1130146,252,249,250,254,244,hyr,ycg,gla,hrm,vjz
1130147,254,249,256,259,253,hrm,ycg,vmp,asq,lzg
1130148,242,254,250,249,243,xbz,hrm,gla,ycg,cfj
1130149,257,242,249,251,245,cwm,xbz,ycg,nme,gqp
1130150,256,249,254,255,248,vmp,ycg,hrm,nhy,bov
1130151,245,241,258,247,259,gqp,yrg,sqo,dzt,asq
1130152,247,242,250,249,251,dzt,xbz,gla,ycg,nme
1130153,247,244,243,257,260,dzt,vjz,cfj,cwm,mrs
1130154,252,244,249,257,256,hyr,vjz,ycg,cwm,vmp
1130155,242,251,245,254,252,xbz,nme,gqp,hrm,hyr
1130156,241,244,251,256,243,yrg,vjz,nme,vmp,cfj
1130157,252,248,247,256,257,hyr,bov,dzt,vmp,cwm
1130158,246,250,243,252,254,yof,gla,cfj,hyr,hrm
1130159,252,250,254,246,242,hyr,gla,hrm,yof,xbz
1130160,254,253,248,247,257,hrm,lzg,bov,dzt,cwm
1130161,257,247,251,252,245,cwm,dzt,nme,hyr,gqp
1130162,258,249,247,254,256,sqo,ycg,dzt,hrm,vmp
1130163,241,254,245,246,244,yrg,hrm,gqp,yof,vjz
1130164,245,260,248,244,249,gqp,mrs,bov,vjz,ycg
1130165,255,249,252,251,241,nhy,ycg,hyr,nme,yrg
1130166,246,260,258,243,254,yof,mrs,sqo,cfj,hrm
1130167,246,258,250,259,249,yof,sqo,gla,asq,ycg
1130168,259,258,257,247,253,asq,sqo,cwm,dzt,lzg
1130169,256,260,258,250,251,vmp,mrs,sqo,gla,nme
1130170,259,244,256,260,255,asq,vjz,vmp,mrs,nhy
1130171,250,257,255,244,256,gla,cwm,nhy,vjz,vmp
1130172,253,246,252,255,256,lzg,yof,hyr,nhy,vmp
1130173,248,252,255,253,251,bov,hyr,nhy,lzg,nme
1130174,260,254,249,259,247,mrs,hrm,ycg,asq,dzt
1130175,254,256,258,243,247,hrm,vmp,sqo,cfj,dzt
1130176,254,246,241,244,251,hrm,yof,yrg,vjz,nme
1130177,250,251,248,256,247,gla,nme,bov,vmp,dzt
1130178,247,256,244,258,254,dzt,vmp,vjz,sqo,hrm
1130179,260,259,258,244,242,mrs,asq,sqo,vjz,xbz
1130180,241,256,257,242,250,yrg,vmp,cwm,xbz,gla
1130181,241,254,250,249,258,yrg,hrm,gla,ycg,sqo
1130182,247,249,252,243,250,dzt,ycg,hyr,cfj,gla
1130183,253,249,258,257,252,lzg,ycg,sqo,cwm,hyr
1130184,250,259,253,249,252,gla,asq,lzg,ycg,hyr
1130185,243,254,251,252,255,cfj,hrm,nme,hyr,nhy
1130186,250,244,254,246,252,gla,vjz,hrm,yof,hyr
1130187,252,251,254,246,255,hyr,nme,hrm,yof,nhy
1130188,257,247,252,258,249,cwm,dzt,hyr,sqo,ycg
1130189,243,248,249,245,251,cfj,bov,ycg,gqp,nme
1130190,252,249,253,247,245,hyr,ycg,lzg,dzt,gqp
1130191,249,252,244,250,259,ycg,hyr,vjz,gla,asq
1130192,256,259,260,257,248,vmp,asq,mrs,cwm,bov
1130193,247,245,249,257,251,dzt,gqp,ycg,cwm,nme
1130194,259,255,250,244,243,asq,nhy,gla,vjz,cfj
1130195,243,246,247,241,258,cfj,yof,dzt,yrg,sqo
1130196,249,252,254,259,258,ycg,hyr,hrm,asq,sqo
1130197,252,242,253,243,249,hyr,xbz,lzg,cfj,ycg
1130198,260,246,245,243,248,mrs,yof,gqp,cfj,bov
1130199,246,258,253,254,257,yof,sqo,lzg,hrm,cwm
1130200,253,254,247,258,255,lzg,hrm,dzt,sqo,nhy
1130201,260,255,248,259,246,mrs,nhy,bov,asq,yof
1130202,257,242,247,245,241,cwm,xbz,dzt,gqp,yrg
1130203,257,244,253,246,248,cwm,vjz,lzg,yof,bov
1130204,242,251,259,249,246,xbz,nme,asq,ycg,yof
1130205,248,243,246,245,256,bov,cfj,yof,gqp,vmp
1130206,248,244,250,260,249,bov,vjz,gla,mrs,ycg
1130207,251,257,250,254,260,nme,cwm,gla,hrm,mrs
1130208,256,260,253,257,249,vmp,mrs,lzg,cwm,ycg
1130209,257,252,245,241,254,cwm,hyr,gqp,yrg,hrm
1130210,258,242,256,255,249,sqo,xbz,vmp,nhy,ycg
1130211,258,241,250,244,251,sqo,yrg,gla,vjz,nme
1130212,254,255,250,259,246,hrm,nhy,gla,asq,yof
1130213,242,253,248,256,247,xbz,lzg,bov,vmp,dzt
1130214,253,260,243,251,241,lzg,mrs,cfj,nme,yrg
1130215,254,252,255,259,245,hrm,hyr,nhy,asq,gqp
1130216,241,242,245,251,247,yrg,xbz,gqp,nme,dzt
1130217,246,257,243,244,245,yof,cwm,cfj,vjz,gqp
1130218,254,256,258,253,241,hrm,vmp,sqo,lzg,yrg
1130219,258,252,259,245,249,sqo,hyr,asq,gqp,ycg
1130220,250,241,242,249,246,gla,yrg,xbz,ycg,yof
1130221,248,245,247,242,253,bov,gqp,dzt,xbz,lzg
1130222,258,255,253,243,245,sqo,nhy,lzg,cfj,gqp
1130223,258,247,257,259,241,sqo,dzt,cwm,asq,yrg
1130224,243,250,251,244,255,cfj,gla,nme,vjz,nhy
1130225,245,241,252,257,248,gqp,yrg,hyr,cwm,bov
1130226,242,251,257,260,249,xbz,nme,cwm,mrs,ycg
1130227,244,255,256,254,249,vjz,nhy,vmp,hrm,ycg
1130228,259,260,249,252,250,asq,mrs,ycg,hyr,gla
1130229,245,244,256,253,252,gqp,vjz,vmp,lzg,hyr
1130230,260,248,259,252,247,mrs,bov,asq,hyr,dzt
1130231,250,243,256,242,246,gla,cfj,vmp,xbz,yof
1130232,255,242,254,253,251,nhy,xbz,hrm,lzg,nme
1130233,253,252,254,260,256,lzg,hyr,hrm,mrs,vmp
1130234,260,258,244,253,243,mrs,sqo,vjz,lzg,cfj
1130235,249,257,255,244,260,ycg,cwm,nhy,vjz,mrs
1130236,258,253,252,257,255,sqo,lzg,hyr,cwm,nhy
1130237,246,259,258,244,241,yof,asq,sqo,vjz,yrg
1130238,250,260,245,256,248,gla,mrs,gqp,vmp,bov
1130239,252,243,248,242,245,hyr,cfj,bov,xbz,gqp
1130240,260,249,248,246,245,mrs,ycg,bov,yof,gqp
1130241,244,247,241,254,249,vjz,dzt,yrg,hrm,ycg
1130242,252,241,250,248,258,hyr,yrg,gla,bov,sqo
1130243,254,246,250,258,241,hrm,yof,gla,sqo,yrg
1130244,257,255,248,247,253,cwm,nhy,bov,dzt,lzg
1130245,257,249,260,251,241,cwm,ycg,mrs,nme,yrg
1130246,255,253,247,251,257,nhy,lzg,dzt,nme,cwm
1130247,244,251,253,252,254,vjz,nme,lzg,hyr,hrm
1130248,254,250,251,243,247,hrm,gla,nme,cfj,dzt
1130249,244,242,256,243,252,vjz,xbz,vmp,cfj,hyr
1130250,248,244,246,260,259,bov,vjz,yof,mrs,asq
1130251,247,251,258,248,260,dzt,nme,sqo,bov,mrs
1130252,242,249,258,255,241,xbz,ycg,sqo,nhy,yrg
1130253,255,244,253,252,258,nhy,vjz,lzg,hyr,sqo
1130254,246,258,248,245,241,yof,sqo,bov,gqp,yrg
1130255,259,241,260,243,253,asq,yrg,mrs,cfj,lzg
1130256,246,248,253,255,244,yof,bov,lzg,nhy,vjz
1130257,259,243,244,246,257,asq,cfj,vjz,yof,cwm
1130258,254,242,259,245,256,hrm,xbz,asq,gqp,vmp
1130259,250,259,246,247,249,gla,asq,yof,dzt,ycg
1130260,251,248,252,246,245,nme,bov,hyr,yof,gqp
1130261,245,256,252,244,250,gqp,vmp,hyr,vjz,gla
1130262,252,250,260,242,257,hyr,gla,mrs,xbz,cwm
1130263,250,241,245,257,244,gla,yrg,gqp,cwm,vjz
1130264,242,259,256,253,260,xbz,asq,vmp,lzg,mrs
1130265,257,250,241,251,244,cwm,gla,yrg,nme,vjz
1130266,248,259,253,254,245,bov,asq,lzg,hrm,gqp
1130267,258,248,249,245,243,sqo,bov,ycg,gqp,cfj
1130268,252,254,241,259,246,hyr,hrm,yrg,asq,yof
1130269,242,258,256,248,252,xbz,sqo,vmp,bov,hyr
1130270,249,250,251,257,242,ycg,gla,nme,cwm,xbz
1130271,260,253,245,249,257,mrs,lzg,gqp,ycg,cwm
1130272,243,253,259,246,255,cfj,lzg,asq,yof,nhy
1130273,242,253,244,241,257,xbz,lzg,vjz,yrg,cwm
1130274,257,256,243,249,259,cwm,vmp,cfj,ycg,asq
1130275,242,245,250,249,254,xbz,gqp,gla,ycg,hrm
1130276,258,243,253,246,245,sqo,cfj,lzg,yof,gqp
1130277,245,254,247,248,257,gqp,hrm,dzt,bov,cwm
1130278,254,246,257,251,248,hrm,yof,cwm,nme,bov
1130279,241,257,253,244,254,yrg,cwm,lzg,vjz,hrm
1130280,256,243,253,249,252,vmp,cfj,lzg,ycg,hyr
1130281,253,255,249,259,244,lzg,nhy,ycg,asq,vjz
1130282,249,241,253,246,257,ycg,yrg,lzg,yof,cwm
1130283,246,256,241,253,258,yof,vmp,yrg,lzg,sqo
1130284,258,255,256,244,250,sqo,nhy,vmp,vjz,gla
1130285,243,251,248,257,260,cfj,nme,bov,cwm,mrs
1130286,242,255,243,246,257,xbz,nhy,cfj,yof,cwm
1130287,248,253,250,256,260,bov,lzg,gla,vmp,mrs
1130288,246,258,255,260,250,yof,sqo,nhy,mrs,gla
1130289,252,245,250,241,253,hyr,gqp,gla,yrg,lzg
1130290,251,243,259,254,244,nme,cfj,asq,hrm,vjz
1130291,251,244,242,249,258,nme,vjz,xbz,ycg,sqo
1130292,260,250,245,242,249,mrs,gla,gqp,xbz,ycg
1130293,245,260,252,241,244,gqp,mrs,hyr,yrg,vjz
1130294,243,241,257,248,254,cfj,yrg,cwm,bov,hrm
1130295,247,242,260,246,248,dzt,xbz,mrs,yof,bov
1130296,244,255,258,253,256,vjz,nhy,sqo,lzg,vmp
1130297,259,253,257,256,245,asq,lzg,cwm,vmp,gqp
1130298,252,260,259,249,257,hyr,mrs,asq,ycg,cwm
1130299,242,245,251,250,249,xbz,gqp,nme,gla,ycg
1130300,254,253,259,246,248,hrm,lzg,asq,yof,bov
1130301,253,255,256,251,252,lzg,nhy,vmp,nme,hyr
1130302,248,250,253,254,251,bov,gla,lzg,hrm,nme
1130303,260,242,254,258,241,mrs,xbz,hrm,sqo,yrg
1130304,244,248,243,250,249,vjz,bov,cfj,gla,ycg
1130305,250,248,251,246,255,gla,bov,nme,yof,nhy
1130306,254,242,246,247,245,hrm,xbz,yof,dzt,gqp
1130307,254,241,253,252,243,hrm,yrg,lzg,hyr,cfj
1130308,257,248,251,253,258,cwm,bov,nme,lzg,sqo
1130309,251,241,254,252,257,nme,yrg,hrm,hyr,cwm
1130310,257,253,252,243,242,cwm,lzg,hyr,cfj,xbz
1130311,256,249,243,246,259,vmp,ycg,cfj,yof,asq
1130312,252,256,255,248,259,hyr,vmp,nhy,bov,asq
1130313,258,243,254,256,251,sqo,cfj,hrm,vmp,nme
1130314,260,244,254,252,245,mrs,vjz,hrm,hyr,gqp
1130315,242,247,243,257,258,xbz,dzt,cfj,cwm,sqo
1130316,251,254,245,260,243,nme,hrm,gqp,mrs,cfj
1130317,244,259,242,255,250,vjz,asq,xbz,nhy,gla
1130318,256,257,245,248,249,vmp,cwm,gqp,bov,ycg
1130319,245,259,250,254,241,gqp,asq,gla,hrm,yrg
1130320,245,255,243,248,247,gqp,nhy,cfj,bov,dzt
1130321,245,250,248,249,259,gqp,gla,bov,ycg,asq
1130322,252,241,245,260,242,hyr,yrg,gqp,mrs,xbz
1130323,244,250,260,246,251,vjz,gla,mrs,yof,nme
1130324,250,254,247,253,258,gla,hrm,dzt,lzg,sqo
1130325,244,250,251,253,256,vjz,gla,nme,lzg,vmp
1130326,259,253,245,247,248,asq,lzg,gqp,dzt,bov
1130327,259,249,260,241,250,asq,ycg,mrs,yrg,gla
1130328,244,243,252,241,259,vjz,cfj,hyr,yrg,asq
1130329,258,259,256,244,260,sqo,asq,vmp,vjz,mrs
1130330,244,250,245,253,251,vjz,gla,gqp,lzg,nme
1130331,260,241,245,242,244,mrs,yrg,gqp,xbz,vjz
1130332,260,251,259,255,256,mrs,nme,asq,nhy,vmp
1130333,246,244,254,250,256,yof,vjz,hrm,gla,vmp
1130334,253,247,256,251,252,lzg,dzt,vmp,nme,hyr
1130335,254,245,256,249,242,hrm,gqp,vmp,ycg,xbz
1130336,244,259,242,245,251,vjz,asq,xbz,gqp,nme
1130337,243,255,241,248,253,cfj,nhy,yrg,bov,lzg
1130338,241,254,245,260,246,yrg,hrm,gqp,mrs,yof
1130339,249,244,255,260,246,ycg,vjz,nhy,mrs,yof
1130340,244,252,258,243,256,vjz,hyr,sqo,cfj,vmp
1130341,250,252,258,243,241,gla,hyr,sqo,cfj,yrg
1130342,260,244,248,257,253,mrs,vjz,bov,cwm,lzg
1130343,250,247,260,257,248,gla,dzt,mrs,cwm,bov
1130344,250,260,253,254,259,gla,mrs,lzg,hrm,asq
1130345,256,247,245,258,242,vmp,dzt,gqp,sqo,xbz
1130346,252,248,254,251,249,hyr,bov,hrm,nme,ycg
1130347,256,251,245,244,258,vmp,nme,gqp,vjz,sqo
1130348,256,248,242,243,244,vmp,bov,xbz,cfj,vjz
1130349,260,259,253,251,256,mrs,asq,lzg,nme,vmp
1130350,245,243,253,248,250,gqp,cfj,lzg,bov,gla
1130351,260,249,250,247,251,mrs,ycg,gla,dzt,nme
1130352,255,250,247,249,244,nhy,gla,dzt,ycg,vjz
1130353,254,260,248,246,256,hrm,mrs,bov,yof,vmp
1130354,259,255,250,253,242,asq,nhy,gla,lzg,xbz
1130355,241,250,248,253,259,yrg,gla,bov,lzg,asq
1130356,256,247,248,246,260,vmp,dzt,bov,yof,mrs
1130357,259,245,256,246,241,asq,gqp,vmp,yof,yrg
1130358,248,255,245,253,249,bov,nhy,gqp,lzg,ycg
1130359,257,252,242,259,258,cwm,hyr,xbz,asq,sqo
1130360,251,252,244,248,260,nme,hyr,vjz,bov,mrs
1130361,245,257,242,256,255,gqp,cwm,xbz,vmp,nhy
1130362,258,246,259,254,251,sqo,yof,asq,hrm,nme
1130363,254,257,247,246,253,hrm,cwm,dzt,yof,lzg
1130364,247,256,254,242,241,dzt,vmp,hrm,xbz,yrg
1130365,245,243,250,248,252,gqp,cfj,gla,bov,hyr
1130366,255,254,253,249,247,nhy,hrm,lzg,ycg,dzt
1130367,255,249,254,245,258,nhy,ycg,hrm,gqp,sqo
1130368,259,251,253,244,260,asq,nme,lzg,vjz,mrs
1130369,249,258,243,247,244,ycg,sqo,cfj,dzt,vjz
1130370,242,256,259,241,254,xbz,vmp,asq,yrg,hrm
1130371,242,257,260,249,250,xbz,cwm,mrs,ycg,gla
1130372,242,252,251,255,257,xbz,hyr,nme,nhy,cwm
1130373,241,259,244,242,252,yrg,asq,vjz,xbz,hyr
1130374,255,245,250,253,257,nhy,gqp,gla,lzg,cwm
1130375,257,249,242,248,245,cwm,ycg,xbz,bov,gqp
1130376,251,258,246,247,241,nme,sqo,yof,dzt,yrg
1130377,253,260,250,246,248,lzg,mrs,gla,yof,bov
1130378,250,253,243,244,256,gla,lzg,cfj,vjz,vmp
1130379,250,257,247,258,256,gla,cwm,dzt,sqo,vmp
1130380,251,255,245,246,247,nme,nhy,gqp,yof,dzt
1130381,251,243,257,249,258,nme,cfj,cwm,ycg,sqo
1130382,242,253,243,252,259,xbz,lzg,cfj,hyr,asq
1130383,252,247,260,253,244,hyr,dzt,mrs,lzg,vjz
1130384,244,242,246,251,249,vjz,xbz,yof,nme,ycg
1130385,247,251,246,259,256,dzt,nme,yof,asq,vmp
1130386,247,257,248,259,258,dzt,cwm,bov,asq,sqo
1130387,260,250,255,244,249,mrs,gla,nhy,vjz,ycg
1130388,249,244,254,259,250,ycg,vjz,hrm,asq,gla
1130389,260,251,242,252,257,mrs,nme,xbz,hyr,cwm
1130390,256,251,258,245,247,vmp,nme,sqo,gqp,dzt
1130391,244,246,256,242,247,vjz,yof,vmp,xbz,dzt
1130392,242,244,254,247,257,xbz,vjz,hrm,dzt,cwm
1130393,255,249,253,251,258,nhy,ycg,lzg,nme,sqo
1130394,243,242,254,256,247,cfj,xbz,hrm,vmp,dzt
1130395,255,253,248,259,251,nhy,lzg,bov,asq,nme
1130396,257,248,245,252,241,cwm,bov,gqp,hyr,yrg
1130397,256,245,248,251,255,vmp,gqp,bov,nme,nhy
1130398,257,258,245,241,243,cwm,sqo,gqp,yrg,cfj
1130399,243,257,246,251,244,cfj,cwm,yof,nme,vjz
1130400,246,257,249,256,247,yof,cwm,ycg,vmp,dzt
1130401,242,254,250,259,257,xbz,hrm,gla,asq,cwm
1130402,255,258,245,242,253,nhy,sqo,gqp,xbz,lzg
1130403,259,248,243,251,245,asq,bov,cfj,nme,gqp
1130404,249,250,257,251,253,ycg,gla,cwm,nme,lzg
1130405,256,243,242,252,247,vmp,cfj,xbz,hyr,dzt
1130406,253,257,258,259,255,lzg,cwm,sqo,asq,nhy
1130407,248,244,247,242,256,bov,vjz,dzt,xbz,vmp
1130408,243,247,258,250,253,cfj,dzt,sqo,gla,lzg
1130409,241,245,253,259,243,yrg,gqp,lzg,asq,cfj
1130410,247,248,243,258,251,dzt,bov,cfj,sqo,nme
1130411,246,251,243,252,242,yof,nme,cfj,hyr,xbz
1130412,252,257,245,241,250,hyr,cwm,gqp,yrg,gla
1130413,257,248,258,251,260,cwm,bov,sqo,nme,mrs
1130414,245,256,250,241,255,gqp,vmp,gla,yrg,nhy
1130415,241,253,250,248,246,yrg,lzg,gla,bov,yof
1130416,254,246,247,255,245,hrm,yof,dzt,nhy,gqp
1130417,248,244,256,243,242,bov,vjz,vmp,cfj,xbz
1130418,244,260,246,253,242,vjz,mrs,yof,lzg,xbz
1130419,260,243,252,257,256,mrs,cfj,hyr,cwm,vmp
1130420,260,258,249,257,241,mrs,sqo,ycg,cwm,yrg
1130421,258,251,259,256,241,sqo,nme,asq,vmp,yrg
1130422,249,245,248,250,251,ycg,gqp,bov,gla,nme
1130423,252,251,243,241,245,hyr,nme,cfj,yrg,gqp
1130424,260,248,258,241,245,mrs,bov,sqo,yrg,gqp
1130425,253,241,246,260,257,lzg,yrg,yof,mrs,cwm
1130426,248,252,250,256,246,bov,hyr,gla,vmp,yof
1130427,249,254,244,258,256,ycg,hrm,vjz,sqo,vmp
1130428,257,251,256,248,245,cwm,nme,vmp,bov,gqp
1130429,245,244,256,247,254,gqp,vjz,vmp,dzt,hrm
1130430,257,244,249,250,255,cwm,vjz,ycg,gla,nhy
1130431,254,245,246,253,249,hrm,gqp,yof,lzg,ycg
1130432,251,257,258,245,253,nme,cwm,sqo,gqp,lzg
1130433,256,242,241,250,260,vmp,xbz,yrg,gla,mrs
1130434,251,250,253,244,246,nme,gla,lzg,vjz,yof
1130435,243,244,260,258,255,cfj,vjz,mrs,sqo,nhy
1130436,244,259,247,242,255,vjz,asq,dzt,xbz,nhy
1130437,260,248,242,245,241,mrs,bov,xbz,gqp,yrg
1130438,249,245,256,257,241,ycg,gqp,vmp,cwm,yrg
1130439,253,246,242,258,241,lzg,yof,xbz,sqo,yrg
1130440,241,260,243,252,242,yrg,mrs,cfj,hyr,xbz
1130441,243,247,251,253,260,cfj,dzt,nme,lzg,mrs
1130442,245,244,250,255,258,gqp,vjz,gla,nhy,sqo
1130443,251,243,247,242,245,nme,cfj,dzt,xbz,gqp
1130444,248,244,259,246,241,bov,vjz,asq,yof,yrg
1130445,251,245,258,257,256,nme,gqp,sqo,cwm,vmp
1130446,260,252,254,241,242,mrs,hyr,hrm,yrg,xbz
1130447,255,258,247,245,243,nhy,sqo,dzt,gqp,cfj
1130448,258,259,252,257,244,sqo,asq,hyr,cwm,vjz
1130449,244,256,251,253,258,vjz,vmp,nme,lzg,sqo
1130450,241,259,256,242,257,yrg,asq,vmp,xbz,cwm
1130451,251,254,241,243,256,nme,hrm,yrg,cfj,vmp
1130452,255,248,254,251,258,nhy,bov,hrm,nme,sqo
1130453,252,248,242,245,257,hyr,bov,xbz,gqp,cwm
1130454,253,250,256,257,249,lzg,gla,vmp,cwm,ycg
1130455,256,248,243,250,242,vmp,bov,cfj,gla,xbz
1130456,257,247,252,241,250,cwm,dzt,hyr,yrg,gla
1130457,259,244,241,250,248,asq,vjz,yrg,gla,bov
1130458,260,245,242,259,250,mrs,gqp,xbz,asq,gla
1130459,250,243,241,249,254,gla,cfj,yrg,ycg,hrm
1130460,253,252,242,254,258,lzg,hyr,xbz,hrm,sqo
1130461,260,250,255,259,245,mrs,gla,nhy,asq,gqp
1130462,245,255,248,254,257,gqp,nhy,bov,hrm,cwm
1130463,260,258,246,257,254,mrs,sqo,yof,cwm,hrm
1130464,249,256,252,242,260,ycg,vmp,hyr,xbz,mrs
1130465,247,244,254,253,245,dzt,vjz,hrm,lzg,gqp
1130466,254,260,251,256,243,hrm,mrs,nme,vmp,cfj
1130467,248,260,245,246,258,bov,mrs,gqp,yof,sqo
1130468,252,245,254,250,253,hyr,gqp,hrm,gla,lzg
1130469,249,248,243,253,260,ycg,bov,cfj,lzg,mrs
1130470,252,247,248,257,256,hyr,dzt,bov,cwm,vmp
1130471,259,242,253,247,244,asq,xbz,lzg,dzt,vjz
1130472,243,249,255,258,251,cfj,ycg,nhy,sqo,nme
1130473,257,248,251,249,254,cwm,bov,nme,ycg,hrm
1130474,245,260,249,254,253,gqp,mrs,ycg,hrm,lzg
1130475,252,247,258,255,241,hyr,dzt,sqo,nhy,yrg
1130476,257,247,255,243,256,cwm,dzt,nhy,cfj,vmp
1130477,248,259,244,252,250,bov,asq,vjz,hyr,gla
1130478,255,252,242,259,251,nhy,hyr,xbz,asq,nme
1130479,242,251,257,243,245,xbz,nme,cwm,cfj,gqp
1130480,260,255,256,243,252,mrs,nhy,vmp,cfj,hyr
1130481,241,259,254,243,246,yrg,asq,hrm,cfj,yof
1130482,249,251,245,256,260,ycg,nme,gqp,vmp,mrs
1130483,258,251,254,253,244,sqo,nme,hrm,lzg,vjz
1130484,260,250,256,243,253,mrs,gla,vmp,cfj,lzg
1130485,249,250,243,248,256,ycg,gla,cfj,bov,vmp
1130486,243,251,249,256,246,cfj,nme,ycg,vmp,yof
1130487,257,242,241,258,243,cwm,xbz,yrg,sqo,cfj
1130488,247,244,243,259,258,dzt,vjz,cfj,asq,sqo
1130489,252,245,254,259,246,hyr,gqp,hrm,asq,yof
1130490,247,254,245,253,257,dzt,hrm,gqp,lzg,cwm
1130491,244,245,246,260,256,vjz,gqp,yof,mrs,vmp
1130492,248,253,243,249,242,bov,lzg,cfj,ycg,xbz
1130493,257,248,253,254,247,cwm,bov,lzg,hrm,dzt
1130494,241,242,258,252,254,yrg,xbz,sqo,hyr,hrm
1130495,260,248,255,250,253,mrs,bov,nhy,gla,lzg
1130496,254,252,249,260,242,hrm,hyr,ycg,mrs,xbz
1130497,243,254,245,258,252,cfj,hrm,gqp,sqo,hyr
1130498,253,241,251,260,254,lzg,yrg,nme,mrs,hrm
1130499,244,251,241,259,245,vjz,nme,yrg,asq,gqp
1130500,247,258,244,248,256,dzt,sqo,vjz,bov,vmp
1130501,251,257,246,247,249,nme,cwm,yof,dzt,ycg
1130502,254,246,249,255,248,hrm,yof,ycg,nhy,bov
1130503,251,256,247,248,260,nme,vmp,dzt,bov,mrs
1130504,255,258,245,253,257,nhy,sqo,gqp,lzg,cwm
1130505,256,244,257,242,246,vmp,vjz,cwm,xbz,yof
1130506,250,252,253,260,257,gla,hyr,lzg,mrs,cwm
1130507,254,252,244,250,248,hrm,hyr,vjz,gla,bov
1130508,255,249,242,260,259,nhy,ycg,xbz,mrs,asq
1130509,255,252,249,257,250,nhy,hyr,ycg,cwm,gla
1130510,246,244,242,243,253,yof,vjz,xbz,cfj,lzg
1130511,251,242,249,252,243,nme,xbz,ycg,hyr,cfj
1130512,246,253,254,245,250,yof,lzg,hrm,gqp,gla
1130513,255,259,243,252,258,nhy,asq,cfj,hyr,sqo
1130514,248,251,250,247,242,bov,nme,gla,dzt,xbz
1130515,257,258,246,259,243,cwm,sqo,yof,asq,cfj
1130516,247,241,244,251,256,dzt,yrg,vjz,nme,vmp
1130517,257,244,250,248,252,cwm,vjz,gla,bov,hyr
1130518,259,256,241,246,253,asq,vmp,yrg,yof,lzg
1130519,251,244,249,256,252,nme,vjz,ycg,vmp,hyr
1130520,250,247,257,248,259,gla,dzt,cwm,bov,asq
1130521,258,245,255,246,249,sqo,gqp,nhy,yof,ycg
1130522,254,249,246,245,251,hrm,ycg,yof,gqp,nme
1130523,254,252,242,251,257,hrm,hyr,xbz,nme,cwm
1130524,246,259,245,250,249,yof,asq,gqp,gla,ycg
1130525,254,247,242,252,241,hrm,dzt,xbz,hyr,yrg
1130526,252,244,246,247,259,hyr,vjz,yof,dzt,asq
1130527,241,253,243,249,250,yrg,lzg,cfj,ycg,gla
1130528,243,256,259,250,251,cfj,vmp,asq,gla,nme
1130529,248,258,250,243,244,bov,sqo,gla,cfj,vjz
1130530,249,251,241,254,260,ycg,nme,yrg,hrm,mrs
1130531,256,245,243,247,253,vmp,gqp,cfj,dzt,lzg
1130532,246,244,249,245,253,yof,vjz,ycg,gqp,lzg
1130533,257,254,258,249,252,cwm,hrm,sqo,ycg,hyr
1130534,258,247,249,246,254,sqo,dzt,ycg,yof,hrm
1130535,245,258,251,256,254,gqp,sqo,nme,vmp,hrm
1130536,257,253,259,247,243,cwm,lzg,asq,dzt,cfj
1130537,243,246,242,250,244,cfj,yof,xbz,gla,vjz
1130538,252,254,253,243,259,hyr,hrm,lzg,cfj,asq
1130539,243,245,257,247,256,cfj,gqp,cwm,dzt,vmp
1130540,258,252,247,259,257,sqo,hyr,dzt,asq,cwm
1130541,253,251,255,249,248,lzg,nme,nhy,ycg,bov
1130542,243,252,255,257,246,cfj,hyr,nhy,cwm,yof
1130543,257,246,250,241,259,cwm,yof,gla,yrg,asq
1130544,256,249,244,247,243,vmp,ycg,vjz,dzt,cfj
1130545,258,245,256,244,252,sqo,gqp,vmp,vjz,hyr
1130546,241,257,247,259,260,yrg,cwm,dzt,asq,mrs
1130547,247,243,246,241,251,dzt,cfj,yof,yrg,nme
1130548,255,241,242,256,246,nhy,yrg,xbz,vmp,yof
1130549,248,242,255,241,253,bov,xbz,nhy,yrg,lzg
1130550,260,249,242,253,252,mrs,ycg,xbz,lzg,hyr
1130551,251,250,252,259,260,nme,gla,hyr,asq,mrs
1130552,255,246,258,253,249,nhy,yof,sqo,lzg,ycg
1130553,242,250,260,254,249,xbz,gla,mrs,hrm,ycg
1130554,247,258,241,250,259,dzt,sqo,yrg,gla,asq
1130555,243,259,246,260,242,cfj,asq,yof,mrs,xbz
1130556,259,252,244,243,250,asq,hyr,vjz,cfj,gla
1130557,260,244,246,241,259,mrs,vjz,yof,yrg,asq
1130558,247,242,243,241,255,dzt,xbz,cfj,yrg,nhy
1130559,252,253,247,260,251,hyr,lzg,dzt,mrs,nme
1130560,242,260,252,255,258,xbz,mrs,hyr,nhy,sqo
1130561,243,247,260,250,249,cfj,dzt,mrs,gla,ycg
1130562,242,246,257,251,243,xbz,yof,cwm,nme,cfj
1130563,251,244,259,258,252,nme,vjz,asq,sqo,hyr
1130564,245,249,250,254,260,gqp,ycg,gla,hrm,mrs
1130565,247,243,253,248,252,dzt,cfj,lzg,bov,hyr
1130566,254,259,256,248,253,hrm,asq,vmp,bov,lzg
1130567,246,241,242,248,247,yof,yrg,xbz,bov,dzt
1130568,243,242,244,250,251,cfj,xbz,vjz,gla,nme
1130569,242,249,248,251,254,xbz,ycg,bov,nme,hrm
1130570,253,260,258,251,242,lzg,mrs,sqo,nme,xbz
1130571,242,247,250,260,259,xbz,dzt,gla,mrs,asq
1130572,246,254,252,244,241,yof,hrm,hyr,vjz,yrg
1130573,254,243,245,251,244,hrm,cfj,gqp,nme,vjz
1130574,250,252,246,248,253,gla,hyr,yof,bov,lzg
1130575,245,244,242,260,246,gqp,vjz,xbz,mrs,yof
1130576,248,258,260,255,259,bov,sqo,mrs,nhy,asq
1130577,260,250,244,249,253,mrs,gla,vjz,ycg,lzg
1130578,254,257,256,250,249,hrm,cwm,vmp,gla,ycg
1130579,256,246,259,249,260,vmp,yof,asq,ycg,mrs
1130580,244,245,254,241,256,vjz,gqp,hrm,yrg,vmp
1130581,246,250,245,255,242,yof,gla,gqp,nhy,xbz
1130582,246,256,245,255,244,yof,vmp,gqp,nhy,vjz
1130583,241,243,260,256,258,yrg,cfj,mrs,vmp,sqo
1130584,255,256,245,243,242,nhy,vmp,gqp,cfj,xbz
1130585,260,248,247,249,243,mrs,bov,dzt,ycg,cfj
1130586,252,255,246,241,256,hyr,nhy,yof,yrg,vmp
1130587,249,247,243,257,244,ycg,dzt,cfj,cwm,vjz
1130588,257,252,254,246,250,cwm,hyr,hrm,yof,gla
1130589,259,241,245,250,254,asq,yrg,gqp,gla,hrm
1130590,257,245,256,244,247,cwm,gqp,vmp,vjz,dzt
1130591,250,241,256,247,257,gla,yrg,vmp,dzt,cwm
1130592,255,249,260,258,245,nhy,ycg,mrs,sqo,gqp
1130593,246,245,257,248,242,yof,gqp,cwm,bov,xbz
1130594,252,259,246,257,254,hyr,asq,yof,cwm,hrm
1130595,248,259,254,249,251,bov,asq,hrm,ycg,nme
1130596,255,246,241,249,256,nhy,yof,yrg,ycg,vmp
1130597,254,243,250,247,248,hrm,cfj,gla,dzt,bov
1130598,249,245,247,252,254,ycg,gqp,dzt,hyr,hrm
1130599,257,243,253,252,248,cwm,cfj,lzg,hyr,bov
1130600,255,256,244,258,241,nhy,vmp,vjz,sqo,yrg
1140001,266,269,268,279,273,ohl,hfo,jke,btp,hkw
1140002,276,270,273,261,272,ypd,tnk,hkw,cuw,anv
1140003,268,267,270,273,261,jke,etj,tnk,hkw,cuw
1140004,270,272,271,267,269,tnk,anv,zrs,etj,hfo
1140005,263,267,277,271,276,fda,etj,fsj,zrs,ypd
1140006,266,269,268,261,273,ohl,hfo,jke,cuw,hkw
1140007,279,268,278,265,272,btp,jke,poz,ylf,anv
1140008,276,273,262,263,266,ypd,hkw,wah,fda,ohl
1140009,270,267,261,266,262,tnk,etj,cuw,ohl,wah
1140010,267,262,279,268,264,etj,wah,btp,jke,xwt
1140011,270,267,279,265,269,tnk,etj,btp,ylf,hfo
1140012,275,263,267,265,269,eyu,fda,etj,ylf,hfo
1140013,280,265,267,266,278,yfh,ylf,etj,ohl,poz
1140014,266,275,271,267,269,ohl,eyu,zrs,etj,hfo
1140015,280,270,279,269,274,yfh,tnk,btp,hfo,nbf
1140016,275,278,277,264,262,eyu,poz,fsj,xwt,wah
1140017,272,273,269,270,275,anv,hkw,hfo,tnk,eyu
1140018,264,279,275,274,277,xwt,btp,eyu,nbf,fsj
1140019,271,279,267,263,268,zrs,btp,etj,fda,jke
1140020,276,271,277,269,265,ypd,zrs,fsj,hfo,ylf
1140021,264,266,275,262,279,xwt,ohl,eyu,wah,btp
1140022,265,280,263,273,270,ylf,yfh,fda,hkw,tnk
1140023,274,272,266,263,277,nbf,anv,ohl,fda,fsj
1140024,279,273,268,269,261,btp,hkw,jke,hfo,cuw
1140025,270,280,277,276,262,tnk,yfh,fsj,ypd,wah
1140026,262,268,278,265,277,wah,jke,poz,ylf,fsj
1140027,263,276,273,267,270,fda,ypd,hkw,etj,tnk
1140028,264,274,271,272,266,xwt,nbf,zrs,anv,ohl
1140029,280,262,264,270,274,yfh,wah,xwt,tnk,nbf
1140030,271,261,267,273,274,zrs,cuw,etj,hkw,nbf
1140031,280,272,262,268,265,yfh,anv,wah,jke,ylf
1140032,280,271,275,268,264,yfh,zrs,eyu,jke,xwt
1140033,261,267,271,273,266,cuw,etj,zrs,hkw,ohl
1140034,271,274,267,272,275,zrs,nbf,etj,anv,eyu
1140035,276,269,264,280,279,ypd,hfo,xwt,yfh,btp
1140036,261,272,273,271,279,cuw,anv,hkw,zrs,btp
1140037,280,270,272,267,264,yfh,tnk,anv,etj,xwt
1140038,268,262,273,267,279,jke,wah,hkw,etj,btp
1140039,271,267,262,278,261,zrs,etj,wah,poz,cuw
1140040,266,269,261,264,274,ohl,hfo,cuw,xwt,nbf
1140041,262,275,278,268,261,wah,eyu,poz,jke,cuw
1140042,267,261,270,263,271,etj,cuw,tnk,fda,zrs
1140043,280,266,278,265,276,yfh,ohl,poz,ylf,ypd
1140044,277,279,269,264,276,fsj,btp,hfo,xwt,ypd
1140045,275,270,273,261,277,eyu,tnk,hkw,cuw,fsj
1140046,261,278,280,274,269,cuw,poz,yfh,nbf,hfo
1140047,280,262,269,276,268,yfh,wah,hfo,ypd,jke
1140048,262,263,280,265,279,wah,fda,yfh,ylf,btp
1140049,274,272,262,266,264,nbf,anv,wah,ohl,xwt
1140050,265,269,271,264,276,ylf,hfo,zrs,xwt,ypd
1140051,280,273,265,268,270,yfh,hkw,ylf,jke,tnk
1140052,277,266,272,261,280,fsj,ohl,anv,cuw,yfh
1140053,272,265,263,269,275,anv,ylf,fda,hfo,eyu
1140054,267,278,277,268,261,etj,poz,fsj,jke,cuw
1140055,279,271,273,269,275,btp,zrs,hkw,hfo,eyu
1140056,265,274,278,270,267,ylf,nbf,poz,tnk,etj
1140057,269,268,266,278,271,hfo,jke,ohl,poz,zrs
1140058,279,268,278,272,261,btp,jke,poz,anv,cuw
1140059,279,261,265,262,270,btp,cuw,ylf,wah,tnk
1140060,273,279,272,266,262,hkw,btp,anv,ohl,wah
1140061,262,266,279,269,263,wah,ohl,btp,hfo,fda
1140062,274,276,280,261,277,nbf,ypd,yfh,cuw,fsj
1140063,271,274,273,280,262,zrs,nbf,hkw,yfh,wah
1140064,265,280,278,268,269,ylf,yfh,poz,jke,hfo
1140065,277,261,276,266,270,fsj,cuw,ypd,ohl,tnk
1140066,271,262,266,280,276,zrs,wah,ohl,yfh,ypd
1140067,274,273,266,272,261,nbf,hkw,ohl,anv,cuw
1140068,274,265,267,270,263,nbf,ylf,etj,tnk,fda
1140069,268,264,276,261,271,jke,xwt,ypd,cuw,zrs
1140070,261,275,265,271,274,cuw,eyu,ylf,zrs,nbf
1140071,276,263,271,272,279,ypd,fda,zrs,anv,btp
1140072,268,280,267,275,273,jke,yfh,etj,eyu,hkw
1140073,274,267,273,279,269,nbf,etj,hkw,btp,hfo
1140074,279,275,276,262,273,btp,eyu,ypd,wah,hkw
1140075,280,270,279,274,272,yfh,tnk,btp,nbf,anv
1140076,274,277,276,278,266,nbf,fsj,ypd,poz,ohl
1140077,279,271,277,262,274,btp,zrs,fsj,wah,nbf
1140078,269,274,277,266,276,hfo,nbf,fsj,ohl,ypd
1140079,269,277,266,262,265,hfo,fsj,ohl,wah,ylf
1140080,265,262,267,278,280,ylf,wah,etj,poz,yfh
1140081,263,279,262,268,272,fda,btp,wah,jke,anv
1140082,270,280,273,267,265,tnk,yfh,hkw,etj,ylf
1140083,264,272,269,267,279,xwt,anv,hfo,etj,btp
1140084,278,262,261,277,267,poz,wah,cuw,fsj,etj
1140085,279,265,275,278,268,btp,ylf,eyu,poz,jke
1140086,267,262,265,269,280,etj,wah,ylf,hfo,yfh
1140087,271,277,280,273,262,zrs,fsj,yfh,hkw,wah
1140088,262,266,278,273,263,wah,ohl,poz,hkw,fda
1140089,269,279,263,267,264,hfo,btp,fda,etj,xwt
1140090,274,276,264,261,262,nbf,ypd,xwt,cuw,wah
1140091,278,275,273,274,271,poz,eyu,hkw,nbf,zrs
1140092,279,273,264,278,263,btp,hkw,xwt,poz,fda
1140093,263,274,266,264,261,fda,nbf,ohl,xwt,cuw
1140094,274,264,277,271,262,nbf,xwt,fsj,zrs,wah
1140095,267,264,263,272,271,etj,xwt,fda,anv,zrs
1140096,275,261,276,271,263,eyu,cuw,ypd,zrs,fda
1140097,266,263,268,277,269,ohl,fda,jke,fsj,hfo
1140098,275,263,267,264,273,eyu,fda,etj,xwt,hkw
1140099,276,278,265,275,277,ypd,poz,ylf,eyu,fsj
1140100,277,273,269,261,265,fsj,hkw,hfo,cuw,ylf
1140101,261,274,263,267,280,cuw,nbf,fda,etj,yfh
1140102,276,280,261,262,266,ypd,yfh,cuw,wah,ohl
1140103,267,275,265,278,272,etj,eyu,ylf,poz,anv
1140104,269,267,261,265,266,hfo,etj,cuw,ylf,ohl
1140105,270,280,263,271,267,tnk,yfh,fda,zrs,etj
1140106,268,273,264,267,280,jke,hkw,xwt,etj,yfh
1140107,271,264,277,273,268,zrs,xwt,fsj,hkw,jke
1140108,267,278,274,272,275,etj,poz,nbf,anv,eyu
1140109,273,267,261,275,277,hkw,etj,cuw,eyu,fsj
1140110,270,261,274,275,273,tnk,cuw,nbf,eyu,hkw
1140111,278,263,274,268,261,poz,fda,nbf,jke,cuw
1140112,269,277,267,270,266,hfo,fsj,etj,tnk,ohl
1140113,272,264,277,276,268,anv,xwt,fsj,ypd,jke
1140114,276,280,265,273,277,ypd,yfh,ylf,hkw,fsj
1140115,275,273,274,270,269,eyu,hkw,nbf,tnk,hfo
1140116,279,278,271,280,261,btp,poz,zrs,yfh,cuw
1140117,261,265,273,268,267,cuw,ylf,hkw,jke,etj
1140118,270,278,269,276,280,tnk,poz,hfo,ypd,yfh
1140119,275,264,272,271,263,eyu,xwt,anv,zrs,fda
1140120,272,277,270,266,271,anv,fsj,tnk,ohl,zrs
1140121,278,265,261,270,266,poz,ylf,cuw,tnk,ohl
1140122,268,262,278,279,274,jke,wah,poz,btp,nbf
1140123,278,270,266,273,269,poz,tnk,ohl,hkw,hfo
1140124,268,273,272,269,264,jke,hkw,anv,hfo,xwt
1140125,278,262,275,261,273,poz,wah,eyu,cuw,hkw
1140126,269,263,268,277,265,hfo,fda,jke,fsj,ylf
1140127,272,266,279,269,275,anv,ohl,btp,hfo,eyu
1140128,276,274,272,268,267,ypd,nbf,anv,jke,etj
1140129,280,263,262,270,261,yfh,fda,wah,tnk,cuw
1140130,280,270,269,277,279,yfh,tnk,hfo,fsj,btp
1140131,275,270,269,274,273,eyu,tnk,hfo,nbf,hkw
1140132,267,270,262,269,265,etj,tnk,wah,hfo,ylf
1140133,270,269,277,263,273,tnk,hfo,fsj,fda,hkw
1140134,267,264,262,276,274,etj,xwt,wah,ypd,nbf
1140135,276,263,271,277,272,ypd,fda,zrs,fsj,anv
1140136,267,268,280,271,265,etj,jke,yfh,zrs,ylf
1140137,270,274,261,279,264,tnk,nbf,cuw,btp,xwt
1140138,274,269,261,273,270,nbf,hfo,cuw,hkw,tnk
1140139,272,268,277,265,273,anv,jke,fsj,ylf,hkw
1140140,261,264,269,276,266,cuw,xwt,hfo,ypd,ohl
1140141,272,276,267,275,278,anv,ypd,etj,eyu,poz
1140142,278,266,276,279,271,poz,ohl,ypd,btp,zrs
1140143,280,264,263,277,262,yfh,xwt,fda,fsj,wah
1140144,277,267,261,270,271,fsj,etj,cuw,tnk,zrs
1140145,270,275,268,261,264,tnk,eyu,jke,cuw,xwt
1140146,272,269,270,274,264,anv,hfo,tnk,nbf,xwt
1140147,274,269,276,279,273,nbf,hfo,ypd,btp,hkw
1140148,262,274,270,269,263,wah,nbf,tnk,hfo,fda
1140149,277,262,269,271,265,fsj,wah,hfo,zrs,ylf
1140150,276,269,274,275,268,ypd,hfo,nbf,eyu,jke
1140151,265,261,278,267,279,ylf,cuw,poz,etj,btp
1140152,267,262,270,269,271,etj,wah,tnk,hfo,zrs
1140153,267,264,263,277,280,etj,xwt,fda,fsj,yfh
1140154,272,264,269,277,276,anv,xwt,hfo,fsj,ypd
1140155,262,271,265,274,272,wah,zrs,ylf,nbf,anv
1140156,261,264,271,276,263,cuw,xwt,zrs,ypd,fda
1140157,272,268,267,276,277,anv,jke,etj,ypd,fsj
1140158,266,270,263,272,274,ohl,tnk,fda,anv,nbf
1140159,272,270,274,266,262,anv,tnk,nbf,ohl,wah
1140160,274,273,268,267,277,nbf,hkw,jke,etj,fsj
1140161,277,267,271,272,265,fsj,etj,zrs,anv,ylf
1140162,278,269,267,274,276,poz,hfo,etj,nbf,ypd
1140163,261,274,265,266,264,cuw,nbf,ylf,ohl,xwt
1140164,265,280,268,264,269,ylf,yfh,jke,xwt,hfo
1140165,275,269,272,271,261,eyu,hfo,anv,zrs,cuw
1140166,266,280,278,263,274,ohl,yfh,poz,fda,nbf
1140167,266,278,270,279,269,ohl,poz,tnk,btp,hfo
1140168,279,278,277,267,273,btp,poz,fsj,etj,hkw
1140169,276,280,278,270,271,ypd,yfh,poz,tnk,zrs
1140170,279,264,276,280,275,btp,xwt,ypd,yfh,eyu
1140171,270,277,275,264,276,tnk,fsj,eyu,xwt,ypd
1140172,273,266,272,275,276,hkw,ohl,anv,eyu,ypd
1140173,268,272,275,273,271,jke,anv,eyu,hkw,zrs
1140174,280,274,269,279,267,yfh,nbf,hfo,btp,etj
1140175,274,276,278,263,267,nbf,ypd,poz,fda,etj
1140176,274,266,261,264,271,nbf,ohl,cuw,xwt,zrs
1140177,270,271,268,276,267,tnk,zrs,jke,ypd,etj
1140178,267,276,264,278,274,etj,ypd,xwt,poz,nbf
1140179,280,279,278,264,262,yfh,btp,poz,xwt,wah
1140180,261,276,277,262,270,cuw,ypd,fsj,wah,tnk
1140181,261,274,270,269,278,cuw,nbf,tnk,hfo,poz
1140182,267,269,272,263,270,etj,hfo,anv,fda,tnk
1140183,273,269,278,277,272,hkw,hfo,poz,fsj,anv
1140184,270,279,273,269,272,tnk,btp,hkw,hfo,anv
1140185,263,274,271,272,275,fda,nbf,zrs,anv,eyu
1140186,270,264,274,266,272,tnk,xwt,nbf,ohl,anv
1140187,272,271,274,266,275,anv,zrs,nbf,ohl,eyu
1140188,277,267,272,278,269,fsj,etj,anv,poz,hfo
1140189,263,268,269,265,271,fda,jke,hfo,ylf,zrs
1140190,272,269,273,267,265,anv,hfo,hkw,etj,ylf
1140191,269,272,264,270,279,hfo,anv,xwt,tnk,btp
1140192,276,279,280,277,268,ypd,btp,yfh,fsj,jke
1140193,267,265,269,277,271,etj,ylf,hfo,fsj,zrs
1140194,279,275,270,264,263,btp,eyu,tnk,xwt,fda
1140195,263,266,267,261,278,fda,ohl,etj,cuw,poz
1140196,269,272,274,279,278,hfo,anv,nbf,btp,poz
1140197,272,262,273,263,269,anv,wah,hkw,fda,hfo
1140198,280,266,265,263,268,yfh,ohl,ylf,fda,jke
1140199,266,278,273,274,277,ohl,poz,hkw,nbf,fsj
1140200,273,274,267,278,275,hkw,nbf,etj,poz,eyu
1140201,280,275,268,279,266,yfh,eyu,jke,btp,ohl
1140202,277,262,267,265,261,fsj,wah,etj,ylf,cuw
1140203,277,264,273,266,268,fsj,xwt,hkw,ohl,jke
1140204,262,271,279,269,266,wah,zrs,btp,hfo,ohl
1140205,268,263,266,265,276,jke,fda,ohl,ylf,ypd
1140206,268,264,270,280,269,jke,xwt,tnk,yfh,hfo
1140207,271,277,270,274,280,zrs,fsj,tnk,nbf,yfh
1140208,276,280,273,277,269,ypd,yfh,hkw,fsj,hfo
1140209,277,272,265,261,274,fsj,anv,ylf,cuw,nbf
1140210,278,262,276,275,269,poz,wah,ypd,eyu,hfo
1140211,278,261,270,264,271,poz,cuw,tnk,xwt,zrs
1140212,274,275,270,279,266,nbf,eyu,tnk,btp,ohl
1140213,262,273,268,276,267,wah,hkw,jke,ypd,etj
1140214,273,280,263,271,261,hkw,yfh,fda,zrs,cuw
1140215,274,272,275,279,265,nbf,anv,eyu,btp,ylf
1140216,261,262,265,271,267,cuw,wah,ylf,zrs,etj
1140217,266,277,263,264,265,ohl,fsj,fda,xwt,ylf
1140218,274,276,278,273,261,nbf,ypd,poz,hkw,cuw
1140219,278,272,279,265,269,poz,anv,btp,ylf,hfo
1140220,270,261,262,269,266,tnk,cuw,wah,hfo,ohl
1140221,268,265,267,262,273,jke,ylf,etj,wah,hkw
1140222,278,275,273,263,265,poz,eyu,hkw,fda,ylf
1140223,278,267,277,279,261,poz,etj,fsj,btp,cuw
1140224,263,270,271,264,275,fda,tnk,zrs,xwt,eyu
1140225,265,261,272,277,268,ylf,cuw,anv,fsj,jke
1140226,262,271,277,280,269,wah,zrs,fsj,yfh,hfo
1140227,264,275,276,274,269,xwt,eyu,ypd,nbf,hfo
1140228,279,280,269,272,270,btp,yfh,hfo,anv,tnk
1140229,265,264,276,273,272,ylf,xwt,ypd,hkw,anv
1140230,280,268,279,272,267,yfh,jke,btp,anv,etj
1140231,270,263,276,262,266,tnk,fda,ypd,wah,ohl
1140232,275,262,274,273,271,eyu,wah,nbf,hkw,zrs
1140233,273,272,274,280,276,hkw,anv,nbf,yfh,ypd
1140234,280,278,264,273,263,yfh,poz,xwt,hkw,fda
1140235,269,277,275,264,280,hfo,fsj,eyu,xwt,yfh
1140236,278,273,272,277,275,poz,hkw,anv,fsj,eyu
1140237,266,279,278,264,261,ohl,btp,poz,xwt,cuw
1140238,270,280,265,276,268,tnk,yfh,ylf,ypd,jke
1140239,272,263,268,262,265,anv,fda,jke,wah,ylf
1140240,280,269,268,266,265,yfh,hfo,jke,ohl,ylf
1140241,264,267,261,274,269,xwt,etj,cuw,nbf,hfo
1140242,272,261,270,268,278,anv,cuw,tnk,jke,poz
1140243,274,266,270,278,261,nbf,ohl,tnk,poz,cuw
1140244,277,275,268,267,273,fsj,eyu,jke,etj,hkw
1140245,277,269,280,271,261,fsj,hfo,yfh,zrs,cuw
1140246,275,273,267,271,277,eyu,hkw,etj,zrs,fsj
1140247,264,271,273,272,274,xwt,zrs,hkw,anv,nbf
1140248,274,270,271,263,267,nbf,tnk,zrs,fda,etj
1140249,264,262,276,263,272,xwt,wah,ypd,fda,anv
1140250,268,264,266,280,279,jke,xwt,ohl,yfh,btp
1140251,267,271,278,268,280,etj,zrs,poz,jke,yfh
1140252,262,269,278,275,261,wah,hfo,poz,eyu,cuw
1140253,275,264,273,272,278,eyu,xwt,hkw,anv,poz
1140254,266,278,268,265,261,ohl,poz,jke,ylf,cuw
1140255,279,261,280,263,273,btp,cuw,yfh,fda,hkw
1140256,266,268,273,275,264,ohl,jke,hkw,eyu,xwt
1140257,279,263,264,266,277,btp,fda,xwt,ohl,fsj
1140258,274,262,279,265,276,nbf,wah,btp,ylf,ypd
1140259,270,279,266,267,269,tnk,btp,ohl,etj,hfo
1140260,271,268,272,266,265,zrs,jke,anv,ohl,ylf
1140261,265,276,272,264,270,ylf,ypd,anv,xwt,tnk
1140262,272,270,280,262,277,anv,tnk,yfh,wah,fsj
1140263,270,261,265,277,264,tnk,cuw,ylf,fsj,xwt
1140264,262,279,276,273,280,wah,btp,ypd,hkw,yfh
1140265,277,270,261,271,264,fsj,tnk,cuw,zrs,xwt
1140266,268,279,273,274,265,jke,btp,hkw,nbf,ylf
1140267,278,268,269,265,263,poz,jke,hfo,ylf,fda
1140268,272,274,261,279,266,anv,nbf,cuw,btp,ohl
1140269,262,278,276,268,272,wah,poz,ypd,jke,anv
1140270,269,270,271,277,262,hfo,tnk,zrs,fsj,wah
1140271,280,273,265,269,277,yfh,hkw,ylf,hfo,fsj
1140272,263,273,279,266,275,fda,hkw,btp,ohl,eyu
1140273,262,273,264,261,277,wah,hkw,xwt,cuw,fsj
1140274,277,276,263,269,279,fsj,ypd,fda,hfo,btp
1140275,262,265,270,269,274,wah,ylf,tnk,hfo,nbf
1140276,278,263,273,266,265,poz,fda,hkw,ohl,ylf
1140277,265,274,267,268,277,ylf,nbf,etj,jke,fsj
1140278,274,266,277,271,268,nbf,ohl,fsj,zrs,jke
1140279,261,277,273,264,274,cuw,fsj,hkw,xwt,nbf
1140280,276,263,273,269,272,ypd,fda,hkw,hfo,anv
1140281,273,275,269,279,264,hkw,eyu,hfo,btp,xwt
1140282,269,261,273,266,277,hfo,cuw,hkw,ohl,fsj
1140283,266,276,261,273,278,ohl,ypd,cuw,hkw,poz
1140284,278,275,276,264,270,poz,eyu,ypd,xwt,tnk
1140285,263,271,268,277,280,fda,zrs,jke,fsj,yfh
1140286,262,275,263,266,277,wah,eyu,fda,ohl,fsj
1140287,268,273,270,276,280,jke,hkw,tnk,ypd,yfh
1140288,266,278,275,280,270,ohl,poz,eyu,yfh,tnk
1140289,272,265,270,261,273,anv,ylf,tnk,cuw,hkw
1140290,271,263,279,274,264,zrs,fda,btp,nbf,xwt
1140291,271,264,262,269,278,zrs,xwt,wah,hfo,poz
1140292,280,270,265,262,269,yfh,tnk,ylf,wah,hfo
1140293,265,280,272,261,264,ylf,yfh,anv,cuw,xwt
1140294,263,261,277,268,274,fda,cuw,fsj,jke,nbf
1140295,267,262,280,266,268,etj,wah,yfh,ohl,jke
1140296,264,275,278,273,276,xwt,eyu,poz,hkw,ypd
1140297,279,273,277,276,265,btp,hkw,fsj,ypd,ylf
1140298,272,280,279,269,277,anv,yfh,btp,hfo,fsj
1140299,262,265,271,270,269,wah,ylf,zrs,tnk,hfo
1140300,274,273,279,266,268,nbf,hkw,btp,ohl,jke
1140301,273,275,276,271,272,hkw,eyu,ypd,zrs,anv
1140302,268,270,273,274,271,jke,tnk,hkw,nbf,zrs
1140303,280,262,274,278,261,yfh,wah,nbf,poz,cuw
1140304,264,268,263,270,269,xwt,jke,fda,tnk,hfo
1140305,270,268,271,266,275,tnk,jke,zrs,ohl,eyu
1140306,274,262,266,267,265,nbf,wah,ohl,etj,ylf
1140307,274,261,273,272,263,nbf,cuw,hkw,anv,fda
1140308,277,268,271,273,278,fsj,jke,zrs,hkw,poz
1140309,271,261,274,272,277,zrs,cuw,nbf,anv,fsj
1140310,277,273,272,263,262,fsj,hkw,anv,fda,wah
1140311,276,269,263,266,279,ypd,hfo,fda,ohl,btp
1140312,272,276,275,268,279,anv,ypd,eyu,jke,btp
1140313,278,263,274,276,271,poz,fda,nbf,ypd,zrs
1140314,280,264,274,272,265,yfh,xwt,nbf,anv,ylf
1140315,262,267,263,277,278,wah,etj,fda,fsj,poz
1140316,271,274,265,280,263,zrs,nbf,ylf,yfh,fda
1140317,264,279,262,275,270,xwt,btp,wah,eyu,tnk
1140318,276,277,265,268,269,ypd,fsj,ylf,jke,hfo
1140319,265,279,270,274,261,ylf,btp,tnk,nbf,cuw
1140320,265,275,263,268,267,ylf,eyu,fda,jke,etj
1140321,265,270,268,269,279,ylf,tnk,jke,hfo,btp
1140322,272,261,265,280,262,anv,cuw,ylf,yfh,wah
1140323,264,270,280,266,271,xwt,tnk,yfh,ohl,zrs
1140324,270,274,267,273,278,tnk,nbf,etj,hkw,poz
1140325,264,270,271,273,276,xwt,tnk,zrs,hkw,ypd
1140326,279,273,265,267,268,btp,hkw,ylf,etj,jke
1140327,279,269,280,261,270,btp,hfo,yfh,cuw,tnk
1140328,264,263,272,261,279,xwt,fda,anv,cuw,btp
1140329,278,279,276,264,280,poz,btp,ypd,xwt,yfh
1140330,264,270,265,273,271,xwt,tnk,ylf,hkw,zrs
1140331,280,261,265,262,264,yfh,cuw,ylf,wah,xwt
1140332,280,271,279,275,276,yfh,zrs,btp,eyu,ypd
1140333,266,264,274,270,276,ohl,xwt,nbf,tnk,ypd
1140334,273,267,276,271,272,hkw,etj,ypd,zrs,anv
1140335,274,265,276,269,262,nbf,ylf,ypd,hfo,wah
1140336,264,279,262,265,271,xwt,btp,wah,ylf,zrs
1140337,263,275,261,268,273,fda,eyu,cuw,jke,hkw
1140338,261,274,265,280,266,cuw,nbf,ylf,yfh,ohl
1140339,269,264,275,280,266,hfo,xwt,eyu,yfh,ohl
1140340,264,272,278,263,276,xwt,anv,poz,fda,ypd
1140341,270,272,278,263,261,tnk,anv,poz,fda,cuw
1140342,280,264,268,277,273,yfh,xwt,jke,fsj,hkw
1140343,270,267,280,277,268,tnk,etj,yfh,fsj,jke
1140344,270,280,273,274,279,tnk,yfh,hkw,nbf,btp
1140345,276,267,265,278,262,ypd,etj,ylf,poz,wah
1140346,272,268,274,271,269,anv,jke,nbf,zrs,hfo
1140347,276,271,265,264,278,ypd,zrs,ylf,xwt,poz
1140348,276,268,262,263,264,ypd,jke,wah,fda,xwt
1140349,280,279,273,271,276,yfh,btp,hkw,zrs,ypd
1140350,265,263,273,268,270,ylf,fda,hkw,jke,tnk
1140351,280,269,270,267,271,yfh,hfo,tnk,etj,zrs
1140352,275,270,267,269,264,eyu,tnk,etj,hfo,xwt
1140353,274,280,268,266,276,nbf,yfh,jke,ohl,ypd
1140354,279,275,270,273,262,btp,eyu,tnk,hkw,wah
1140355,261,270,268,273,279,cuw,tnk,jke,hkw,btp
1140356,276,267,268,266,280,ypd,etj,jke,ohl,yfh
1140357,279,265,276,266,261,btp,ylf,ypd,ohl,cuw
1140358,268,275,265,273,269,jke,eyu,ylf,hkw,hfo
1140359,277,272,262,279,278,fsj,anv,wah,btp,poz
1140360,271,272,264,268,280,zrs,anv,xwt,jke,yfh
1140361,265,277,262,276,275,ylf,fsj,wah,ypd,eyu
1140362,278,266,279,274,271,poz,ohl,btp,nbf,zrs
1140363,274,277,267,266,273,nbf,fsj,etj,ohl,hkw
1140364,267,276,274,262,261,etj,ypd,nbf,wah,cuw
1140365,265,263,270,268,272,ylf,fda,tnk,jke,anv
1140366,275,274,273,269,267,eyu,nbf,hkw,hfo,etj
1140367,275,269,274,265,278,eyu,hfo,nbf,ylf,poz
1140368,279,271,273,264,280,btp,zrs,hkw,xwt,yfh
1140369,269,278,263,267,264,hfo,poz,fda,etj,xwt
1140370,262,276,279,261,274,wah,ypd,btp,cuw,nbf
1140371,262,277,280,269,270,wah,fsj,yfh,hfo,tnk
1140372,262,272,271,275,277,wah,anv,zrs,eyu,fsj
1140373,261,279,264,262,272,cuw,btp,xwt,wah,anv
1140374,275,265,270,273,277,eyu,ylf,tnk,hkw,fsj
1140375,277,269,262,268,265,fsj,hfo,wah,jke,ylf
1140376,271,278,266,267,261,zrs,poz,ohl,etj,cuw
1140377,273,280,270,266,268,hkw,yfh,tnk,ohl,jke
1140378,270,273,263,264,276,tnk,hkw,fda,xwt,ypd
1140379,270,277,267,278,276,tnk,fsj,etj,poz,ypd
1140380,271,275,265,266,267,zrs,eyu,ylf,ohl,etj
1140381,271,263,277,269,278,zrs,fda,fsj,hfo,poz
1140382,262,273,263,272,279,wah,hkw,fda,anv,btp
1140383,272,267,280,273,264,anv,etj,yfh,hkw,xwt
1140384,264,262,266,271,269,xwt,wah,ohl,zrs,hfo
1140385,267,271,266,279,276,etj,zrs,ohl,btp,ypd
1140386,267,277,268,279,278,etj,fsj,jke,btp,poz
1140387,280,270,275,264,269,yfh,tnk,eyu,xwt,hfo
1140388,269,264,274,279,270,hfo,xwt,nbf,btp,tnk
1140389,280,271,262,272,277,yfh,zrs,wah,anv,fsj
1140390,276,271,278,265,267,ypd,zrs,poz,ylf,etj
1140391,264,266,276,262,267,xwt,ohl,ypd,wah,etj
1140392,262,264,274,267,277,wah,xwt,nbf,etj,fsj
1140393,275,269,273,271,278,eyu,hfo,hkw,zrs,poz
1140394,263,262,274,276,267,fda,wah,nbf,ypd,etj
1140395,275,273,268,279,271,eyu,hkw,jke,btp,zrs
1140396,277,268,265,272,261,fsj,jke,ylf,anv,cuw
1140397,276,265,268,271,275,ypd,ylf,jke,zrs,eyu
1140398,277,278,265,261,263,fsj,poz,ylf,cuw,fda
1140399,263,277,266,271,264,fda,fsj,ohl,zrs,xwt
1140400,266,277,269,276,267,ohl,fsj,hfo,ypd,etj
1140401,262,274,270,279,277,wah,nbf,tnk,btp,fsj
1140402,275,278,265,262,273,eyu,poz,ylf,wah,hkw
1140403,279,268,263,271,265,btp,jke,fda,zrs,ylf
1140404,269,270,277,271,273,hfo,tnk,fsj,zrs,hkw
1140405,276,263,262,272,267,ypd,fda,wah,anv,etj
1140406,273,277,278,279,275,hkw,fsj,poz,btp,eyu
1140407,268,264,267,262,276,jke,xwt,etj,wah,ypd
1140408,263,267,278,270,273,fda,etj,poz,tnk,hkw
1140409,261,265,273,279,263,cuw,ylf,hkw,btp,fda
1140410,267,268,263,278,271,etj,jke,fda,poz,zrs
1140411,266,271,263,272,262,ohl,zrs,fda,anv,wah
1140412,272,277,265,261,270,anv,fsj,ylf,cuw,tnk
1140413,277,268,278,271,280,fsj,jke,poz,zrs,yfh
1140414,265,276,270,261,275,ylf,ypd,tnk,cuw,eyu
1140415,261,273,270,268,266,cuw,hkw,tnk,jke,ohl
1140416,274,266,267,275,265,nbf,ohl,etj,eyu,ylf
1140417,268,264,276,263,262,jke,xwt,ypd,fda,wah
1140418,264,280,266,273,262,xwt,yfh,ohl,hkw,wah
1140419,280,263,272,277,276,yfh,fda,anv,fsj,ypd
1140420,280,278,269,277,261,yfh,poz,hfo,fsj,cuw
1140421,278,271,279,276,261,poz,zrs,btp,ypd,cuw
1140422,269,265,268,270,271,hfo,ylf,jke,tnk,zrs
1140423,272,271,263,261,265,anv,zrs,fda,cuw,ylf
1140424,280,268,278,261,265,yfh,jke,poz,cuw,ylf
1140425,273,261,266,280,277,hkw,cuw,ohl,yfh,fsj
1140426,268,272,270,276,266,jke,anv,tnk,ypd,ohl
1140427,269,274,264,278,276,hfo,nbf,xwt,poz,ypd
1140428,277,271,276,268,265,fsj,zrs,ypd,jke,ylf
1140429,265,264,276,267,274,ylf,xwt,ypd,etj,nbf
1140430,277,264,269,270,275,fsj,xwt,hfo,tnk,eyu
1140431,274,265,266,273,269,nbf,ylf,ohl,hkw,hfo
1140432,271,277,278,265,273,zrs,fsj,poz,ylf,hkw
1140433,276,262,261,270,280,ypd,wah,cuw,tnk,yfh
1140434,271,270,273,264,266,zrs,tnk,hkw,xwt,ohl
1140435,263,264,280,278,275,fda,xwt,yfh,poz,eyu
1140436,264,279,267,262,275,xwt,btp,etj,wah,eyu
1140437,280,268,262,265,261,yfh,jke,wah,ylf,cuw
1140438,269,265,276,277,261,hfo,ylf,ypd,fsj,cuw
1140439,273,266,262,278,261,hkw,ohl,wah,poz,cuw
1140440,261,280,263,272,262,cuw,yfh,fda,anv,wah
1140441,263,267,271,273,280,fda,etj,zrs,hkw,yfh
1140442,265,264,270,275,278,ylf,xwt,tnk,eyu,poz
1140443,271,263,267,262,265,zrs,fda,etj,wah,ylf
1140444,268,264,279,266,261,jke,xwt,btp,ohl,cuw
1140445,271,265,278,277,276,zrs,ylf,poz,fsj,ypd
1140446,280,272,274,261,262,yfh,anv,nbf,cuw,wah
1140447,275,278,267,265,263,eyu,poz,etj,ylf,fda
1140448,278,279,272,277,264,poz,btp,anv,fsj,xwt
1140449,264,276,271,273,278,xwt,ypd,zrs,hkw,poz
1140450,261,279,276,262,277,cuw,btp,ypd,wah,fsj
1140451,271,274,261,263,276,zrs,nbf,cuw,fda,ypd
1140452,275,268,274,271,278,eyu,jke,nbf,zrs,poz
1140453,272,268,262,265,277,anv,jke,wah,ylf,fsj
1140454,273,270,276,277,269,hkw,tnk,ypd,fsj,hfo
1140455,276,268,263,270,262,ypd,jke,fda,tnk,wah
1140456,277,267,272,261,270,fsj,etj,anv,cuw,tnk
1140457,279,264,261,270,268,btp,xwt,cuw,tnk,jke
1140458,280,265,262,279,270,yfh,ylf,wah,btp,tnk
1140459,270,263,261,269,274,tnk,fda,cuw,hfo,nbf
1140460,273,272,262,274,278,hkw,anv,wah,nbf,poz
1140461,280,270,275,279,265,yfh,tnk,eyu,btp,ylf
1140462,265,275,268,274,277,ylf,eyu,jke,nbf,fsj
1140463,280,278,266,277,274,yfh,poz,ohl,fsj,nbf
1140464,269,276,272,262,280,hfo,ypd,anv,wah,yfh
1140465,267,264,274,273,265,etj,xwt,nbf,hkw,ylf
1140466,274,280,271,276,263,nbf,yfh,zrs,ypd,fda
1140467,268,280,265,266,278,jke,yfh,ylf,ohl,poz
1140468,272,265,274,270,273,anv,ylf,nbf,tnk,hkw
1140469,269,268,263,273,280,hfo,jke,fda,hkw,yfh
1140470,272,267,268,277,276,anv,etj,jke,fsj,ypd
1140471,279,262,273,267,264,btp,wah,hkw,etj,xwt
1140472,263,269,275,278,271,fda,hfo,eyu,poz,zrs
1140473,277,268,271,269,274,fsj,jke,zrs,hfo,nbf
1140474,265,280,269,274,273,ylf,yfh,hfo,nbf,hkw
1140475,272,267,278,275,261,anv,etj,poz,eyu,cuw
1140476,277,267,275,263,276,fsj,etj,eyu,fda,ypd
1140477,268,279,264,272,270,jke,btp,xwt,anv,tnk
1140478,275,272,262,279,271,eyu,anv,wah,btp,zrs
1140479,262,271,277,263,265,wah,zrs,fsj,fda,ylf
1140480,280,275,276,263,272,yfh,eyu,ypd,fda,anv
1140481,261,279,274,263,266,cuw,btp,nbf,fda,ohl
1140482,269,271,265,276,280,hfo,zrs,ylf,ypd,yfh
1140483,278,271,274,273,264,poz,zrs,nbf,hkw,xwt
1140484,280,270,276,263,273,yfh,tnk,ypd,fda,hkw
1140485,269,270,263,268,276,hfo,tnk,fda,jke,ypd
1140486,263,271,269,276,266,fda,zrs,hfo,ypd,ohl
1140487,277,262,261,278,263,fsj,wah,cuw,poz,fda
1140488,267,264,263,279,278,etj,xwt,fda,btp,poz
1140489,272,265,274,279,266,anv,ylf,nbf,btp,ohl
1140490,267,274,265,273,277,etj,nbf,ylf,hkw,fsj
1140491,264,265,266,280,276,xwt,ylf,ohl,yfh,ypd
1140492,268,273,263,269,262,jke,hkw,fda,hfo,wah
1140493,277,268,273,274,267,fsj,jke,hkw,nbf,etj
1140494,261,262,278,272,274,cuw,wah,poz,anv,nbf
1140495,280,268,275,270,273,yfh,jke,eyu,tnk,hkw
1140496,274,272,269,280,262,nbf,anv,hfo,yfh,wah
1140497,263,274,265,278,272,fda,nbf,ylf,poz,anv
1140498,273,261,271,280,274,hkw,cuw,zrs,yfh,nbf
1140499,264,271,261,279,265,xwt,zrs,cuw,btp,ylf
1140500,267,278,264,268,276,etj,poz,xwt,jke,ypd
1140501,271,277,266,267,269,zrs,fsj,ohl,etj,hfo
1140502,274,266,269,275,268,nbf,ohl,hfo,eyu,jke
1140503,271,276,267,268,280,zrs,ypd,etj,jke,yfh
1140504,275,278,265,273,277,eyu,poz,ylf,hkw,fsj
1140505,276,264,277,262,266,ypd,xwt,fsj,wah,ohl
1140506,270,272,273,280,277,tnk,anv,hkw,yfh,fsj
1140507,274,272,264,270,268,nbf,anv,xwt,tnk,jke
1140508,275,269,262,280,279,eyu,hfo,wah,yfh,btp
1140509,275,272,269,277,270,eyu,anv,hfo,fsj,tnk
1140510,266,264,262,263,273,ohl,xwt,wah,fda,hkw
1140511,271,262,269,272,263,zrs,wah,hfo,anv,fda
1140512,266,273,274,265,270,ohl,hkw,nbf,ylf,tnk
1140513,275,279,263,272,278,eyu,btp,fda,anv,poz
1140514,268,271,270,267,262,jke,zrs,tnk,etj,wah
1140515,277,278,266,279,263,fsj,poz,ohl,btp,fda
1140516,267,261,264,271,276,etj,cuw,xwt,zrs,ypd
1140517,277,264,270,268,272,fsj,xwt,tnk,jke,anv
1140518,279,276,261,266,273,btp,ypd,cuw,ohl,hkw
1140519,271,264,269,276,272,zrs,xwt,hfo,ypd,anv
1140520,270,267,277,268,279,tnk,etj,fsj,jke,btp
1140521,278,265,275,266,269,poz,ylf,eyu,ohl,hfo
1140522,274,269,266,265,271,nbf,hfo,ohl,ylf,zrs
1140523,274,272,262,271,277,nbf,anv,wah,zrs,fsj
1140524,266,279,265,270,269,ohl,btp,ylf,tnk,hfo
1140525,274,267,262,272,261,nbf,etj,wah,anv,cuw
1140526,272,264,266,267,279,anv,xwt,ohl,etj,btp
1140527,261,273,263,269,270,cuw,hkw,fda,hfo,tnk
1140528,263,276,279,270,271,fda,ypd,btp,tnk,zrs
1140529,268,278,270,263,264,jke,poz,tnk,fda,xwt
1140530,269,271,261,274,280,hfo,zrs,cuw,nbf,yfh
1140531,276,265,263,267,273,ypd,ylf,fda,etj,hkw
1140532,266,264,269,265,273,ohl,xwt,hfo,ylf,hkw
1140533,277,274,278,269,272,fsj,nbf,poz,hfo,anv
1140534,278,267,269,266,274,poz,etj,hfo,ohl,nbf
1140535,265,278,271,276,274,ylf,poz,zrs,ypd,nbf
1140536,277,273,279,267,263,fsj,hkw,btp,etj,fda
1140537,263,266,262,270,264,fda,ohl,wah,tnk,xwt
1140538,272,274,273,263,279,anv,nbf,hkw,fda,btp
1140539,263,265,277,267,276,fda,ylf,fsj,etj,ypd
1140540,278,272,267,279,277,poz,anv,etj,btp,fsj
1140541,273,271,275,269,268,hkw,zrs,eyu,hfo,jke
1140542,263,272,275,277,266,fda,anv,eyu,fsj,ohl
1140543,277,266,270,261,279,fsj,ohl,tnk,cuw,btp
1140544,276,269,264,267,263,ypd,hfo,xwt,etj,fda
1140545,278,265,276,264,272,poz,ylf,ypd,xwt,anv
1140546,261,277,267,279,280,cuw,fsj,etj,btp,yfh
1140547,267,263,266,261,271,etj,fda,ohl,cuw,zrs
1140548,275,261,262,276,266,eyu,cuw,wah,ypd,ohl
1140549,268,262,275,261,273,jke,wah,eyu,cuw,hkw
1140550,280,269,262,273,272,yfh,hfo,wah,hkw,anv
1140551,271,270,272,279,280,zrs,tnk,anv,btp,yfh
1140552,275,266,278,273,269,eyu,ohl,poz,hkw,hfo
1140553,262,270,280,274,269,wah,tnk,yfh,nbf,hfo
1140554,267,278,261,270,279,etj,poz,cuw,tnk,btp
1140555,263,279,266,280,262,fda,btp,ohl,yfh,wah
1140556,279,272,264,263,270,btp,anv,xwt,fda,tnk
1140557,280,264,266,261,279,yfh,xwt,ohl,cuw,btp
1140558,267,262,263,261,275,etj,wah,fda,cuw,eyu
1140559,272,273,267,280,271,anv,hkw,etj,yfh,zrs
1140560,262,280,272,275,278,wah,yfh,anv,eyu,poz
1140561,263,267,280,270,269,fda,etj,yfh,tnk,hfo
1140562,262,266,277,271,263,wah,ohl,fsj,zrs,fda
1140563,271,264,279,278,272,zrs,xwt,btp,poz,anv
1140564,265,269,270,274,280,ylf,hfo,tnk,nbf,yfh
1140565,267,263,273,268,272,etj,fda,hkw,jke,anv
1140566,274,279,276,268,273,nbf,btp,ypd,jke,hkw
1140567,266,261,262,268,267,ohl,cuw,wah,jke,etj
1140568,263,262,264,270,271,fda,wah,xwt,tnk,zrs
1140569,262,269,268,271,274,wah,hfo,jke,zrs,nbf
1140570,273,280,278,271,262,hkw,yfh,poz,zrs,wah
1140571,262,267,270,280,279,wah,etj,tnk,yfh,btp
1140572,266,274,272,264,261,ohl,nbf,anv,xwt,cuw
1140573,274,263,265,271,264,nbf,fda,ylf,zrs,xwt
1140574,270,272,266,268,273,tnk,anv,ohl,jke,hkw
1140575,265,264,262,280,266,ylf,xwt,wah,yfh,ohl
1140576,268,278,280,275,279,jke,poz,yfh,eyu,btp
1140577,280,270,264,269,273,yfh,tnk,xwt,hfo,hkw
1140578,274,277,276,270,269,nbf,fsj,ypd,tnk,hfo
1140579,276,266,279,269,280,ypd,ohl,btp,hfo,yfh
1140580,264,265,274,261,276,xwt,ylf,nbf,cuw,ypd
1140581,266,270,265,275,262,ohl,tnk,ylf,eyu,wah
1140582,266,276,265,275,264,ohl,ypd,ylf,eyu,xwt
1140583,261,263,280,276,278,cuw,fda,yfh,ypd,poz
1140584,275,276,265,263,262,eyu,ypd,ylf,fda,wah
1140585,280,268,267,269,263,yfh,jke,etj,hfo,fda
1140586,272,275,266,261,276,anv,eyu,ohl,cuw,ypd
1140587,269,267,263,277,264,hfo,etj,fda,fsj,xwt
1140588,277,272,274,266,270,fsj,anv,nbf,ohl,tnk
1140589,279,261,265,270,274,btp,cuw,ylf,tnk,nbf
1140590,277,265,276,264,267,fsj,ylf,ypd,xwt,etj
1140591,270,261,276,267,277,tnk,cuw,ypd,etj,fsj
1140592,275,269,280,278,265,eyu,hfo,yfh,poz,ylf
1140593,266,265,277,268,262,ohl,ylf,fsj,jke,wah
1140594,272,279,266,277,274,anv,btp,ohl,fsj,nbf
1140595,268,279,274,269,271,jke,btp,nbf,hfo,zrs
1140596,275,266,261,269,276,eyu,ohl,cuw,hfo,ypd
1140597,274,263,270,267,268,nbf,fda,tnk,etj,jke
1140598,269,265,267,272,274,hfo,ylf,etj,anv,nbf
1140599,277,263,273,272,268,fsj,fda,hkw,anv,jke
1140600,275,276,264,278,261,eyu,ypd,xwt,poz,cuw
1150001,286,289,288,299,293,wyz,qia,ing,oqp,zfc
1150002,296,290,293,281,292,dci,unp,zfc,pbs,fpu
1150003,288,287,290,293,281,ing,xng,unp,zfc,pbs
1150004,290,292,291,287,289,unp,fpu,rjp,xng,qia
1150005,283,287,297,291,296,xmj,xng,mtx,rjp,dci
1150006,286,289,288,281,293,wyz,qia,ing,pbs,zfc
1150007,299,288,298,285,292,oqp,ing,raw,crx,fpu
1150008,296,293,282,283,286,dci,zfc,fov,xmj,wyz
1150009,290,287,281,286,282,unp,xng,pbs,wyz,fov
1150010,287,282,299,288,284,xng,fov,oqp,ing,fob
1150011,290,287,299,285,289,unp,xng,oqp,crx,qia
1150012,295,283,287,285,289,pki,xmj,xng,crx,qia
1150013,300,285,287,286,298,smy,crx,xng,wyz,raw
1150014,286,295,291,287,289,wyz,pki,rjp,xng,qia
1150015,300,290,299,289,294,smy,unp,oqp,qia,loz
1150016,295,298,297,284,282,pki,raw,mtx,fob,fov
1150017,292,293,289,290,295,fpu,zfc,qia,unp,pki
1150018,284,299,295,294,297,fob,oqp,pki,loz,mtx
1150019,291,299,287,283,288,rjp,oqp,xng,xmj,ing
1150020,296,291,297,289,285,dci,rjp,mtx,qia,crx
1150021,284,286,295,282,299,fob,wyz,pki,fov,oqp
1150022,285,300,283,293,290,crx,smy,xmj,zfc,unp
1150023,294,292,286,283,297,loz,fpu,wyz,xmj,mtx
1150024,299,293,288,289,281,oqp,zfc,ing,qia,pbs
1150025,290,300,297,296,282,unp,smy,mtx,dci,fov
1150026,282,288,298,285,297,fov,ing,raw,crx,mtx
1150027,283,296,293,287,290,xmj,dci,zfc,xng,unp
1150028,284,294,291,292,286,fob,loz,rjp,fpu,wyz
1150029,300,282,284,290,294,smy,fov,fob,unp,loz
1150030,291,281,287,293,294,rjp,pbs,xng,zfc,loz
1150031,300,292,282,288,285,smy,fpu,fov,ing,crx
1150032,300,291,295,288,284,smy,rjp,pki,ing,fob
1150033,281,287,291,293,286,pbs,xng,rjp,zfc,wyz
1150034,291,294,287,292,295,rjp,loz,xng,fpu,pki
1150035,296,289,284,300,299,dci,qia,fob,smy,oqp
1150036,281,292,293,291,299,pbs,fpu,zfc,rjp,oqp
1150037,300,290,292,287,284,smy,unp,fpu,xng,fob
1150038,288,282,293,287,299,ing,fov,zfc,xng,oqp
1150039,291,287,282,298,281,rjp,xng,fov,raw,pbs
1150040,286,289,281,284,294,wyz,qia,pbs,fob,loz
1150041,282,295,298,288,281,fov,pki,raw,ing,pbs
1150042,287,281,290,283,291,xng,pbs,unp,xmj,rjp
1150043,300,286,298,285,296,smy,wyz,raw,crx,dci
1150044,297,299,289,284,296,mtx,oqp,qia,fob,dci
1150045,295,290,293,281,297,pki,unp,zfc,pbs,mtx
1150046,281,298,300,294,289,pbs,raw,smy,loz,qia
1150047,300,282,289,296,288,smy,fov,qia,dci,ing
1150048,282,283,300,285,299,fov,xmj,smy,crx,oqp
1150049,294,292,282,286,284,loz,fpu,fov,wyz,fob
1150050,285,289,291,284,296,crx,qia,rjp,fob,dci
1150051,300,293,285,288,290,smy,zfc,crx,ing,unp
1150052,297,286,292,281,300,mtx,wyz,fpu,pbs,smy
1150053,292,285,283,289,295,fpu,crx,xmj,qia,pki
1150054,287,298,297,288,281,xng,raw,mtx,ing,pbs
1150055,299,291,293,289,295,oqp,rjp,zfc,qia,pki
1150056,285,294,298,290,287,crx,loz,raw,unp,xng
1150057,289,288,286,298,291,qia,ing,wyz,raw,rjp
1150058,299,288,298,292,281,oqp,ing,raw,fpu,pbs
1150059,299,281,285,282,290,oqp,pbs,crx,fov,unp
1150060,293,299,292,286,282,zfc,oqp,fpu,wyz,fov
1150061,282,286,299,289,283,fov,wyz,oqp,qia,xmj
1150062,294,296,300,281,297,loz,dci,smy,pbs,mtx
1150063,291,294,293,300,282,rjp,loz,zfc,smy,fov
1150064,285,300,298,288,289,crx,smy,raw,ing,qia
1150065,297,281,296,286,290,mtx,pbs,dci,wyz,unp
1150066,291,282,286,300,296,rjp,fov,wyz,smy,dci
1150067,294,293,286,292,281,loz,zfc,wyz,fpu,pbs
1150068,294,285,287,290,283,loz,crx,xng,unp,xmj
1150069,288,284,296,281,291,ing,fob,dci,pbs,rjp
1150070,281,295,285,291,294,pbs,pki,crx,rjp,loz
1150071,296,283,291,292,299,dci,xmj,rjp,fpu,oqp
1150072,288,300,287,295,293,ing,smy,xng,pki,zfc
1150073,294,287,293,299,289,loz,xng,zfc,oqp,qia
1150074,299,295,296,282,293,oqp,pki,dci,fov,zfc
1150075,300,290,299,294,292,smy,unp,oqp,loz,fpu
1150076,294,297,296,298,286,loz,mtx,dci,raw,wyz
1150077,299,291,297,282,294,oqp,rjp,mtx,fov,loz
1150078,289,294,297,286,296,qia,loz,mtx,wyz,dci
1150079,289,297,286,282,285,qia,mtx,wyz,fov,crx
1150080,285,282,287,298,300,crx,fov,xng,raw,smy
1150081,283,299,282,288,292,xmj,oqp,fov,ing,fpu
1150082,290,300,293,287,285,unp,smy,zfc,xng,crx
1150083,284,292,289,287,299,fob,fpu,qia,xng,oqp
1150084,298,282,281,297,287,raw,fov,pbs,mtx,xng
1150085,299,285,295,298,288,oqp,crx,pki,raw,ing
1150086,287,282,285,289,300,xng,fov,crx,qia,smy
1150087,291,297,300,293,282,rjp,mtx,smy,zfc,fov
1150088,282,286,298,293,283,fov,wyz,raw,zfc,xmj
1150089,289,299,283,287,284,qia,oqp,xmj,xng,fob
1150090,294,296,284,281,282,loz,dci,fob,pbs,fov
1150091,298,295,293,294,291,raw,pki,zfc,loz,rjp
1150092,299,293,284,298,283,oqp,zfc,fob,raw,xmj
1150093,283,294,286,284,281,xmj,loz,wyz,fob,pbs
1150094,294,284,297,291,282,loz,fob,mtx,rjp,fov
1150095,287,284,283,292,291,xng,fob,xmj,fpu,rjp
1150096,295,281,296,291,283,pki,pbs,dci,rjp,xmj
1150097,286,283,288,297,289,wyz,xmj,ing,mtx,qia
1150098,295,283,287,284,293,pki,xmj,xng,fob,zfc
1150099,296,298,285,295,297,dci,raw,crx,pki,mtx
1150100,297,293,289,281,285,mtx,zfc,qia,pbs,crx
1150101,281,294,283,287,300,pbs,loz,xmj,xng,smy
1150102,296,300,281,282,286,dci,smy,pbs,fov,wyz
1150103,287,295,285,298,292,xng,pki,crx,raw,fpu
1150104,289,287,281,285,286,qia,xng,pbs,crx,wyz
1150105,290,300,283,291,287,unp,smy,xmj,rjp,xng
1150106,288,293,284,287,300,ing,zfc,fob,xng,smy
1150107,291,284,297,293,288,rjp,fob,mtx,zfc,ing
1150108,287,298,294,292,295,xng,raw,loz,fpu,pki
1150109,293,287,281,295,297,zfc,xng,pbs,pki,mtx
1150110,290,281,294,295,293,unp,pbs,loz,pki,zfc
1150111,298,283,294,288,281,raw,xmj,loz,ing,pbs
1150112,289,297,287,290,286,qia,mtx,xng,unp,wyz
1150113,292,284,297,296,288,fpu,fob,mtx,dci,ing
1150114,296,300,285,293,297,dci,smy,crx,zfc,mtx
1150115,295,293,294,290,289,pki,zfc,loz,unp,qia
1150116,299,298,291,300,281,oqp,raw,rjp,smy,pbs
1150117,281,285,293,288,287,pbs,crx,zfc,ing,xng
1150118,290,298,289,296,300,unp,raw,qia,dci,smy
1150119,295,284,292,291,283,pki,fob,fpu,rjp,xmj
1150120,292,297,290,286,291,fpu,mtx,unp,wyz,rjp
1150121,298,285,281,290,286,raw,crx,pbs,unp,wyz
1150122,288,282,298,299,294,ing,fov,raw,oqp,loz
1150123,298,290,286,293,289,raw,unp,wyz,zfc,qia
1150124,288,293,292,289,284,ing,zfc,fpu,qia,fob
1150125,298,282,295,281,293,raw,fov,pki,pbs,zfc
1150126,289,283,288,297,285,qia,xmj,ing,mtx,crx
1150127,292,286,299,289,295,fpu,wyz,oqp,qia,pki
1150128,296,294,292,288,287,dci,loz,fpu,ing,xng
1150129,300,283,282,290,281,smy,xmj,fov,unp,pbs
1150130,300,290,289,297,299,smy,unp,qia,mtx,oqp
1150131,295,290,289,294,293,pki,unp,qia,loz,zfc
1150132,287,290,282,289,285,xng,unp,fov,qia,crx
1150133,290,289,297,283,293,unp,qia,mtx,xmj,zfc
1150134,287,284,282,296,294,xng,fob,fov,dci,loz
1150135,296,283,291,297,292,dci,xmj,rjp,mtx,fpu
1150136,287,288,300,291,285,xng,ing,smy,rjp,crx
1150137,290,294,281,299,284,unp,loz,pbs,oqp,fob
1150138,294,289,281,293,290,loz,qia,pbs,zfc,unp
1150139,292,288,297,285,293,fpu,ing,mtx,crx,zfc
1150140,281,284,289,296,286,pbs,fob,qia,dci,wyz
1150141,292,296,287,295,298,fpu,dci,xng,pki,raw
1150142,298,286,296,299,291,raw,wyz,dci,oqp,rjp
1150143,300,284,283,297,282,smy,fob,xmj,mtx,fov
1150144,297,287,281,290,291,mtx,xng,pbs,unp,rjp
1150145,290,295,288,281,284,unp,pki,ing,pbs,fob
1150146,292,289,290,294,284,fpu,qia,unp,loz,fob
1150147,294,289,296,299,293,loz,qia,dci,oqp,zfc
1150148,282,294,290,289,283,fov,loz,unp,qia,xmj
1150149,297,282,289,291,285,mtx,fov,qia,rjp,crx
1150150,296,289,294,295,288,dci,qia,loz,pki,ing
1150151,285,281,298,287,299,crx,pbs,raw,xng,oqp
1150152,287,282,290,289,291,xng,fov,unp,qia,rjp
1150153,287,284,283,297,300,xng,fob,xmj,mtx,smy
1150154,292,284,289,297,296,fpu,fob,qia,mtx,dci
1150155,282,291,285,294,292,fov,rjp,crx,loz,fpu
1150156,281,284,291,296,283,pbs,fob,rjp,dci,xmj
1150157,292,288,287,296,297,fpu,ing,xng,dci,mtx
1150158,286,290,283,292,294,wyz,unp,xmj,fpu,loz
1150159,292,290,294,286,282,fpu,unp,loz,wyz,fov
1150160,294,293,288,287,297,loz,zfc,ing,xng,mtx
1150161,297,287,291,292,285,mtx,xng,rjp,fpu,crx
1150162,298,289,287,294,296,raw,qia,xng,loz,dci
1150163,281,294,285,286,284,pbs,loz,crx,wyz,fob
1150164,285,300,288,284,289,crx,smy,ing,fob,qia
1150165,295,289,292,291,281,pki,qia,fpu,rjp,pbs
1150166,286,300,298,283,294,wyz,smy,raw,xmj,loz
1150167,286,298,290,299,289,wyz,raw,unp,oqp,qia
1150168,299,298,297,287,293,oqp,raw,mtx,xng,zfc
1150169,296,300,298,290,291,dci,smy,raw,unp,rjp
1150170,299,284,296,300,295,oqp,fob,dci,smy,pki
1150171,290,297,295,284,296,unp,mtx,pki,fob,dci
1150172,293,286,292,295,296,zfc,wyz,fpu,pki,dci
1150173,288,292,295,293,291,ing,fpu,pki,zfc,rjp
1150174,300,294,289,299,287,smy,loz,qia,oqp,xng
1150175,294,296,298,283,287,loz,dci,raw,xmj,xng
1150176,294,286,281,284,291,loz,wyz,pbs,fob,rjp
1150177,290,291,288,296,287,unp,rjp,ing,dci,xng
1150178,287,296,284,298,294,xng,dci,fob,raw,loz
1150179,300,299,298,284,282,smy,oqp,raw,fob,fov
1150180,281,296,297,282,290,pbs,dci,mtx,fov,unp
1150181,281,294,290,289,298,pbs,loz,unp,qia,raw
1150182,287,289,292,283,290,xng,qia,fpu,xmj,unp
1150183,293,289,298,297,292,zfc,qia,raw,mtx,fpu
1150184,290,299,293,289,292,unp,oqp,zfc,qia,fpu
1150185,283,294,291,292,295,xmj,loz,rjp,fpu,pki
1150186,290,284,294,286,292,unp,fob,loz,wyz,fpu
1150187,292,291,294,286,295,fpu,rjp,loz,wyz,pki
1150188,297,287,292,298,289,mtx,xng,fpu,raw,qia
1150189,283,288,289,285,291,xmj,ing,qia,crx,rjp
1150190,292,289,293,287,285,fpu,qia,zfc,xng,crx
1150191,289,292,284,290,299,qia,fpu,fob,unp,oqp
1150192,296,299,300,297,288,dci,oqp,smy,mtx,ing
1150193,287,285,289,297,291,xng,crx,qia,mtx,rjp
1150194,299,295,290,284,283,oqp,pki,unp,fob,xmj
1150195,283,286,287,281,298,xmj,wyz,xng,pbs,raw
1150196,289,292,294,299,298,qia,fpu,loz,oqp,raw
1150197,292,282,293,283,289,fpu,fov,zfc,xmj,qia
1150198,300,286,285,283,288,smy,wyz,crx,xmj,ing
1150199,286,298,293,294,297,wyz,raw,zfc,loz,mtx
1150200,293,294,287,298,295,zfc,loz,xng,raw,pki
1150201,300,295,288,299,286,smy,pki,ing,oqp,wyz
1150202,297,282,287,285,281,mtx,fov,xng,crx,pbs
1150203,297,284,293,286,288,mtx,fob,zfc,wyz,ing
1150204,282,291,299,289,286,fov,rjp,oqp,qia,wyz
1150205,288,283,286,285,296,ing,xmj,wyz,crx,dci
1150206,288,284,290,300,289,ing,fob,unp,smy,qia
1150207,291,297,290,294,300,rjp,mtx,unp,loz,smy
1150208,296,300,293,297,289,dci,smy,zfc,mtx,qia
1150209,297,292,285,281,294,mtx,fpu,crx,pbs,loz
1150210,298,282,296,295,289,raw,fov,dci,pki,qia
1150211,298,281,290,284,291,raw,pbs,unp,fob,rjp
1150212,294,295,290,299,286,loz,pki,unp,oqp,wyz
1150213,282,293,288,296,287,fov,zfc,ing,dci,xng
1150214,293,300,283,291,281,zfc,smy,xmj,rjp,pbs
1150215,294,292,295,299,285,loz,fpu,pki,oqp,crx
1150216,281,282,285,291,287,pbs,fov,crx,rjp,xng
1150217,286,297,283,284,285,wyz,mtx,xmj,fob,crx
1150218,294,296,298,293,281,loz,dci,raw,zfc,pbs
1150219,298,292,299,285,289,raw,fpu,oqp,crx,qia
1150220,290,281,282,289,286,unp,pbs,fov,qia,wyz
1150221,288,285,287,282,293,ing,crx,xng,fov,zfc
1150222,298,295,293,283,285,raw,pki,zfc,xmj,crx
1150223,298,287,297,299,281,raw,xng,mtx,oqp,pbs
1150224,283,290,291,284,295,xmj,unp,rjp,fob,pki
1150225,285,281,292,297,288,crx,pbs,fpu,mtx,ing
1150226,282,291,297,300,289,fov,rjp,mtx,smy,qia
1150227,284,295,296,294,289,fob,pki,dci,loz,qia
1150228,299,300,289,292,290,oqp,smy,qia,fpu,unp
1150229,285,284,296,293,292,crx,fob,dci,zfc,fpu
1150230,300,288,299,292,287,smy,ing,oqp,fpu,xng
1150231,290,283,296,282,286,unp,xmj,dci,fov,wyz
1150232,295,282,294,293,291,pki,fov,loz,zfc,rjp
1150233,293,292,294,300,296,zfc,fpu,loz,smy,dci
1150234,300,298,284,293,283,smy,raw,fob,zfc,xmj
1150235,289,297,295,284,300,qia,mtx,pki,fob,smy
1150236,298,293,292,297,295,raw,zfc,fpu,mtx,pki
1150237,286,299,298,284,281,wyz,oqp,raw,fob,pbs
1150238,290,300,285,296,288,unp,smy,crx,dci,ing
1150239,292,283,288,282,285,fpu,xmj,ing,fov,crx
1150240,300,289,288,286,285,smy,qia,ing,wyz,crx
1150241,284,287,281,294,289,fob,xng,pbs,loz,qia
1150242,292,281,290,288,298,fpu,pbs,unp,ing,raw
1150243,294,286,290,298,281,loz,wyz,unp,raw,pbs
1150244,297,295,288,287,293,mtx,pki,ing,xng,zfc
1150245,297,289,300,291,281,mtx,qia,smy,rjp,pbs
1150246,295,293,287,291,297,pki,zfc,xng,rjp,mtx
1150247,284,291,293,292,294,fob,rjp,zfc,fpu,loz
1150248,294,290,291,283,287,loz,unp,rjp,xmj,xng
1150249,284,282,296,283,292,fob,fov,dci,xmj,fpu
1150250,288,284,286,300,299,ing,fob,wyz,smy,oqp
1150251,287,291,298,288,300,xng,rjp,raw,ing,smy
1150252,282,289,298,295,281,fov,qia,raw,pki,pbs
1150253,295,284,293,292,298,pki,fob,zfc,fpu,raw
1150254,286,298,288,285,281,wyz,raw,ing,crx,pbs
1150255,299,281,300,283,293,oqp,pbs,smy,xmj,zfc
1150256,286,288,293,295,284,wyz,ing,zfc,pki,fob
1150257,299,283,284,286,297,oqp,xmj,fob,wyz,mtx
1150258,294,282,299,285,296,loz,fov,oqp,crx,dci
1150259,290,299,286,287,289,unp,oqp,wyz,xng,qia
1150260,291,288,292,286,285,rjp,ing,fpu,wyz,crx
1150261,285,296,292,284,290,crx,dci,fpu,fob,unp
1150262,292,290,300,282,297,fpu,unp,smy,fov,mtx
1150263,290,281,285,297,284,unp,pbs,crx,mtx,fob
1150264,282,299,296,293,300,fov,oqp,dci,zfc,smy
1150265,297,290,281,291,284,mtx,unp,pbs,rjp,fob
1150266,288,299,293,294,285,ing,oqp,zfc,loz,crx
1150267,298,288,289,285,283,raw,ing,qia,crx,xmj
1150268,292,294,281,299,286,fpu,loz,pbs,oqp,wyz
1150269,282,298,296,288,292,fov,raw,dci,ing,fpu
1150270,289,290,291,297,282,qia,unp,rjp,mtx,fov
1150271,300,293,285,289,297,smy,zfc,crx,qia,mtx
1150272,283,293,299,286,295,xmj,zfc,oqp,wyz,pki
1150273,282,293,284,281,297,fov,zfc,fob,pbs,mtx
1150274,297,296,283,289,299,mtx,dci,xmj,qia,oqp
1150275,282,285,290,289,294,fov,crx,unp,qia,loz
1150276,298,283,293,286,285,raw,xmj,zfc,wyz,crx
1150277,285,294,287,288,297,crx,loz,xng,ing,mtx
1150278,294,286,297,291,288,loz,wyz,mtx,rjp,ing
1150279,281,297,293,284,294,pbs,mtx,zfc,fob,loz
1150280,296,283,293,289,292,dci,xmj,zfc,qia,fpu
1150281,293,295,289,299,284,zfc,pki,qia,oqp,fob
1150282,289,281,293,286,297,qia,pbs,zfc,wyz,mtx
1150283,286,296,281,293,298,wyz,dci,pbs,zfc,raw
1150284,298,295,296,284,290,raw,pki,dci,fob,unp
1150285,283,291,288,297,300,xmj,rjp,ing,mtx,smy
1150286,282,295,283,286,297,fov,pki,xmj,wyz,mtx
1150287,288,293,290,296,300,ing,zfc,unp,dci,smy
1150288,286,298,295,300,290,wyz,raw,pki,smy,unp
1150289,292,285,290,281,293,fpu,crx,unp,pbs,zfc
1150290,291,283,299,294,284,rjp,xmj,oqp,loz,fob
1150291,291,284,282,289,298,rjp,fob,fov,qia,raw
1150292,300,290,285,282,289,smy,unp,crx,fov,qia
1150293,285,300,292,281,284,crx,smy,fpu,pbs,fob
1150294,283,281,297,288,294,xmj,pbs,mtx,ing,loz
1150295,287,282,300,286,288,xng,fov,smy,wyz,ing
1150296,284,295,298,293,296,fob,pki,raw,zfc,dci
1150297,299,293,297,296,285,oqp,zfc,mtx,dci,crx
1150298,292,300,299,289,297,fpu,smy,oqp,qia,mtx
1150299,282,285,291,290,289,fov,crx,rjp,unp,qia
1150300,294,293,299,286,288,loz,zfc,oqp,wyz,ing
1150301,293,295,296,291,292,zfc,pki,dci,rjp,fpu
1150302,288,290,293,294,291,ing,unp,zfc,loz,rjp
1150303,300,282,294,298,281,smy,fov,loz,raw,pbs
1150304,284,288,283,290,289,fob,ing,xmj,unp,qia
1150305,290,288,291,286,295,unp,ing,rjp,wyz,pki
1150306,294,282,286,287,285,loz,fov,wyz,xng,crx
1150307,294,281,293,292,283,loz,pbs,zfc,fpu,xmj
1150308,297,288,291,293,298,mtx,ing,rjp,zfc,raw
1150309,291,281,294,292,297,rjp,pbs,loz,fpu,mtx
1150310,297,293,292,283,282,mtx,zfc,fpu,xmj,fov
1150311,296,289,283,286,299,dci,qia,xmj,wyz,oqp
1150312,292,296,295,288,299,fpu,dci,pki,ing,oqp
1150313,298,283,294,296,291,raw,xmj,loz,dci,rjp
1150314,300,284,294,292,285,smy,fob,loz,fpu,crx
1150315,282,287,283,297,298,fov,xng,xmj,mtx,raw
1150316,291,294,285,300,283,rjp,loz,crx,smy,xmj
1150317,284,299,282,295,290,fob,oqp,fov,pki,unp
1150318,296,297,285,288,289,dci,mtx,crx,ing,qia
1150319,285,299,290,294,281,crx,oqp,unp,loz,pbs
1150320,285,295,283,288,287,crx,pki,xmj,ing,xng
1150321,285,290,288,289,299,crx,unp,ing,qia,oqp
1150322,292,281,285,300,282,fpu,pbs,crx,smy,fov
1150323,284,290,300,286,291,fob,unp,smy,wyz,rjp
1150324,290,294,287,293,298,unp,loz,xng,zfc,raw
1150325,284,290,291,293,296,fob,unp,rjp,zfc,dci
1150326,299,293,285,287,288,oqp,zfc,crx,xng,ing
1150327,299,289,300,281,290,oqp,qia,smy,pbs,unp
1150328,284,283,292,281,299,fob,xmj,fpu,pbs,oqp
1150329,298,299,296,284,300,raw,oqp,dci,fob,smy
1150330,284,290,285,293,291,fob,unp,crx,zfc,rjp
1150331,300,281,285,282,284,smy,pbs,crx,fov,fob
1150332,300,291,299,295,296,smy,rjp,oqp,pki,dci
1150333,286,284,294,290,296,wyz,fob,loz,unp,dci
1150334,293,287,296,291,292,zfc,xng,dci,rjp,fpu
1150335,294,285,296,289,282,loz,crx,dci,qia,fov
1150336,284,299,282,285,291,fob,oqp,fov,crx,rjp
1150337,283,295,281,288,293,xmj,pki,pbs,ing,zfc
1150338,281,294,285,300,286,pbs,loz,crx,smy,wyz
1150339,289,284,295,300,286,qia,fob,pki,smy,wyz
1150340,284,292,298,283,296,fob,fpu,raw,xmj,dci
1150341,290,292,298,283,281,unp,fpu,raw,xmj,pbs
1150342,300,284,288,297,293,smy,fob,ing,mtx,zfc
1150343,290,287,300,297,288,unp,xng,smy,mtx,ing
1150344,290,300,293,294,299,unp,smy,zfc,loz,oqp
1150345,296,287,285,298,282,dci,xng,crx,raw,fov
1150346,292,288,294,291,289,fpu,ing,loz,rjp,qia
1150347,296,291,285,284,298,dci,rjp,crx,fob,raw
1150348,296,288,282,283,284,dci,ing,fov,xmj,fob
1150349,300,299,293,291,296,smy,oqp,zfc,rjp,dci
1150350,285,283,293,288,290,crx,xmj,zfc,ing,unp
1150351,300,289,290,287,291,smy,qia,unp,xng,rjp
1150352,295,290,287,289,284,pki,unp,xng,qia,fob
1150353,294,300,288,286,296,loz,smy,ing,wyz,dci
1150354,299,295,290,293,282,oqp,pki,unp,zfc,fov
1150355,281,290,288,293,299,pbs,unp,ing,zfc,oqp
1150356,296,287,288,286,300,dci,xng,ing,wyz,smy
1150357,299,285,296,286,281,oqp,crx,dci,wyz,pbs
1150358,288,295,285,293,289,ing,pki,crx,zfc,qia
1150359,297,292,282,299,298,mtx,fpu,fov,oqp,raw
1150360,291,292,284,288,300,rjp,fpu,fob,ing,smy
1150361,285,297,282,296,295,crx,mtx,fov,dci,pki
1150362,298,286,299,294,291,raw,wyz,oqp,loz,rjp
1150363,294,297,287,286,293,loz,mtx,xng,wyz,zfc
1150364,287,296,294,282,281,xng,dci,loz,fov,pbs
1150365,285,283,290,288,292,crx,xmj,unp,ing,fpu
1150366,295,294,293,289,287,pki,loz,zfc,qia,xng
1150367,295,289,294,285,298,pki,qia,loz,crx,raw
1150368,299,291,293,284,300,oqp,rjp,zfc,fob,smy
1150369,289,298,283,287,284,qia,raw,xmj,xng,fob
1150370,282,296,299,281,294,fov,dci,oqp,pbs,loz
1150371,282,297,300,289,290,fov,mtx,smy,qia,unp
1150372,282,292,291,295,297,fov,fpu,rjp,pki,mtx
1150373,281,299,284,282,292,pbs,oqp,fob,fov,fpu
1150374,295,285,290,293,297,pki,crx,unp,zfc,mtx
1150375,297,289,282,288,285,mtx,qia,fov,ing,crx
1150376,291,298,286,287,281,rjp,raw,wyz,xng,pbs
1150377,293,300,290,286,288,zfc,smy,unp,wyz,ing
1150378,290,293,283,284,296,unp,zfc,xmj,fob,dci
1150379,290,297,287,298,296,unp,mtx,xng,raw,dci
1150380,291,295,285,286,287,rjp,pki,crx,wyz,xng
1150381,291,283,297,289,298,rjp,xmj,mtx,qia,raw
1150382,282,293,283,292,299,fov,zfc,xmj,fpu,oqp
1150383,292,287,300,293,284,fpu,xng,smy,zfc,fob
1150384,284,282,286,291,289,fob,fov,wyz,rjp,qia
1150385,287,291,286,299,296,xng,rjp,wyz,oqp,dci
1150386,287,297,288,299,298,xng,mtx,ing,oqp,raw
1150387,300,290,295,284,289,smy,unp,pki,fob,qia
1150388,289,284,294,299,290,qia,fob,loz,oqp,unp
1150389,300,291,282,292,297,smy,rjp,fov,fpu,mtx
1150390,296,291,298,285,287,dci,rjp,raw,crx,xng
1150391,284,286,296,282,287,fob,wyz,dci,fov,xng
1150392,282,284,294,287,297,fov,fob,loz,xng,mtx
1150393,295,289,293,291,298,pki,qia,zfc,rjp,raw
1150394,283,282,294,296,287,xmj,fov,loz,dci,xng
1150395,295,293,288,299,291,pki,zfc,ing,oqp,rjp
1150396,297,288,285,292,281,mtx,ing,crx,fpu,pbs
1150397,296,285,288,291,295,dci,crx,ing,rjp,pki
1150398,297,298,285,281,283,mtx,raw,crx,pbs,xmj
1150399,283,297,286,291,284,xmj,mtx,wyz,rjp,fob
1150400,286,297,289,296,287,wyz,mtx,qia,dci,xng
1150401,282,294,290,299,297,fov,loz,unp,oqp,mtx
1150402,295,298,285,282,293,pki,raw,crx,fov,zfc
1150403,299,288,283,291,285,oqp,ing,xmj,rjp,crx
1150404,289,290,297,291,293,qia,unp,mtx,rjp,zfc
1150405,296,283,282,292,287,dci,xmj,fov,fpu,xng
1150406,293,297,298,299,295,zfc,mtx,raw,oqp,pki
1150407,288,284,287,282,296,ing,fob,xng,fov,dci
1150408,283,287,298,290,293,xmj,xng,raw,unp,zfc
1150409,281,285,293,299,283,pbs,crx,zfc,oqp,xmj
1150410,287,288,283,298,291,xng,ing,xmj,raw,rjp
1150411,286,291,283,292,282,wyz,rjp,xmj,fpu,fov
1150412,292,297,285,281,290,fpu,mtx,crx,pbs,unp
1150413,297,288,298,291,300,mtx,ing,raw,rjp,smy
1150414,285,296,290,281,295,crx,dci,unp,pbs,pki
1150415,281,293,290,288,286,pbs,zfc,unp,ing,wyz
1150416,294,286,287,295,285,loz,wyz,xng,pki,crx
1150417,288,284,296,283,282,ing,fob,dci,xmj,fov
1150418,284,300,286,293,282,fob,smy,wyz,zfc,fov
1150419,300,283,292,297,296,smy,xmj,fpu,mtx,dci
1150420,300,298,289,297,281,smy,raw,qia,mtx,pbs
1150421,298,291,299,296,281,raw,rjp,oqp,dci,pbs
1150422,289,285,288,290,291,qia,crx,ing,unp,rjp
1150423,292,291,283,281,285,fpu,rjp,xmj,pbs,crx
1150424,300,288,298,281,285,smy,ing,raw,pbs,crx
1150425,293,281,286,300,297,zfc,pbs,wyz,smy,mtx
1150426,288,292,290,296,286,ing,fpu,unp,dci,wyz
1150427,289,294,284,298,296,qia,loz,fob,raw,dci
1150428,297,291,296,288,285,mtx,rjp,dci,ing,crx
1150429,285,284,296,287,294,crx,fob,dci,xng,loz
1150430,297,284,289,290,295,mtx,fob,qia,unp,pki
1150431,294,285,286,293,289,loz,crx,wyz,zfc,qia
1150432,291,297,298,285,293,rjp,mtx,raw,crx,zfc
1150433,296,282,281,290,300,dci,fov,pbs,unp,smy
1150434,291,290,293,284,286,rjp,unp,zfc,fob,wyz
1150435,283,284,300,298,295,xmj,fob,smy,raw,pki
1150436,284,299,287,282,295,fob,oqp,xng,fov,pki
1150437,300,288,282,285,281,smy,ing,fov,crx,pbs
1150438,289,285,296,297,281,qia,crx,dci,mtx,pbs
1150439,293,286,282,298,281,zfc,wyz,fov,raw,pbs
1150440,281,300,283,292,282,pbs,smy,xmj,fpu,fov
1150441,283,287,291,293,300,xmj,xng,rjp,zfc,smy
1150442,285,284,290,295,298,crx,fob,unp,pki,raw
1150443,291,283,287,282,285,rjp,xmj,xng,fov,crx
1150444,288,284,299,286,281,ing,fob,oqp,wyz,pbs
1150445,291,285,298,297,296,rjp,crx,raw,mtx,dci
1150446,300,292,294,281,282,smy,fpu,loz,pbs,fov
1150447,295,298,287,285,283,pki,raw,xng,crx,xmj
1150448,298,299,292,297,284,raw,oqp,fpu,mtx,fob
1150449,284,296,291,293,298,fob,dci,rjp,zfc,raw
1150450,281,299,296,282,297,pbs,oqp,dci,fov,mtx
1150451,291,294,281,283,296,rjp,loz,pbs,xmj,dci
1150452,295,288,294,291,298,pki,ing,loz,rjp,raw
1150453,292,288,282,285,297,fpu,ing,fov,crx,mtx
1150454,293,290,296,297,289,zfc,unp,dci,mtx,qia
1150455,296,288,283,290,282,dci,ing,xmj,unp,fov
1150456,297,287,292,281,290,mtx,xng,fpu,pbs,unp
1150457,299,284,281,290,288,oqp,fob,pbs,unp,ing
1150458,300,285,282,299,290,smy,crx,fov,oqp,unp
1150459,290,283,281,289,294,unp,xmj,pbs,qia,loz
1150460,293,292,282,294,298,zfc,fpu,fov,loz,raw
1150461,300,290,295,299,285,smy,unp,pki,oqp,crx
1150462,285,295,288,294,297,crx,pki,ing,loz,mtx
1150463,300,298,286,297,294,smy,raw,wyz,mtx,loz
1150464,289,296,292,282,300,qia,dci,fpu,fov,smy
1150465,287,284,294,293,285,xng,fob,loz,zfc,crx
1150466,294,300,291,296,283,loz,smy,rjp,dci,xmj
1150467,288,300,285,286,298,ing,smy,crx,wyz,raw
1150468,292,285,294,290,293,fpu,crx,loz,unp,zfc
1150469,289,288,283,293,300,qia,ing,xmj,zfc,smy
1150470,292,287,288,297,296,fpu,xng,ing,mtx,dci
1150471,299,282,293,287,284,oqp,fov,zfc,xng,fob
1150472,283,289,295,298,291,xmj,qia,pki,raw,rjp
1150473,297,288,291,289,294,mtx,ing,rjp,qia,loz
1150474,285,300,289,294,293,crx,smy,qia,loz,zfc
1150475,292,287,298,295,281,fpu,xng,raw,pki,pbs
1150476,297,287,295,283,296,mtx,xng,pki,xmj,dci
1150477,288,299,284,292,290,ing,oqp,fob,fpu,unp
1150478,295,292,282,299,291,pki,fpu,fov,oqp,rjp
1150479,282,291,297,283,285,fov,rjp,mtx,xmj,crx
1150480,300,295,296,283,292,smy,pki,dci,xmj,fpu
1150481,281,299,294,283,286,pbs,oqp,loz,xmj,wyz
1150482,289,291,285,296,300,qia,rjp,crx,dci,smy
1150483,298,291,294,293,284,raw,rjp,loz,zfc,fob
1150484,300,290,296,283,293,smy,unp,dci,xmj,zfc
1150485,289,290,283,288,296,qia,unp,xmj,ing,dci
1150486,283,291,289,296,286,xmj,rjp,qia,dci,wyz
1150487,297,282,281,298,283,mtx,fov,pbs,raw,xmj
1150488,287,284,283,299,298,xng,fob,xmj,oqp,raw
1150489,292,285,294,299,286,fpu,crx,loz,oqp,wyz
1150490,287,294,285,293,297,xng,loz,crx,zfc,mtx
1150491,284,285,286,300,296,fob,crx,wyz,smy,dci
1150492,288,293,283,289,282,ing,zfc,xmj,qia,fov
1150493,297,288,293,294,287,mtx,ing,zfc,loz,xng
1150494,281,282,298,292,294,pbs,fov,raw,fpu,loz
1150495,300,288,295,290,293,smy,ing,pki,unp,zfc
1150496,294,292,289,300,282,loz,fpu,qia,smy,fov
1150497,283,294,285,298,292,xmj,loz,crx,raw,fpu
1150498,293,281,291,300,294,zfc,pbs,rjp,smy,loz
1150499,284,291,281,299,285,fob,rjp,pbs,oqp,crx
1150500,287,298,284,288,296,xng,raw,fob,ing,dci
1150501,291,297,286,287,289,rjp,mtx,wyz,xng,qia
1150502,294,286,289,295,288,loz,wyz,qia,pki,ing
1150503,291,296,287,288,300,rjp,dci,xng,ing,smy
1150504,295,298,285,293,297,pki,raw,crx,zfc,mtx
1150505,296,284,297,282,286,dci,fob,mtx,fov,wyz
1150506,290,292,293,300,297,unp,fpu,zfc,smy,mtx
1150507,294,292,284,290,288,loz,fpu,fob,unp,ing
1150508,295,289,282,300,299,pki,qia,fov,smy,oqp
1150509,295,292,289,297,290,pki,fpu,qia,mtx,unp
1150510,286,284,282,283,293,wyz,fob,fov,xmj,zfc
1150511,291,282,289,292,283,rjp,fov,qia,fpu,xmj
1150512,286,293,294,285,290,wyz,zfc,loz,crx,unp
1150513,295,299,283,292,298,pki,oqp,xmj,fpu,raw
1150514,288,291,290,287,282,ing,rjp,unp,xng,fov
1150515,297,298,286,299,283,mtx,raw,wyz,oqp,xmj
1150516,287,281,284,291,296,xng,pbs,fob,rjp,dci
1150517,297,284,290,288,292,mtx,fob,unp,ing,fpu
1150518,299,296,281,286,293,oqp,dci,pbs,wyz,zfc
1150519,291,284,289,296,292,rjp,fob,qia,dci,fpu
1150520,290,287,297,288,299,unp,xng,mtx,ing,oqp
1150521,298,285,295,286,289,raw,crx,pki,wyz,qia
1150522,294,289,286,285,291,loz,qia,wyz,crx,rjp
1150523,294,292,282,291,297,loz,fpu,fov,rjp,mtx
1150524,286,299,285,290,289,wyz,oqp,crx,unp,qia
1150525,294,287,282,292,281,loz,xng,fov,fpu,pbs
1150526,292,284,286,287,299,fpu,fob,wyz,xng,oqp
1150527,281,293,283,289,290,pbs,zfc,xmj,qia,unp
1150528,283,296,299,290,291,xmj,dci,oqp,unp,rjp
1150529,288,298,290,283,284,ing,raw,unp,xmj,fob
1150530,289,291,281,294,300,qia,rjp,pbs,loz,smy
1150531,296,285,283,287,293,dci,crx,xmj,xng,zfc
1150532,286,284,289,285,293,wyz,fob,qia,crx,zfc
1150533,297,294,298,289,292,mtx,loz,raw,qia,fpu
1150534,298,287,289,286,294,raw,xng,qia,wyz,loz
1150535,285,298,291,296,294,crx,raw,rjp,dci,loz
1150536,297,293,299,287,283,mtx,zfc,oqp,xng,xmj
1150537,283,286,282,290,284,xmj,wyz,fov,unp,fob
1150538,292,294,293,283,299,fpu,loz,zfc,xmj,oqp
1150539,283,285,297,287,296,xmj,crx,mtx,xng,dci
1150540,298,292,287,299,297,raw,fpu,xng,oqp,mtx
1150541,293,291,295,289,288,zfc,rjp,pki,qia,ing
1150542,283,292,295,297,286,xmj,fpu,pki,mtx,wyz
1150543,297,286,290,281,299,mtx,wyz,unp,pbs,oqp
1150544,296,289,284,287,283,dci,qia,fob,xng,xmj
1150545,298,285,296,284,292,raw,crx,dci,fob,fpu
1150546,281,297,287,299,300,pbs,mtx,xng,oqp,smy
1150547,287,283,286,281,291,xng,xmj,wyz,pbs,rjp
1150548,295,281,282,296,286,pki,pbs,fov,dci,wyz
1150549,288,282,295,281,293,ing,fov,pki,pbs,zfc
1150550,300,289,282,293,292,smy,qia,fov,zfc,fpu
1150551,291,290,292,299,300,rjp,unp,fpu,oqp,smy
1150552,295,286,298,293,289,pki,wyz,raw,zfc,qia
1150553,282,290,300,294,289,fov,unp,smy,loz,qia
1150554,287,298,281,290,299,xng,raw,pbs,unp,oqp
1150555,283,299,286,300,282,xmj,oqp,wyz,smy,fov
1150556,299,292,284,283,290,oqp,fpu,fob,xmj,unp
1150557,300,284,286,281,299,smy,fob,wyz,pbs,oqp
1150558,287,282,283,281,295,xng,fov,xmj,pbs,pki
1150559,292,293,287,300,291,fpu,zfc,xng,smy,rjp
1150560,282,300,292,295,298,fov,smy,fpu,pki,raw
1150561,283,287,300,290,289,xmj,xng,smy,unp,qia
1150562,282,286,297,291,283,fov,wyz,mtx,rjp,xmj
1150563,291,284,299,298,292,rjp,fob,oqp,raw,fpu
1150564,285,289,290,294,300,crx,qia,unp,loz,smy
1150565,287,283,293,288,292,xng,xmj,zfc,ing,fpu
1150566,294,299,296,288,293,loz,oqp,dci,ing,zfc
1150567,286,281,282,288,287,wyz,pbs,fov,ing,xng
1150568,283,282,284,290,291,xmj,fov,fob,unp,rjp
1150569,282,289,288,291,294,fov,qia,ing,rjp,loz
1150570,293,300,298,291,282,zfc,smy,raw,rjp,fov
1150571,282,287,290,300,299,fov,xng,unp,smy,oqp
1150572,286,294,292,284,281,wyz,loz,fpu,fob,pbs
1150573,294,283,285,291,284,loz,xmj,crx,rjp,fob
1150574,290,292,286,288,293,unp,fpu,wyz,ing,zfc
1150575,285,284,282,300,286,crx,fob,fov,smy,wyz
1150576,288,298,300,295,299,ing,raw,smy,pki,oqp
1150577,300,290,284,289,293,smy,unp,fob,qia,zfc
1150578,294,297,296,290,289,loz,mtx,dci,unp,qia
1150579,296,286,299,289,300,dci,wyz,oqp,qia,smy
1150580,284,285,294,281,296,fob,crx,loz,pbs,dci
1150581,286,290,285,295,282,wyz,unp,crx,pki,fov
1150582,286,296,285,295,284,wyz,dci,crx,pki,fob
1150583,281,283,300,296,298,pbs,xmj,smy,dci,raw
1150584,295,296,285,283,282,pki,dci,crx,xmj,fov
1150585,300,288,287,289,283,smy,ing,xng,qia,xmj
1150586,292,295,286,281,296,fpu,pki,wyz,pbs,dci
1150587,289,287,283,297,284,qia,xng,xmj,mtx,fob
1150588,297,292,294,286,290,mtx,fpu,loz,wyz,unp
1150589,299,281,285,290,294,oqp,pbs,crx,unp,loz
1150590,297,285,296,284,287,mtx,crx,dci,fob,xng
1150591,290,281,296,287,297,unp,pbs,dci,xng,mtx
1150592,295,289,300,298,285,pki,qia,smy,raw,crx
1150593,286,285,297,288,282,wyz,crx,mtx,ing,fov
1150594,292,299,286,297,294,fpu,oqp,wyz,mtx,loz
1150595,288,299,294,289,291,ing,oqp,loz,qia,rjp
1150596,295,286,281,289,296,pki,wyz,pbs,qia,dci
1150597,294,283,290,287,288,loz,xmj,unp,xng,ing
1150598,289,285,287,292,294,qia,crx,xng,fpu,loz
1150599,297,283,293,292,288,mtx,xmj,zfc,fpu,ing
1150600,295,296,284,298,281,pki,dci,fob,raw,pbs
1160001,306,309,308,319,313,tyc,odk,wsl,ajr,gvi
1160002,316,310,313,301,312,hcd,qkg,gvi,wju,clr
1160003,308,307,310,313,301,wsl,tri,qkg,gvi,wju
1160004,310,312,311,307,309,qkg,clr,rsf,tri,odk
1160005,303,307,317,311,316,acx,tri,nlg,rsf,hcd
1160006,306,309,308,301,313,tyc,odk,wsl,wju,gvi
1160007,319,308,318,305,312,ajr,wsl,itc,lab,clr
1160008,316,313,302,303,306,hcd,gvi,qzd,acx,tyc
1160009,310,307,301,306,302,qkg,tri,wju,tyc,qzd
1160010,307,302,319,308,304,tri,qzd,ajr,wsl,amx
1160011,310,307,319,305,309,qkg,tri,ajr,lab,odk
1160012,315,303,307,305,309,zms,acx,tri,lab,odk
1160013,320,305,307,306,318,akn,lab,tri,tyc,itc
1160014,306,315,311,307,309,tyc,zms,rsf,tri,odk
1160015,320,310,319,309,314,akn,qkg,ajr,odk,zky
1160016,315,318,317,304,302,zms,itc,nlg,amx,qzd
1160017,312,313,309,310,315,clr,gvi,odk,qkg,zms
1160018,304,319,315,314,317,amx,ajr,zms,zky,nlg
1160019,311,319,307,303,308,rsf,ajr,tri,acx,wsl
1160020,316,311,317,309,305,hcd,rsf,nlg,odk,lab
1160021,304,306,315,302,319,amx,tyc,zms,qzd,ajr
1160022,305,320,303,313,310,lab,akn,acx,gvi,qkg
1160023,314,312,306,303,317,zky,clr,tyc,acx,nlg
1160024,319,313,308,309,301,ajr,gvi,wsl,odk,wju
1160025,310,320,317,316,302,qkg,akn,nlg,hcd,qzd
1160026,302,308,318,305,317,qzd,wsl,itc,lab,nlg
1160027,303,316,313,307,310,acx,hcd,gvi,tri,qkg
1160028,304,314,311,312,306,amx,zky,rsf,clr,tyc
1160029,320,302,304,310,314,akn,qzd,amx,qkg,zky
1160030,311,301,307,313,314,rsf,wju,tri,gvi,zky
1160031,320,312,302,308,305,akn,clr,qzd,wsl,lab
1160032,320,311,315,308,304,akn,rsf,zms,wsl,amx
1160033,301,307,311,313,306,wju,tri,rsf,gvi,tyc
1160034,311,314,307,312,315,rsf,zky,tri,clr,zms
1160035,316,309,304,320,319,hcd,odk,amx,akn,ajr
1160036,301,312,313,311,319,wju,clr,gvi,rsf,ajr
1160037,320,310,312,307,304,akn,qkg,clr,tri,amx
1160038,308,302,313,307,319,wsl,qzd,gvi,tri,ajr
1160039,311,307,302,318,301,rsf,tri,qzd,itc,wju
1160040,306,309,301,304,314,tyc,odk,wju,amx,zky
1160041,302,315,318,308,301,qzd,zms,itc,wsl,wju
1160042,307,301,310,303,311,tri,wju,qkg,acx,rsf
1160043,320,306,318,305,316,akn,tyc,itc,lab,hcd
1160044,317,319,309,304,316,nlg,ajr,odk,amx,hcd
1160045,315,310,313,301,317,zms,qkg,gvi,wju,nlg
1160046,301,318,320,314,309,wju,itc,akn,zky,odk
1160047,320,302,309,316,308,akn,qzd,odk,hcd,wsl
1160048,302,303,320,305,319,qzd,acx,akn,lab,ajr
1160049,314,312,302,306,304,zky,clr,qzd,tyc,amx
1160050,305,309,311,304,316,lab,odk,rsf,amx,hcd
1160051,320,313,305,308,310,akn,gvi,lab,wsl,qkg
1160052,317,306,312,301,320,nlg,tyc,clr,wju,akn
1160053,312,305,303,309,315,clr,lab,acx,odk,zms
1160054,307,318,317,308,301,tri,itc,nlg,wsl,wju
1160055,319,311,313,309,315,ajr,rsf,gvi,odk,zms
1160056,305,314,318,310,307,lab,zky,itc,qkg,tri
1160057,309,308,306,318,311,odk,wsl,tyc,itc,rsf
1160058,319,308,318,312,301,ajr,wsl,itc,clr,wju
1160059,319,301,305,302,310,ajr,wju,lab,qzd,qkg
1160060,313,319,312,306,302,gvi,ajr,clr,tyc,qzd
1160061,302,306,319,309,303,qzd,tyc,ajr,odk,acx
1160062,314,316,320,301,317,zky,hcd,akn,wju,nlg
1160063,311,314,313,320,302,rsf,zky,gvi,akn,qzd
1160064,305,320,318,308,309,lab,akn,itc,wsl,odk
1160065,317,301,316,306,310,nlg,wju,hcd,tyc,qkg
1160066,311,302,306,320,316,rsf,qzd,tyc,akn,hcd
1160067,314,313,306,312,301,zky,gvi,tyc,clr,wju
1160068,314,305,307,310,303,zky,lab,tri,qkg,acx
1160069,308,304,316,301,311,wsl,amx,hcd,wju,rsf
1160070,301,315,305,311,314,wju,zms,lab,rsf,zky
1160071,316,303,311,312,319,hcd,acx,rsf,clr,ajr
1160072,308,320,307,315,313,wsl,akn,tri,zms,gvi
1160073,314,307,313,319,309,zky,tri,gvi,ajr,odk
1160074,319,315,316,302,313,ajr,zms,hcd,qzd,gvi
1160075,320,310,319,314,312,akn,qkg,ajr,zky,clr
1160076,314,317,316,318,306,zky,nlg,hcd,itc,tyc
1160077,319,311,317,302,314,ajr,rsf,nlg,qzd,zky
1160078,309,314,317,306,316,odk,zky,nlg,tyc,hcd
1160079,309,317,306,302,305,odk,nlg,tyc,qzd,lab
1160080,305,302,307,318,320,lab,qzd,tri,itc,akn
1160081,303,319,302,308,312,acx,ajr,qzd,wsl,clr
1160082,310,320,313,307,305,qkg,akn,gvi,tri,lab
1160083,304,312,309,307,319,amx,clr,odk,tri,ajr
1160084,318,302,301,317,307,itc,qzd,wju,nlg,tri
1160085,319,305,315,318,308,ajr,lab,zms,itc,wsl
1160086,307,302,305,309,320,tri,qzd,lab,odk,akn
1160087,311,317,320,313,302,rsf,nlg,akn,gvi,qzd
1160088,302,306,318,313,303,qzd,tyc,itc,gvi,acx
1160089,309,319,303,307,304,odk,ajr,acx,tri,amx
1160090,314,316,304,301,302,zky,hcd,amx,wju,qzd
1160091,318,315,313,314,311,itc,zms,gvi,zky,rsf
1160092,319,313,304,318,303,ajr,gvi,amx,itc,acx
1160093,303,314,306,304,301,acx,zky,tyc,amx,wju
1160094,314,304,317,311,302,zky,amx,nlg,rsf,qzd
1160095,307,304,303,312,311,tri,amx,acx,clr,rsf
1160096,315,301,316,311,303,zms,wju,hcd,rsf,acx
1160097,306,303,308,317,309,tyc,acx,wsl,nlg,odk
1160098,315,303,307,304,313,zms,acx,tri,amx,gvi
1160099,316,318,305,315,317,hcd,itc,lab,zms,nlg
1160100,317,313,309,301,305,nlg,gvi,odk,wju,lab
1160101,301,314,303,307,320,wju,zky,acx,tri,akn
1160102,316,320,301,302,306,hcd,akn,wju,qzd,tyc
1160103,307,315,305,318,312,tri,zms,lab,itc,clr
1160104,309,307,301,305,306,odk,tri,wju,lab,tyc
1160105,310,320,303,311,307,qkg,akn,acx,rsf,tri
1160106,308,313,304,307,320,wsl,gvi,amx,tri,akn
1160107,311,304,317,313,308,rsf,amx,nlg,gvi,wsl
1160108,307,318,314,312,315,tri,itc,zky,clr,zms
1160109,313,307,301,315,317,gvi,tri,wju,zms,nlg
1160110,310,301,314,315,313,qkg,wju,zky,zms,gvi
1160111,318,303,314,308,301,itc,acx,zky,wsl,wju
1160112,309,317,307,310,306,odk,nlg,tri,qkg,tyc
1160113,312,304,317,316,308,clr,amx,nlg,hcd,wsl
1160114,316,320,305,313,317,hcd,akn,lab,gvi,nlg
1160115,315,313,314,310,309,zms,gvi,zky,qkg,odk
1160116,319,318,311,320,301,ajr,itc,rsf,akn,wju
1160117,301,305,313,308,307,wju,lab,gvi,wsl,tri
1160118,310,318,309,316,320,qkg,itc,odk,hcd,akn
1160119,315,304,312,311,303,zms,amx,clr,rsf,acx
1160120,312,317,310,306,311,clr,nlg,qkg,tyc,rsf
1160121,318,305,301,310,306,itc,lab,wju,qkg,tyc
1160122,308,302,318,319,314,wsl,qzd,itc,ajr,zky
1160123,318,310,306,313,309,itc,qkg,tyc,gvi,odk
1160124,308,313,312,309,304,wsl,gvi,clr,odk,amx
1160125,318,302,315,301,313,itc,qzd,zms,wju,gvi
1160126,309,303,308,317,305,odk,acx,wsl,nlg,lab
1160127,312,306,319,309,315,clr,tyc,ajr,odk,zms
1160128,316,314,312,308,307,hcd,zky,clr,wsl,tri
1160129,320,303,302,310,301,akn,acx,qzd,qkg,wju
1160130,320,310,309,317,319,akn,qkg,odk,nlg,ajr
1160131,315,310,309,314,313,zms,qkg,odk,zky,gvi
1160132,307,310,302,309,305,tri,qkg,qzd,odk,lab
1160133,310,309,317,303,313,qkg,odk,nlg,acx,gvi
1160134,307,304,302,316,314,tri,amx,qzd,hcd,zky
1160135,316,303,311,317,312,hcd,acx,rsf,nlg,clr
1160136,307,308,320,311,305,tri,wsl,akn,rsf,lab
1160137,310,314,301,319,304,qkg,zky,wju,ajr,amx
1160138,314,309,301,313,310,zky,odk,wju,gvi,qkg
1160139,312,308,317,305,313,clr,wsl,nlg,lab,gvi
1160140,301,304,309,316,306,wju,amx,odk,hcd,tyc
1160141,312,316,307,315,318,clr,hcd,tri,zms,itc
1160142,318,306,316,319,311,itc,tyc,hcd,ajr,rsf
1160143,320,304,303,317,302,akn,amx,acx,nlg,qzd
1160144,317,307,301,310,311,nlg,tri,wju,qkg,rsf
1160145,310,315,308,301,304,qkg,zms,wsl,wju,amx
1160146,312,309,310,314,304,clr,odk,qkg,zky,amx
1160147,314,309,316,319,313,zky,odk,hcd,ajr,gvi
1160148,302,314,310,309,303,qzd,zky,qkg,odk,acx
1160149,317,302,309,311,305,nlg,qzd,odk,rsf,lab
1160150,316,309,314,315,308,hcd,odk,zky,zms,wsl
1160151,305,301,318,307,319,lab,wju,itc,tri,ajr
1160152,307,302,310,309,311,tri,qzd,qkg,odk,rsf
1160153,307,304,303,317,320,tri,amx,acx,nlg,akn
1160154,312,304,309,317,316,clr,amx,odk,nlg,hcd
1160155,302,311,305,314,312,qzd,rsf,lab,zky,clr
1160156,301,304,311,316,303,wju,amx,rsf,hcd,acx
1160157,312,308,307,316,317,clr,wsl,tri,hcd,nlg
1160158,306,310,303,312,314,tyc,qkg,acx,clr,zky
1160159,312,310,314,306,302,clr,qkg,zky,tyc,qzd
1160160,314,313,308,307,317,zky,gvi,wsl,tri,nlg
1160161,317,307,311,312,305,nlg,tri,rsf,clr,lab
1160162,318,309,307,314,316,itc,odk,tri,zky,hcd
1160163,301,314,305,306,304,wju,zky,lab,tyc,amx
1160164,305,320,308,304,309,lab,akn,wsl,amx,odk
1160165,315,309,312,311,301,zms,odk,clr,rsf,wju
1160166,306,320,318,303,314,tyc,akn,itc,acx,zky
1160167,306,318,310,319,309,tyc,itc,qkg,ajr,odk
1160168,319,318,317,307,313,ajr,itc,nlg,tri,gvi
1160169,316,320,318,310,311,hcd,akn,itc,qkg,rsf
1160170,319,304,316,320,315,ajr,amx,hcd,akn,zms
1160171,310,317,315,304,316,qkg,nlg,zms,amx,hcd
1160172,313,306,312,315,316,gvi,tyc,clr,zms,hcd
1160173,308,312,315,313,311,wsl,clr,zms,gvi,rsf
1160174,320,314,309,319,307,akn,zky,odk,ajr,tri
1160175,314,316,318,303,307,zky,hcd,itc,acx,tri
1160176,314,306,301,304,311,zky,tyc,wju,amx,rsf
1160177,310,311,308,316,307,qkg,rsf,wsl,hcd,tri
1160178,307,316,304,318,314,tri,hcd,amx,itc,zky
1160179,320,319,318,304,302,akn,ajr,itc,amx,qzd
1160180,301,316,317,302,310,wju,hcd,nlg,qzd,qkg
1160181,301,314,310,309,318,wju,zky,qkg,odk,itc
1160182,307,309,312,303,310,tri,odk,clr,acx,qkg
1160183,313,309,318,317,312,gvi,odk,itc,nlg,clr
1160184,310,319,313,309,312,qkg,ajr,gvi,odk,clr
1160185,303,314,311,312,315,acx,zky,rsf,clr,zms
1160186,310,304,314,306,312,qkg,amx,zky,tyc,clr
1160187,312,311,314,306,315,clr,rsf,zky,tyc,zms
1160188,317,307,312,318,309,nlg,tri,clr,itc,odk
1160189,303,308,309,305,311,acx,wsl,odk,lab,rsf
1160190,312,309,313,307,305,clr,odk,gvi,tri,lab
1160191,309,312,304,310,319,odk,clr,amx,qkg,ajr
1160192,316,319,320,317,308,hcd,ajr,akn,nlg,wsl
1160193,307,305,309,317,311,tri,lab,odk,nlg,rsf
1160194,319,315,310,304,303,ajr,zms,qkg,amx,acx
1160195,303,306,307,301,318,acx,tyc,tri,wju,itc
1160196,309,312,314,319,318,odk,clr,zky,ajr,itc
1160197,312,302,313,303,309,clr,qzd,gvi,acx,odk
1160198,320,306,305,303,308,akn,tyc,lab,acx,wsl
1160199,306,318,313,314,317,tyc,itc,gvi,zky,nlg
1160200,313,314,307,318,315,gvi,zky,tri,itc,zms
1160201,320,315,308,319,306,akn,zms,wsl,ajr,tyc
1160202,317,302,307,305,301,nlg,qzd,tri,lab,wju
1160203,317,304,313,306,308,nlg,amx,gvi,tyc,wsl
1160204,302,311,319,309,306,qzd,rsf,ajr,odk,tyc
1160205,308,303,306,305,316,wsl,acx,tyc,lab,hcd
1160206,308,304,310,320,309,wsl,amx,qkg,akn,odk
1160207,311,317,310,314,320,rsf,nlg,qkg,zky,akn
1160208,316,320,313,317,309,hcd,akn,gvi,nlg,odk
1160209,317,312,305,301,314,nlg,clr,lab,wju,zky
1160210,318,302,316,315,309,itc,qzd,hcd,zms,odk
1160211,318,301,310,304,311,itc,wju,qkg,amx,rsf
1160212,314,315,310,319,306,zky,zms,qkg,ajr,tyc
1160213,302,313,308,316,307,qzd,gvi,wsl,hcd,tri
1160214,313,320,303,311,301,gvi,akn,acx,rsf,wju
1160215,314,312,315,319,305,zky,clr,zms,ajr,lab
1160216,301,302,305,311,307,wju,qzd,lab,rsf,tri
1160217,306,317,303,304,305,tyc,nlg,acx,amx,lab
1160218,314,316,318,313,301,zky,hcd,itc,gvi,wju
1160219,318,312,319,305,309,itc,clr,ajr,lab,odk
1160220,310,301,302,309,306,qkg,wju,qzd,odk,tyc
1160221,308,305,307,302,313,wsl,lab,tri,qzd,gvi
1160222,318,315,313,303,305,itc,zms,gvi,acx,lab
1160223,318,307,317,319,301,itc,tri,nlg,ajr,wju
1160224,303,310,311,304,315,acx,qkg,rsf,amx,zms
1160225,305,301,312,317,308,lab,wju,clr,nlg,wsl
1160226,302,311,317,320,309,qzd,rsf,nlg,akn,odk
1160227,304,315,316,314,309,amx,zms,hcd,zky,odk
1160228,319,320,309,312,310,ajr,akn,odk,clr,qkg
1160229,305,304,316,313,312,lab,amx,hcd,gvi,clr
1160230,320,308,319,312,307,akn,wsl,ajr,clr,tri
1160231,310,303,316,302,306,qkg,acx,hcd,qzd,tyc
1160232,315,302,314,313,311,zms,qzd,zky,gvi,rsf
1160233,313,312,314,320,316,gvi,clr,zky,akn,hcd
1160234,320,318,304,313,303,akn,itc,amx,gvi,acx
1160235,309,317,315,304,320,odk,nlg,zms,amx,akn
1160236,318,313,312,317,315,itc,gvi,clr,nlg,zms
1160237,306,319,318,304,301,tyc,ajr,itc,amx,wju
1160238,310,320,305,316,308,qkg,akn,lab,hcd,wsl
1160239,312,303,308,302,305,clr,acx,wsl,qzd,lab
1160240,320,309,308,306,305,akn,odk,wsl,tyc,lab
1160241,304,307,301,314,309,amx,tri,wju,zky,odk
1160242,312,301,310,308,318,clr,wju,qkg,wsl,itc
1160243,314,306,310,318,301,zky,tyc,qkg,itc,wju
1160244,317,315,308,307,313,nlg,zms,wsl,tri,gvi
1160245,317,309,320,311,301,nlg,odk,akn,rsf,wju
1160246,315,313,307,311,317,zms,gvi,tri,rsf,nlg
1160247,304,311,313,312,314,amx,rsf,gvi,clr,zky
1160248,314,310,311,303,307,zky,qkg,rsf,acx,tri
1160249,304,302,316,303,312,amx,qzd,hcd,acx,clr
1160250,308,304,306,320,319,wsl,amx,tyc,akn,ajr
1160251,307,311,318,308,320,tri,rsf,itc,wsl,akn
1160252,302,309,318,315,301,qzd,odk,itc,zms,wju
1160253,315,304,313,312,318,zms,amx,gvi,clr,itc
1160254,306,318,308,305,301,tyc,itc,wsl,lab,wju
1160255,319,301,320,303,313,ajr,wju,akn,acx,gvi
1160256,306,308,313,315,304,tyc,wsl,gvi,zms,amx
1160257,319,303,304,306,317,ajr,acx,amx,tyc,nlg
1160258,314,302,319,305,316,zky,qzd,ajr,lab,hcd
1160259,310,319,306,307,309,qkg,ajr,tyc,tri,odk
1160260,311,308,312,306,305,rsf,wsl,clr,tyc,lab
1160261,305,316,312,304,310,lab,hcd,clr,amx,qkg
1160262,312,310,320,302,317,clr,qkg,akn,qzd,nlg
1160263,310,301,305,317,304,qkg,wju,lab,nlg,amx
1160264,302,319,316,313,320,qzd,ajr,hcd,gvi,akn
1160265,317,310,301,311,304,nlg,qkg,wju,rsf,amx
1160266,308,319,313,314,305,wsl,ajr,gvi,zky,lab
1160267,318,308,309,305,303,itc,wsl,odk,lab,acx
1160268,312,314,301,319,306,clr,zky,wju,ajr,tyc
1160269,302,318,316,308,312,qzd,itc,hcd,wsl,clr
1160270,309,310,311,317,302,odk,qkg,rsf,nlg,qzd
1160271,320,313,305,309,317,akn,gvi,lab,odk,nlg
1160272,303,313,319,306,315,acx,gvi,ajr,tyc,zms
1160273,302,313,304,301,317,qzd,gvi,amx,wju,nlg
1160274,317,316,303,309,319,nlg,hcd,acx,odk,ajr
1160275,302,305,310,309,314,qzd,lab,qkg,odk,zky
1160276,318,303,313,306,305,itc,acx,gvi,tyc,lab
1160277,305,314,307,308,317,lab,zky,tri,wsl,nlg
1160278,314,306,317,311,308,zky,tyc,nlg,rsf,wsl
1160279,301,317,313,304,314,wju,nlg,gvi,amx,zky
1160280,316,303,313,309,312,hcd,acx,gvi,odk,clr
1160281,313,315,309,319,304,gvi,zms,odk,ajr,amx
1160282,309,301,313,306,317,odk,wju,gvi,tyc,nlg
1160283,306,316,301,313,318,tyc,hcd,wju,gvi,itc
1160284,318,315,316,304,310,itc,zms,hcd,amx,qkg
1160285,303,311,308,317,320,acx,rsf,wsl,nlg,akn
1160286,302,315,303,306,317,qzd,zms,acx,tyc,nlg
1160287,308,313,310,316,320,wsl,gvi,qkg,hcd,akn
1160288,306,318,315,320,310,tyc,itc,zms,akn,qkg
1160289,312,305,310,301,313,clr,lab,qkg,wju,gvi
1160290,311,303,319,314,304,rsf,acx,ajr,zky,amx
1160291,311,304,302,309,318,rsf,amx,qzd,odk,itc
1160292,320,310,305,302,309,akn,qkg,lab,qzd,odk
1160293,305,320,312,301,304,lab,akn,clr,wju,amx
1160294,303,301,317,308,314,acx,wju,nlg,wsl,zky
1160295,307,302,320,306,308,tri,qzd,akn,tyc,wsl
1160296,304,315,318,313,316,amx,zms,itc,gvi,hcd
1160297,319,313,317,316,305,ajr,gvi,nlg,hcd,lab
1160298,312,320,319,309,317,clr,akn,ajr,odk,nlg
1160299,302,305,311,310,309,qzd,lab,rsf,qkg,odk
1160300,314,313,319,306,308,zky,gvi,ajr,tyc,wsl
1160301,313,315,316,311,312,gvi,zms,hcd,rsf,clr
1160302,308,310,313,314,311,wsl,qkg,gvi,zky,rsf
1160303,320,302,314,318,301,akn,qzd,zky,itc,wju
1160304,304,308,303,310,309,amx,wsl,acx,qkg,odk
1160305,310,308,311,306,315,qkg,wsl,rsf,tyc,zms
1160306,314,302,306,307,305,zky,qzd,tyc,tri,lab
1160307,314,301,313,312,303,zky,wju,gvi,clr,acx
1160308,317,308,311,313,318,nlg,wsl,rsf,gvi,itc
1160309,311,301,314,312,317,rsf,wju,zky,clr,nlg
1160310,317,313,312,303,302,nlg,gvi,clr,acx,qzd
1160311,316,309,303,306,319,hcd,odk,acx,tyc,ajr
1160312,312,316,315,308,319,clr,hcd,zms,wsl,ajr
1160313,318,303,314,316,311,itc,acx,zky,hcd,rsf
1160314,320,304,314,312,305,akn,amx,zky,clr,lab
1160315,302,307,303,317,318,qzd,tri,acx,nlg,itc
1160316,311,314,305,320,303,rsf,zky,lab,akn,acx
1160317,304,319,302,315,310,amx,ajr,qzd,zms,qkg
1160318,316,317,305,308,309,hcd,nlg,lab,wsl,odk
1160319,305,319,310,314,301,lab,ajr,qkg,zky,wju
1160320,305,315,303,308,307,lab,zms,acx,wsl,tri
1160321,305,310,308,309,319,lab,qkg,wsl,odk,ajr
1160322,312,301,305,320,302,clr,wju,lab,akn,qzd
1160323,304,310,320,306,311,amx,qkg,akn,tyc,rsf
1160324,310,314,307,313,318,qkg,zky,tri,gvi,itc
1160325,304,310,311,313,316,amx,qkg,rsf,gvi,hcd
1160326,319,313,305,307,308,ajr,gvi,lab,tri,wsl
1160327,319,309,320,301,310,ajr,odk,akn,wju,qkg
1160328,304,303,312,301,319,amx,acx,clr,wju,ajr
1160329,318,319,316,304,320,itc,ajr,hcd,amx,akn
1160330,304,310,305,313,311,amx,qkg,lab,gvi,rsf
1160331,320,301,305,302,304,akn,wju,lab,qzd,amx
1160332,320,311,319,315,316,akn,rsf,ajr,zms,hcd
1160333,306,304,314,310,316,tyc,amx,zky,qkg,hcd
1160334,313,307,316,311,312,gvi,tri,hcd,rsf,clr
1160335,314,305,316,309,302,zky,lab,hcd,odk,qzd
1160336,304,319,302,305,311,amx,ajr,qzd,lab,rsf
1160337,303,315,301,308,313,acx,zms,wju,wsl,gvi
1160338,301,314,305,320,306,wju,zky,lab,akn,tyc
1160339,309,304,315,320,306,odk,amx,zms,akn,tyc
1160340,304,312,318,303,316,amx,clr,itc,acx,hcd
1160341,310,312,318,303,301,qkg,clr,itc,acx,wju
1160342,320,304,308,317,313,akn,amx,wsl,nlg,gvi
1160343,310,307,320,317,308,qkg,tri,akn,nlg,wsl
1160344,310,320,313,314,319,qkg,akn,gvi,zky,ajr
1160345,316,307,305,318,302,hcd,tri,lab,itc,qzd
1160346,312,308,314,311,309,clr,wsl,zky,rsf,odk
1160347,316,311,305,304,318,hcd,rsf,lab,amx,itc
1160348,316,308,302,303,304,hcd,wsl,qzd,acx,amx
1160349,320,319,313,311,316,akn,ajr,gvi,rsf,hcd
1160350,305,303,313,308,310,lab,acx,gvi,wsl,qkg
1160351,320,309,310,307,311,akn,odk,qkg,tri,rsf
1160352,315,310,307,309,304,zms,qkg,tri,odk,amx
1160353,314,320,308,306,316,zky,akn,wsl,tyc,hcd
1160354,319,315,310,313,302,ajr,zms,qkg,gvi,qzd
1160355,301,310,308,313,319,wju,qkg,wsl,gvi,ajr
1160356,316,307,308,306,320,hcd,tri,wsl,tyc,akn
1160357,319,305,316,306,301,ajr,lab,hcd,tyc,wju
1160358,308,315,305,313,309,wsl,zms,lab,gvi,odk
1160359,317,312,302,319,318,nlg,clr,qzd,ajr,itc
1160360,311,312,304,308,320,rsf,clr,amx,wsl,akn
1160361,305,317,302,316,315,lab,nlg,qzd,hcd,zms
1160362,318,306,319,314,311,itc,tyc,ajr,zky,rsf
1160363,314,317,307,306,313,zky,nlg,tri,tyc,gvi
1160364,307,316,314,302,301,tri,hcd,zky,qzd,wju
1160365,305,303,310,308,312,lab,acx,qkg,wsl,clr
1160366,315,314,313,309,307,zms,zky,gvi,odk,tri
1160367,315,309,314,305,318,zms,odk,zky,lab,itc
1160368,319,311,313,304,320,ajr,rsf,gvi,amx,akn
1160369,309,318,303,307,304,odk,itc,acx,tri,amx
1160370,302,316,319,301,314,qzd,hcd,ajr,wju,zky
1160371,302,317,320,309,310,qzd,nlg,akn,odk,qkg
1160372,302,312,311,315,317,qzd,clr,rsf,zms,nlg
1160373,301,319,304,302,312,wju,ajr,amx,qzd,clr
1160374,315,305,310,313,317,zms,lab,qkg,gvi,nlg
1160375,317,309,302,308,305,nlg,odk,qzd,wsl,lab
1160376,311,318,306,307,301,rsf,itc,tyc,tri,wju
1160377,313,320,310,306,308,gvi,akn,qkg,tyc,wsl
1160378,310,313,303,304,316,qkg,gvi,acx,amx,hcd
1160379,310,317,307,318,316,qkg,nlg,tri,itc,hcd
1160380,311,315,305,306,307,rsf,zms,lab,tyc,tri
1160381,311,303,317,309,318,rsf,acx,nlg,odk,itc
1160382,302,313,303,312,319,qzd,gvi,acx,clr,ajr
1160383,312,307,320,313,304,clr,tri,akn,gvi,amx
1160384,304,302,306,311,309,amx,qzd,tyc,rsf,odk
1160385,307,311,306,319,316,tri,rsf,tyc,ajr,hcd
1160386,307,317,308,319,318,tri,nlg,wsl,ajr,itc
1160387,320,310,315,304,309,akn,qkg,zms,amx,odk
1160388,309,304,314,319,310,odk,amx,zky,ajr,qkg
1160389,320,311,302,312,317,akn,rsf,qzd,clr,nlg
1160390,316,311,318,305,307,hcd,rsf,itc,lab,tri
1160391,304,306,316,302,307,amx,tyc,hcd,qzd,tri
1160392,302,304,314,307,317,qzd,amx,zky,tri,nlg
1160393,315,309,313,311,318,zms,odk,gvi,rsf,itc
1160394,303,302,314,316,307,acx,qzd,zky,hcd,tri
1160395,315,313,308,319,311,zms,gvi,wsl,ajr,rsf
1160396,317,308,305,312,301,nlg,wsl,lab,clr,wju
1160397,316,305,308,311,315,hcd,lab,wsl,rsf,zms
1160398,317,318,305,301,303,nlg,itc,lab,wju,acx
1160399,303,317,306,311,304,acx,nlg,tyc,rsf,amx
1160400,306,317,309,316,307,tyc,nlg,odk,hcd,tri
1160401,302,314,310,319,317,qzd,zky,qkg,ajr,nlg
1160402,315,318,305,302,313,zms,itc,lab,qzd,gvi
1160403,319,308,303,311,305,ajr,wsl,acx,rsf,lab
1160404,309,310,317,311,313,odk,qkg,nlg,rsf,gvi
1160405,316,303,302,312,307,hcd,acx,qzd,clr,tri
1160406,313,317,318,319,315,gvi,nlg,itc,ajr,zms
1160407,308,304,307,302,316,wsl,amx,tri,qzd,hcd
1160408,303,307,318,310,313,acx,tri,itc,qkg,gvi
1160409,301,305,313,319,303,wju,lab,gvi,ajr,acx
1160410,307,308,303,318,311,tri,wsl,acx,itc,rsf
1160411,306,311,303,312,302,tyc,rsf,acx,clr,qzd
1160412,312,317,305,301,310,clr,nlg,lab,wju,qkg
1160413,317,308,318,311,320,nlg,wsl,itc,rsf,akn
1160414,305,316,310,301,315,lab,hcd,qkg,wju,zms
1160415,301,313,310,308,306,wju,gvi,qkg,wsl,tyc
1160416,314,306,307,315,305,zky,tyc,tri,zms,lab
1160417,308,304,316,303,302,wsl,amx,hcd,acx,qzd
1160418,304,320,306,313,302,amx,akn,tyc,gvi,qzd
1160419,320,303,312,317,316,akn,acx,clr,nlg,hcd
1160420,320,318,309,317,301,akn,itc,odk,nlg,wju
1160421,318,311,319,316,301,itc,rsf,ajr,hcd,wju
1160422,309,305,308,310,311,odk,lab,wsl,qkg,rsf
1160423,312,311,303,301,305,clr,rsf,acx,wju,lab
1160424,320,308,318,301,305,akn,wsl,itc,wju,lab
1160425,313,301,306,320,317,gvi,wju,tyc,akn,nlg
1160426,308,312,310,316,306,wsl,clr,qkg,hcd,tyc
1160427,309,314,304,318,316,odk,zky,amx,itc,hcd
1160428,317,311,316,308,305,nlg,rsf,hcd,wsl,lab
1160429,305,304,316,307,314,lab,amx,hcd,tri,zky
1160430,317,304,309,310,315,nlg,amx,odk,qkg,zms
1160431,314,305,306,313,309,zky,lab,tyc,gvi,odk
1160432,311,317,318,305,313,rsf,nlg,itc,lab,gvi
1160433,316,302,301,310,320,hcd,qzd,wju,qkg,akn
1160434,311,310,313,304,306,rsf,qkg,gvi,amx,tyc
1160435,303,304,320,318,315,acx,amx,akn,itc,zms
1160436,304,319,307,302,315,amx,ajr,tri,qzd,zms
1160437,320,308,302,305,301,akn,wsl,qzd,lab,wju
1160438,309,305,316,317,301,odk,lab,hcd,nlg,wju
1160439,313,306,302,318,301,gvi,tyc,qzd,itc,wju
1160440,301,320,303,312,302,wju,akn,acx,clr,qzd
1160441,303,307,311,313,320,acx,tri,rsf,gvi,akn
1160442,305,304,310,315,318,lab,amx,qkg,zms,itc
1160443,311,303,307,302,305,rsf,acx,tri,qzd,lab
1160444,308,304,319,306,301,wsl,amx,ajr,tyc,wju
1160445,311,305,318,317,316,rsf,lab,itc,nlg,hcd
1160446,320,312,314,301,302,akn,clr,zky,wju,qzd
1160447,315,318,307,305,303,zms,itc,tri,lab,acx
1160448,318,319,312,317,304,itc,ajr,clr,nlg,amx
1160449,304,316,311,313,318,amx,hcd,rsf,gvi,itc
1160450,301,319,316,302,317,wju,ajr,hcd,qzd,nlg
1160451,311,314,301,303,316,rsf,zky,wju,acx,hcd
1160452,315,308,314,311,318,zms,wsl,zky,rsf,itc
1160453,312,308,302,305,317,clr,wsl,qzd,lab,nlg
1160454,313,310,316,317,309,gvi,qkg,hcd,nlg,odk
1160455,316,308,303,310,302,hcd,wsl,acx,qkg,qzd
1160456,317,307,312,301,310,nlg,tri,clr,wju,qkg
1160457,319,304,301,310,308,ajr,amx,wju,qkg,wsl
1160458,320,305,302,319,310,akn,lab,qzd,ajr,qkg
1160459,310,303,301,309,314,qkg,acx,wju,odk,zky
1160460,313,312,302,314,318,gvi,clr,qzd,zky,itc
1160461,320,310,315,319,305,akn,qkg,zms,ajr,lab
1160462,305,315,308,314,317,lab,zms,wsl,zky,nlg
1160463,320,318,306,317,314,akn,itc,tyc,nlg,zky
1160464,309,316,312,302,320,odk,hcd,clr,qzd,akn
1160465,307,304,314,313,305,tri,amx,zky,gvi,lab
1160466,314,320,311,316,303,zky,akn,rsf,hcd,acx
1160467,308,320,305,306,318,wsl,akn,lab,tyc,itc
1160468,312,305,314,310,313,clr,lab,zky,qkg,gvi
1160469,309,308,303,313,320,odk,wsl,acx,gvi,akn
1160470,312,307,308,317,316,clr,tri,wsl,nlg,hcd
1160471,319,302,313,307,304,ajr,qzd,gvi,tri,amx
1160472,303,309,315,318,311,acx,odk,zms,itc,rsf
1160473,317,308,311,309,314,nlg,wsl,rsf,odk,zky
1160474,305,320,309,314,313,lab,akn,odk,zky,gvi
1160475,312,307,318,315,301,clr,tri,itc,zms,wju
1160476,317,307,315,303,316,nlg,tri,zms,acx,hcd
1160477,308,319,304,312,310,wsl,ajr,amx,clr,qkg
1160478,315,312,302,319,311,zms,clr,qzd,ajr,rsf
1160479,302,311,317,303,305,qzd,rsf,nlg,acx,lab
1160480,320,315,316,303,312,akn,zms,hcd,acx,clr
1160481,301,319,314,303,306,wju,ajr,zky,acx,tyc
1160482,309,311,305,316,320,odk,rsf,lab,hcd,akn
1160483,318,311,314,313,304,itc,rsf,zky,gvi,amx
1160484,320,310,316,303,313,akn,qkg,hcd,acx,gvi
1160485,309,310,303,308,316,odk,qkg,acx,wsl,hcd
1160486,303,311,309,316,306,acx,rsf,odk,hcd,tyc
1160487,317,302,301,318,303,nlg,qzd,wju,itc,acx
1160488,307,304,303,319,318,tri,amx,acx,ajr,itc
1160489,312,305,314,319,306,clr,lab,zky,ajr,tyc
1160490,307,314,305,313,317,tri,zky,lab,gvi,nlg
1160491,304,305,306,320,316,amx,lab,tyc,akn,hcd
1160492,308,313,303,309,302,wsl,gvi,acx,odk,qzd
1160493,317,308,313,314,307,nlg,wsl,gvi,zky,tri
1160494,301,302,318,312,314,wju,qzd,itc,clr,zky
1160495,320,308,315,310,313,akn,wsl,zms,qkg,gvi
1160496,314,312,309,320,302,zky,clr,odk,akn,qzd
1160497,303,314,305,318,312,acx,zky,lab,itc,clr
1160498,313,301,311,320,314,gvi,wju,rsf,akn,zky
1160499,304,311,301,319,305,amx,rsf,wju,ajr,lab
1160500,307,318,304,308,316,tri,itc,amx,wsl,hcd
1160501,311,317,306,307,309,rsf,nlg,tyc,tri,odk
1160502,314,306,309,315,308,zky,tyc,odk,zms,wsl
1160503,311,316,307,308,320,rsf,hcd,tri,wsl,akn
1160504,315,318,305,313,317,zms,itc,lab,gvi,nlg
1160505,316,304,317,302,306,hcd,amx,nlg,qzd,tyc
1160506,310,312,313,320,317,qkg,clr,gvi,akn,nlg
1160507,314,312,304,310,308,zky,clr,amx,qkg,wsl
1160508,315,309,302,320,319,zms,odk,qzd,akn,ajr
1160509,315,312,309,317,310,zms,clr,odk,nlg,qkg
1160510,306,304,302,303,313,tyc,amx,qzd,acx,gvi
1160511,311,302,309,312,303,rsf,qzd,odk,clr,acx
1160512,306,313,314,305,310,tyc,gvi,zky,lab,qkg
1160513,315,319,303,312,318,zms,ajr,acx,clr,itc
1160514,308,311,310,307,302,wsl,rsf,qkg,tri,qzd
1160515,317,318,306,319,303,nlg,itc,tyc,ajr,acx
1160516,307,301,304,311,316,tri,wju,amx,rsf,hcd
1160517,317,304,310,308,312,nlg,amx,qkg,wsl,clr
1160518,319,316,301,306,313,ajr,hcd,wju,tyc,gvi
1160519,311,304,309,316,312,rsf,amx,odk,hcd,clr
1160520,310,307,317,308,319,qkg,tri,nlg,wsl,ajr
1160521,318,305,315,306,309,itc,lab,zms,tyc,odk
1160522,314,309,306,305,311,zky,odk,tyc,lab,rsf
1160523,314,312,302,311,317,zky,clr,qzd,rsf,nlg
1160524,306,319,305,310,309,tyc,ajr,lab,qkg,odk
1160525,314,307,302,312,301,zky,tri,qzd,clr,wju
1160526,312,304,306,307,319,clr,amx,tyc,tri,ajr
1160527,301,313,303,309,310,wju,gvi,acx,odk,qkg
1160528,303,316,319,310,311,acx,hcd,ajr,qkg,rsf
1160529,308,318,310,303,304,wsl,itc,qkg,acx,amx
1160530,309,311,301,314,320,odk,rsf,wju,zky,akn
1160531,316,305,303,307,313,hcd,lab,acx,tri,gvi
1160532,306,304,309,305,313,tyc,amx,odk,lab,gvi
1160533,317,314,318,309,312,nlg,zky,itc,odk,clr
1160534,318,307,309,306,314,itc,tri,odk,tyc,zky
1160535,305,318,311,316,314,lab,itc,rsf,hcd,zky
1160536,317,313,319,307,303,nlg,gvi,ajr,tri,acx
1160537,303,306,302,310,304,acx,tyc,qzd,qkg,amx
1160538,312,314,313,303,319,clr,zky,gvi,acx,ajr
1160539,303,305,317,307,316,acx,lab,nlg,tri,hcd
1160540,318,312,307,319,317,itc,clr,tri,ajr,nlg
1160541,313,311,315,309,308,gvi,rsf,zms,odk,wsl
1160542,303,312,315,317,306,acx,clr,zms,nlg,tyc
1160543,317,306,310,301,319,nlg,tyc,qkg,wju,ajr
1160544,316,309,304,307,303,hcd,odk,amx,tri,acx
1160545,318,305,316,304,312,itc,lab,hcd,amx,clr
1160546,301,317,307,319,320,wju,nlg,tri,ajr,akn
1160547,307,303,306,301,311,tri,acx,tyc,wju,rsf
1160548,315,301,302,316,306,zms,wju,qzd,hcd,tyc
1160549,308,302,315,301,313,wsl,qzd,zms,wju,gvi
1160550,320,309,302,313,312,akn,odk,qzd,gvi,clr
1160551,311,310,312,319,320,rsf,qkg,clr,ajr,akn
1160552,315,306,318,313,309,zms,tyc,itc,gvi,odk
1160553,302,310,320,314,309,qzd,qkg,akn,zky,odk
1160554,307,318,301,310,319,tri,itc,wju,qkg,ajr
1160555,303,319,306,320,302,acx,ajr,tyc,akn,qzd
1160556,319,312,304,303,310,ajr,clr,amx,acx,qkg
1160557,320,304,306,301,319,akn,amx,tyc,wju,ajr
1160558,307,302,303,301,315,tri,qzd,acx,wju,zms
1160559,312,313,307,320,311,clr,gvi,tri,akn,rsf
1160560,302,320,312,315,318,qzd,akn,clr,zms,itc
1160561,303,307,320,310,309,acx,tri,akn,qkg,odk
1160562,302,306,317,311,303,qzd,tyc,nlg,rsf,acx
1160563,311,304,319,318,312,rsf,amx,ajr,itc,clr
1160564,305,309,310,314,320,lab,odk,qkg,zky,akn
1160565,307,303,313,308,312,tri,acx,gvi,wsl,clr
1160566,314,319,316,308,313,zky,ajr,hcd,wsl,gvi
1160567,306,301,302,308,307,tyc,wju,qzd,wsl,tri
1160568,303,302,304,310,311,acx,qzd,amx,qkg,rsf
1160569,302,309,308,311,314,qzd,odk,wsl,rsf,zky
1160570,313,320,318,311,302,gvi,akn,itc,rsf,qzd
1160571,302,307,310,320,319,qzd,tri,qkg,akn,ajr
1160572,306,314,312,304,301,tyc,zky,clr,amx,wju
1160573,314,303,305,311,304,zky,acx,lab,rsf,amx
1160574,310,312,306,308,313,qkg,clr,tyc,wsl,gvi
1160575,305,304,302,320,306,lab,amx,qzd,akn,tyc
1160576,308,318,320,315,319,wsl,itc,akn,zms,ajr
1160577,320,310,304,309,313,akn,qkg,amx,odk,gvi
1160578,314,317,316,310,309,zky,nlg,hcd,qkg,odk
1160579,316,306,319,309,320,hcd,tyc,ajr,odk,akn
1160580,304,305,314,301,316,amx,lab,zky,wju,hcd
1160581,306,310,305,315,302,tyc,qkg,lab,zms,qzd
1160582,306,316,305,315,304,tyc,hcd,lab,zms,amx
1160583,301,303,320,316,318,wju,acx,akn,hcd,itc
1160584,315,316,305,303,302,zms,hcd,lab,acx,qzd
1160585,320,308,307,309,303,akn,wsl,tri,odk,acx
1160586,312,315,306,301,316,clr,zms,tyc,wju,hcd
1160587,309,307,303,317,304,odk,tri,acx,nlg,amx
1160588,317,312,314,306,310,nlg,clr,zky,tyc,qkg
1160589,319,301,305,310,314,ajr,wju,lab,qkg,zky
1160590,317,305,316,304,307,nlg,lab,hcd,amx,tri
1160591,310,301,316,307,317,qkg,wju,hcd,tri,nlg
1160592,315,309,320,318,305,zms,odk,akn,itc,lab
1160593,306,305,317,308,302,tyc,lab,nlg,wsl,qzd
1160594,312,319,306,317,314,clr,ajr,tyc,nlg,zky
1160595,308,319,314,309,311,wsl,ajr,zky,odk,rsf
1160596,315,306,301,309,316,zms,tyc,wju,odk,hcd
1160597,314,303,310,307,308,zky,acx,qkg,tri,wsl
1160598,309,305,307,312,314,odk,lab,tri,clr,zky
1160599,317,303,313,312,308,nlg,acx,gvi,clr,wsl
1160600,315,316,304,318,301,zms,hcd,amx,itc,wju
1170001,326,329,328,339,333,ckj,xsk,mby,dhp,nzm
1170002,336,330,333,321,332,eby,yjw,nzm,ogq,rhk
1170003,328,327,330,333,321,mby,hbe,yjw,nzm,ogq
1170004,330,332,331,327,329,yjw,rhk,shm,hbe,xsk
1170005,323,327,337,331,336,uvx,hbe,bws,shm,eby
1170006,326,329,328,321,333,ckj,xsk,mby,ogq,nzm
1170007,339,328,338,325,332,dhp,mby,nwr,ekg,rhk
1170008,336,333,322,323,326,eby,nzm,tln,uvx,ckj
1170009,330,327,321,326,322,yjw,hbe,ogq,ckj,tln
1170010,327,322,339,328,324,hbe,tln,dhp,mby,gli
1170011,330,327,339,325,329,yjw,hbe,dhp,ekg,xsk
1170012,335,323,327,325,329,vjx,uvx,hbe,ekg,xsk
1170013,340,325,327,326,338,bwz,ekg,hbe,ckj,nwr
1170014,326,335,331,327,329,ckj,vjx,shm,hbe,xsk
1170015,340,330,339,329,334,bwz,yjw,dhp,xsk,yjm
1170016,335,338,337,324,322,vjx,nwr,bws,gli,tln
1170017,332,333,329,330,335,rhk,nzm,xsk,yjw,vjx
1170018,324,339,335,334,337,gli,dhp,vjx,yjm,bws
1170019,331,339,327,323,328,shm,dhp,hbe,uvx,mby
1170020,336,331,337,329,325,eby,shm,bws,xsk,ekg
1170021,324,326,335,322,339,gli,ckj,vjx,tln,dhp
1170022,325,340,323,333,330,ekg,bwz,uvx,nzm,yjw
1170023,334,332,326,323,337,yjm,rhk,ckj,uvx,bws
1170024,339,333,328,329,321,dhp,nzm,mby,xsk,ogq
1170025,330,340,337,336,322,yjw,bwz,bws,eby,tln
1170026,322,328,338,325,337,tln,mby,nwr,ekg,bws
1170027,323,336,333,327,330,uvx,eby,nzm,hbe,yjw
1170028,324,334,331,332,326,gli,yjm,shm,rhk,ckj
1170029,340,322,324,330,334,bwz,tln,gli,yjw,yjm
1170030,331,321,327,333,334,shm,ogq,hbe,nzm,yjm
1170031,340,332,322,328,325,bwz,rhk,tln,mby,ekg
1170032,340,331,335,328,324,bwz,shm,vjx,mby,gli
1170033,321,327,331,333,326,ogq,hbe,shm,nzm,ckj
1170034,331,334,327,332,335,shm,yjm,hbe,rhk,vjx
1170035,336,329,324,340,339,eby,xsk,gli,bwz,dhp
1170036,321,332,333,331,339,ogq,rhk,nzm,shm,dhp
1170037,340,330,332,327,324,bwz,yjw,rhk,hbe,gli
1170038,328,322,333,327,339,mby,tln,nzm,hbe,dhp
1170039,331,327,322,338,321,shm,hbe,tln,nwr,ogq
1170040,326,329,321,324,334,ckj,xsk,ogq,gli,yjm
1170041,322,335,338,328,321,tln,vjx,nwr,mby,ogq
1170042,327,321,330,323,331,hbe,ogq,yjw,uvx,shm
1170043,340,326,338,325,336,bwz,ckj,nwr,ekg,eby
1170044,337,339,329,324,336,bws,dhp,xsk,gli,eby
1170045,335,330,333,321,337,vjx,yjw,nzm,ogq,bws
1170046,321,338,340,334,329,ogq,nwr,bwz,yjm,xsk
1170047,340,322,329,336,328,bwz,tln,xsk,eby,mby
1170048,322,323,340,325,339,tln,uvx,bwz,ekg,dhp
1170049,334,332,322,326,324,yjm,rhk,tln,ckj,gli
1170050,325,329,331,324,336,ekg,xsk,shm,gli,eby
1170051,340,333,325,328,330,bwz,nzm,ekg,mby,yjw
1170052,337,326,332,321,340,bws,ckj,rhk,ogq,bwz
1170053,332,325,323,329,335,rhk,ekg,uvx,xsk,vjx
1170054,327,338,337,328,321,hbe,nwr,bws,mby,ogq
1170055,339,331,333,329,335,dhp,shm,nzm,xsk,vjx
1170056,325,334,338,330,327,ekg,yjm,nwr,yjw,hbe
1170057,329,328,326,338,331,xsk,mby,ckj,nwr,shm
1170058,339,328,338,332,321,dhp,mby,nwr,rhk,ogq
1170059,339,321,325,322,330,dhp,ogq,ekg,tln,yjw
1170060,333,339,332,326,322,nzm,dhp,rhk,ckj,tln
1170061,322,326,339,329,323,tln,ckj,dhp,xsk,uvx
1170062,334,336,340,321,337,yjm,eby,bwz,ogq,bws
1170063,331,334,333,340,322,shm,yjm,nzm,bwz,tln
1170064,325,340,338,328,329,ekg,bwz,nwr,mby,xsk
1170065,337,321,336,326,330,bws,ogq,eby,ckj,yjw
1170066,331,322,326,340,336,shm,tln,ckj,bwz,eby
1170067,334,333,326,332,321,yjm,nzm,ckj,rhk,ogq
1170068,334,325,327,330,323,yjm,ekg,hbe,yjw,uvx
1170069,328,324,336,321,331,mby,gli,eby,ogq,shm
1170070,321,335,325,331,334,ogq,vjx,ekg,shm,yjm
1170071,336,323,331,332,339,eby,uvx,shm,rhk,dhp
1170072,328,340,327,335,333,mby,bwz,hbe,vjx,nzm
1170073,334,327,333,339,329,yjm,hbe,nzm,dhp,xsk
1170074,339,335,336,322,333,dhp,vjx,eby,tln,nzm
1170075,340,330,339,334,332,bwz,yjw,dhp,yjm,rhk
1170076,334,337,336,338,326,yjm,bws,eby,nwr,ckj
1170077,339,331,337,322,334,dhp,shm,bws,tln,yjm
1170078,329,334,337,326,336,xsk,yjm,bws,ckj,eby
1170079,329,337,326,322,325,xsk,bws,ckj,tln,ekg
1170080,325,322,327,338,340,ekg,tln,hbe,nwr,bwz
1170081,323,339,322,328,332,uvx,dhp,tln,mby,rhk
1170082,330,340,333,327,325,yjw,bwz,nzm,hbe,ekg
1170083,324,332,329,327,339,gli,rhk,xsk,hbe,dhp
1170084,338,322,321,337,327,nwr,tln,ogq,bws,hbe
1170085,339,325,335,338,328,dhp,ekg,vjx,nwr,mby
1170086,327,322,325,329,340,hbe,tln,ekg,xsk,bwz
1170087,331,337,340,333,322,shm,bws,bwz,nzm,tln
1170088,322,326,338,333,323,tln,ckj,nwr,nzm,uvx
1170089,329,339,323,327,324,xsk,dhp,uvx,hbe,gli
1170090,334,336,324,321,322,yjm,eby,gli,ogq,tln
1170091,338,335,333,334,331,nwr,vjx,nzm,yjm,shm
1170092,339,333,324,338,323,dhp,nzm,gli,nwr,uvx
1170093,323,334,326,324,321,uvx,yjm,ckj,gli,ogq
1170094,334,324,337,331,322,yjm,gli,bws,shm,tln
1170095,327,324,323,332,331,hbe,gli,uvx,rhk,shm
1170096,335,321,336,331,323,vjx,ogq,eby,shm,uvx
1170097,326,323,328,337,329,ckj,uvx,mby,bws,xsk
1170098,335,323,327,324,333,vjx,uvx,hbe,gli,nzm
1170099,336,338,325,335,337,eby,nwr,ekg,vjx,bws
1170100,337,333,329,321,325,bws,nzm,xsk,ogq,ekg
1170101,321,334,323,327,340,ogq,yjm,uvx,hbe,bwz
1170102,336,340,321,322,326,eby,bwz,ogq,tln,ckj
1170103,327,335,325,338,332,hbe,vjx,ekg,nwr,rhk
1170104,329,327,321,325,326,xsk,hbe,ogq,ekg,ckj
1170105,330,340,323,331,327,yjw,bwz,uvx,shm,hbe
1170106,328,333,324,327,340,mby,nzm,gli,hbe,bwz
1170107,331,324,337,333,328,shm,gli,bws,nzm,mby
1170108,327,338,334,332,335,hbe,nwr,yjm,rhk,vjx
1170109,333,327,321,335,337,nzm,hbe,ogq,vjx,bws
1170110,330,321,334,335,333,yjw,ogq,yjm,vjx,nzm
1170111,338,323,334,328,321,nwr,uvx,yjm,mby,ogq
1170112,329,337,327,330,326,xsk,bws,hbe,yjw,ckj
1170113,332,324,337,336,328,rhk,gli,bws,eby,mby
1170114,336,340,325,333,337,eby,bwz,ekg,nzm,bws
1170115,335,333,334,330,329,vjx,nzm,yjm,yjw,xsk
1170116,339,338,331,340,321,dhp,nwr,shm,bwz,ogq
1170117,321,325,333,328,327,ogq,ekg,nzm,mby,hbe
1170118,330,338,329,336,340,yjw,nwr,xsk,eby,bwz
1170119,335,324,332,331,323,vjx,gli,rhk,shm,uvx
1170120,332,337,330,326,331,rhk,bws,yjw,ckj,shm
1170121,338,325,321,330,326,nwr,ekg,ogq,yjw,ckj
1170122,328,322,338,339,334,mby,tln,nwr,dhp,yjm
1170123,338,330,326,333,329,nwr,yjw,ckj,nzm,xsk
1170124,328,333,332,329,324,mby,nzm,rhk,xsk,gli
1170125,338,322,335,321,333,nwr,tln,vjx,ogq,nzm
1170126,329,323,328,337,325,xsk,uvx,mby,bws,ekg
1170127,332,326,339,329,335,rhk,ckj,dhp,xsk,vjx
1170128,336,334,332,328,327,eby,yjm,rhk,mby,hbe
1170129,340,323,322,330,321,bwz,uvx,tln,yjw,ogq
1170130,340,330,329,337,339,bwz,yjw,xsk,bws,dhp
1170131,335,330,329,334,333,vjx,yjw,xsk,yjm,nzm
1170132,327,330,322,329,325,hbe,yjw,tln,xsk,ekg
1170133,330,329,337,323,333,yjw,xsk,bws,uvx,nzm
1170134,327,324,322,336,334,hbe,gli,tln,eby,yjm
1170135,336,323,331,337,332,eby,uvx,shm,bws,rhk
1170136,327,328,340,331,325,hbe,mby,bwz,shm,ekg
1170137,330,334,321,339,324,yjw,yjm,ogq,dhp,gli
1170138,334,329,321,333,330,yjm,xsk,ogq,nzm,yjw
1170139,332,328,337,325,333,rhk,mby,bws,ekg,nzm
1170140,321,324,329,336,326,ogq,gli,xsk,eby,ckj
1170141,332,336,327,335,338,rhk,eby,hbe,vjx,nwr
1170142,338,326,336,339,331,nwr,ckj,eby,dhp,shm
1170143,340,324,323,337,322,bwz,gli,uvx,bws,tln
1170144,337,327,321,330,331,bws,hbe,ogq,yjw,shm
1170145,330,335,328,321,324,yjw,vjx,mby,ogq,gli
1170146,332,329,330,334,324,rhk,xsk,yjw,yjm,gli
1170147,334,329,336,339,333,yjm,xsk,eby,dhp,nzm
1170148,322,334,330,329,323,tln,yjm,yjw,xsk,uvx
1170149,337,322,329,331,325,bws,tln,xsk,shm,ekg
1170150,336,329,334,335,328,eby,xsk,yjm,vjx,mby
1170151,325,321,338,327,339,ekg,ogq,nwr,hbe,dhp
1170152,327,322,330,329,331,hbe,tln,yjw,xsk,shm
1170153,327,324,323,337,340,hbe,gli,uvx,bws,bwz
1170154,332,324,329,337,336,rhk,gli,xsk,bws,eby
1170155,322,331,325,334,332,tln,shm,ekg,yjm,rhk
1170156,321,324,331,336,323,ogq,gli,shm,eby,uvx
1170157,332,328,327,336,337,rhk,mby,hbe,eby,bws
1170158,326,330,323,332,334,ckj,yjw,uvx,rhk,yjm
1170159,332,330,334,326,322,rhk,yjw,yjm,ckj,tln
1170160,334,333,328,327,337,yjm,nzm,mby,hbe,bws
1170161,337,327,331,332,325,bws,hbe,shm,rhk,ekg
1170162,338,329,327,334,336,nwr,xsk,hbe,yjm,eby
1170163,321,334,325,326,324,ogq,yjm,ekg,ckj,gli
1170164,325,340,328,324,329,ekg,bwz,mby,gli,xsk
1170165,335,329,332,331,321,vjx,xsk,rhk,shm,ogq
1170166,326,340,338,323,334,ckj,bwz,nwr,uvx,yjm
1170167,326,338,330,339,329,ckj,nwr,yjw,dhp,xsk
1170168,339,338,337,327,333,dhp,nwr,bws,hbe,nzm
1170169,336,340,338,330,331,eby,bwz,nwr,yjw,shm
1170170,339,324,336,340,335,dhp,gli,eby,bwz,vjx
1170171,330,337,335,324,336,yjw,bws,vjx,gli,eby
1170172,333,326,332,335,336,nzm,ckj,rhk,vjx,eby
1170173,328,332,335,333,331,mby,rhk,vjx,nzm,shm
1170174,340,334,329,339,327,bwz,yjm,xsk,dhp,hbe
1170175,334,336,338,323,327,yjm,eby,nwr,uvx,hbe
1170176,334,326,321,324,331,yjm,ckj,ogq,gli,shm
1170177,330,331,328,336,327,yjw,shm,mby,eby,hbe
1170178,327,336,324,338,334,hbe,eby,gli,nwr,yjm
1170179,340,339,338,324,322,bwz,dhp,nwr,gli,tln
1170180,321,336,337,322,330,ogq,eby,bws,tln,yjw
1170181,321,334,330,329,338,ogq,yjm,yjw,xsk,nwr
1170182,327,329,332,323,330,hbe,xsk,rhk,uvx,yjw
1170183,333,329,338,337,332,nzm,xsk,nwr,bws,rhk
1170184,330,339,333,329,332,yjw,dhp,nzm,xsk,rhk
1170185,323,334,331,332,335,uvx,yjm,shm,rhk,vjx
1170186,330,324,334,326,332,yjw,gli,yjm,ckj,rhk
1170187,332,331,334,326,335,rhk,shm,yjm,ckj,vjx
1170188,337,327,332,338,329,bws,hbe,rhk,nwr,xsk
1170189,323,328,329,325,331,uvx,mby,xsk,ekg,shm
1170190,332,329,333,327,325,rhk,xsk,nzm,hbe,ekg
1170191,329,332,324,330,339,xsk,rhk,gli,yjw,dhp
1170192,336,339,340,337,328,eby,dhp,bwz,bws,mby
1170193,327,325,329,337,331,hbe,ekg,xsk,bws,shm
1170194,339,335,330,324,323,dhp,vjx,yjw,gli,uvx
1170195,323,326,327,321,338,uvx,ckj,hbe,ogq,nwr
1170196,329,332,334,339,338,xsk,rhk,yjm,dhp,nwr
1170197,332,322,333,323,329,rhk,tln,nzm,uvx,xsk
1170198,340,326,325,323,328,bwz,ckj,ekg,uvx,mby
1170199,326,338,333,334,337,ckj,nwr,nzm,yjm,bws
1170200,333,334,327,338,335,nzm,yjm,hbe,nwr,vjx
1170201,340,335,328,339,326,bwz,vjx,mby,dhp,ckj
1170202,337,322,327,325,321,bws,tln,hbe,ekg,ogq
1170203,337,324,333,326,328,bws,gli,nzm,ckj,mby
1170204,322,331,339,329,326,tln,shm,dhp,xsk,ckj
1170205,328,323,326,325,336,mby,uvx,ckj,ekg,eby
1170206,328,324,330,340,329,mby,gli,yjw,bwz,xsk
1170207,331,337,330,334,340,shm,bws,yjw,yjm,bwz
1170208,336,340,333,337,329,eby,bwz,nzm,bws,xsk
1170209,337,332,325,321,334,bws,rhk,ekg,ogq,yjm
1170210,338,322,336,335,329,nwr,tln,eby,vjx,xsk
1170211,338,321,330,324,331,nwr,ogq,yjw,gli,shm
1170212,334,335,330,339,326,yjm,vjx,yjw,dhp,ckj
1170213,322,333,328,336,327,tln,nzm,mby,eby,hbe
1170214,333,340,323,331,321,nzm,bwz,uvx,shm,ogq
1170215,334,332,335,339,325,yjm,rhk,vjx,dhp,ekg
1170216,321,322,325,331,327,ogq,tln,ekg,shm,hbe
1170217,326,337,323,324,325,ckj,bws,uvx,gli,ekg
1170218,334,336,338,333,321,yjm,eby,nwr,nzm,ogq
1170219,338,332,339,325,329,nwr,rhk,dhp,ekg,xsk
1170220,330,321,322,329,326,yjw,ogq,tln,xsk,ckj
1170221,328,325,327,322,333,mby,ekg,hbe,tln,nzm
1170222,338,335,333,323,325,nwr,vjx,nzm,uvx,ekg
1170223,338,327,337,339,321,nwr,hbe,bws,dhp,ogq
1170224,323,330,331,324,335,uvx,yjw,shm,gli,vjx
1170225,325,321,332,337,328,ekg,ogq,rhk,bws,mby
1170226,322,331,337,340,329,tln,shm,bws,bwz,xsk
1170227,324,335,336,334,329,gli,vjx,eby,yjm,xsk
1170228,339,340,329,332,330,dhp,bwz,xsk,rhk,yjw
1170229,325,324,336,333,332,ekg,gli,eby,nzm,rhk
1170230,340,328,339,332,327,bwz,mby,dhp,rhk,hbe
1170231,330,323,336,322,326,yjw,uvx,eby,tln,ckj
1170232,335,322,334,333,331,vjx,tln,yjm,nzm,shm
1170233,333,332,334,340,336,nzm,rhk,yjm,bwz,eby
1170234,340,338,324,333,323,bwz,nwr,gli,nzm,uvx
1170235,329,337,335,324,340,xsk,bws,vjx,gli,bwz
1170236,338,333,332,337,335,nwr,nzm,rhk,bws,vjx
1170237,326,339,338,324,321,ckj,dhp,nwr,gli,ogq
1170238,330,340,325,336,328,yjw,bwz,ekg,eby,mby
1170239,332,323,328,322,325,rhk,uvx,mby,tln,ekg
1170240,340,329,328,326,325,bwz,xsk,mby,ckj,ekg
1170241,324,327,321,334,329,gli,hbe,ogq,yjm,xsk
1170242,332,321,330,328,338,rhk,ogq,yjw,mby,nwr
1170243,334,326,330,338,321,yjm,ckj,yjw,nwr,ogq
1170244,337,335,328,327,333,bws,vjx,mby,hbe,nzm
1170245,337,329,340,331,321,bws,xsk,bwz,shm,ogq
1170246,335,333,327,331,337,vjx,nzm,hbe,shm,bws
1170247,324,331,333,332,334,gli,shm,nzm,rhk,yjm
1170248,334,330,331,323,327,yjm,yjw,shm,uvx,hbe
1170249,324,322,336,323,332,gli,tln,eby,uvx,rhk
1170250,328,324,326,340,339,mby,gli,ckj,bwz,dhp
1170251,327,331,338,328,340,hbe,shm,nwr,mby,bwz
1170252,322,329,338,335,321,tln,xsk,nwr,vjx,ogq
1170253,335,324,333,332,338,vjx,gli,nzm,rhk,nwr
1170254,326,338,328,325,321,ckj,nwr,mby,ekg,ogq
1170255,339,321,340,323,333,dhp,ogq,bwz,uvx,nzm
1170256,326,328,333,335,324,ckj,mby,nzm,vjx,gli
1170257,339,323,324,326,337,dhp,uvx,gli,ckj,bws
1170258,334,322,339,325,336,yjm,tln,dhp,ekg,eby
1170259,330,339,326,327,329,yjw,dhp,ckj,hbe,xsk
1170260,331,328,332,326,325,shm,mby,rhk,ckj,ekg
1170261,325,336,332,324,330,ekg,eby,rhk,gli,yjw
1170262,332,330,340,322,337,rhk,yjw,bwz,tln,bws
1170263,330,321,325,337,324,yjw,ogq,ekg,bws,gli
1170264,322,339,336,333,340,tln,dhp,eby,nzm,bwz
1170265,337,330,321,331,324,bws,yjw,ogq,shm,gli
1170266,328,339,333,334,325,mby,dhp,nzm,yjm,ekg
1170267,338,328,329,325,323,nwr,mby,xsk,ekg,uvx
1170268,332,334,321,339,326,rhk,yjm,ogq,dhp,ckj
1170269,322,338,336,328,332,tln,nwr,eby,mby,rhk
1170270,329,330,331,337,322,xsk,yjw,shm,bws,tln
1170271,340,333,325,329,337,bwz,nzm,ekg,xsk,bws
1170272,323,333,339,326,335,uvx,nzm,dhp,ckj,vjx
1170273,322,333,324,321,337,tln,nzm,gli,ogq,bws
1170274,337,336,323,329,339,bws,eby,uvx,xsk,dhp
1170275,322,325,330,329,334,tln,ekg,yjw,xsk,yjm
1170276,338,323,333,326,325,nwr,uvx,nzm,ckj,ekg
1170277,325,334,327,328,337,ekg,yjm,hbe,mby,bws
1170278,334,326,337,331,328,yjm,ckj,bws,shm,mby
1170279,321,337,333,324,334,ogq,bws,nzm,gli,yjm
1170280,336,323,333,329,332,eby,uvx,nzm,xsk,rhk
1170281,333,335,329,339,324,nzm,vjx,xsk,dhp,gli
1170282,329,321,333,326,337,xsk,ogq,nzm,ckj,bws
1170283,326,336,321,333,338,ckj,eby,ogq,nzm,nwr
1170284,338,335,336,324,330,nwr,vjx,eby,gli,yjw
1170285,323,331,328,337,340,uvx,shm,mby,bws,bwz
1170286,322,335,323,326,337,tln,vjx,uvx,ckj,bws
1170287,328,333,330,336,340,mby,nzm,yjw,eby,bwz
1170288,326,338,335,340,330,ckj,nwr,vjx,bwz,yjw
1170289,332,325,330,321,333,rhk,ekg,yjw,ogq,nzm
1170290,331,323,339,334,324,shm,uvx,dhp,yjm,gli
1170291,331,324,322,329,338,shm,gli,tln,xsk,nwr
1170292,340,330,325,322,329,bwz,yjw,ekg,tln,xsk
1170293,325,340,332,321,324,ekg,bwz,rhk,ogq,gli
1170294,323,321,337,328,334,uvx,ogq,bws,mby,yjm
1170295,327,322,340,326,328,hbe,tln,bwz,ckj,mby
1170296,324,335,338,333,336,gli,vjx,nwr,nzm,eby
1170297,339,333,337,336,325,dhp,nzm,bws,eby,ekg
1170298,332,340,339,329,337,rhk,bwz,dhp,xsk,bws
1170299,322,325,331,330,329,tln,ekg,shm,yjw,xsk
1170300,334,333,339,326,328,yjm,nzm,dhp,ckj,mby
1170301,333,335,336,331,332,nzm,vjx,eby,shm,rhk
1170302,328,330,333,334,331,mby,yjw,nzm,yjm,shm
1170303,340,322,334,338,321,bwz,tln,yjm,nwr,ogq
1170304,324,328,323,330,329,gli,mby,uvx,yjw,xsk
1170305,330,328,331,326,335,yjw,mby,shm,ckj,vjx
1170306,334,322,326,327,325,yjm,tln,ckj,hbe,ekg
1170307,334,321,333,332,323,yjm,ogq,nzm,rhk,uvx
1170308,337,328,331,333,338,bws,mby,shm,nzm,nwr
1170309,331,321,334,332,337,shm,ogq,yjm,rhk,bws
1170310,337,333,332,323,322,bws,nzm,rhk,uvx,tln
1170311,336,329,323,326,339,eby,xsk,uvx,ckj,dhp
1170312,332,336,335,328,339,rhk,eby,vjx,mby,dhp
1170313,338,323,334,336,331,nwr,uvx,yjm,eby,shm
1170314,340,324,334,332,325,bwz,gli,yjm,rhk,ekg
1170315,322,327,323,337,338,tln,hbe,uvx,bws,nwr
1170316,331,334,325,340,323,shm,yjm,ekg,bwz,uvx
1170317,324,339,322,335,330,gli,dhp,tln,vjx,yjw
1170318,336,337,325,328,329,eby,bws,ekg,mby,xsk
1170319,325,339,330,334,321,ekg,dhp,yjw,yjm,ogq
1170320,325,335,323,328,327,ekg,vjx,uvx,mby,hbe
1170321,325,330,328,329,339,ekg,yjw,mby,xsk,dhp
1170322,332,321,325,340,322,rhk,ogq,ekg,bwz,tln
1170323,324,330,340,326,331,gli,yjw,bwz,ckj,shm
1170324,330,334,327,333,338,yjw,yjm,hbe,nzm,nwr
1170325,324,330,331,333,336,gli,yjw,shm,nzm,eby
1170326,339,333,325,327,328,dhp,nzm,ekg,hbe,mby
1170327,339,329,340,321,330,dhp,xsk,bwz,ogq,yjw
1170328,324,323,332,321,339,gli,uvx,rhk,ogq,dhp
1170329,338,339,336,324,340,nwr,dhp,eby,gli,bwz
1170330,324,330,325,333,331,gli,yjw,ekg,nzm,shm
1170331,340,321,325,322,324,bwz,ogq,ekg,tln,gli
1170332,340,331,339,335,336,bwz,shm,dhp,vjx,eby
1170333,326,324,334,330,336,ckj,gli,yjm,yjw,eby
1170334,333,327,336,331,332,nzm,hbe,eby,shm,rhk
1170335,334,325,336,329,322,yjm,ekg,eby,xsk,tln
1170336,324,339,322,325,331,gli,dhp,tln,ekg,shm
1170337,323,335,321,328,333,uvx,vjx,ogq,mby,nzm
1170338,321,334,325,340,326,ogq,yjm,ekg,bwz,ckj
1170339,329,324,335,340,326,xsk,gli,vjx,bwz,ckj
1170340,324,332,338,323,336,gli,rhk,nwr,uvx,eby
1170341,330,332,338,323,321,yjw,rhk,nwr,uvx,ogq
1170342,340,324,328,337,333,bwz,gli,mby,bws,nzm
1170343,330,327,340,337,328,yjw,hbe,bwz,bws,mby
1170344,330,340,333,334,339,yjw,bwz,nzm,yjm,dhp
1170345,336,327,325,338,322,eby,hbe,ekg,nwr,tln
1170346,332,328,334,331,329,rhk,mby,yjm,shm,xsk
1170347,336,331,325,324,338,eby,shm,ekg,gli,nwr
1170348,336,328,322,323,324,eby,mby,tln,uvx,gli
1170349,340,339,333,331,336,bwz,dhp,nzm,shm,eby
1170350,325,323,333,328,330,ekg,uvx,nzm,mby,yjw
1170351,340,329,330,327,331,bwz,xsk,yjw,hbe,shm
1170352,335,330,327,329,324,vjx,yjw,hbe,xsk,gli
1170353,334,340,328,326,336,yjm,bwz,mby,ckj,eby
1170354,339,335,330,333,322,dhp,vjx,yjw,nzm,tln
1170355,321,330,328,333,339,ogq,yjw,mby,nzm,dhp
1170356,336,327,328,326,340,eby,hbe,mby,ckj,bwz
1170357,339,325,336,326,321,dhp,ekg,eby,ckj,ogq
1170358,328,335,325,333,329,mby,vjx,ekg,nzm,xsk
1170359,337,332,322,339,338,bws,rhk,tln,dhp,nwr
1170360,331,332,324,328,340,shm,rhk,gli,mby,bwz
1170361,325,337,322,336,335,ekg,bws,tln,eby,vjx
1170362,338,326,339,334,331,nwr,ckj,dhp,yjm,shm
1170363,334,337,327,326,333,yjm,bws,hbe,ckj,nzm
1170364,327,336,334,322,321,hbe,eby,yjm,tln,ogq
1170365,325,323,330,328,332,ekg,uvx,yjw,mby,rhk
1170366,335,334,333,329,327,vjx,yjm,nzm,xsk,hbe
1170367,335,329,334,325,338,vjx,xsk,yjm,ekg,nwr
1170368,339,331,333,324,340,dhp,shm,nzm,gli,bwz
1170369,329,338,323,327,324,xsk,nwr,uvx,hbe,gli
1170370,322,336,339,321,334,tln,eby,dhp,ogq,yjm
1170371,322,337,340,329,330,tln,bws,bwz,xsk,yjw
1170372,322,332,331,335,337,tln,rhk,shm,vjx,bws
1170373,321,339,324,322,332,ogq,dhp,gli,tln,rhk
1170374,335,325,330,333,337,vjx,ekg,yjw,nzm,bws
1170375,337,329,322,328,325,bws,xsk,tln,mby,ekg
1170376,331,338,326,327,321,shm,nwr,ckj,hbe,ogq
1170377,333,340,330,326,328,nzm,bwz,yjw,ckj,mby
1170378,330,333,323,324,336,yjw,nzm,uvx,gli,eby
1170379,330,337,327,338,336,yjw,bws,hbe,nwr,eby
1170380,331,335,325,326,327,shm,vjx,ekg,ckj,hbe
1170381,331,323,337,329,338,shm,uvx,bws,xsk,nwr
1170382,322,333,323,332,339,tln,nzm,uvx,rhk,dhp
1170383,332,327,340,333,324,rhk,hbe,bwz,nzm,gli
1170384,324,322,326,331,329,gli,tln,ckj,shm,xsk
1170385,327,331,326,339,336,hbe,shm,ckj,dhp,eby
1170386,327,337,328,339,338,hbe,bws,mby,dhp,nwr
1170387,340,330,335,324,329,bwz,yjw,vjx,gli,xsk
1170388,329,324,334,339,330,xsk,gli,yjm,dhp,yjw
1170389,340,331,322,332,337,bwz,shm,tln,rhk,bws
1170390,336,331,338,325,327,eby,shm,nwr,ekg,hbe
1170391,324,326,336,322,327,gli,ckj,eby,tln,hbe
1170392,322,324,334,327,337,tln,gli,yjm,hbe,bws
1170393,335,329,333,331,338,vjx,xsk,nzm,shm,nwr
1170394,323,322,334,336,327,uvx,tln,yjm,eby,hbe
1170395,335,333,328,339,331,vjx,nzm,mby,dhp,shm
1170396,337,328,325,332,321,bws,mby,ekg,rhk,ogq
1170397,336,325,328,331,335,eby,ekg,mby,shm,vjx
1170398,337,338,325,321,323,bws,nwr,ekg,ogq,uvx
1170399,323,337,326,331,324,uvx,bws,ckj,shm,gli
1170400,326,337,329,336,327,ckj,bws,xsk,eby,hbe
1170401,322,334,330,339,337,tln,yjm,yjw,dhp,bws
1170402,335,338,325,322,333,vjx,nwr,ekg,tln,nzm
1170403,339,328,323,331,325,dhp,mby,uvx,shm,ekg
1170404,329,330,337,331,333,xsk,yjw,bws,shm,nzm
1170405,336,323,322,332,327,eby,uvx,tln,rhk,hbe
1170406,333,337,338,339,335,nzm,bws,nwr,dhp,vjx
1170407,328,324,327,322,336,mby,gli,hbe,tln,eby
1170408,323,327,338,330,333,uvx,hbe,nwr,yjw,nzm
1170409,321,325,333,339,323,ogq,ekg,nzm,dhp,uvx
1170410,327,328,323,338,331,hbe,mby,uvx,nwr,shm
1170411,326,331,323,332,322,ckj,shm,uvx,rhk,tln
1170412,332,337,325,321,330,rhk,bws,ekg,ogq,yjw
1170413,337,328,338,331,340,bws,mby,nwr,shm,bwz
1170414,325,336,330,321,335,ekg,eby,yjw,ogq,vjx
1170415,321,333,330,328,326,ogq,nzm,yjw,mby,ckj
1170416,334,326,327,335,325,yjm,ckj,hbe,vjx,ekg
1170417,328,324,336,323,322,mby,gli,eby,uvx,tln
1170418,324,340,326,333,322,gli,bwz,ckj,nzm,tln
1170419,340,323,332,337,336,bwz,uvx,rhk,bws,eby
1170420,340,338,329,337,321,bwz,nwr,xsk,bws,ogq
1170421,338,331,339,336,321,nwr,shm,dhp,eby,ogq
1170422,329,325,328,330,331,xsk,ekg,mby,yjw,shm
1170423,332,331,323,321,325,rhk,shm,uvx,ogq,ekg
1170424,340,328,338,321,325,bwz,mby,nwr,ogq,ekg
1170425,333,321,326,340,337,nzm,ogq,ckj,bwz,bws
1170426,328,332,330,336,326,mby,rhk,yjw,eby,ckj
1170427,329,334,324,338,336,xsk,yjm,gli,nwr,eby
1170428,337,331,336,328,325,bws,shm,eby,mby,ekg
1170429,325,324,336,327,334,ekg,gli,eby,hbe,yjm
1170430,337,324,329,330,335,bws,gli,xsk,yjw,vjx
1170431,334,325,326,333,329,yjm,ekg,ckj,nzm,xsk
1170432,331,337,338,325,333,shm,bws,nwr,ekg,nzm
1170433,336,322,321,330,340,eby,tln,ogq,yjw,bwz
1170434,331,330,333,324,326,shm,yjw,nzm,gli,ckj
1170435,323,324,340,338,335,uvx,gli,bwz,nwr,vjx
1170436,324,339,327,322,335,gli,dhp,hbe,tln,vjx
1170437,340,328,322,325,321,bwz,mby,tln,ekg,ogq
1170438,329,325,336,337,321,xsk,ekg,eby,bws,ogq
1170439,333,326,322,338,321,nzm,ckj,tln,nwr,ogq
1170440,321,340,323,332,322,ogq,bwz,uvx,rhk,tln
1170441,323,327,331,333,340,uvx,hbe,shm,nzm,bwz
1170442,325,324,330,335,338,ekg,gli,yjw,vjx,nwr
1170443,331,323,327,322,325,shm,uvx,hbe,tln,ekg
1170444,328,324,339,326,321,mby,gli,dhp,ckj,ogq
1170445,331,325,338,337,336,shm,ekg,nwr,bws,eby
1170446,340,332,334,321,322,bwz,rhk,yjm,ogq,tln
1170447,335,338,327,325,323,vjx,nwr,hbe,ekg,uvx
1170448,338,339,332,337,324,nwr,dhp,rhk,bws,gli
1170449,324,336,331,333,338,gli,eby,shm,nzm,nwr
1170450,321,339,336,322,337,ogq,dhp,eby,tln,bws
1170451,331,334,321,323,336,shm,yjm,ogq,uvx,eby
1170452,335,328,334,331,338,vjx,mby,yjm,shm,nwr
1170453,332,328,322,325,337,rhk,mby,tln,ekg,bws
1170454,333,330,336,337,329,nzm,yjw,eby,bws,xsk
1170455,336,328,323,330,322,eby,mby,uvx,yjw,tln
1170456,337,327,332,321,330,bws,hbe,rhk,ogq,yjw
1170457,339,324,321,330,328,dhp,gli,ogq,yjw,mby
1170458,340,325,322,339,330,bwz,ekg,tln,dhp,yjw
1170459,330,323,321,329,334,yjw,uvx,ogq,xsk,yjm
1170460,333,332,322,334,338,nzm,rhk,tln,yjm,nwr
1170461,340,330,335,339,325,bwz,yjw,vjx,dhp,ekg
1170462,325,335,328,334,337,ekg,vjx,mby,yjm,bws
1170463,340,338,326,337,334,bwz,nwr,ckj,bws,yjm
1170464,329,336,332,322,340,xsk,eby,rhk,tln,bwz
1170465,327,324,334,333,325,hbe,gli,yjm,nzm,ekg
1170466,334,340,331,336,323,yjm,bwz,shm,eby,uvx
1170467,328,340,325,326,338,mby,bwz,ekg,ckj,nwr
1170468,332,325,334,330,333,rhk,ekg,yjm,yjw,nzm
1170469,329,328,323,333,340,xsk,mby,uvx,nzm,bwz
1170470,332,327,328,337,336,rhk,hbe,mby,bws,eby
1170471,339,322,333,327,324,dhp,tln,nzm,hbe,gli
1170472,323,329,335,338,331,uvx,xsk,vjx,nwr,shm
1170473,337,328,331,329,334,bws,mby,shm,xsk,yjm
1170474,325,340,329,334,333,ekg,bwz,xsk,yjm,nzm
1170475,332,327,338,335,321,rhk,hbe,nwr,vjx,ogq
1170476,337,327,335,323,336,bws,hbe,vjx,uvx,eby
1170477,328,339,324,332,330,mby,dhp,gli,rhk,yjw
1170478,335,332,322,339,331,vjx,rhk,tln,dhp,shm
1170479,322,331,337,323,325,tln,shm,bws,uvx,ekg
1170480,340,335,336,323,332,bwz,vjx,eby,uvx,rhk
1170481,321,339,334,323,326,ogq,dhp,yjm,uvx,ckj
1170482,329,331,325,336,340,xsk,shm,ekg,eby,bwz
1170483,338,331,334,333,324,nwr,shm,yjm,nzm,gli
1170484,340,330,336,323,333,bwz,yjw,eby,uvx,nzm
1170485,329,330,323,328,336,xsk,yjw,uvx,mby,eby
1170486,323,331,329,336,326,uvx,shm,xsk,eby,ckj
1170487,337,322,321,338,323,bws,tln,ogq,nwr,uvx
1170488,327,324,323,339,338,hbe,gli,uvx,dhp,nwr
1170489,332,325,334,339,326,rhk,ekg,yjm,dhp,ckj
1170490,327,334,325,333,337,hbe,yjm,ekg,nzm,bws
1170491,324,325,326,340,336,gli,ekg,ckj,bwz,eby
1170492,328,333,323,329,322,mby,nzm,uvx,xsk,tln
1170493,337,328,333,334,327,bws,mby,nzm,yjm,hbe
1170494,321,322,338,332,334,ogq,tln,nwr,rhk,yjm
1170495,340,328,335,330,333,bwz,mby,vjx,yjw,nzm
1170496,334,332,329,340,322,yjm,rhk,xsk,bwz,tln
1170497,323,334,325,338,332,uvx,yjm,ekg,nwr,rhk
1170498,333,321,331,340,334,nzm,ogq,shm,bwz,yjm
1170499,324,331,321,339,325,gli,shm,ogq,dhp,ekg
1170500,327,338,324,328,336,hbe,nwr,gli,mby,eby
1170501,331,337,326,327,329,shm,bws,ckj,hbe,xsk
1170502,334,326,329,335,328,yjm,ckj,xsk,vjx,mby
1170503,331,336,327,328,340,shm,eby,hbe,mby,bwz
1170504,335,338,325,333,337,vjx,nwr,ekg,nzm,bws
1170505,336,324,337,322,326,eby,gli,bws,tln,ckj
1170506,330,332,333,340,337,yjw,rhk,nzm,bwz,bws
1170507,334,332,324,330,328,yjm,rhk,gli,yjw,mby
1170508,335,329,322,340,339,vjx,xsk,tln,bwz,dhp
1170509,335,332,329,337,330,vjx,rhk,xsk,bws,yjw
1170510,326,324,322,323,333,ckj,gli,tln,uvx,nzm
1170511,331,322,329,332,323,shm,tln,xsk,rhk,uvx
1170512,326,333,334,325,330,ckj,nzm,yjm,ekg,yjw
1170513,335,339,323,332,338,vjx,dhp,uvx,rhk,nwr
1170514,328,331,330,327,322,mby,shm,yjw,hbe,tln
1170515,337,338,326,339,323,bws,nwr,ckj,dhp,uvx
1170516,327,321,324,331,336,hbe,ogq,gli,shm,eby
1170517,337,324,330,328,332,bws,gli,yjw,mby,rhk
1170518,339,336,321,326,333,dhp,eby,ogq,ckj,nzm
1170519,331,324,329,336,332,shm,gli,xsk,eby,rhk
1170520,330,327,337,328,339,yjw,hbe,bws,mby,dhp
1170521,338,325,335,326,329,nwr,ekg,vjx,ckj,xsk
1170522,334,329,326,325,331,yjm,xsk,ckj,ekg,shm
1170523,334,332,322,331,337,yjm,rhk,tln,shm,bws
1170524,326,339,325,330,329,ckj,dhp,ekg,yjw,xsk
1170525,334,327,322,332,321,yjm,hbe,tln,rhk,ogq
1170526,332,324,326,327,339,rhk,gli,ckj,hbe,dhp
1170527,321,333,323,329,330,ogq,nzm,uvx,xsk,yjw
1170528,323,336,339,330,331,uvx,eby,dhp,yjw,shm
1170529,328,338,330,323,324,mby,nwr,yjw,uvx,gli
1170530,329,331,321,334,340,xsk,shm,ogq,yjm,bwz
1170531,336,325,323,327,333,eby,ekg,uvx,hbe,nzm
1170532,326,324,329,325,333,ckj,gli,xsk,ekg,nzm
1170533,337,334,338,329,332,bws,yjm,nwr,xsk,rhk
1170534,338,327,329,326,334,nwr,hbe,xsk,ckj,yjm
1170535,325,338,331,336,334,ekg,nwr,shm,eby,yjm
1170536,337,333,339,327,323,bws,nzm,dhp,hbe,uvx
1170537,323,326,322,330,324,uvx,ckj,tln,yjw,gli
1170538,332,334,333,323,339,rhk,yjm,nzm,uvx,dhp
1170539,323,325,337,327,336,uvx,ekg,bws,hbe,eby
1170540,338,332,327,339,337,nwr,rhk,hbe,dhp,bws
1170541,333,331,335,329,328,nzm,shm,vjx,xsk,mby
1170542,323,332,335,337,326,uvx,rhk,vjx,bws,ckj
1170543,337,326,330,321,339,bws,ckj,yjw,ogq,dhp
1170544,336,329,324,327,323,eby,xsk,gli,hbe,uvx
1170545,338,325,336,324,332,nwr,ekg,eby,gli,rhk
1170546,321,337,327,339,340,ogq,bws,hbe,dhp,bwz
1170547,327,323,326,321,331,hbe,uvx,ckj,ogq,shm
1170548,335,321,322,336,326,vjx,ogq,tln,eby,ckj
1170549,328,322,335,321,333,mby,tln,vjx,ogq,nzm
1170550,340,329,322,333,332,bwz,xsk,tln,nzm,rhk
1170551,331,330,332,339,340,shm,yjw,rhk,dhp,bwz
1170552,335,326,338,333,329,vjx,ckj,nwr,nzm,xsk
1170553,322,330,340,334,329,tln,yjw,bwz,yjm,xsk
1170554,327,338,321,330,339,hbe,nwr,ogq,yjw,dhp
1170555,323,339,326,340,322,uvx,dhp,ckj,bwz,tln
1170556,339,332,324,323,330,dhp,rhk,gli,uvx,yjw
1170557,340,324,326,321,339,bwz,gli,ckj,ogq,dhp
1170558,327,322,323,321,335,hbe,tln,uvx,ogq,vjx
1170559,332,333,327,340,331,rhk,nzm,hbe,bwz,shm
1170560,322,340,332,335,338,tln,bwz,rhk,vjx,nwr
1170561,323,327,340,330,329,uvx,hbe,bwz,yjw,xsk
1170562,322,326,337,331,323,tln,ckj,bws,shm,uvx
1170563,331,324,339,338,332,shm,gli,dhp,nwr,rhk
1170564,325,329,330,334,340,ekg,xsk,yjw,yjm,bwz
1170565,327,323,333,328,332,hbe,uvx,nzm,mby,rhk
1170566,334,339,336,328,333,yjm,dhp,eby,mby,nzm
1170567,326,321,322,328,327,ckj,ogq,tln,mby,hbe
1170568,323,322,324,330,331,uvx,tln,gli,yjw,shm
1170569,322,329,328,331,334,tln,xsk,mby,shm,yjm
1170570,333,340,338,331,322,nzm,bwz,nwr,shm,tln
1170571,322,327,330,340,339,tln,hbe,yjw,bwz,dhp
1170572,326,334,332,324,321,ckj,yjm,rhk,gli,ogq
1170573,334,323,325,331,324,yjm,uvx,ekg,shm,gli
1170574,330,332,326,328,333,yjw,rhk,ckj,mby,nzm
1170575,325,324,322,340,326,ekg,gli,tln,bwz,ckj
1170576,328,338,340,335,339,mby,nwr,bwz,vjx,dhp
1170577,340,330,324,329,333,bwz,yjw,gli,xsk,nzm
1170578,334,337,336,330,329,yjm,bws,eby,yjw,xsk
1170579,336,326,339,329,340,eby,ckj,dhp,xsk,bwz
1170580,324,325,334,321,336,gli,ekg,yjm,ogq,eby
1170581,326,330,325,335,322,ckj,yjw,ekg,vjx,tln
1170582,326,336,325,335,324,ckj,eby,ekg,vjx,gli
1170583,321,323,340,336,338,ogq,uvx,bwz,eby,nwr
1170584,335,336,325,323,322,vjx,eby,ekg,uvx,tln
1170585,340,328,327,329,323,bwz,mby,hbe,xsk,uvx
1170586,332,335,326,321,336,rhk,vjx,ckj,ogq,eby
1170587,329,327,323,337,324,xsk,hbe,uvx,bws,gli
1170588,337,332,334,326,330,bws,rhk,yjm,ckj,yjw
1170589,339,321,325,330,334,dhp,ogq,ekg,yjw,yjm
1170590,337,325,336,324,327,bws,ekg,eby,gli,hbe
1170591,330,321,336,327,337,yjw,ogq,eby,hbe,bws
1170592,335,329,340,338,325,vjx,xsk,bwz,nwr,ekg
1170593,326,325,337,328,322,ckj,ekg,bws,mby,tln
1170594,332,339,326,337,334,rhk,dhp,ckj,bws,yjm
1170595,328,339,334,329,331,mby,dhp,yjm,xsk,shm
1170596,335,326,321,329,336,vjx,ckj,ogq,xsk,eby
1170597,334,323,330,327,328,yjm,uvx,yjw,hbe,mby
1170598,329,325,327,332,334,xsk,ekg,hbe,rhk,yjm
1170599,337,323,333,332,328,bws,uvx,nzm,rhk,mby
1170600,335,336,324,338,321,vjx,eby,gli,nwr,ogq
1180001,346,349,348,359,353,nwm,utb,wcz,dwv,get
1180002,356,350,353,341,352,zrh,ghp,get,zap,wmz
1180003,348,347,350,353,341,wcz,ehd,ghp,get,zap
1180004,350,352,351,347,349,ghp,wmz,wnp,ehd,utb
1180005,343,347,357,351,356,ykn,ehd,kei,wnp,zrh
1180006,346,349,348,341,353,nwm,utb,wcz,zap,get
1180007,359,348,358,345,352,dwv,wcz,fid,zvg,wmz
1180008,356,353,342,343,346,zrh,get,ryd,ykn,nwm
1180009,350,347,341,346,342,ghp,ehd,zap,nwm,ryd
1180010,347,342,359,348,344,ehd,ryd,dwv,wcz,gwq
1180011,350,347,359,345,349,ghp,ehd,dwv,zvg,utb
1180012,355,343,347,345,349,mqy,ykn,ehd,zvg,utb
1180013,360,345,347,346,358,gdm,zvg,ehd,nwm,fid
1180014,346,355,351,347,349,nwm,mqy,wnp,ehd,utb
1180015,360,350,359,349,354,gdm,ghp,dwv,utb,omv
1180016,355,358,357,344,342,mqy,fid,kei,gwq,ryd
1180017,352,353,349,350,355,wmz,get,utb,ghp,mqy
1180018,344,359,355,354,357,gwq,dwv,mqy,omv,kei
1180019,351,359,347,343,348,wnp,dwv,ehd,ykn,wcz
1180020,356,351,357,349,345,zrh,wnp,kei,utb,zvg
1180021,344,346,355,342,359,gwq,nwm,mqy,ryd,dwv
1180022,345,360,343,353,350,zvg,gdm,ykn,get,ghp
1180023,354,352,346,343,357,omv,wmz,nwm,ykn,kei
1180024,359,353,348,349,341,dwv,get,wcz,utb,zap
1180025,350,360,357,356,342,ghp,gdm,kei,zrh,ryd
1180026,342,348,358,345,357,ryd,wcz,fid,zvg,kei
1180027,343,356,353,347,350,ykn,zrh,get,ehd,ghp
1180028,344,354,351,352,346,gwq,omv,wnp,wmz,nwm
1180029,360,342,344,350,354,gdm,ryd,gwq,ghp,omv
1180030,351,341,347,353,354,wnp,zap,ehd,get,omv
1180031,360,352,342,348,345,gdm,wmz,ryd,wcz,zvg
1180032,360,351,355,348,344,gdm,wnp,mqy,wcz,gwq
1180033,341,347,351,353,346,zap,ehd,wnp,get,nwm
1180034,351,354,347,352,355,wnp,omv,ehd,wmz,mqy
1180035,356,349,344,360,359,zrh,utb,gwq,gdm,dwv
1180036,341,352,353,351,359,zap,wmz,get,wnp,dwv
1180037,360,350,352,347,344,gdm,ghp,wmz,ehd,gwq
1180038,348,342,353,347,359,wcz,ryd,get,ehd,dwv
1180039,351,347,342,358,341,wnp,ehd,ryd,fid,zap
1180040,346,349,341,344,354,nwm,utb,zap,gwq,omv
1180041,342,355,358,348,341,ryd,mqy,fid,wcz,zap
1180042,347,341,350,343,351,ehd,zap,ghp,ykn,wnp
1180043,360,346,358,345,356,gdm,nwm,fid,zvg,zrh
1180044,357,359,349,344,356,kei,dwv,utb,gwq,zrh
1180045,355,350,353,341,357,mqy,ghp,get,zap,kei
1180046,341,358,360,354,349,zap,fid,gdm,omv,utb
1180047,360,342,349,356,348,gdm,ryd,utb,zrh,wcz
1180048,342,343,360,345,359,ryd,ykn,gdm,zvg,dwv
1180049,354,352,342,346,344,omv,wmz,ryd,nwm,gwq
1180050,345,349,351,344,356,zvg,utb,wnp,gwq,zrh
1180051,360,353,345,348,350,gdm,get,zvg,wcz,ghp
1180052,357,346,352,341,360,kei,nwm,wmz,zap,gdm
1180053,352,345,343,349,355,wmz,zvg,ykn,utb,mqy
1180054,347,358,357,348,341,ehd,fid,kei,wcz,zap
1180055,359,351,353,349,355,dwv,wnp,get,utb,mqy
1180056,345,354,358,350,347,zvg,omv,fid,ghp,ehd
1180057,349,348,346,358,351,utb,wcz,nwm,fid,wnp
1180058,359,348,358,352,341,dwv,wcz,fid,wmz,zap
1180059,359,341,345,342,350,dwv,zap,zvg,ryd,ghp
1180060,353,359,352,346,342,get,dwv,wmz,nwm,ryd
1180061,342,346,359,349,343,ryd,nwm,dwv,utb,ykn
1180062,354,356,360,341,357,omv,zrh,gdm,zap,kei
1180063,351,354,353,360,342,wnp,omv,get,gdm,ryd
1180064,345,360,358,348,349,zvg,gdm,fid,wcz,utb
1180065,357,341,356,346,350,kei,zap,zrh,nwm,ghp
1180066,351,342,346,360,356,wnp,ryd,nwm,gdm,zrh
1180067,354,353,346,352,341,omv,get,nwm,wmz,zap
1180068,354,345,347,350,343,omv,zvg,ehd,ghp,ykn
1180069,348,344,356,341,351,wcz,gwq,zrh,zap,wnp
1180070,341,355,345,351,354,zap,mqy,zvg,wnp,omv
1180071,356,343,351,352,359,zrh,ykn,wnp,wmz,dwv
1180072,348,360,347,355,353,wcz,gdm,ehd,mqy,get
1180073,354,347,353,359,349,omv,ehd,get,dwv,utb
1180074,359,355,356,342,353,dwv,mqy,zrh,ryd,get
1180075,360,350,359,354,352,gdm,ghp,dwv,omv,wmz
1180076,354,357,356,358,346,omv,kei,zrh,fid,nwm
1180077,359,351,357,342,354,dwv,wnp,kei,ryd,omv
1180078,349,354,357,346,356,utb,omv,kei,nwm,zrh
1180079,349,357,346,342,345,utb,kei,nwm,ryd,zvg
1180080,345,342,347,358,360,zvg,ryd,ehd,fid,gdm
1180081,343,359,342,348,352,ykn,dwv,ryd,wcz,wmz
1180082,350,360,353,347,345,ghp,gdm,get,ehd,zvg
1180083,344,352,349,347,359,gwq,wmz,utb,ehd,dwv
1180084,358,342,341,357,347,fid,ryd,zap,kei,ehd
1180085,359,345,355,358,348,dwv,zvg,mqy,fid,wcz
1180086,347,342,345,349,360,ehd,ryd,zvg,utb,gdm
1180087,351,357,360,353,342,wnp,kei,gdm,get,ryd
1180088,342,346,358,353,343,ryd,nwm,fid,get,ykn
1180089,349,359,343,347,344,utb,dwv,ykn,ehd,gwq
1180090,354,356,344,341,342,omv,zrh,gwq,zap,ryd
1180091,358,355,353,354,351,fid,mqy,get,omv,wnp
1180092,359,353,344,358,343,dwv,get,gwq,fid,ykn
1180093,343,354,346,344,341,ykn,omv,nwm,gwq,zap
1180094,354,344,357,351,342,omv,gwq,kei,wnp,ryd
1180095,347,344,343,352,351,ehd,gwq,ykn,wmz,wnp
1180096,355,341,356,351,343,mqy,zap,zrh,wnp,ykn
1180097,346,343,348,357,349,nwm,ykn,wcz,kei,utb
1180098,355,343,347,344,353,mqy,ykn,ehd,gwq,get
1180099,356,358,345,355,357,zrh,fid,zvg,mqy,kei
1180100,357,353,349,341,345,kei,get,utb,zap,zvg
1180101,341,354,343,347,360,zap,omv,ykn,ehd,gdm
1180102,356,360,341,342,346,zrh,gdm,zap,ryd,nwm
1180103,347,355,345,358,352,ehd,mqy,zvg,fid,wmz
1180104,349,347,341,345,346,utb,ehd,zap,zvg,nwm
1180105,350,360,343,351,347,ghp,gdm,ykn,wnp,ehd
1180106,348,353,344,347,360,wcz,get,gwq,ehd,gdm
1180107,351,344,357,353,348,wnp,gwq,kei,get,wcz
1180108,347,358,354,352,355,ehd,fid,omv,wmz,mqy
1180109,353,347,341,355,357,get,ehd,zap,mqy,kei
1180110,350,341,354,355,353,ghp,zap,omv,mqy,get
1180111,358,343,354,348,341,fid,ykn,omv,wcz,zap
1180112,349,357,347,350,346,utb,kei,ehd,ghp,nwm
1180113,352,344,357,356,348,wmz,gwq,kei,zrh,wcz
1180114,356,360,345,353,357,zrh,gdm,zvg,get,kei
1180115,355,353,354,350,349,mqy,get,omv,ghp,utb
1180116,359,358,351,360,341,dwv,fid,wnp,gdm,zap
1180117,341,345,353,348,347,zap,zvg,get,wcz,ehd
1180118,350,358,349,356,360,ghp,fid,utb,zrh,gdm
1180119,355,344,352,351,343,mqy,gwq,wmz,wnp,ykn
1180120,352,357,350,346,351,wmz,kei,ghp,nwm,wnp
1180121,358,345,341,350,346,fid,zvg,zap,ghp,nwm
1180122,348,342,358,359,354,wcz,ryd,fid,dwv,omv
1180123,358,350,346,353,349,fid,ghp,nwm,get,utb
1180124,348,353,352,349,344,wcz,get,wmz,utb,gwq
1180125,358,342,355,341,353,fid,ryd,mqy,zap,get
1180126,349,343,348,357,345,utb,ykn,wcz,kei,zvg
1180127,352,346,359,349,355,wmz,nwm,dwv,utb,mqy
1180128,356,354,352,348,347,zrh,omv,wmz,wcz,ehd
1180129,360,343,342,350,341,gdm,ykn,ryd,ghp,zap
1180130,360,350,349,357,359,gdm,ghp,utb,kei,dwv
1180131,355,350,349,354,353,mqy,ghp,utb,omv,get
1180132,347,350,342,349,345,ehd,ghp,ryd,utb,zvg
1180133,350,349,357,343,353,ghp,utb,kei,ykn,get
1180134,347,344,342,356,354,ehd,gwq,ryd,zrh,omv
1180135,356,343,351,357,352,zrh,ykn,wnp,kei,wmz
1180136,347,348,360,351,345,ehd,wcz,gdm,wnp,zvg
1180137,350,354,341,359,344,ghp,omv,zap,dwv,gwq
1180138,354,349,341,353,350,omv,utb,zap,get,ghp
1180139,352,348,357,345,353,wmz,wcz,kei,zvg,get
1180140,341,344,349,356,346,zap,gwq,utb,zrh,nwm
1180141,352,356,347,355,358,wmz,zrh,ehd,mqy,fid
1180142,358,346,356,359,351,fid,nwm,zrh,dwv,wnp
1180143,360,344,343,357,342,gdm,gwq,ykn,kei,ryd
1180144,357,347,341,350,351,kei,ehd,zap,ghp,wnp
1180145,350,355,348,341,344,ghp,mqy,wcz,zap,gwq
1180146,352,349,350,354,344,wmz,utb,ghp,omv,gwq
1180147,354,349,356,359,353,omv,utb,zrh,dwv,get
1180148,342,354,350,349,343,ryd,omv,ghp,utb,ykn
1180149,357,342,349,351,345,kei,ryd,utb,wnp,zvg
1180150,356,349,354,355,348,zrh,utb,omv,mqy,wcz
1180151,345,341,358,347,359,zvg,zap,fid,ehd,dwv
1180152,347,342,350,349,351,ehd,ryd,ghp,utb,wnp
1180153,347,344,343,357,360,ehd,gwq,ykn,kei,gdm
1180154,352,344,349,357,356,wmz,gwq,utb,kei,zrh
1180155,342,351,345,354,352,ryd,wnp,zvg,omv,wmz
1180156,341,344,351,356,343,zap,gwq,wnp,zrh,ykn
1180157,352,348,347,356,357,wmz,wcz,ehd,zrh,kei
1180158,346,350,343,352,354,nwm,ghp,ykn,wmz,omv
1180159,352,350,354,346,342,wmz,ghp,omv,nwm,ryd
1180160,354,353,348,347,357,omv,get,wcz,ehd,kei
1180161,357,347,351,352,345,kei,ehd,wnp,wmz,zvg
1180162,358,349,347,354,356,fid,utb,ehd,omv,zrh
1180163,341,354,345,346,344,zap,omv,zvg,nwm,gwq
1180164,345,360,348,344,349,zvg,gdm,wcz,gwq,utb
1180165,355,349,352,351,341,mqy,utb,wmz,wnp,zap
1180166,346,360,358,343,354,nwm,gdm,fid,ykn,omv
1180167,346,358,350,359,349,nwm,fid,ghp,dwv,utb
1180168,359,358,357,347,353,dwv,fid,kei,ehd,get
1180169,356,360,358,350,351,zrh,gdm,fid,ghp,wnp
1180170,359,344,356,360,355,dwv,gwq,zrh,gdm,mqy
1180171,350,357,355,344,356,ghp,kei,mqy,gwq,zrh
1180172,353,346,352,355,356,get,nwm,wmz,mqy,zrh
1180173,348,352,355,353,351,wcz,wmz,mqy,get,wnp
1180174,360,354,349,359,347,gdm,omv,utb,dwv,ehd
1180175,354,356,358,343,347,omv,zrh,fid,ykn,ehd
1180176,354,346,341,344,351,omv,nwm,zap,gwq,wnp
1180177,350,351,348,356,347,ghp,wnp,wcz,zrh,ehd
1180178,347,356,344,358,354,ehd,zrh,gwq,fid,omv
1180179,360,359,358,344,342,gdm,dwv,fid,gwq,ryd
1180180,341,356,357,342,350,zap,zrh,kei,ryd,ghp
1180181,341,354,350,349,358,zap,omv,ghp,utb,fid
1180182,347,349,352,343,350,ehd,utb,wmz,ykn,ghp
1180183,353,349,358,357,352,get,utb,fid,kei,wmz
1180184,350,359,353,349,352,ghp,dwv,get,utb,wmz
1180185,343,354,351,352,355,ykn,omv,wnp,wmz,mqy
1180186,350,344,354,346,352,ghp,gwq,omv,nwm,wmz
1180187,352,351,354,346,355,wmz,wnp,omv,nwm,mqy
1180188,357,347,352,358,349,kei,ehd,wmz,fid,utb
1180189,343,348,349,345,351,ykn,wcz,utb,zvg,wnp
1180190,352,349,353,347,345,wmz,utb,get,ehd,zvg
1180191,349,352,344,350,359,utb,wmz,gwq,ghp,dwv
1180192,356,359,360,357,348,zrh,dwv,gdm,kei,wcz
1180193,347,345,349,357,351,ehd,zvg,utb,kei,wnp
1180194,359,355,350,344,343,dwv,mqy,ghp,gwq,ykn
1180195,343,346,347,341,358,ykn,nwm,ehd,zap,fid
1180196,349,352,354,359,358,utb,wmz,omv,dwv,fid
1180197,352,342,353,343,349,wmz,ryd,get,ykn,utb
1180198,360,346,345,343,348,gdm,nwm,zvg,ykn,wcz
1180199,346,358,353,354,357,nwm,fid,get,omv,kei
1180200,353,354,347,358,355,get,omv,ehd,fid,mqy
1180201,360,355,348,359,346,gdm,mqy,wcz,dwv,nwm
1180202,357,342,347,345,341,kei,ryd,ehd,zvg,zap
1180203,357,344,353,346,348,kei,gwq,get,nwm,wcz
1180204,342,351,359,349,346,ryd,wnp,dwv,utb,nwm
1180205,348,343,346,345,356,wcz,ykn,nwm,zvg,zrh
1180206,348,344,350,360,349,wcz,gwq,ghp,gdm,utb
1180207,351,357,350,354,360,wnp,kei,ghp,omv,gdm
1180208,356,360,353,357,349,zrh,gdm,get,kei,utb
1180209,357,352,345,341,354,kei,wmz,zvg,zap,omv
1180210,358,342,356,355,349,fid,ryd,zrh,mqy,utb
1180211,358,341,350,344,351,fid,zap,ghp,gwq,wnp
1180212,354,355,350,359,346,omv,mqy,ghp,dwv,nwm
1180213,342,353,348,356,347,ryd,get,wcz,zrh,ehd
1180214,353,360,343,351,341,get,gdm,ykn,wnp,zap
1180215,354,352,355,359,345,omv,wmz,mqy,dwv,zvg
1180216,341,342,345,351,347,zap,ryd,zvg,wnp,ehd
1180217,346,357,343,344,345,nwm,kei,ykn,gwq,zvg
1180218,354,356,358,353,341,omv,zrh,fid,get,zap
1180219,358,352,359,345,349,fid,wmz,dwv,zvg,utb
1180220,350,341,342,349,346,ghp,zap,ryd,utb,nwm
1180221,348,345,347,342,353,wcz,zvg,ehd,ryd,get
1180222,358,355,353,343,345,fid,mqy,get,ykn,zvg
1180223,358,347,357,359,341,fid,ehd,kei,dwv,zap
1180224,343,350,351,344,355,ykn,ghp,wnp,gwq,mqy
1180225,345,341,352,357,348,zvg,zap,wmz,kei,wcz
1180226,342,351,357,360,349,ryd,wnp,kei,gdm,utb
1180227,344,355,356,354,349,gwq,mqy,zrh,omv,utb
1180228,359,360,349,352,350,dwv,gdm,utb,wmz,ghp
1180229,345,344,356,353,352,zvg,gwq,zrh,get,wmz
1180230,360,348,359,352,347,gdm,wcz,dwv,wmz,ehd
1180231,350,343,356,342,346,ghp,ykn,zrh,ryd,nwm
1180232,355,342,354,353,351,mqy,ryd,omv,get,wnp
1180233,353,352,354,360,356,get,wmz,omv,gdm,zrh
1180234,360,358,344,353,343,gdm,fid,gwq,get,ykn
1180235,349,357,355,344,360,utb,kei,mqy,gwq,gdm
1180236,358,353,352,357,355,fid,get,wmz,kei,mqy
1180237,346,359,358,344,341,nwm,dwv,fid,gwq,zap
1180238,350,360,345,356,348,ghp,gdm,zvg,zrh,wcz
1180239,352,343,348,342,345,wmz,ykn,wcz,ryd,zvg
1180240,360,349,348,346,345,gdm,utb,wcz,nwm,zvg
1180241,344,347,341,354,349,gwq,ehd,zap,omv,utb
1180242,352,341,350,348,358,wmz,zap,ghp,wcz,fid
1180243,354,346,350,358,341,omv,nwm,ghp,fid,zap
1180244,357,355,348,347,353,kei,mqy,wcz,ehd,get
1180245,357,349,360,351,341,kei,utb,gdm,wnp,zap
1180246,355,353,347,351,357,mqy,get,ehd,wnp,kei
1180247,344,351,353,352,354,gwq,wnp,get,wmz,omv
1180248,354,350,351,343,347,omv,ghp,wnp,ykn,ehd
1180249,344,342,356,343,352,gwq,ryd,zrh,ykn,wmz
1180250,348,344,346,360,359,wcz,gwq,nwm,gdm,dwv
1180251,347,351,358,348,360,ehd,wnp,fid,wcz,gdm
1180252,342,349,358,355,341,ryd,utb,fid,mqy,zap
1180253,355,344,353,352,358,mqy,gwq,get,wmz,fid
1180254,346,358,348,345,341,nwm,fid,wcz,zvg,zap
1180255,359,341,360,343,353,dwv,zap,gdm,ykn,get
1180256,346,348,353,355,344,nwm,wcz,get,mqy,gwq
1180257,359,343,344,346,357,dwv,ykn,gwq,nwm,kei
1180258,354,342,359,345,356,omv,ryd,dwv,zvg,zrh
1180259,350,359,346,347,349,ghp,dwv,nwm,ehd,utb
1180260,351,348,352,346,345,wnp,wcz,wmz,nwm,zvg
1180261,345,356,352,344,350,zvg,zrh,wmz,gwq,ghp
1180262,352,350,360,342,357,wmz,ghp,gdm,ryd,kei
1180263,350,341,345,357,344,ghp,zap,zvg,kei,gwq
1180264,342,359,356,353,360,ryd,dwv,zrh,get,gdm
1180265,357,350,341,351,344,kei,ghp,zap,wnp,gwq
1180266,348,359,353,354,345,wcz,dwv,get,omv,zvg
1180267,358,348,349,345,343,fid,wcz,utb,zvg,ykn
1180268,352,354,341,359,346,wmz,omv,zap,dwv,nwm
1180269,342,358,356,348,352,ryd,fid,zrh,wcz,wmz
1180270,349,350,351,357,342,utb,ghp,wnp,kei,ryd
1180271,360,353,345,349,357,gdm,get,zvg,utb,kei
1180272,343,353,359,346,355,ykn,get,dwv,nwm,mqy
1180273,342,353,344,341,357,ryd,get,gwq,zap,kei
1180274,357,356,343,349,359,kei,zrh,ykn,utb,dwv
1180275,342,345,350,349,354,ryd,zvg,ghp,utb,omv
1180276,358,343,353,346,345,fid,ykn,get,nwm,zvg
1180277,345,354,347,348,357,zvg,omv,ehd,wcz,kei
1180278,354,346,357,351,348,omv,nwm,kei,wnp,wcz
1180279,341,357,353,344,354,zap,kei,get,gwq,omv
1180280,356,343,353,349,352,zrh,ykn,get,utb,wmz
1180281,353,355,349,359,344,get,mqy,utb,dwv,gwq
1180282,349,341,353,346,357,utb,zap,get,nwm,kei
1180283,346,356,341,353,358,nwm,zrh,zap,get,fid
1180284,358,355,356,344,350,fid,mqy,zrh,gwq,ghp
1180285,343,351,348,357,360,ykn,wnp,wcz,kei,gdm
1180286,342,355,343,346,357,ryd,mqy,ykn,nwm,kei
1180287,348,353,350,356,360,wcz,get,ghp,zrh,gdm
1180288,346,358,355,360,350,nwm,fid,mqy,gdm,ghp
1180289,352,345,350,341,353,wmz,zvg,ghp,zap,get
1180290,351,343,359,354,344,wnp,ykn,dwv,omv,gwq
1180291,351,344,342,349,358,wnp,gwq,ryd,utb,fid
1180292,360,350,345,342,349,gdm,ghp,zvg,ryd,utb
1180293,345,360,352,341,344,zvg,gdm,wmz,zap,gwq
1180294,343,341,357,348,354,ykn,zap,kei,wcz,omv
1180295,347,342,360,346,348,ehd,ryd,gdm,nwm,wcz
1180296,344,355,358,353,356,gwq,mqy,fid,get,zrh
1180297,359,353,357,356,345,dwv,get,kei,zrh,zvg
1180298,352,360,359,349,357,wmz,gdm,dwv,utb,kei
1180299,342,345,351,350,349,ryd,zvg,wnp,ghp,utb
1180300,354,353,359,346,348,omv,get,dwv,nwm,wcz
1180301,353,355,356,351,352,get,mqy,zrh,wnp,wmz
1180302,348,350,353,354,351,wcz,ghp,get,omv,wnp
1180303,360,342,354,358,341,gdm,ryd,omv,fid,zap
1180304,344,348,343,350,349,gwq,wcz,ykn,ghp,utb
1180305,350,348,351,346,355,ghp,wcz,wnp,nwm,mqy
1180306,354,342,346,347,345,omv,ryd,nwm,ehd,zvg
1180307,354,341,353,352,343,omv,zap,get,wmz,ykn
1180308,357,348,351,353,358,kei,wcz,wnp,get,fid
1180309,351,341,354,352,357,wnp,zap,omv,wmz,kei
1180310,357,353,352,343,342,kei,get,wmz,ykn,ryd
1180311,356,349,343,346,359,zrh,utb,ykn,nwm,dwv
1180312,352,356,355,348,359,wmz,zrh,mqy,wcz,dwv
1180313,358,343,354,356,351,fid,ykn,omv,zrh,wnp
1180314,360,344,354,352,345,gdm,gwq,omv,wmz,zvg
1180315,342,347,343,357,358,ryd,ehd,ykn,kei,fid
1180316,351,354,345,360,343,wnp,omv,zvg,gdm,ykn
1180317,344,359,342,355,350,gwq,dwv,ryd,mqy,ghp
1180318,356,357,345,348,349,zrh,kei,zvg,wcz,utb
1180319,345,359,350,354,341,zvg,dwv,ghp,omv,zap
1180320,345,355,343,348,347,zvg,mqy,ykn,wcz,ehd
1180321,345,350,348,349,359,zvg,ghp,wcz,utb,dwv
1180322,352,341,345,360,342,wmz,zap,zvg,gdm,ryd
1180323,344,350,360,346,351,gwq,ghp,gdm,nwm,wnp
1180324,350,354,347,353,358,ghp,omv,ehd,get,fid
1180325,344,350,351,353,356,gwq,ghp,wnp,get,zrh
1180326,359,353,345,347,348,dwv,get,zvg,ehd,wcz
1180327,359,349,360,341,350,dwv,utb,gdm,zap,ghp
1180328,344,343,352,341,359,gwq,ykn,wmz,zap,dwv
1180329,358,359,356,344,360,fid,dwv,zrh,gwq,gdm
1180330,344,350,345,353,351,gwq,ghp,zvg,get,wnp
1180331,360,341,345,342,344,gdm,zap,zvg,ryd,gwq
1180332,360,351,359,355,356,gdm,wnp,dwv,mqy,zrh
1180333,346,344,354,350,356,nwm,gwq,omv,ghp,zrh
1180334,353,347,356,351,352,get,ehd,zrh,wnp,wmz
1180335,354,345,356,349,342,omv,zvg,zrh,utb,ryd
1180336,344,359,342,345,351,gwq,dwv,ryd,zvg,wnp
1180337,343,355,341,348,353,ykn,mqy,zap,wcz,get
1180338,341,354,345,360,346,zap,omv,zvg,gdm,nwm
1180339,349,344,355,360,346,utb,gwq,mqy,gdm,nwm
1180340,344,352,358,343,356,gwq,wmz,fid,ykn,zrh
1180341,350,352,358,343,341,ghp,wmz,fid,ykn,zap
1180342,360,344,348,357,353,gdm,gwq,wcz,kei,get
1180343,350,347,360,357,348,ghp,ehd,gdm,kei,wcz
1180344,350,360,353,354,359,ghp,gdm,get,omv,dwv
1180345,356,347,345,358,342,zrh,ehd,zvg,fid,ryd
1180346,352,348,354,351,349,wmz,wcz,omv,wnp,utb
1180347,356,351,345,344,358,zrh,wnp,zvg,gwq,fid
1180348,356,348,342,343,344,zrh,wcz,ryd,ykn,gwq
1180349,360,359,353,351,356,gdm,dwv,get,wnp,zrh
1180350,345,343,353,348,350,zvg,ykn,get,wcz,ghp
1180351,360,349,350,347,351,gdm,utb,ghp,ehd,wnp
1180352,355,350,347,349,344,mqy,ghp,ehd,utb,gwq
1180353,354,360,348,346,356,omv,gdm,wcz,nwm,zrh
1180354,359,355,350,353,342,dwv,mqy,ghp,get,ryd
1180355,341,350,348,353,359,zap,ghp,wcz,get,dwv
1180356,356,347,348,346,360,zrh,ehd,wcz,nwm,gdm
1180357,359,345,356,346,341,dwv,zvg,zrh,nwm,zap
1180358,348,355,345,353,349,wcz,mqy,zvg,get,utb
1180359,357,352,342,359,358,kei,wmz,ryd,dwv,fid
1180360,351,352,344,348,360,wnp,wmz,gwq,wcz,gdm
1180361,345,357,342,356,355,zvg,kei,ryd,zrh,mqy
1180362,358,346,359,354,351,fid,nwm,dwv,omv,wnp
1180363,354,357,347,346,353,omv,kei,ehd,nwm,get
1180364,347,356,354,342,341,ehd,zrh,omv,ryd,zap
1180365,345,343,350,348,352,zvg,ykn,ghp,wcz,wmz
1180366,355,354,353,349,347,mqy,omv,get,utb,ehd
1180367,355,349,354,345,358,mqy,utb,omv,zvg,fid
1180368,359,351,353,344,360,dwv,wnp,get,gwq,gdm
1180369,349,358,343,347,344,utb,fid,ykn,ehd,gwq
1180370,342,356,359,341,354,ryd,zrh,dwv,zap,omv
1180371,342,357,360,349,350,ryd,kei,gdm,utb,ghp
1180372,342,352,351,355,357,ryd,wmz,wnp,mqy,kei
1180373,341,359,344,342,352,zap,dwv,gwq,ryd,wmz
1180374,355,345,350,353,357,mqy,zvg,ghp,get,kei
1180375,357,349,342,348,345,kei,utb,ryd,wcz,zvg
1180376,351,358,346,347,341,wnp,fid,nwm,ehd,zap
1180377,353,360,350,346,348,get,gdm,ghp,nwm,wcz
1180378,350,353,343,344,356,ghp,get,ykn,gwq,zrh
1180379,350,357,347,358,356,ghp,kei,ehd,fid,zrh
1180380,351,355,345,346,347,wnp,mqy,zvg,nwm,ehd
1180381,351,343,357,349,358,wnp,ykn,kei,utb,fid
1180382,342,353,343,352,359,ryd,get,ykn,wmz,dwv
1180383,352,347,360,353,344,wmz,ehd,gdm,get,gwq
1180384,344,342,346,351,349,gwq,ryd,nwm,wnp,utb
1180385,347,351,346,359,356,ehd,wnp,nwm,dwv,zrh
1180386,347,357,348,359,358,ehd,kei,wcz,dwv,fid
1180387,360,350,355,344,349,gdm,ghp,mqy,gwq,utb
1180388,349,344,354,359,350,utb,gwq,omv,dwv,ghp
1180389,360,351,342,352,357,gdm,wnp,ryd,wmz,kei
1180390,356,351,358,345,347,zrh,wnp,fid,zvg,ehd
1180391,344,346,356,342,347,gwq,nwm,zrh,ryd,ehd
1180392,342,344,354,347,357,ryd,gwq,omv,ehd,kei
1180393,355,349,353,351,358,mqy,utb,get,wnp,fid
1180394,343,342,354,356,347,ykn,ryd,omv,zrh,ehd
1180395,355,353,348,359,351,mqy,get,wcz,dwv,wnp
1180396,357,348,345,352,341,kei,wcz,zvg,wmz,zap
1180397,356,345,348,351,355,zrh,zvg,wcz,wnp,mqy
1180398,357,358,345,341,343,kei,fid,zvg,zap,ykn
1180399,343,357,346,351,344,ykn,kei,nwm,wnp,gwq
1180400,346,357,349,356,347,nwm,kei,utb,zrh,ehd
1180401,342,354,350,359,357,ryd,omv,ghp,dwv,kei
1180402,355,358,345,342,353,mqy,fid,zvg,ryd,get
1180403,359,348,343,351,345,dwv,wcz,ykn,wnp,zvg
1180404,349,350,357,351,353,utb,ghp,kei,wnp,get
1180405,356,343,342,352,347,zrh,ykn,ryd,wmz,ehd
1180406,353,357,358,359,355,get,kei,fid,dwv,mqy
1180407,348,344,347,342,356,wcz,gwq,ehd,ryd,zrh
1180408,343,347,358,350,353,ykn,ehd,fid,ghp,get
1180409,341,345,353,359,343,zap,zvg,get,dwv,ykn
1180410,347,348,343,358,351,ehd,wcz,ykn,fid,wnp
1180411,346,351,343,352,342,nwm,wnp,ykn,wmz,ryd
1180412,352,357,345,341,350,wmz,kei,zvg,zap,ghp
1180413,357,348,358,351,360,kei,wcz,fid,wnp,gdm
1180414,345,356,350,341,355,zvg,zrh,ghp,zap,mqy
1180415,341,353,350,348,346,zap,get,ghp,wcz,nwm
1180416,354,346,347,355,345,omv,nwm,ehd,mqy,zvg
1180417,348,344,356,343,342,wcz,gwq,zrh,ykn,ryd
1180418,344,360,346,353,342,gwq,gdm,nwm,get,ryd
1180419,360,343,352,357,356,gdm,ykn,wmz,kei,zrh
1180420,360,358,349,357,341,gdm,fid,utb,kei,zap
1180421,358,351,359,356,341,fid,wnp,dwv,zrh,zap
1180422,349,345,348,350,351,utb,zvg,wcz,ghp,wnp
1180423,352,351,343,341,345,wmz,wnp,ykn,zap,zvg
1180424,360,348,358,341,345,gdm,wcz,fid,zap,zvg
1180425,353,341,346,360,357,get,zap,nwm,gdm,kei
1180426,348,352,350,356,346,wcz,wmz,ghp,zrh,nwm
1180427,349,354,344,358,356,utb,omv,gwq,fid,zrh
1180428,357,351,356,348,345,kei,wnp,zrh,wcz,zvg
1180429,345,344,356,347,354,zvg,gwq,zrh,ehd,omv
1180430,357,344,349,350,355,kei,gwq,utb,ghp,mqy
1180431,354,345,346,353,349,omv,zvg,nwm,get,utb
1180432,351,357,358,345,353,wnp,kei,fid,zvg,get
1180433,356,342,341,350,360,zrh,ryd,zap,ghp,gdm
1180434,351,350,353,344,346,wnp,ghp,get,gwq,nwm
1180435,343,344,360,358,355,ykn,gwq,gdm,fid,mqy
1180436,344,359,347,342,355,gwq,dwv,ehd,ryd,mqy
1180437,360,348,342,345,341,gdm,wcz,ryd,zvg,zap
1180438,349,345,356,357,341,utb,zvg,zrh,kei,zap
1180439,353,346,342,358,341,get,nwm,ryd,fid,zap
1180440,341,360,343,352,342,zap,gdm,ykn,wmz,ryd
1180441,343,347,351,353,360,ykn,ehd,wnp,get,gdm
1180442,345,344,350,355,358,zvg,gwq,ghp,mqy,fid
1180443,351,343,347,342,345,wnp,ykn,ehd,ryd,zvg
1180444,348,344,359,346,341,wcz,gwq,dwv,nwm,zap
1180445,351,345,358,357,356,wnp,zvg,fid,kei,zrh
1180446,360,352,354,341,342,gdm,wmz,omv,zap,ryd
1180447,355,358,347,345,343,mqy,fid,ehd,zvg,ykn
1180448,358,359,352,357,344,fid,dwv,wmz,kei,gwq
1180449,344,356,351,353,358,gwq,zrh,wnp,get,fid
1180450,341,359,356,342,357,zap,dwv,zrh,ryd,kei
1180451,351,354,341,343,356,wnp,omv,zap,ykn,zrh
1180452,355,348,354,351,358,mqy,wcz,omv,wnp,fid
1180453,352,348,342,345,357,wmz,wcz,ryd,zvg,kei
1180454,353,350,356,357,349,get,ghp,zrh,kei,utb
1180455,356,348,343,350,342,zrh,wcz,ykn,ghp,ryd
1180456,357,347,352,341,350,kei,ehd,wmz,zap,ghp
1180457,359,344,341,350,348,dwv,gwq,zap,ghp,wcz
1180458,360,345,342,359,350,gdm,zvg,ryd,dwv,ghp
1180459,350,343,341,349,354,ghp,ykn,zap,utb,omv
1180460,353,352,342,354,358,get,wmz,ryd,omv,fid
1180461,360,350,355,359,345,gdm,ghp,mqy,dwv,zvg
1180462,345,355,348,354,357,zvg,mqy,wcz,omv,kei
1180463,360,358,346,357,354,gdm,fid,nwm,kei,omv
1180464,349,356,352,342,360,utb,zrh,wmz,ryd,gdm
1180465,347,344,354,353,345,ehd,gwq,omv,get,zvg
1180466,354,360,351,356,343,omv,gdm,wnp,zrh,ykn
1180467,348,360,345,346,358,wcz,gdm,zvg,nwm,fid
1180468,352,345,354,350,353,wmz,zvg,omv,ghp,get
1180469,349,348,343,353,360,utb,wcz,ykn,get,gdm
1180470,352,347,348,357,356,wmz,ehd,wcz,kei,zrh
1180471,359,342,353,347,344,dwv,ryd,get,ehd,gwq
1180472,343,349,355,358,351,ykn,utb,mqy,fid,wnp
1180473,357,348,351,349,354,kei,wcz,wnp,utb,omv
1180474,345,360,349,354,353,zvg,gdm,utb,omv,get
1180475,352,347,358,355,341,wmz,ehd,fid,mqy,zap
1180476,357,347,355,343,356,kei,ehd,mqy,ykn,zrh
1180477,348,359,344,352,350,wcz,dwv,gwq,wmz,ghp
1180478,355,352,342,359,351,mqy,wmz,ryd,dwv,wnp
1180479,342,351,357,343,345,ryd,wnp,kei,ykn,zvg
1180480,360,355,356,343,352,gdm,mqy,zrh,ykn,wmz
1180481,341,359,354,343,346,zap,dwv,omv,ykn,nwm
1180482,349,351,345,356,360,utb,wnp,zvg,zrh,gdm
1180483,358,351,354,353,344,fid,wnp,omv,get,gwq
1180484,360,350,356,343,353,gdm,ghp,zrh,ykn,get
1180485,349,350,343,348,356,utb,ghp,ykn,wcz,zrh
1180486,343,351,349,356,346,ykn,wnp,utb,zrh,nwm
1180487,357,342,341,358,343,kei,ryd,zap,fid,ykn
1180488,347,344,343,359,358,ehd,gwq,ykn,dwv,fid
1180489,352,345,354,359,346,wmz,zvg,omv,dwv,nwm
1180490,347,354,345,353,357,ehd,omv,zvg,get,kei
1180491,344,345,346,360,356,gwq,zvg,nwm,gdm,zrh
1180492,348,353,343,349,342,wcz,get,ykn,utb,ryd
1180493,357,348,353,354,347,kei,wcz,get,omv,ehd
1180494,341,342,358,352,354,zap,ryd,fid,wmz,omv
1180495,360,348,355,350,353,gdm,wcz,mqy,ghp,get
1180496,354,352,349,360,342,omv,wmz,utb,gdm,ryd
1180497,343,354,345,358,352,ykn,omv,zvg,fid,wmz
1180498,353,341,351,360,354,get,zap,wnp,gdm,omv
1180499,344,351,341,359,345,gwq,wnp,zap,dwv,zvg
1180500,347,358,344,348,356,ehd,fid,gwq,wcz,zrh
1180501,351,357,346,347,349,wnp,kei,nwm,ehd,utb
1180502,354,346,349,355,348,omv,nwm,utb,mqy,wcz
1180503,351,356,347,348,360,wnp,zrh,ehd,wcz,gdm
1180504,355,358,345,353,357,mqy,fid,zvg,get,kei
1180505,356,344,357,342,346,zrh,gwq,kei,ryd,nwm
1180506,350,352,353,360,357,ghp,wmz,get,gdm,kei
1180507,354,352,344,350,348,omv,wmz,gwq,ghp,wcz
1180508,355,349,342,360,359,mqy,utb,ryd,gdm,dwv
1180509,355,352,349,357,350,mqy,wmz,utb,kei,ghp
1180510,346,344,342,343,353,nwm,gwq,ryd,ykn,get
1180511,351,342,349,352,343,wnp,ryd,utb,wmz,ykn
1180512,346,353,354,345,350,nwm,get,omv,zvg,ghp
1180513,355,359,343,352,358,mqy,dwv,ykn,wmz,fid
1180514,348,351,350,347,342,wcz,wnp,ghp,ehd,ryd
1180515,357,358,346,359,343,kei,fid,nwm,dwv,ykn
1180516,347,341,344,351,356,ehd,zap,gwq,wnp,zrh
1180517,357,344,350,348,352,kei,gwq,ghp,wcz,wmz
1180518,359,356,341,346,353,dwv,zrh,zap,nwm,get
1180519,351,344,349,356,352,wnp,gwq,utb,zrh,wmz
1180520,350,347,357,348,359,ghp,ehd,kei,wcz,dwv
1180521,358,345,355,346,349,fid,zvg,mqy,nwm,utb
1180522,354,349,346,345,351,omv,utb,nwm,zvg,wnp
1180523,354,352,342,351,357,omv,wmz,ryd,wnp,kei
1180524,346,359,345,350,349,nwm,dwv,zvg,ghp,utb
1180525,354,347,342,352,341,omv,ehd,ryd,wmz,zap
1180526,352,344,346,347,359,wmz,gwq,nwm,ehd,dwv
1180527,341,353,343,349,350,zap,get,ykn,utb,ghp
1180528,343,356,359,350,351,ykn,zrh,dwv,ghp,wnp
1180529,348,358,350,343,344,wcz,fid,ghp,ykn,gwq
1180530,349,351,341,354,360,utb,wnp,zap,omv,gdm
1180531,356,345,343,347,353,zrh,zvg,ykn,ehd,get
1180532,346,344,349,345,353,nwm,gwq,utb,zvg,get
1180533,357,354,358,349,352,kei,omv,fid,utb,wmz
1180534,358,347,349,346,354,fid,ehd,utb,nwm,omv
1180535,345,358,351,356,354,zvg,fid,wnp,zrh,omv
1180536,357,353,359,347,343,kei,get,dwv,ehd,ykn
1180537,343,346,342,350,344,ykn,nwm,ryd,ghp,gwq
1180538,352,354,353,343,359,wmz,omv,get,ykn,dwv
1180539,343,345,357,347,356,ykn,zvg,kei,ehd,zrh
1180540,358,352,347,359,357,fid,wmz,ehd,dwv,kei
1180541,353,351,355,349,348,get,wnp,mqy,utb,wcz
1180542,343,352,355,357,346,ykn,wmz,mqy,kei,nwm
1180543,357,346,350,341,359,kei,nwm,ghp,zap,dwv
1180544,356,349,344,347,343,zrh,utb,gwq,ehd,ykn
1180545,358,345,356,344,352,fid,zvg,zrh,gwq,wmz
1180546,341,357,347,359,360,zap,kei,ehd,dwv,gdm
1180547,347,343,346,341,351,ehd,ykn,nwm,zap,wnp
1180548,355,341,342,356,346,mqy,zap,ryd,zrh,nwm
1180549,348,342,355,341,353,wcz,ryd,mqy,zap,get
1180550,360,349,342,353,352,gdm,utb,ryd,get,wmz
1180551,351,350,352,359,360,wnp,ghp,wmz,dwv,gdm
1180552,355,346,358,353,349,mqy,nwm,fid,get,utb
1180553,342,350,360,354,349,ryd,ghp,gdm,omv,utb
1180554,347,358,341,350,359,ehd,fid,zap,ghp,dwv
1180555,343,359,346,360,342,ykn,dwv,nwm,gdm,ryd
1180556,359,352,344,343,350,dwv,wmz,gwq,ykn,ghp
1180557,360,344,346,341,359,gdm,gwq,nwm,zap,dwv
1180558,347,342,343,341,355,ehd,ryd,ykn,zap,mqy
1180559,352,353,347,360,351,wmz,get,ehd,gdm,wnp
1180560,342,360,352,355,358,ryd,gdm,wmz,mqy,fid
1180561,343,347,360,350,349,ykn,ehd,gdm,ghp,utb
1180562,342,346,357,351,343,ryd,nwm,kei,wnp,ykn
1180563,351,344,359,358,352,wnp,gwq,dwv,fid,wmz
1180564,345,349,350,354,360,zvg,utb,ghp,omv,gdm
1180565,347,343,353,348,352,ehd,ykn,get,wcz,wmz
1180566,354,359,356,348,353,omv,dwv,zrh,wcz,get
1180567,346,341,342,348,347,nwm,zap,ryd,wcz,ehd
1180568,343,342,344,350,351,ykn,ryd,gwq,ghp,wnp
1180569,342,349,348,351,354,ryd,utb,wcz,wnp,omv
1180570,353,360,358,351,342,get,gdm,fid,wnp,ryd
1180571,342,347,350,360,359,ryd,ehd,ghp,gdm,dwv
1180572,346,354,352,344,341,nwm,omv,wmz,gwq,zap
1180573,354,343,345,351,344,omv,ykn,zvg,wnp,gwq
1180574,350,352,346,348,353,ghp,wmz,nwm,wcz,get
1180575,345,344,342,360,346,zvg,gwq,ryd,gdm,nwm
1180576,348,358,360,355,359,wcz,fid,gdm,mqy,dwv
1180577,360,350,344,349,353,gdm,ghp,gwq,utb,get
1180578,354,357,356,350,349,omv,kei,zrh,ghp,utb
1180579,356,346,359,349,360,zrh,nwm,dwv,utb,gdm
1180580,344,345,354,341,356,gwq,zvg,omv,zap,zrh
1180581,346,350,345,355,342,nwm,ghp,zvg,mqy,ryd
1180582,346,356,345,355,344,nwm,zrh,zvg,mqy,gwq
1180583,341,343,360,356,358,zap,ykn,gdm,zrh,fid
1180584,355,356,345,343,342,mqy,zrh,zvg,ykn,ryd
1180585,360,348,347,349,343,gdm,wcz,ehd,utb,ykn
1180586,352,355,346,341,356,wmz,mqy,nwm,zap,zrh
1180587,349,347,343,357,344,utb,ehd,ykn,kei,gwq
1180588,357,352,354,346,350,kei,wmz,omv,nwm,ghp
1180589,359,341,345,350,354,dwv,zap,zvg,ghp,omv
1180590,357,345,356,344,347,kei,zvg,zrh,gwq,ehd
1180591,350,341,356,347,357,ghp,zap,zrh,ehd,kei
1180592,355,349,360,358,345,mqy,utb,gdm,fid,zvg
1180593,346,345,357,348,342,nwm,zvg,kei,wcz,ryd
1180594,352,359,346,357,354,wmz,dwv,nwm,kei,omv
1180595,348,359,354,349,351,wcz,dwv,omv,utb,wnp
1180596,355,346,341,349,356,mqy,nwm,zap,utb,zrh
1180597,354,343,350,347,348,omv,ykn,ghp,ehd,wcz
1180598,349,345,347,352,354,utb,zvg,ehd,wmz,omv
1180599,357,343,353,352,348,kei,ykn,get,wmz,wcz
1180600,355,356,344,358,341,mqy,zrh,gwq,fid,zap
1190001,366,369,368,379,373,fva,jqt,wzi,exy,ubt
1190002,376,370,373,361,372,znp,hjf,ubt,rst,zcj
1190003,368,367,370,373,361,wzi,qut,hjf,ubt,rst
1190004,370,372,371,367,369,hjf,zcj,hzo,qut,jqt
1190005,363,367,377,371,376,ohf,qut,zet,hzo,znp
1190006,366,369,368,361,373,fva,jqt,wzi,rst,ubt
1190007,379,368,378,365,372,exy,wzi,kaq,bor,zcj
1190008,376,373,362,363,366,znp,ubt,otq,ohf,fva
1190009,370,367,361,366,362,hjf,qut,rst,fva,otq
1190010,367,362,379,368,364,qut,otq,exy,wzi,vns
1190011,370,367,379,365,369,hjf,qut,exy,bor,jqt
1190012,375,363,367,365,369,bsa,ohf,qut,bor,jqt
1190013,380,365,367,366,378,wmv,bor,qut,fva,kaq
1190014,366,375,371,367,369,fva,bsa,hzo,qut,jqt
1190015,380,370,379,369,374,wmv,hjf,exy,jqt,dpe
1190016,375,378,377,364,362,bsa,kaq,zet,vns,otq
1190017,372,373,369,370,375,zcj,ubt,jqt,hjf,bsa
1190018,364,379,375,374,377,vns,exy,bsa,dpe,zet
1190019,371,379,367,363,368,hzo,exy,qut,ohf,wzi
1190020,376,371,377,369,365,znp,hzo,zet,jqt,bor
1190021,364,366,375,362,379,vns,fva,bsa,otq,exy
1190022,365,380,363,373,370,bor,wmv,ohf,ubt,hjf
1190023,374,372,366,363,377,dpe,zcj,fva,ohf,zet
1190024,379,373,368,369,361,exy,ubt,wzi,jqt,rst
1190025,370,380,377,376,362,hjf,wmv,zet,znp,otq
1190026,362,368,378,365,377,otq,wzi,kaq,bor,zet
1190027,363,376,373,367,370,ohf,znp,ubt,qut,hjf
1190028,364,374,371,372,366,vns,dpe,hzo,zcj,fva
1190029,380,362,364,370,374,wmv,otq,vns,hjf,dpe
1190030,371,361,367,373,374,hzo,rst,qut,ubt,dpe
1190031,380,372,362,368,365,wmv,zcj,otq,wzi,bor
1190032,380,371,375,368,364,wmv,hzo,bsa,wzi,vns
1190033,361,367,371,373,366,rst,qut,hzo,ubt,fva
1190034,371,374,367,372,375,hzo,dpe,qut,zcj,bsa
1190035,376,369,364,380,379,znp,jqt,vns,wmv,exy
1190036,361,372,373,371,379,rst,zcj,ubt,hzo,exy
1190037,380,370,372,367,364,wmv,hjf,zcj,qut,vns
1190038,368,362,373,367,379,wzi,otq,ubt,qut,exy
1190039,371,367,362,378,361,hzo,qut,otq,kaq,rst
1190040,366,369,361,364,374,fva,jqt,rst,vns,dpe
1190041,362,375,378,368,361,otq,bsa,kaq,wzi,rst
1190042,367,361,370,363,371,qut,rst,hjf,ohf,hzo
1190043,380,366,378,365,376,wmv,fva,kaq,bor,znp
1190044,377,379,369,364,376,zet,exy,jqt,vns,znp
1190045,375,370,373,361,377,bsa,hjf,ubt,rst,zet
1190046,361,378,380,374,369,rst,kaq,wmv,dpe,jqt
1190047,380,362,369,376,368,wmv,otq,jqt,znp,wzi
1190048,362,363,380,365,379,otq,ohf,wmv,bor,exy
1190049,374,372,362,366,364,dpe,zcj,otq,fva,vns
1190050,365,369,371,364,376,bor,jqt,hzo,vns,znp
1190051,380,373,365,368,370,wmv,ubt,bor,wzi,hjf
1190052,377,366,372,361,380,zet,fva,zcj,rst,wmv
1190053,372,365,363,369,375,zcj,bor,ohf,jqt,bsa
1190054,367,378,377,368,361,qut,kaq,zet,wzi,rst
1190055,379,371,373,369,375,exy,hzo,ubt,jqt,bsa
1190056,365,374,378,370,367,bor,dpe,kaq,hjf,qut
1190057,369,368,366,378,371,jqt,wzi,fva,kaq,hzo
1190058,379,368,378,372,361,exy,wzi,kaq,zcj,rst
1190059,379,361,365,362,370,exy,rst,bor,otq,hjf
1190060,373,379,372,366,362,ubt,exy,zcj,fva,otq
1190061,362,366,379,369,363,otq,fva,exy,jqt,ohf
1190062,374,376,380,361,377,dpe,znp,wmv,rst,zet
1190063,371,374,373,380,362,hzo,dpe,ubt,wmv,otq
1190064,365,380,378,368,369,bor,wmv,kaq,wzi,jqt
1190065,377,361,376,366,370,zet,rst,znp,fva,hjf
1190066,371,362,366,380,376,hzo,otq,fva,wmv,znp
1190067,374,373,366,372,361,dpe,ubt,fva,zcj,rst
1190068,374,365,367,370,363,dpe,bor,qut,hjf,ohf
1190069,368,364,376,361,371,wzi,vns,znp,rst,hzo
1190070,361,375,365,371,374,rst,bsa,bor,hzo,dpe
1190071,376,363,371,372,379,znp,ohf,hzo,zcj,exy
1190072,368,380,367,375,373,wzi,wmv,qut,bsa,ubt
1190073,374,367,373,379,369,dpe,qut,ubt,exy,jqt
1190074,379,375,376,362,373,exy,bsa,znp,otq,ubt
1190075,380,370,379,374,372,wmv,hjf,exy,dpe,zcj
1190076,374,377,376,378,366,dpe,zet,znp,kaq,fva
1190077,379,371,377,362,374,exy,hzo,zet,otq,dpe
1190078,369,374,377,366,376,jqt,dpe,zet,fva,znp
1190079,369,377,366,362,365,jqt,zet,fva,otq,bor
1190080,365,362,367,378,380,bor,otq,qut,kaq,wmv
1190081,363,379,362,368,372,ohf,exy,otq,wzi,zcj
1190082,370,380,373,367,365,hjf,wmv,ubt,qut,bor
1190083,364,372,369,367,379,vns,zcj,jqt,qut,exy
1190084,378,362,361,377,367,kaq,otq,rst,zet,qut
1190085,379,365,375,378,368,exy,bor,bsa,kaq,wzi
1190086,367,362,365,369,380,qut,otq,bor,jqt,wmv
1190087,371,377,380,373,362,hzo,zet,wmv,ubt,otq
1190088,362,366,378,373,363,otq,fva,kaq,ubt,ohf
1190089,369,379,363,367,364,jqt,exy,ohf,qut,vns
1190090,374,376,364,361,362,dpe,znp,vns,rst,otq
1190091,378,375,373,374,371,kaq,bsa,ubt,dpe,hzo
1190092,379,373,364,378,363,exy,ubt,vns,kaq,ohf
1190093,363,374,366,364,361,ohf,dpe,fva,vns,rst
1190094,374,364,377,371,362,dpe,vns,zet,hzo,otq
1190095,367,364,363,372,371,qut,vns,ohf,zcj,hzo
1190096,375,361,376,371,363,bsa,rst,znp,hzo,ohf
1190097,366,363,368,377,369,fva,ohf,wzi,zet,jqt
1190098,375,363,367,364,373,bsa,ohf,qut,vns,ubt
1190099,376,378,365,375,377,znp,kaq,bor,bsa,zet
1190100,377,373,369,361,365,zet,ubt,jqt,rst,bor
1190101,361,374,363,367,380,rst,dpe,ohf,qut,wmv
1190102,376,380,361,362,366,znp,wmv,rst,otq,fva
1190103,367,375,365,378,372,qut,bsa,bor,kaq,zcj
1190104,369,367,361,365,366,jqt,qut,rst,bor,fva
1190105,370,380,363,371,367,hjf,wmv,ohf,hzo,qut
1190106,368,373,364,367,380,wzi,ubt,vns,qut,wmv
1190107,371,364,377,373,368,hzo,vns,zet,ubt,wzi
1190108,367,378,374,372,375,qut,kaq,dpe,zcj,bsa
1190109,373,367,361,375,377,ubt,qut,rst,bsa,zet
1190110,370,361,374,375,373,hjf,rst,dpe,bsa,ubt
1190111,378,363,374,368,361,kaq,ohf,dpe,wzi,rst
1190112,369,377,367,370,366,jqt,zet,qut,hjf,fva
1190113,372,364,377,376,368,zcj,vns,zet,znp,wzi
1190114,376,380,365,373,377,znp,wmv,bor,ubt,zet
1190115,375,373,374,370,369,bsa,ubt,dpe,hjf,jqt
1190116,379,378,371,380,361,exy,kaq,hzo,wmv,rst
1190117,361,365,373,368,367,rst,bor,ubt,wzi,qut
1190118,370,378,369,376,380,hjf,kaq,jqt,znp,wmv
1190119,375,364,372,371,363,bsa,vns,zcj,hzo,ohf
1190120,372,377,370,366,371,zcj,zet,hjf,fva,hzo
1190121,378,365,361,370,366,kaq,bor,rst,hjf,fva
1190122,368,362,378,379,374,wzi,otq,kaq,exy,dpe
1190123,378,370,366,373,369,kaq,hjf,fva,ubt,jqt
1190124,368,373,372,369,364,wzi,ubt,zcj,jqt,vns
1190125,378,362,375,361,373,kaq,otq,bsa,rst,ubt
1190126,369,363,368,377,365,jqt,ohf,wzi,zet,bor
1190127,372,366,379,369,375,zcj,fva,exy,jqt,bsa
1190128,376,374,372,368,367,znp,dpe,zcj,wzi,qut
1190129,380,363,362,370,361,wmv,ohf,otq,hjf,rst
1190130,380,370,369,377,379,wmv,hjf,jqt,zet,exy
1190131,375,370,369,374,373,bsa,hjf,jqt,dpe,ubt
1190132,367,370,362,369,365,qut,hjf,otq,jqt,bor
1190133,370,369,377,363,373,hjf,jqt,zet,ohf,ubt
1190134,367,364,362,376,374,qut,vns,otq,znp,dpe
1190135,376,363,371,377,372,znp,ohf,hzo,zet,zcj
1190136,367,368,380,371,365,qut,wzi,wmv,hzo,bor
1190137,370,374,361,379,364,hjf,dpe,rst,exy,vns
1190138,374,369,361,373,370,dpe,jqt,rst,ubt,hjf
1190139,372,368,377,365,373,zcj,wzi,zet,bor,ubt
1190140,361,364,369,376,366,rst,vns,jqt,znp,fva
1190141,372,376,367,375,378,zcj,znp,qut,bsa,kaq
1190142,378,366,376,379,371,kaq,fva,znp,exy,hzo
1190143,380,364,363,377,362,wmv,vns,ohf,zet,otq
1190144,377,367,361,370,371,zet,qut,rst,hjf,hzo
1190145,370,375,368,361,364,hjf,bsa,wzi,rst,vns
1190146,372,369,370,374,364,zcj,jqt,hjf,dpe,vns
1190147,374,369,376,379,373,dpe,jqt,znp,exy,ubt
1190148,362,374,370,369,363,otq,dpe,hjf,jqt,ohf
1190149,377,362,369,371,365,zet,otq,jqt,hzo,bor
1190150,376,369,374,375,368,znp,jqt,dpe,bsa,wzi
1190151,365,361,378,367,379,bor,rst,kaq,qut,exy
1190152,367,362,370,369,371,qut,otq,hjf,jqt,hzo
1190153,367,364,363,377,380,qut,vns,ohf,zet,wmv
1190154,372,364,369,377,376,zcj,vns,jqt,zet,znp
1190155,362,371,365,374,372,otq,hzo,bor,dpe,zcj
1190156,361,364,371,376,363,rst,vns,hzo,znp,ohf
1190157,372,368,367,376,377,zcj,wzi,qut,znp,zet
1190158,366,370,363,372,374,fva,hjf,ohf,zcj,dpe
1190159,372,370,374,366,362,zcj,hjf,dpe,fva,otq
1190160,374,373,368,367,377,dpe,ubt,wzi,qut,zet
1190161,377,367,371,372,365,zet,qut,hzo,zcj,bor
1190162,378,369,367,374,376,kaq,jqt,qut,dpe,znp
1190163,361,374,365,366,364,rst,dpe,bor,fva,vns
1190164,365,380,368,364,369,bor,wmv,wzi,vns,jqt
1190165,375,369,372,371,361,bsa,jqt,zcj,hzo,rst
1190166,366,380,378,363,374,fva,wmv,kaq,ohf,dpe
1190167,366,378,370,379,369,fva,kaq,hjf,exy,jqt
1190168,379,378,377,367,373,exy,kaq,zet,qut,ubt
1190169,376,380,378,370,371,znp,wmv,kaq,hjf,hzo
1190170,379,364,376,380,375,exy,vns,znp,wmv,bsa
1190171,370,377,375,364,376,hjf,zet,bsa,vns,znp
1190172,373,366,372,375,376,ubt,fva,zcj,bsa,znp
1190173,368,372,375,373,371,wzi,zcj,bsa,ubt,hzo
1190174,380,374,369,379,367,wmv,dpe,jqt,exy,qut
1190175,374,376,378,363,367,dpe,znp,kaq,ohf,qut
1190176,374,366,361,364,371,dpe,fva,rst,vns,hzo
1190177,370,371,368,376,367,hjf,hzo,wzi,znp,qut
1190178,367,376,364,378,374,qut,znp,vns,kaq,dpe
1190179,380,379,378,364,362,wmv,exy,kaq,vns,otq
1190180,361,376,377,362,370,rst,znp,zet,otq,hjf
1190181,361,374,370,369,378,rst,dpe,hjf,jqt,kaq
1190182,367,369,372,363,370,qut,jqt,zcj,ohf,hjf
1190183,373,369,378,377,372,ubt,jqt,kaq,zet,zcj
1190184,370,379,373,369,372,hjf,exy,ubt,jqt,zcj
1190185,363,374,371,372,375,ohf,dpe,hzo,zcj,bsa
1190186,370,364,374,366,372,hjf,vns,dpe,fva,zcj
1190187,372,371,374,366,375,zcj,hzo,dpe,fva,bsa
1190188,377,367,372,378,369,zet,qut,zcj,kaq,jqt
1190189,363,368,369,365,371,ohf,wzi,jqt,bor,hzo
1190190,372,369,373,367,365,zcj,jqt,ubt,qut,bor
1190191,369,372,364,370,379,jqt,zcj,vns,hjf,exy
1190192,376,379,380,377,368,znp,exy,wmv,zet,wzi
1190193,367,365,369,377,371,qut,bor,jqt,zet,hzo
1190194,379,375,370,364,363,exy,bsa,hjf,vns,ohf
1190195,363,366,367,361,378,ohf,fva,qut,rst,kaq
1190196,369,372,374,379,378,jqt,zcj,dpe,exy,kaq
1190197,372,362,373,363,369,zcj,otq,ubt,ohf,jqt
1190198,380,366,365,363,368,wmv,fva,bor,ohf,wzi
1190199,366,378,373,374,377,fva,kaq,ubt,dpe,zet
1190200,373,374,367,378,375,ubt,dpe,qut,kaq,bsa
1190201,380,375,368,379,366,wmv,bsa,wzi,exy,fva
1190202,377,362,367,365,361,zet,otq,qut,bor,rst
1190203,377,364,373,366,368,zet,vns,ubt,fva,wzi
1190204,362,371,379,369,366,otq,hzo,exy,jqt,fva
1190205,368,363,366,365,376,wzi,ohf,fva,bor,znp
1190206,368,364,370,380,369,wzi,vns,hjf,wmv,jqt
1190207,371,377,370,374,380,hzo,zet,hjf,dpe,wmv
1190208,376,380,373,377,369,znp,wmv,ubt,zet,jqt
1190209,377,372,365,361,374,zet,zcj,bor,rst,dpe
1190210,378,362,376,375,369,kaq,otq,znp,bsa,jqt
1190211,378,361,370,364,371,kaq,rst,hjf,vns,hzo
1190212,374,375,370,379,366,dpe,bsa,hjf,exy,fva
1190213,362,373,368,376,367,otq,ubt,wzi,znp,qut
1190214,373,380,363,371,361,ubt,wmv,ohf,hzo,rst
1190215,374,372,375,379,365,dpe,zcj,bsa,exy,bor
1190216,361,362,365,371,367,rst,otq,bor,hzo,qut
1190217,366,377,363,364,365,fva,zet,ohf,vns,bor
1190218,374,376,378,373,361,dpe,znp,kaq,ubt,rst
1190219,378,372,379,365,369,kaq,zcj,exy,bor,jqt
1190220,370,361,362,369,366,hjf,rst,otq,jqt,fva
1190221,368,365,367,362,373,wzi,bor,qut,otq,ubt
1190222,378,375,373,363,365,kaq,bsa,ubt,ohf,bor
1190223,378,367,377,379,361,kaq,qut,zet,exy,rst
1190224,363,370,371,364,375,ohf,hjf,hzo,vns,bsa
1190225,365,361,372,377,368,bor,rst,zcj,zet,wzi
1190226,362,371,377,380,369,otq,hzo,zet,wmv,jqt
1190227,364,375,376,374,369,vns,bsa,znp,dpe,jqt
1190228,379,380,369,372,370,exy,wmv,jqt,zcj,hjf
1190229,365,364,376,373,372,bor,vns,znp,ubt,zcj
1190230,380,368,379,372,367,wmv,wzi,exy,zcj,qut
1190231,370,363,376,362,366,hjf,ohf,znp,otq,fva
1190232,375,362,374,373,371,bsa,otq,dpe,ubt,hzo
1190233,373,372,374,380,376,ubt,zcj,dpe,wmv,znp
1190234,380,378,364,373,363,wmv,kaq,vns,ubt,ohf
1190235,369,377,375,364,380,jqt,zet,bsa,vns,wmv
1190236,378,373,372,377,375,kaq,ubt,zcj,zet,bsa
1190237,366,379,378,364,361,fva,exy,kaq,vns,rst
1190238,370,380,365,376,368,hjf,wmv,bor,znp,wzi
1190239,372,363,368,362,365,zcj,ohf,wzi,otq,bor
1190240,380,369,368,366,365,wmv,jqt,wzi,fva,bor
1190241,364,367,361,374,369,vns,qut,rst,dpe,jqt
1190242,372,361,370,368,378,zcj,rst,hjf,wzi,kaq
1190243,374,366,370,378,361,dpe,fva,hjf,kaq,rst
1190244,377,375,368,367,373,zet,bsa,wzi,qut,ubt
1190245,377,369,380,371,361,zet,jqt,wmv,hzo,rst
1190246,375,373,367,371,377,bsa,ubt,qut,hzo,zet
1190247,364,371,373,372,374,vns,hzo,ubt,zcj,dpe
1190248,374,370,371,363,367,dpe,hjf,hzo,ohf,qut
1190249,364,362,376,363,372,vns,otq,znp,ohf,zcj
1190250,368,364,366,380,379,wzi,vns,fva,wmv,exy
1190251,367,371,378,368,380,qut,hzo,kaq,wzi,wmv
1190252,362,369,378,375,361,otq,jqt,kaq,bsa,rst
1190253,375,364,373,372,378,bsa,vns,ubt,zcj,kaq
1190254,366,378,368,365,361,fva,kaq,wzi,bor,rst
1190255,379,361,380,363,373,exy,rst,wmv,ohf,ubt
1190256,366,368,373,375,364,fva,wzi,ubt,bsa,vns
1190257,379,363,364,366,377,exy,ohf,vns,fva,zet
1190258,374,362,379,365,376,dpe,otq,exy,bor,znp
1190259,370,379,366,367,369,hjf,exy,fva,qut,jqt
1190260,371,368,372,366,365,hzo,wzi,zcj,fva,bor
1190261,365,376,372,364,370,bor,znp,zcj,vns,hjf
1190262,372,370,380,362,377,zcj,hjf,wmv,otq,zet
1190263,370,361,365,377,364,hjf,rst,bor,zet,vns
1190264,362,379,376,373,380,otq,exy,znp,ubt,wmv
1190265,377,370,361,371,364,zet,hjf,rst,hzo,vns
1190266,368,379,373,374,365,wzi,exy,ubt,dpe,bor
1190267,378,368,369,365,363,kaq,wzi,jqt,bor,ohf
1190268,372,374,361,379,366,zcj,dpe,rst,exy,fva
1190269,362,378,376,368,372,otq,kaq,znp,wzi,zcj
1190270,369,370,371,377,362,jqt,hjf,hzo,zet,otq
1190271,380,373,365,369,377,wmv,ubt,bor,jqt,zet
1190272,363,373,379,366,375,ohf,ubt,exy,fva,bsa
1190273,362,373,364,361,377,otq,ubt,vns,rst,zet
1190274,377,376,363,369,379,zet,znp,ohf,jqt,exy
1190275,362,365,370,369,374,otq,bor,hjf,jqt,dpe
1190276,378,363,373,366,365,kaq,ohf,ubt,fva,bor
1190277,365,374,367,368,377,bor,dpe,qut,wzi,zet
1190278,374,366,377,371,368,dpe,fva,zet,hzo,wzi
1190279,361,377,373,364,374,rst,zet,ubt,vns,dpe
1190280,376,363,373,369,372,znp,ohf,ubt,jqt,zcj
1190281,373,375,369,379,364,ubt,bsa,jqt,exy,vns
1190282,369,361,373,366,377,jqt,rst,ubt,fva,zet
1190283,366,376,361,373,378,fva,znp,rst,ubt,kaq
1190284,378,375,376,364,370,kaq,bsa,znp,vns,hjf
1190285,363,371,368,377,380,ohf,hzo,wzi,zet,wmv
1190286,362,375,363,366,377,otq,bsa,ohf,fva,zet
1190287,368,373,370,376,380,wzi,ubt,hjf,znp,wmv
1190288,366,378,375,380,370,fva,kaq,bsa,wmv,hjf
1190289,372,365,370,361,373,zcj,bor,hjf,rst,ubt
1190290,371,363,379,374,364,hzo,ohf,exy,dpe,vns
1190291,371,364,362,369,378,hzo,vns,otq,jqt,kaq
1190292,380,370,365,362,369,wmv,hjf,bor,otq,jqt
1190293,365,380,372,361,364,bor,wmv,zcj,rst,vns
1190294,363,361,377,368,374,ohf,rst,zet,wzi,dpe
1190295,367,362,380,366,368,qut,otq,wmv,fva,wzi
1190296,364,375,378,373,376,vns,bsa,kaq,ubt,znp
1190297,379,373,377,376,365,exy,ubt,zet,znp,bor
1190298,372,380,379,369,377,zcj,wmv,exy,jqt,zet
1190299,362,365,371,370,369,otq,bor,hzo,hjf,jqt
1190300,374,373,379,366,368,dpe,ubt,exy,fva,wzi
1190301,373,375,376,371,372,ubt,bsa,znp,hzo,zcj
1190302,368,370,373,374,371,wzi,hjf,ubt,dpe,hzo
1190303,380,362,374,378,361,wmv,otq,dpe,kaq,rst
1190304,364,368,363,370,369,vns,wzi,ohf,hjf,jqt
1190305,370,368,371,366,375,hjf,wzi,hzo,fva,bsa
1190306,374,362,366,367,365,dpe,otq,fva,qut,bor
1190307,374,361,373,372,363,dpe,rst,ubt,zcj,ohf
1190308,377,368,371,373,378,zet,wzi,hzo,ubt,kaq
1190309,371,361,374,372,377,hzo,rst,dpe,zcj,zet
1190310,377,373,372,363,362,zet,ubt,zcj,ohf,otq
1190311,376,369,363,366,379,znp,jqt,ohf,fva,exy
1190312,372,376,375,368,379,zcj,znp,bsa,wzi,exy
1190313,378,363,374,376,371,kaq,ohf,dpe,znp,hzo
1190314,380,364,374,372,365,wmv,vns,dpe,zcj,bor
1190315,362,367,363,377,378,otq,qut,ohf,zet,kaq
1190316,371,374,365,380,363,hzo,dpe,bor,wmv,ohf
1190317,364,379,362,375,370,vns,exy,otq,bsa,hjf
1190318,376,377,365,368,369,znp,zet,bor,wzi,jqt
1190319,365,379,370,374,361,bor,exy,hjf,dpe,rst
1190320,365,375,363,368,367,bor,bsa,ohf,wzi,qut
1190321,365,370,368,369,379,bor,hjf,wzi,jqt,exy
1190322,372,361,365,380,362,zcj,rst,bor,wmv,otq
1190323,364,370,380,366,371,vns,hjf,wmv,fva,hzo
1190324,370,374,367,373,378,hjf,dpe,qut,ubt,kaq
1190325,364,370,371,373,376,vns,hjf,hzo,ubt,znp
1190326,379,373,365,367,368,exy,ubt,bor,qut,wzi
1190327,379,369,380,361,370,exy,jqt,wmv,rst,hjf
1190328,364,363,372,361,379,vns,ohf,zcj,rst,exy
1190329,378,379,376,364,380,kaq,exy,znp,vns,wmv
1190330,364,370,365,373,371,vns,hjf,bor,ubt,hzo
1190331,380,361,365,362,364,wmv,rst,bor,otq,vns
1190332,380,371,379,375,376,wmv,hzo,exy,bsa,znp
1190333,366,364,374,370,376,fva,vns,dpe,hjf,znp
1190334,373,367,376,371,372,ubt,qut,znp,hzo,zcj
1190335,374,365,376,369,362,dpe,bor,znp,jqt,otq
1190336,364,379,362,365,371,vns,exy,otq,bor,hzo
1190337,363,375,361,368,373,ohf,bsa,rst,wzi,ubt
1190338,361,374,365,380,366,rst,dpe,bor,wmv,fva
1190339,369,364,375,380,366,jqt,vns,bsa,wmv,fva
1190340,364,372,378,363,376,vns,zcj,kaq,ohf,znp
1190341,370,372,378,363,361,hjf,zcj,kaq,ohf,rst
1190342,380,364,368,377,373,wmv,vns,wzi,zet,ubt
1190343,370,367,380,377,368,hjf,qut,wmv,zet,wzi
1190344,370,380,373,374,379,hjf,wmv,ubt,dpe,exy
1190345,376,367,365,378,362,znp,qut,bor,kaq,otq
1190346,372,368,374,371,369,zcj,wzi,dpe,hzo,jqt
1190347,376,371,365,364,378,znp,hzo,bor,vns,kaq
1190348,376,368,362,363,364,znp,wzi,otq,ohf,vns
1190349,380,379,373,371,376,wmv,exy,ubt,hzo,znp
1190350,365,363,373,368,370,bor,ohf,ubt,wzi,hjf
1190351,380,369,370,367,371,wmv,jqt,hjf,qut,hzo
1190352,375,370,367,369,364,bsa,hjf,qut,jqt,vns
1190353,374,380,368,366,376,dpe,wmv,wzi,fva,znp
1190354,379,375,370,373,362,exy,bsa,hjf,ubt,otq
1190355,361,370,368,373,379,rst,hjf,wzi,ubt,exy
1190356,376,367,368,366,380,znp,qut,wzi,fva,wmv
1190357,379,365,376,366,361,exy,bor,znp,fva,rst
1190358,368,375,365,373,369,wzi,bsa,bor,ubt,jqt
1190359,377,372,362,379,378,zet,zcj,otq,exy,kaq
1190360,371,372,364,368,380,hzo,zcj,vns,wzi,wmv
1190361,365,377,362,376,375,bor,zet,otq,znp,bsa
1190362,378,366,379,374,371,kaq,fva,exy,dpe,hzo
1190363,374,377,367,366,373,dpe,zet,qut,fva,ubt
1190364,367,376,374,362,361,qut,znp,dpe,otq,rst
1190365,365,363,370,368,372,bor,ohf,hjf,wzi,zcj
1190366,375,374,373,369,367,bsa,dpe,ubt,jqt,qut
1190367,375,369,374,365,378,bsa,jqt,dpe,bor,kaq
1190368,379,371,373,364,380,exy,hzo,ubt,vns,wmv
1190369,369,378,363,367,364,jqt,kaq,ohf,qut,vns
1190370,362,376,379,361,374,otq,znp,exy,rst,dpe
1190371,362,377,380,369,370,otq,zet,wmv,jqt,hjf
1190372,362,372,371,375,377,otq,zcj,hzo,bsa,zet
1190373,361,379,364,362,372,rst,exy,vns,otq,zcj
1190374,375,365,370,373,377,bsa,bor,hjf,ubt,zet
1190375,377,369,362,368,365,zet,jqt,otq,wzi,bor
1190376,371,378,366,367,361,hzo,kaq,fva,qut,rst
1190377,373,380,370,366,368,ubt,wmv,hjf,fva,wzi
1190378,370,373,363,364,376,hjf,ubt,ohf,vns,znp
1190379,370,377,367,378,376,hjf,zet,qut,kaq,znp
1190380,371,375,365,366,367,hzo,bsa,bor,fva,qut
1190381,371,363,377,369,378,hzo,ohf,zet,jqt,kaq
1190382,362,373,363,372,379,otq,ubt,ohf,zcj,exy
1190383,372,367,380,373,364,zcj,qut,wmv,ubt,vns
1190384,364,362,366,371,369,vns,otq,fva,hzo,jqt
1190385,367,371,366,379,376,qut,hzo,fva,exy,znp
1190386,367,377,368,379,378,qut,zet,wzi,exy,kaq
1190387,380,370,375,364,369,wmv,hjf,bsa,vns,jqt
1190388,369,364,374,379,370,jqt,vns,dpe,exy,hjf
1190389,380,371,362,372,377,wmv,hzo,otq,zcj,zet
1190390,376,371,378,365,367,znp,hzo,kaq,bor,qut
1190391,364,366,376,362,367,vns,fva,znp,otq,qut
1190392,362,364,374,367,377,otq,vns,dpe,qut,zet
1190393,375,369,373,371,378,bsa,jqt,ubt,hzo,kaq
1190394,363,362,374,376,367,ohf,otq,dpe,znp,qut
1190395,375,373,368,379,371,bsa,ubt,wzi,exy,hzo
1190396,377,368,365,372,361,zet,wzi,bor,zcj,rst
1190397,376,365,368,371,375,znp,bor,wzi,hzo,bsa
1190398,377,378,365,361,363,zet,kaq,bor,rst,ohf
1190399,363,377,366,371,364,ohf,zet,fva,hzo,vns
1190400,366,377,369,376,367,fva,zet,jqt,znp,qut
1190401,362,374,370,379,377,otq,dpe,hjf,exy,zet
1190402,375,378,365,362,373,bsa,kaq,bor,otq,ubt
1190403,379,368,363,371,365,exy,wzi,ohf,hzo,bor
1190404,369,370,377,371,373,jqt,hjf,zet,hzo,ubt
1190405,376,363,362,372,367,znp,ohf,otq,zcj,qut
1190406,373,377,378,379,375,ubt,zet,kaq,exy,bsa
1190407,368,364,367,362,376,wzi,vns,qut,otq,znp
1190408,363,367,378,370,373,ohf,qut,kaq,hjf,ubt
1190409,361,365,373,379,363,rst,bor,ubt,exy,ohf
1190410,367,368,363,378,371,qut,wzi,ohf,kaq,hzo
1190411,366,371,363,372,362,fva,hzo,ohf,zcj,otq
1190412,372,377,365,361,370,zcj,zet,bor,rst,hjf
1190413,377,368,378,371,380,zet,wzi,kaq,hzo,wmv
1190414,365,376,370,361,375,bor,znp,hjf,rst,bsa
1190415,361,373,370,368,366,rst,ubt,hjf,wzi,fva
1190416,374,366,367,375,365,dpe,fva,qut,bsa,bor
1190417,368,364,376,363,362,wzi,vns,znp,ohf,otq
1190418,364,380,366,373,362,vns,wmv,fva,ubt,otq
1190419,380,363,372,377,376,wmv,ohf,zcj,zet,znp
1190420,380,378,369,377,361,wmv,kaq,jqt,zet,rst
1190421,378,371,379,376,361,kaq,hzo,exy,znp,rst
1190422,369,365,368,370,371,jqt,bor,wzi,hjf,hzo
1190423,372,371,363,361,365,zcj,hzo,ohf,rst,bor
1190424,380,368,378,361,365,wmv,wzi,kaq,rst,bor
1190425,373,361,366,380,377,ubt,rst,fva,wmv,zet
1190426,368,372,370,376,366,wzi,zcj,hjf,znp,fva
1190427,369,374,364,378,376,jqt,dpe,vns,kaq,znp
1190428,377,371,376,368,365,zet,hzo,znp,wzi,bor
1190429,365,364,376,367,374,bor,vns,znp,qut,dpe
1190430,377,364,369,370,375,zet,vns,jqt,hjf,bsa
1190431,374,365,366,373,369,dpe,bor,fva,ubt,jqt
1190432,371,377,378,365,373,hzo,zet,kaq,bor,ubt
1190433,376,362,361,370,380,znp,otq,rst,hjf,wmv
1190434,371,370,373,364,366,hzo,hjf,ubt,vns,fva
1190435,363,364,380,378,375,ohf,vns,wmv,kaq,bsa
1190436,364,379,367,362,375,vns,exy,qut,otq,bsa
1190437,380,368,362,365,361,wmv,wzi,otq,bor,rst
1190438,369,365,376,377,361,jqt,bor,znp,zet,rst
1190439,373,366,362,378,361,ubt,fva,otq,kaq,rst
1190440,361,380,363,372,362,rst,wmv,ohf,zcj,otq
1190441,363,367,371,373,380,ohf,qut,hzo,ubt,wmv
1190442,365,364,370,375,378,bor,vns,hjf,bsa,kaq
1190443,371,363,367,362,365,hzo,ohf,qut,otq,bor
1190444,368,364,379,366,361,wzi,vns,exy,fva,rst
1190445,371,365,378,377,376,hzo,bor,kaq,zet,znp
1190446,380,372,374,361,362,wmv,zcj,dpe,rst,otq
1190447,375,378,367,365,363,bsa,kaq,qut,bor,ohf
1190448,378,379,372,377,364,kaq,exy,zcj,zet,vns
1190449,364,376,371,373,378,vns,znp,hzo,ubt,kaq
1190450,361,379,376,362,377,rst,exy,znp,otq,zet
1190451,371,374,361,363,376,hzo,dpe,rst,ohf,znp
1190452,375,368,374,371,378,bsa,wzi,dpe,hzo,kaq
1190453,372,368,362,365,377,zcj,wzi,otq,bor,zet
1190454,373,370,376,377,369,ubt,hjf,znp,zet,jqt
1190455,376,368,363,370,362,znp,wzi,ohf,hjf,otq
1190456,377,367,372,361,370,zet,qut,zcj,rst,hjf
1190457,379,364,361,370,368,exy,vns,rst,hjf,wzi
1190458,380,365,362,379,370,wmv,bor,otq,exy,hjf
1190459,370,363,361,369,374,hjf,ohf,rst,jqt,dpe
1190460,373,372,362,374,378,ubt,zcj,otq,dpe,kaq
1190461,380,370,375,379,365,wmv,hjf,bsa,exy,bor
1190462,365,375,368,374,377,bor,bsa,wzi,dpe,zet
1190463,380,378,366,377,374,wmv,kaq,fva,zet,dpe
1190464,369,376,372,362,380,jqt,znp,zcj,otq,wmv
1190465,367,364,374,373,365,qut,vns,dpe,ubt,bor
1190466,374,380,371,376,363,dpe,wmv,hzo,znp,ohf
1190467,368,380,365,366,378,wzi,wmv,bor,fva,kaq
1190468,372,365,374,370,373,zcj,bor,dpe,hjf,ubt
1190469,369,368,363,373,380,jqt,wzi,ohf,ubt,wmv
1190470,372,367,368,377,376,zcj,qut,wzi,zet,znp
1190471,379,362,373,367,364,exy,otq,ubt,qut,vns
1190472,363,369,375,378,371,ohf,jqt,bsa,kaq,hzo
1190473,377,368,371,369,374,zet,wzi,hzo,jqt,dpe
1190474,365,380,369,374,373,bor,wmv,jqt,dpe,ubt
1190475,372,367,378,375,361,zcj,qut,kaq,bsa,rst
1190476,377,367,375,363,376,zet,qut,bsa,ohf,znp
1190477,368,379,364,372,370,wzi,exy,vns,zcj,hjf
1190478,375,372,362,379,371,bsa,zcj,otq,exy,hzo
1190479,362,371,377,363,365,otq,hzo,zet,ohf,bor
1190480,380,375,376,363,372,wmv,bsa,znp,ohf,zcj
1190481,361,379,374,363,366,rst,exy,dpe,ohf,fva
1190482,369,371,365,376,380,jqt,hzo,bor,znp,wmv
1190483,378,371,374,373,364,kaq,hzo,dpe,ubt,vns
1190484,380,370,376,363,373,wmv,hjf,znp,ohf,ubt
1190485,369,370,363,368,376,jqt,hjf,ohf,wzi,znp
1190486,363,371,369,376,366,ohf,hzo,jqt,znp,fva
1190487,377,362,361,378,363,zet,otq,rst,kaq,ohf
1190488,367,364,363,379,378,qut,vns,ohf,exy,kaq
1190489,372,365,374,379,366,zcj,bor,dpe,exy,fva
1190490,367,374,365,373,377,qut,dpe,bor,ubt,zet
1190491,364,365,366,380,376,vns,bor,fva,wmv,znp
1190492,368,373,363,369,362,wzi,ubt,ohf,jqt,otq
1190493,377,368,373,374,367,zet,wzi,ubt,dpe,qut
1190494,361,362,378,372,374,rst,otq,kaq,zcj,dpe
1190495,380,368,375,370,373,wmv,wzi,bsa,hjf,ubt
1190496,374,372,369,380,362,dpe,zcj,jqt,wmv,otq
1190497,363,374,365,378,372,ohf,dpe,bor,kaq,zcj
1190498,373,361,371,380,374,ubt,rst,hzo,wmv,dpe
1190499,364,371,361,379,365,vns,hzo,rst,exy,bor
1190500,367,378,364,368,376,qut,kaq,vns,wzi,znp
1190501,371,377,366,367,369,hzo,zet,fva,qut,jqt
1190502,374,366,369,375,368,dpe,fva,jqt,bsa,wzi
1190503,371,376,367,368,380,hzo,znp,qut,wzi,wmv
1190504,375,378,365,373,377,bsa,kaq,bor,ubt,zet
1190505,376,364,377,362,366,znp,vns,zet,otq,fva
1190506,370,372,373,380,377,hjf,zcj,ubt,wmv,zet
1190507,374,372,364,370,368,dpe,zcj,vns,hjf,wzi
1190508,375,369,362,380,379,bsa,jqt,otq,wmv,exy
1190509,375,372,369,377,370,bsa,zcj,jqt,zet,hjf
1190510,366,364,362,363,373,fva,vns,otq,ohf,ubt
1190511,371,362,369,372,363,hzo,otq,jqt,zcj,ohf
1190512,366,373,374,365,370,fva,ubt,dpe,bor,hjf
1190513,375,379,363,372,378,bsa,exy,ohf,zcj,kaq
1190514,368,371,370,367,362,wzi,hzo,hjf,qut,otq
1190515,377,378,366,379,363,zet,kaq,fva,exy,ohf
1190516,367,361,364,371,376,qut,rst,vns,hzo,znp
1190517,377,364,370,368,372,zet,vns,hjf,wzi,zcj
1190518,379,376,361,366,373,exy,znp,rst,fva,ubt
1190519,371,364,369,376,372,hzo,vns,jqt,znp,zcj
1190520,370,367,377,368,379,hjf,qut,zet,wzi,exy
1190521,378,365,375,366,369,kaq,bor,bsa,fva,jqt
1190522,374,369,366,365,371,dpe,jqt,fva,bor,hzo
1190523,374,372,362,371,377,dpe,zcj,otq,hzo,zet
1190524,366,379,365,370,369,fva,exy,bor,hjf,jqt
1190525,374,367,362,372,361,dpe,qut,otq,zcj,rst
1190526,372,364,366,367,379,zcj,vns,fva,qut,exy
1190527,361,373,363,369,370,rst,ubt,ohf,jqt,hjf
1190528,363,376,379,370,371,ohf,znp,exy,hjf,hzo
1190529,368,378,370,363,364,wzi,kaq,hjf,ohf,vns
1190530,369,371,361,374,380,jqt,hzo,rst,dpe,wmv
1190531,376,365,363,367,373,znp,bor,ohf,qut,ubt
1190532,366,364,369,365,373,fva,vns,jqt,bor,ubt
1190533,377,374,378,369,372,zet,dpe,kaq,jqt,zcj
1190534,378,367,369,366,374,kaq,qut,jqt,fva,dpe
1190535,365,378,371,376,374,bor,kaq,hzo,znp,dpe
1190536,377,373,379,367,363,zet,ubt,exy,qut,ohf
1190537,363,366,362,370,364,ohf,fva,otq,hjf,vns
1190538,372,374,373,363,379,zcj,dpe,ubt,ohf,exy
1190539,363,365,377,367,376,ohf,bor,zet,qut,znp
1190540,378,372,367,379,377,kaq,zcj,qut,exy,zet
1190541,373,371,375,369,368,ubt,hzo,bsa,jqt,wzi
1190542,363,372,375,377,366,ohf,zcj,bsa,zet,fva
1190543,377,366,370,361,379,zet,fva,hjf,rst,exy
1190544,376,369,364,367,363,znp,jqt,vns,qut,ohf
1190545,378,365,376,364,372,kaq,bor,znp,vns,zcj
1190546,361,377,367,379,380,rst,zet,qut,exy,wmv
1190547,367,363,366,361,371,qut,ohf,fva,rst,hzo
1190548,375,361,362,376,366,bsa,rst,otq,znp,fva
1190549,368,362,375,361,373,wzi,otq,bsa,rst,ubt
1190550,380,369,362,373,372,wmv,jqt,otq,ubt,zcj
1190551,371,370,372,379,380,hzo,hjf,zcj,exy,wmv
1190552,375,366,378,373,369,bsa,fva,kaq,ubt,jqt
1190553,362,370,380,374,369,otq,hjf,wmv,dpe,jqt
1190554,367,378,361,370,379,qut,kaq,rst,hjf,exy
1190555,363,379,366,380,362,ohf,exy,fva,wmv,otq
1190556,379,372,364,363,370,exy,zcj,vns,ohf,hjf
1190557,380,364,366,361,379,wmv,vns,fva,rst,exy
1190558,367,362,363,361,375,qut,otq,ohf,rst,bsa
1190559,372,373,367,380,371,zcj,ubt,qut,wmv,hzo
1190560,362,380,372,375,378,otq,wmv,zcj,bsa,kaq
1190561,363,367,380,370,369,ohf,qut,wmv,hjf,jqt
1190562,362,366,377,371,363,otq,fva,zet,hzo,ohf
1190563,371,364,379,378,372,hzo,vns,exy,kaq,zcj
1190564,365,369,370,374,380,bor,jqt,hjf,dpe,wmv
1190565,367,363,373,368,372,qut,ohf,ubt,wzi,zcj
1190566,374,379,376,368,373,dpe,exy,znp,wzi,ubt
1190567,366,361,362,368,367,fva,rst,otq,wzi,qut
1190568,363,362,364,370,371,ohf,otq,vns,hjf,hzo
1190569,362,369,368,371,374,otq,jqt,wzi,hzo,dpe
1190570,373,380,378,371,362,ubt,wmv,kaq,hzo,otq
1190571,362,367,370,380,379,otq,qut,hjf,wmv,exy
1190572,366,374,372,364,361,fva,dpe,zcj,vns,rst
1190573,374,363,365,371,364,dpe,ohf,bor,hzo,vns
1190574,370,372,366,368,373,hjf,zcj,fva,wzi,ubt
1190575,365,364,362,380,366,bor,vns,otq,wmv,fva
1190576,368,378,380,375,379,wzi,kaq,wmv,bsa,exy
1190577,380,370,364,369,373,wmv,hjf,vns,jqt,ubt
1190578,374,377,376,370,369,dpe,zet,znp,hjf,jqt
1190579,376,366,379,369,380,znp,fva,exy,jqt,wmv
1190580,364,365,374,361,376,vns,bor,dpe,rst,znp
1190581,366,370,365,375,362,fva,hjf,bor,bsa,otq
1190582,366,376,365,375,364,fva,znp,bor,bsa,vns
1190583,361,363,380,376,378,rst,ohf,wmv,znp,kaq
1190584,375,376,365,363,362,bsa,znp,bor,ohf,otq
1190585,380,368,367,369,363,wmv,wzi,qut,jqt,ohf
1190586,372,375,366,361,376,zcj,bsa,fva,rst,znp
1190587,369,367,363,377,364,jqt,qut,ohf,zet,vns
1190588,377,372,374,366,370,zet,zcj,dpe,fva,hjf
1190589,379,361,365,370,374,exy,rst,bor,hjf,dpe
1190590,377,365,376,364,367,zet,bor,znp,vns,qut
1190591,370,361,376,367,377,hjf,rst,znp,qut,zet
1190592,375,369,380,378,365,bsa,jqt,wmv,kaq,bor
1190593,366,365,377,368,362,fva,bor,zet,wzi,otq
1190594,372,379,366,377,374,zcj,exy,fva,zet,dpe
1190595,368,379,374,369,371,wzi,exy,dpe,jqt,hzo
1190596,375,366,361,369,376,bsa,fva,rst,jqt,znp
1190597,374,363,370,367,368,dpe,ohf,hjf,qut,wzi
1190598,369,365,367,372,374,jqt,bor,qut,zcj,dpe
1190599,377,363,373,372,368,zet,ohf,ubt,zcj,wzi
1190600,375,376,364,378,361,bsa,znp,vns,kaq,rst
1200001,386,389,388,399,393,dum,rjw,nei,yvl,vrm
1200002,396,390,393,381,392,snt,mwc,vrm,hoi,dfs
1200003,388,387,390,393,381,nei,jeu,mwc,vrm,hoi
1200004,390,392,391,387,389,mwc,dfs,duf,jeu,rjw
1200005,383,387,397,391,396,jgk,jeu,ksv,duf,snt
1200006,386,389,388,381,393,dum,rjw,nei,hoi,vrm
1200007,399,388,398,385,392,yvl,nei,ayi,qhu,dfs
1200008,396,393,382,383,386,snt,vrm,xzw,jgk,dum
1200009,390,387,381,386,382,mwc,jeu,hoi,dum,xzw
1200010,387,382,399,388,384,jeu,xzw,yvl,nei,edc
1200011,390,387,399,385,389,mwc,jeu,yvl,qhu,rjw
1200012,395,383,387,385,389,mfv,jgk,jeu,qhu,rjw
1200013,400,385,387,386,398,csi,qhu,jeu,dum,ayi
1200014,386,395,391,387,389,dum,mfv,duf,jeu,rjw
1200015,400,390,399,389,394,csi,mwc,yvl,rjw,jal
1200016,395,398,397,384,382,mfv,ayi,ksv,edc,xzw
1200017,392,393,389,390,395,dfs,vrm,rjw,mwc,mfv
1200018,384,399,395,394,397,edc,yvl,mfv,jal,ksv
1200019,391,399,387,383,388,duf,yvl,jeu,jgk,nei
1200020,396,391,397,389,385,snt,duf,ksv,rjw,qhu
1200021,384,386,395,382,399,edc,dum,mfv,xzw,yvl
1200022,385,400,383,393,390,qhu,csi,jgk,vrm,mwc
1200023,394,392,386,383,397,jal,dfs,dum,jgk,ksv
1200024,399,393,388,389,381,yvl,vrm,nei,rjw,hoi
1200025,390,400,397,396,382,mwc,csi,ksv,snt,xzw
1200026,382,388,398,385,397,xzw,nei,ayi,qhu,ksv
1200027,383,396,393,387,390,jgk,snt,vrm,jeu,mwc
1200028,384,394,391,392,386,edc,jal,duf,dfs,dum
1200029,400,382,384,390,394,csi,xzw,edc,mwc,jal
1200030,391,381,387,393,394,duf,hoi,jeu,vrm,jal
1200031,400,392,382,388,385,csi,dfs,xzw,nei,qhu
1200032,400,391,395,388,384,csi,duf,mfv,nei,edc
1200033,381,387,391,393,386,hoi,jeu,duf,vrm,dum
1200034,391,394,387,392,395,duf,jal,jeu,dfs,mfv
1200035,396,389,384,400,399,snt,rjw,edc,csi,yvl
1200036,381,392,393,391,399,hoi,dfs,vrm,duf,yvl
1200037,400,390,392,387,384,csi,mwc,dfs,jeu,edc
1200038,388,382,393,387,399,nei,xzw,vrm,jeu,yvl
1200039,391,387,382,398,381,duf,jeu,xzw,ayi,hoi
1200040,386,389,381,384,394,dum,rjw,hoi,edc,jal
1200041,382,395,398,388,381,xzw,mfv,ayi,nei,hoi
1200042,387,381,390,383,391,jeu,hoi,mwc,jgk,duf
1200043,400,386,398,385,396,csi,dum,ayi,qhu,snt
1200044,397,399,389,384,396,ksv,yvl,rjw,edc,snt
1200045,395,390,393,381,397,mfv,mwc,vrm,hoi,ksv
1200046,381,398,400,394,389,hoi,ayi,csi,jal,rjw
1200047,400,382,389,396,388,csi,xzw,rjw,snt,nei
1200048,382,383,400,385,399,xzw,jgk,csi,qhu,yvl
1200049,394,392,382,386,384,jal,dfs,xzw,dum,edc
1200050,385,389,391,384,396,qhu,rjw,duf,edc,snt
1200051,400,393,385,388,390,csi,vrm,qhu,nei,mwc
1200052,397,386,392,381,400,ksv,dum,dfs,hoi,csi
1200053,392,385,383,389,395,dfs,qhu,jgk,rjw,mfv
1200054,387,398,397,388,381,jeu,ayi,ksv,nei,hoi
1200055,399,391,393,389,395,yvl,duf,vrm,rjw,mfv
1200056,385,394,398,390,387,qhu,jal,ayi,mwc,jeu
1200057,389,388,386,398,391,rjw,nei,dum,ayi,duf
1200058,399,388,398,392,381,yvl,nei,ayi,dfs,hoi
1200059,399,381,385,382,390,yvl,hoi,qhu,xzw,mwc
1200060,393,399,392,386,382,vrm,yvl,dfs,dum,xzw
1200061,382,386,399,389,383,xzw,dum,yvl,rjw,jgk
1200062,394,396,400,381,397,jal,snt,csi,hoi,ksv
1200063,391,394,393,400,382,duf,jal,vrm,csi,xzw
1200064,385,400,398,388,389,qhu,csi,ayi,nei,rjw
1200065,397,381,396,386,390,ksv,hoi,snt,dum,mwc
1200066,391,382,386,400,396,duf,xzw,dum,csi,snt
1200067,394,393,386,392,381,jal,vrm,dum,dfs,hoi
1200068,394,385,387,390,383,jal,qhu,jeu,mwc,jgk
1200069,388,384,396,381,391,nei,edc,snt,hoi,duf
1200070,381,395,385,391,394,hoi,mfv,qhu,duf,jal
1200071,396,383,391,392,399,snt,jgk,duf,dfs,yvl
1200072,388,400,387,395,393,nei,csi,jeu,mfv,vrm
1200073,394,387,393,399,389,jal,jeu,vrm,yvl,rjw
1200074,399,395,396,382,393,yvl,mfv,snt,xzw,vrm
1200075,400,390,399,394,392,csi,mwc,yvl,jal,dfs
1200076,394,397,396,398,386,jal,ksv,snt,ayi,dum
1200077,399,391,397,382,394,yvl,duf,ksv,xzw,jal
1200078,389,394,397,386,396,rjw,jal,ksv,dum,snt
1200079,389,397,386,382,385,rjw,ksv,dum,xzw,qhu
1200080,385,382,387,398,400,qhu,xzw,jeu,ayi,csi
1200081,383,399,382,388,392,jgk,yvl,xzw,nei,dfs
1200082,390,400,393,387,385,mwc,csi,vrm,jeu,qhu
1200083,384,392,389,387,399,edc,dfs,rjw,jeu,yvl
1200084,398,382,381,397,387,ayi,xzw,hoi,ksv,jeu
1200085,399,385,395,398,388,yvl,qhu,mfv,ayi,nei
1200086,387,382,385,389,400,jeu,xzw,qhu,rjw,csi
1200087,391,397,400,393,382,duf,ksv,csi,vrm,xzw
1200088,382,386,398,393,383,xzw,dum,ayi,vrm,jgk
1200089,389,399,383,387,384,rjw,yvl,jgk,jeu,edc
1200090,394,396,384,381,382,jal,snt,edc,hoi,xzw
1200091,398,395,393,394,391,ayi,mfv,vrm,jal,duf
1200092,399,393,384,398,383,yvl,vrm,edc,ayi,jgk
1200093,383,394,386,384,381,jgk,jal,dum,edc,hoi
1200094,394,384,397,391,382,jal,edc,ksv,duf,xzw
1200095,387,384,383,392,391,jeu,edc,jgk,dfs,duf
1200096,395,381,396,391,383,mfv,hoi,snt,duf,jgk
1200097,386,383,388,397,389,dum,jgk,nei,ksv,rjw
1200098,395,383,387,384,393,mfv,jgk,jeu,edc,vrm
1200099,396,398,385,395,397,snt,ayi,qhu,mfv,ksv
1200100,397,393,389,381,385,ksv,vrm,rjw,hoi,qhu
1200101,381,394,383,387,400,hoi,jal,jgk,jeu,csi
1200102,396,400,381,382,386,snt,csi,hoi,xzw,dum
1200103,387,395,385,398,392,jeu,mfv,qhu,ayi,dfs
1200104,389,387,381,385,386,rjw,jeu,hoi,qhu,dum
1200105,390,400,383,391,387,mwc,csi,jgk,duf,jeu
1200106,388,393,384,387,400,nei,vrm,edc,jeu,csi
1200107,391,384,397,393,388,duf,edc,ksv,vrm,nei
1200108,387,398,394,392,395,jeu,ayi,jal,dfs,mfv
1200109,393,387,381,395,397,vrm,jeu,hoi,mfv,ksv
1200110,390,381,394,395,393,mwc,hoi,jal,mfv,vrm
1200111,398,383,394,388,381,ayi,jgk,jal,nei,hoi
1200112,389,397,387,390,386,rjw,ksv,jeu,mwc,dum
1200113,392,384,397,396,388,dfs,edc,ksv,snt,nei
1200114,396,400,385,393,397,snt,csi,qhu,vrm,ksv
1200115,395,393,394,390,389,mfv,vrm,jal,mwc,rjw
1200116,399,398,391,400,381,yvl,ayi,duf,csi,hoi
1200117,381,385,393,388,387,hoi,qhu,vrm,nei,jeu
1200118,390,398,389,396,400,mwc,ayi,rjw,snt,csi
1200119,395,384,392,391,383,mfv,edc,dfs,duf,jgk
1200120,392,397,390,386,391,dfs,ksv,mwc,dum,duf
1200121,398,385,381,390,386,ayi,qhu,hoi,mwc,dum
1200122,388,382,398,399,394,nei,xzw,ayi,yvl,jal
1200123,398,390,386,393,389,ayi,mwc,dum,vrm,rjw
1200124,388,393,392,389,384,nei,vrm,dfs,rjw,edc
1200125,398,382,395,381,393,ayi,xzw,mfv,hoi,vrm
1200126,389,383,388,397,385,rjw,jgk,nei,ksv,qhu
1200127,392,386,399,389,395,dfs,dum,yvl,rjw,mfv
1200128,396,394,392,388,387,snt,jal,dfs,nei,jeu
1200129,400,383,382,390,381,csi,jgk,xzw,mwc,hoi
1200130,400,390,389,397,399,csi,mwc,rjw,ksv,yvl
1200131,395,390,389,394,393,mfv,mwc,rjw,jal,vrm
1200132,387,390,382,389,385,jeu,mwc,xzw,rjw,qhu
1200133,390,389,397,383,393,mwc,rjw,ksv,jgk,vrm
1200134,387,384,382,396,394,jeu,edc,xzw,snt,jal
1200135,396,383,391,397,392,snt,jgk,duf,ksv,dfs
1200136,387,388,400,391,385,jeu,nei,csi,duf,qhu
1200137,390,394,381,399,384,mwc,jal,hoi,yvl,edc
1200138,394,389,381,393,390,jal,rjw,hoi,vrm,mwc
1200139,392,388,397,385,393,dfs,nei,ksv,qhu,vrm
1200140,381,384,389,396,386,hoi,edc,rjw,snt,dum
1200141,392,396,387,395,398,dfs,snt,jeu,mfv,ayi
1200142,398,386,396,399,391,ayi,dum,snt,yvl,duf
1200143,400,384,383,397,382,csi,edc,jgk,ksv,xzw
1200144,397,387,381,390,391,ksv,jeu,hoi,mwc,duf
1200145,390,395,388,381,384,mwc,mfv,nei,hoi,edc
1200146,392,389,390,394,384,dfs,rjw,mwc,jal,edc
1200147,394,389,396,399,393,jal,rjw,snt,yvl,vrm
1200148,382,394,390,389,383,xzw,jal,mwc,rjw,jgk
1200149,397,382,389,391,385,ksv,xzw,rjw,duf,qhu
1200150,396,389,394,395,388,snt,rjw,jal,mfv,nei
1200151,385,381,398,387,399,qhu,hoi,ayi,jeu,yvl
1200152,387,382,390,389,391,jeu,xzw,mwc,rjw,duf
1200153,387,384,383,397,400,jeu,edc,jgk,ksv,csi
1200154,392,384,389,397,396,dfs,edc,rjw,ksv,snt
1200155,382,391,385,394,392,xzw,duf,qhu,jal,dfs
1200156,381,384,391,396,383,hoi,edc,duf,snt,jgk
1200157,392,388,387,396,397,dfs,nei,jeu,snt,ksv
1200158,386,390,383,392,394,dum,mwc,jgk,dfs,jal
1200159,392,390,394,386,382,dfs,mwc,jal,dum,xzw
1200160,394,393,388,387,397,jal,vrm,nei,jeu,ksv
1200161,397,387,391,392,385,ksv,jeu,duf,dfs,qhu
1200162,398,389,387,394,396,ayi,rjw,jeu,jal,snt
1200163,381,394,385,386,384,hoi,jal,qhu,dum,edc
1200164,385,400,388,384,389,qhu,csi,nei,edc,rjw
1200165,395,389,392,391,381,mfv,rjw,dfs,duf,hoi
1200166,386,400,398,383,394,dum,csi,ayi,jgk,jal
1200167,386,398,390,399,389,dum,ayi,mwc,yvl,rjw
1200168,399,398,397,387,393,yvl,ayi,ksv,jeu,vrm
1200169,396,400,398,390,391,snt,csi,ayi,mwc,duf
1200170,399,384,396,400,395,yvl,edc,snt,csi,mfv
1200171,390,397,395,384,396,mwc,ksv,mfv,edc,snt
1200172,393,386,392,395,396,vrm,dum,dfs,mfv,snt
1200173,388,392,395,393,391,nei,dfs,mfv,vrm,duf
1200174,400,394,389,399,387,csi,jal,rjw,yvl,jeu
1200175,394,396,398,383,387,jal,snt,ayi,jgk,jeu
1200176,394,386,381,384,391,jal,dum,hoi,edc,duf
1200177,390,391,388,396,387,mwc,duf,nei,snt,jeu
1200178,387,396,384,398,394,jeu,snt,edc,ayi,jal
1200179,400,399,398,384,382,csi,yvl,ayi,edc,xzw
1200180,381,396,397,382,390,hoi,snt,ksv,xzw,mwc
1200181,381,394,390,389,398,hoi,jal,mwc,rjw,ayi
1200182,387,389,392,383,390,jeu,rjw,dfs,jgk,mwc
1200183,393,389,398,397,392,vrm,rjw,ayi,ksv,dfs
1200184,390,399,393,389,392,mwc,yvl,vrm,rjw,dfs
1200185,383,394,391,392,395,jgk,jal,duf,dfs,mfv
1200186,390,384,394,386,392,mwc,edc,jal,dum,dfs
1200187,392,391,394,386,395,dfs,duf,jal,dum,mfv
1200188,397,387,392,398,389,ksv,jeu,dfs,ayi,rjw
1200189,383,388,389,385,391,jgk,nei,rjw,qhu,duf
1200190,392,389,393,387,385,dfs,rjw,vrm,jeu,qhu
1200191,389,392,384,390,399,rjw,dfs,edc,mwc,yvl
1200192,396,399,400,397,388,snt,yvl,csi,ksv,nei
1200193,387,385,389,397,391,jeu,qhu,rjw,ksv,duf
1200194,399,395,390,384,383,yvl,mfv,mwc,edc,jgk
1200195,383,386,387,381,398,jgk,dum,jeu,hoi,ayi
1200196,389,392,394,399,398,rjw,dfs,jal,yvl,ayi
1200197,392,382,393,383,389,dfs,xzw,vrm,jgk,rjw
1200198,400,386,385,383,388,csi,dum,qhu,jgk,nei
1200199,386,398,393,394,397,dum,ayi,vrm,jal,ksv
1200200,393,394,387,398,395,vrm,jal,jeu,ayi,mfv
1200201,400,395,388,399,386,csi,mfv,nei,yvl,dum
1200202,397,382,387,385,381,ksv,xzw,jeu,qhu,hoi
1200203,397,384,393,386,388,ksv,edc,vrm,dum,nei
1200204,382,391,399,389,386,xzw,duf,yvl,rjw,dum
1200205,388,383,386,385,396,nei,jgk,dum,qhu,snt
1200206,388,384,390,400,389,nei,edc,mwc,csi,rjw
1200207,391,397,390,394,400,duf,ksv,mwc,jal,csi
1200208,396,400,393,397,389,snt,csi,vrm,ksv,rjw
1200209,397,392,385,381,394,ksv,dfs,qhu,hoi,jal
1200210,398,382,396,395,389,ayi,xzw,snt,mfv,rjw
1200211,398,381,390,384,391,ayi,hoi,mwc,edc,duf
1200212,394,395,390,399,386,jal,mfv,mwc,yvl,dum
1200213,382,393,388,396,387,xzw,vrm,nei,snt,jeu
1200214,393,400,383,391,381,vrm,csi,jgk,duf,hoi
1200215,394,392,395,399,385,jal,dfs,mfv,yvl,qhu
1200216,381,382,385,391,387,hoi,xzw,qhu,duf,jeu
1200217,386,397,383,384,385,dum,ksv,jgk,edc,qhu
1200218,394,396,398,393,381,jal,snt,ayi,vrm,hoi
1200219,398,392,399,385,389,ayi,dfs,yvl,qhu,rjw
1200220,390,381,382,389,386,mwc,hoi,xzw,rjw,dum
1200221,388,385,387,382,393,nei,qhu,jeu,xzw,vrm
1200222,398,395,393,383,385,ayi,mfv,vrm,jgk,qhu
1200223,398,387,397,399,381,ayi,jeu,ksv,yvl,hoi
1200224,383,390,391,384,395,jgk,mwc,duf,edc,mfv
1200225,385,381,392,397,388,qhu,hoi,dfs,ksv,nei
1200226,382,391,397,400,389,xzw,duf,ksv,csi,rjw
1200227,384,395,396,394,389,edc,mfv,snt,jal,rjw
1200228,399,400,389,392,390,yvl,csi,rjw,dfs,mwc
1200229,385,384,396,393,392,qhu,edc,snt,vrm,dfs
1200230,400,388,399,392,387,csi,nei,yvl,dfs,jeu
1200231,390,383,396,382,386,mwc,jgk,snt,xzw,dum
1200232,395,382,394,393,391,mfv,xzw,jal,vrm,duf
1200233,393,392,394,400,396,vrm,dfs,jal,csi,snt
1200234,400,398,384,393,383,csi,ayi,edc,vrm,jgk
1200235,389,397,395,384,400,rjw,ksv,mfv,edc,csi
1200236,398,393,392,397,395,ayi,vrm,dfs,ksv,mfv
1200237,386,399,398,384,381,dum,yvl,ayi,edc,hoi
1200238,390,400,385,396,388,mwc,csi,qhu,snt,nei
1200239,392,383,388,382,385,dfs,jgk,nei,xzw,qhu
1200240,400,389,388,386,385,csi,rjw,nei,dum,qhu
1200241,384,387,381,394,389,edc,jeu,hoi,jal,rjw
1200242,392,381,390,388,398,dfs,hoi,mwc,nei,ayi
1200243,394,386,390,398,381,jal,dum,mwc,ayi,hoi
1200244,397,395,388,387,393,ksv,mfv,nei,jeu,vrm
1200245,397,389,400,391,381,ksv,rjw,csi,duf,hoi
1200246,395,393,387,391,397,mfv,vrm,jeu,duf,ksv
1200247,384,391,393,392,394,edc,duf,vrm,dfs,jal
1200248,394,390,391,383,387,jal,mwc,duf,jgk,jeu
1200249,384,382,396,383,392,edc,xzw,snt,jgk,dfs
1200250,388,384,386,400,399,nei,edc,dum,csi,yvl
1200251,387,391,398,388,400,jeu,duf,ayi,nei,csi
1200252,382,389,398,395,381,xzw,rjw,ayi,mfv,hoi
1200253,395,384,393,392,398,mfv,edc,vrm,dfs,ayi
1200254,386,398,388,385,381,dum,ayi,nei,qhu,hoi
1200255,399,381,400,383,393,yvl,hoi,csi,jgk,vrm
1200256,386,388,393,395,384,dum,nei,vrm,mfv,edc
1200257,399,383,384,386,397,yvl,jgk,edc,dum,ksv
1200258,394,382,399,385,396,jal,xzw,yvl,qhu,snt
1200259,390,399,386,387,389,mwc,yvl,dum,jeu,rjw
1200260,391,388,392,386,385,duf,nei,dfs,dum,qhu
1200261,385,396,392,384,390,qhu,snt,dfs,edc,mwc
1200262,392,390,400,382,397,dfs,mwc,csi,xzw,ksv
1200263,390,381,385,397,384,mwc,hoi,qhu,ksv,edc
1200264,382,399,396,393,400,xzw,yvl,snt,vrm,csi
1200265,397,390,381,391,384,ksv,mwc,hoi,duf,edc
1200266,388,399,393,394,385,nei,yvl,vrm,jal,qhu
1200267,398,388,389,385,383,ayi,nei,rjw,qhu,jgk
1200268,392,394,381,399,386,dfs,jal,hoi,yvl,dum
1200269,382,398,396,388,392,xzw,ayi,snt,nei,dfs
1200270,389,390,391,397,382,rjw,mwc,duf,ksv,xzw
1200271,400,393,385,389,397,csi,vrm,qhu,rjw,ksv
1200272,383,393,399,386,395,jgk,vrm,yvl,dum,mfv
1200273,382,393,384,381,397,xzw,vrm,edc,hoi,ksv
1200274,397,396,383,389,399,ksv,snt,jgk,rjw,yvl
1200275,382,385,390,389,394,xzw,qhu,mwc,rjw,jal
1200276,398,383,393,386,385,ayi,jgk,vrm,dum,qhu
1200277,385,394,387,388,397,qhu,jal,jeu,nei,ksv
1200278,394,386,397,391,388,jal,dum,ksv,duf,nei
1200279,381,397,393,384,394,hoi,ksv,vrm,edc,jal
1200280,396,383,393,389,392,snt,jgk,vrm,rjw,dfs
1200281,393,395,389,399,384,vrm,mfv,rjw,yvl,edc
1200282,389,381,393,386,397,rjw,hoi,vrm,dum,ksv
1200283,386,396,381,393,398,dum,snt,hoi,vrm,ayi
1200284,398,395,396,384,390,ayi,mfv,snt,edc,mwc
1200285,383,391,388,397,400,jgk,duf,nei,ksv,csi
1200286,382,395,383,386,397,xzw,mfv,jgk,dum,ksv
1200287,388,393,390,396,400,nei,vrm,mwc,snt,csi
1200288,386,398,395,400,390,dum,ayi,mfv,csi,mwc
1200289,392,385,390,381,393,dfs,qhu,mwc,hoi,vrm
1200290,391,383,399,394,384,duf,jgk,yvl,jal,edc
1200291,391,384,382,389,398,duf,edc,xzw,rjw,ayi
1200292,400,390,385,382,389,csi,mwc,qhu,xzw,rjw
1200293,385,400,392,381,384,qhu,csi,dfs,hoi,edc
1200294,383,381,397,388,394,jgk,hoi,ksv,nei,jal
1200295,387,382,400,386,388,jeu,xzw,csi,dum,nei
1200296,384,395,398,393,396,edc,mfv,ayi,vrm,snt
1200297,399,393,397,396,385,yvl,vrm,ksv,snt,qhu
1200298,392,400,399,389,397,dfs,csi,yvl,rjw,ksv
1200299,382,385,391,390,389,xzw,qhu,duf,mwc,rjw
1200300,394,393,399,386,388,jal,vrm,yvl,dum,nei
1200301,393,395,396,391,392,vrm,mfv,snt,duf,dfs
1200302,388,390,393,394,391,nei,mwc,vrm,jal,duf
1200303,400,382,394,398,381,csi,xzw,jal,ayi,hoi
1200304,384,388,383,390,389,edc,nei,jgk,mwc,rjw
1200305,390,388,391,386,395,mwc,nei,duf,dum,mfv
1200306,394,382,386,387,385,jal,xzw,dum,jeu,qhu
1200307,394,381,393,392,383,jal,hoi,vrm,dfs,jgk
1200308,397,388,391,393,398,ksv,nei,duf,vrm,ayi
1200309,391,381,394,392,397,duf,hoi,jal,dfs,ksv
1200310,397,393,392,383,382,ksv,vrm,dfs,jgk,xzw
1200311,396,389,383,386,399,snt,rjw,jgk,dum,yvl
1200312,392,396,395,388,399,dfs,snt,mfv,nei,yvl
1200313,398,383,394,396,391,ayi,jgk,jal,snt,duf
1200314,400,384,394,392,385,csi,edc,jal,dfs,qhu
1200315,382,387,383,397,398,xzw,jeu,jgk,ksv,ayi
1200316,391,394,385,400,383,duf,jal,qhu,csi,jgk
1200317,384,399,382,395,390,edc,yvl,xzw,mfv,mwc
1200318,396,397,385,388,389,snt,ksv,qhu,nei,rjw
1200319,385,399,390,394,381,qhu,yvl,mwc,jal,hoi
1200320,385,395,383,388,387,qhu,mfv,jgk,nei,jeu
1200321,385,390,388,389,399,qhu,mwc,nei,rjw,yvl
1200322,392,381,385,400,382,dfs,hoi,qhu,csi,xzw
1200323,384,390,400,386,391,edc,mwc,csi,dum,duf
1200324,390,394,387,393,398,mwc,jal,jeu,vrm,ayi
1200325,384,390,391,393,396,edc,mwc,duf,vrm,snt
1200326,399,393,385,387,388,yvl,vrm,qhu,jeu,nei
1200327,399,389,400,381,390,yvl,rjw,csi,hoi,mwc
1200328,384,383,392,381,399,edc,jgk,dfs,hoi,yvl
1200329,398,399,396,384,400,ayi,yvl,snt,edc,csi
1200330,384,390,385,393,391,edc,mwc,qhu,vrm,duf
1200331,400,381,385,382,384,csi,hoi,qhu,xzw,edc
1200332,400,391,399,395,396,csi,duf,yvl,mfv,snt
1200333,386,384,394,390,396,dum,edc,jal,mwc,snt
1200334,393,387,396,391,392,vrm,jeu,snt,duf,dfs
1200335,394,385,396,389,382,jal,qhu,snt,rjw,xzw
1200336,384,399,382,385,391,edc,yvl,xzw,qhu,duf
1200337,383,395,381,388,393,jgk,mfv,hoi,nei,vrm
1200338,381,394,385,400,386,hoi,jal,qhu,csi,dum
1200339,389,384,395,400,386,rjw,edc,mfv,csi,dum
1200340,384,392,398,383,396,edc,dfs,ayi,jgk,snt
1200341,390,392,398,383,381,mwc,dfs,ayi,jgk,hoi
1200342,400,384,388,397,393,csi,edc,nei,ksv,vrm
1200343,390,387,400,397,388,mwc,jeu,csi,ksv,nei
1200344,390,400,393,394,399,mwc,csi,vrm,jal,yvl
1200345,396,387,385,398,382,snt,jeu,qhu,ayi,xzw
1200346,392,388,394,391,389,dfs,nei,jal,duf,rjw
1200347,396,391,385,384,398,snt,duf,qhu,edc,ayi
1200348,396,388,382,383,384,snt,nei,xzw,jgk,edc
1200349,400,399,393,391,396,csi,yvl,vrm,duf,snt
1200350,385,383,393,388,390,qhu,jgk,vrm,nei,mwc
1200351,400,389,390,387,391,csi,rjw,mwc,jeu,duf
1200352,395,390,387,389,384,mfv,mwc,jeu,rjw,edc
1200353,394,400,388,386,396,jal,csi,nei,dum,snt
1200354,399,395,390,393,382,yvl,mfv,mwc,vrm,xzw
1200355,381,390,388,393,399,hoi,mwc,nei,vrm,yvl
1200356,396,387,388,386,400,snt,jeu,nei,dum,csi
1200357,399,385,396,386,381,yvl,qhu,snt,dum,hoi
1200358,388,395,385,393,389,nei,mfv,qhu,vrm,rjw
1200359,397,392,382,399,398,ksv,dfs,xzw,yvl,ayi
1200360,391,392,384,388,400,duf,dfs,edc,nei,csi
1200361,385,397,382,396,395,qhu,ksv,xzw,snt,mfv
1200362,398,386,399,394,391,ayi,dum,yvl,jal,duf
1200363,394,397,387,386,393,jal,ksv,jeu,dum,vrm
1200364,387,396,394,382,381,jeu,snt,jal,xzw,hoi
1200365,385,383,390,388,392,qhu,jgk,mwc,nei,dfs
1200366,395,394,393,389,387,mfv,jal,vrm,rjw,jeu
1200367,395,389,394,385,398,mfv,rjw,jal,qhu,ayi
1200368,399,391,393,384,400,yvl,duf,vrm,edc,csi
1200369,389,398,383,387,384,rjw,ayi,jgk,jeu,edc
1200370,382,396,399,381,394,xzw,snt,yvl,hoi,jal
1200371,382,397,400,389,390,xzw,ksv,csi,rjw,mwc
1200372,382,392,391,395,397,xzw,dfs,duf,mfv,ksv
1200373,381,399,384,382,392,hoi,yvl,edc,xzw,dfs
1200374,395,385,390,393,397,mfv,qhu,mwc,vrm,ksv
1200375,397,389,382,388,385,ksv,rjw,xzw,nei,qhu
1200376,391,398,386,387,381,duf,ayi,dum,jeu,hoi
1200377,393,400,390,386,388,vrm,csi,mwc,dum,nei
1200378,390,393,383,384,396,mwc,vrm,jgk,edc,snt
1200379,390,397,387,398,396,mwc,ksv,jeu,ayi,snt
1200380,391,395,385,386,387,duf,mfv,qhu,dum,jeu
1200381,391,383,397,389,398,duf,jgk,ksv,rjw,ayi
1200382,382,393,383,392,399,xzw,vrm,jgk,dfs,yvl
1200383,392,387,400,393,384,dfs,jeu,csi,vrm,edc
1200384,384,382,386,391,389,edc,xzw,dum,duf,rjw
1200385,387,391,386,399,396,jeu,duf,dum,yvl,snt
1200386,387,397,388,399,398,jeu,ksv,nei,yvl,ayi
1200387,400,390,395,384,389,csi,mwc,mfv,edc,rjw
1200388,389,384,394,399,390,rjw,edc,jal,yvl,mwc
1200389,400,391,382,392,397,csi,duf,xzw,dfs,ksv
1200390,396,391,398,385,387,snt,duf,ayi,qhu,jeu
1200391,384,386,396,382,387,edc,dum,snt,xzw,jeu
1200392,382,384,394,387,397,xzw,edc,jal,jeu,ksv
1200393,395,389,393,391,398,mfv,rjw,vrm,duf,ayi
1200394,383,382,394,396,387,jgk,xzw,jal,snt,jeu
1200395,395,393,388,399,391,mfv,vrm,nei,yvl,duf
1200396,397,388,385,392,381,ksv,nei,qhu,dfs,hoi
1200397,396,385,388,391,395,snt,qhu,nei,duf,mfv
1200398,397,398,385,381,383,ksv,ayi,qhu,hoi,jgk
1200399,383,397,386,391,384,jgk,ksv,dum,duf,edc
1200400,386,397,389,396,387,dum,ksv,rjw,snt,jeu
1200401,382,394,390,399,397,xzw,jal,mwc,yvl,ksv
1200402,395,398,385,382,393,mfv,ayi,qhu,xzw,vrm
1200403,399,388,383,391,385,yvl,nei,jgk,duf,qhu
1200404,389,390,397,391,393,rjw,mwc,ksv,duf,vrm
1200405,396,383,382,392,387,snt,jgk,xzw,dfs,jeu
1200406,393,397,398,399,395,vrm,ksv,ayi,yvl,mfv
1200407,388,384,387,382,396,nei,edc,jeu,xzw,snt
1200408,383,387,398,390,393,jgk,jeu,ayi,mwc,vrm
1200409,381,385,393,399,383,hoi,qhu,vrm,yvl,jgk
1200410,387,388,383,398,391,jeu,nei,jgk,ayi,duf
1200411,386,391,383,392,382,dum,duf,jgk,dfs,xzw
1200412,392,397,385,381,390,dfs,ksv,qhu,hoi,mwc
1200413,397,388,398,391,400,ksv,nei,ayi,duf,csi
1200414,385,396,390,381,395,qhu,snt,mwc,hoi,mfv
1200415,381,393,390,388,386,hoi,vrm,mwc,nei,dum
1200416,394,386,387,395,385,jal,dum,jeu,mfv,qhu
1200417,388,384,396,383,382,nei,edc,snt,jgk,xzw
1200418,384,400,386,393,382,edc,csi,dum,vrm,xzw
1200419,400,383,392,397,396,csi,jgk,dfs,ksv,snt
1200420,400,398,389,397,381,csi,ayi,rjw,ksv,hoi
1200421,398,391,399,396,381,ayi,duf,yvl,snt,hoi
1200422,389,385,388,390,391,rjw,qhu,nei,mwc,duf
1200423,392,391,383,381,385,dfs,duf,jgk,hoi,qhu
1200424,400,388,398,381,385,csi,nei,ayi,hoi,qhu
1200425,393,381,386,400,397,vrm,hoi,dum,csi,ksv
1200426,388,392,390,396,386,nei,dfs,mwc,snt,dum
1200427,389,394,384,398,396,rjw,jal,edc,ayi,snt
1200428,397,391,396,388,385,ksv,duf,snt,nei,qhu
1200429,385,384,396,387,394,qhu,edc,snt,jeu,jal
1200430,397,384,389,390,395,ksv,edc,rjw,mwc,mfv
1200431,394,385,386,393,389,jal,qhu,dum,vrm,rjw
1200432,391,397,398,385,393,duf,ksv,ayi,qhu,vrm
1200433,396,382,381,390,400,snt,xzw,hoi,mwc,csi
1200434,391,390,393,384,386,duf,mwc,vrm,edc,dum
1200435,383,384,400,398,395,jgk,edc,csi,ayi,mfv
1200436,384,399,387,382,395,edc,yvl,jeu,xzw,mfv
1200437,400,388,382,385,381,csi,nei,xzw,qhu,hoi
1200438,389,385,396,397,381,rjw,qhu,snt,ksv,hoi
1200439,393,386,382,398,381,vrm,dum,xzw,ayi,hoi
1200440,381,400,383,392,382,hoi,csi,jgk,dfs,xzw
1200441,383,387,391,393,400,jgk,jeu,duf,vrm,csi
1200442,385,384,390,395,398,qhu,edc,mwc,mfv,ayi
1200443,391,383,387,382,385,duf,jgk,jeu,xzw,qhu
1200444,388,384,399,386,381,nei,edc,yvl,dum,hoi
1200445,391,385,398,397,396,duf,qhu,ayi,ksv,snt
1200446,400,392,394,381,382,csi,dfs,jal,hoi,xzw
1200447,395,398,387,385,383,mfv,ayi,jeu,qhu,jgk
1200448,398,399,392,397,384,ayi,yvl,dfs,ksv,edc
1200449,384,396,391,393,398,edc,snt,duf,vrm,ayi
1200450,381,399,396,382,397,hoi,yvl,snt,xzw,ksv
1200451,391,394,381,383,396,duf,jal,hoi,jgk,snt
1200452,395,388,394,391,398,mfv,nei,jal,duf,ayi
1200453,392,388,382,385,397,dfs,nei,xzw,qhu,ksv
1200454,393,390,396,397,389,vrm,mwc,snt,ksv,rjw
1200455,396,388,383,390,382,snt,nei,jgk,mwc,xzw
1200456,397,387,392,381,390,ksv,jeu,dfs,hoi,mwc
1200457,399,384,381,390,388,yvl,edc,hoi,mwc,nei
1200458,400,385,382,399,390,csi,qhu,xzw,yvl,mwc
1200459,390,383,381,389,394,mwc,jgk,hoi,rjw,jal
1200460,393,392,382,394,398,vrm,dfs,xzw,jal,ayi
1200461,400,390,395,399,385,csi,mwc,mfv,yvl,qhu
1200462,385,395,388,394,397,qhu,mfv,nei,jal,ksv
1200463,400,398,386,397,394,csi,ayi,dum,ksv,jal
1200464,389,396,392,382,400,rjw,snt,dfs,xzw,csi
1200465,387,384,394,393,385,jeu,edc,jal,vrm,qhu
1200466,394,400,391,396,383,jal,csi,duf,snt,jgk
1200467,388,400,385,386,398,nei,csi,qhu,dum,ayi
1200468,392,385,394,390,393,dfs,qhu,jal,mwc,vrm
1200469,389,388,383,393,400,rjw,nei,jgk,vrm,csi
1200470,392,387,388,397,396,dfs,jeu,nei,ksv,snt
1200471,399,382,393,387,384,yvl,xzw,vrm,jeu,edc
1200472,383,389,395,398,391,jgk,rjw,mfv,ayi,duf
1200473,397,388,391,389,394,ksv,nei,duf,rjw,jal
1200474,385,400,389,394,393,qhu,csi,rjw,jal,vrm
1200475,392,387,398,395,381,dfs,jeu,ayi,mfv,hoi
1200476,397,387,395,383,396,ksv,jeu,mfv,jgk,snt
1200477,388,399,384,392,390,nei,yvl,edc,dfs,mwc
1200478,395,392,382,399,391,mfv,dfs,xzw,yvl,duf
1200479,382,391,397,383,385,xzw,duf,ksv,jgk,qhu
1200480,400,395,396,383,392,csi,mfv,snt,jgk,dfs
1200481,381,399,394,383,386,hoi,yvl,jal,jgk,dum
1200482,389,391,385,396,400,rjw,duf,qhu,snt,csi
1200483,398,391,394,393,384,ayi,duf,jal,vrm,edc
1200484,400,390,396,383,393,csi,mwc,snt,jgk,vrm
1200485,389,390,383,388,396,rjw,mwc,jgk,nei,snt
1200486,383,391,389,396,386,jgk,duf,rjw,snt,dum
1200487,397,382,381,398,383,ksv,xzw,hoi,ayi,jgk
1200488,387,384,383,399,398,jeu,edc,jgk,yvl,ayi
1200489,392,385,394,399,386,dfs,qhu,jal,yvl,dum
1200490,387,394,385,393,397,jeu,jal,qhu,vrm,ksv
1200491,384,385,386,400,396,edc,qhu,dum,csi,snt
1200492,388,393,383,389,382,nei,vrm,jgk,rjw,xzw
1200493,397,388,393,394,387,ksv,nei,vrm,jal,jeu
1200494,381,382,398,392,394,hoi,xzw,ayi,dfs,jal
1200495,400,388,395,390,393,csi,nei,mfv,mwc,vrm
1200496,394,392,389,400,382,jal,dfs,rjw,csi,xzw
1200497,383,394,385,398,392,jgk,jal,qhu,ayi,dfs
1200498,393,381,391,400,394,vrm,hoi,duf,csi,jal
1200499,384,391,381,399,385,edc,duf,hoi,yvl,qhu
1200500,387,398,384,388,396,jeu,ayi,edc,nei,snt
1200501,391,397,386,387,389,duf,ksv,dum,jeu,rjw
1200502,394,386,389,395,388,jal,dum,rjw,mfv,nei
1200503,391,396,387,388,400,duf,snt,jeu,nei,csi
1200504,395,398,385,393,397,mfv,ayi,qhu,vrm,ksv
1200505,396,384,397,382,386,snt,edc,ksv,xzw,dum
1200506,390,392,393,400,397,mwc,dfs,vrm,csi,ksv
1200507,394,392,384,390,388,jal,dfs,edc,mwc,nei
1200508,395,389,382,400,399,mfv,rjw,xzw,csi,yvl
1200509,395,392,389,397,390,mfv,dfs,rjw,ksv,mwc
1200510,386,384,382,383,393,dum,edc,xzw,jgk,vrm
1200511,391,382,389,392,383,duf,xzw,rjw,dfs,jgk
1200512,386,393,394,385,390,dum,vrm,jal,qhu,mwc
1200513,395,399,383,392,398,mfv,yvl,jgk,dfs,ayi
1200514,388,391,390,387,382,nei,duf,mwc,jeu,xzw
1200515,397,398,386,399,383,ksv,ayi,dum,yvl,jgk
1200516,387,381,384,391,396,jeu,hoi,edc,duf,snt
1200517,397,384,390,388,392,ksv,edc,mwc,nei,dfs
1200518,399,396,381,386,393,yvl,snt,hoi,dum,vrm
1200519,391,384,389,396,392,duf,edc,rjw,snt,dfs
1200520,390,387,397,388,399,mwc,jeu,ksv,nei,yvl
1200521,398,385,395,386,389,ayi,qhu,mfv,dum,rjw
1200522,394,389,386,385,391,jal,rjw,dum,qhu,duf
1200523,394,392,382,391,397,jal,dfs,xzw,duf,ksv
1200524,386,399,385,390,389,dum,yvl,qhu,mwc,rjw
1200525,394,387,382,392,381,jal,jeu,xzw,dfs,hoi
1200526,392,384,386,387,399,dfs,edc,dum,jeu,yvl
1200527,381,393,383,389,390,hoi,vrm,jgk,rjw,mwc
1200528,383,396,399,390,391,jgk,snt,yvl,mwc,duf
1200529,388,398,390,383,384,nei,ayi,mwc,jgk,edc
1200530,389,391,381,394,400,rjw,duf,hoi,jal,csi
1200531,396,385,383,387,393,snt,qhu,jgk,jeu,vrm
1200532,386,384,389,385,393,dum,edc,rjw,qhu,vrm
1200533,397,394,398,389,392,ksv,jal,ayi,rjw,dfs
1200534,398,387,389,386,394,ayi,jeu,rjw,dum,jal
1200535,385,398,391,396,394,qhu,ayi,duf,snt,jal
1200536,397,393,399,387,383,ksv,vrm,yvl,jeu,jgk
1200537,383,386,382,390,384,jgk,dum,xzw,mwc,edc
1200538,392,394,393,383,399,dfs,jal,vrm,jgk,yvl
1200539,383,385,397,387,396,jgk,qhu,ksv,jeu,snt
1200540,398,392,387,399,397,ayi,dfs,jeu,yvl,ksv
1200541,393,391,395,389,388,vrm,duf,mfv,rjw,nei
1200542,383,392,395,397,386,jgk,dfs,mfv,ksv,dum
1200543,397,386,390,381,399,ksv,dum,mwc,hoi,yvl
1200544,396,389,384,387,383,snt,rjw,edc,jeu,jgk
1200545,398,385,396,384,392,ayi,qhu,snt,edc,dfs
1200546,381,397,387,399,400,hoi,ksv,jeu,yvl,csi
1200547,387,383,386,381,391,jeu,jgk,dum,hoi,duf
1200548,395,381,382,396,386,mfv,hoi,xzw,snt,dum
1200549,388,382,395,381,393,nei,xzw,mfv,hoi,vrm
1200550,400,389,382,393,392,csi,rjw,xzw,vrm,dfs
1200551,391,390,392,399,400,duf,mwc,dfs,yvl,csi
1200552,395,386,398,393,389,mfv,dum,ayi,vrm,rjw
1200553,382,390,400,394,389,xzw,mwc,csi,jal,rjw
1200554,387,398,381,390,399,jeu,ayi,hoi,mwc,yvl
1200555,383,399,386,400,382,jgk,yvl,dum,csi,xzw
1200556,399,392,384,383,390,yvl,dfs,edc,jgk,mwc
1200557,400,384,386,381,399,csi,edc,dum,hoi,yvl
1200558,387,382,383,381,395,jeu,xzw,jgk,hoi,mfv
1200559,392,393,387,400,391,dfs,vrm,jeu,csi,duf
1200560,382,400,392,395,398,xzw,csi,dfs,mfv,ayi
1200561,383,387,400,390,389,jgk,jeu,csi,mwc,rjw
1200562,382,386,397,391,383,xzw,dum,ksv,duf,jgk
1200563,391,384,399,398,392,duf,edc,yvl,ayi,dfs
1200564,385,389,390,394,400,qhu,rjw,mwc,jal,csi
1200565,387,383,393,388,392,jeu,jgk,vrm,nei,dfs
1200566,394,399,396,388,393,jal,yvl,snt,nei,vrm
1200567,386,381,382,388,387,dum,hoi,xzw,nei,jeu
1200568,383,382,384,390,391,jgk,xzw,edc,mwc,duf
1200569,382,389,388,391,394,xzw,rjw,nei,duf,jal
1200570,393,400,398,391,382,vrm,csi,ayi,duf,xzw
1200571,382,387,390,400,399,xzw,jeu,mwc,csi,yvl
1200572,386,394,392,384,381,dum,jal,dfs,edc,hoi
1200573,394,383,385,391,384,jal,jgk,qhu,duf,edc
1200574,390,392,386,388,393,mwc,dfs,dum,nei,vrm
1200575,385,384,382,400,386,qhu,edc,xzw,csi,dum
1200576,388,398,400,395,399,nei,ayi,csi,mfv,yvl
1200577,400,390,384,389,393,csi,mwc,edc,rjw,vrm
1200578,394,397,396,390,389,jal,ksv,snt,mwc,rjw
1200579,396,386,399,389,400,snt,dum,yvl,rjw,csi
1200580,384,385,394,381,396,edc,qhu,jal,hoi,snt
1200581,386,390,385,395,382,dum,mwc,qhu,mfv,xzw
1200582,386,396,385,395,384,dum,snt,qhu,mfv,edc
1200583,381,383,400,396,398,hoi,jgk,csi,snt,ayi
1200584,395,396,385,383,382,mfv,snt,qhu,jgk,xzw
1200585,400,388,387,389,383,csi,nei,jeu,rjw,jgk
1200586,392,395,386,381,396,dfs,mfv,dum,hoi,snt
1200587,389,387,383,397,384,rjw,jeu,jgk,ksv,edc
1200588,397,392,394,386,390,ksv,dfs,jal,dum,mwc
1200589,399,381,385,390,394,yvl,hoi,qhu,mwc,jal
1200590,397,385,396,384,387,ksv,qhu,snt,edc,jeu
1200591,390,381,396,387,397,mwc,hoi,snt,jeu,ksv
1200592,395,389,400,398,385,mfv,rjw,csi,ayi,qhu
1200593,386,385,397,388,382,dum,qhu,ksv,nei,xzw
1200594,392,399,386,397,394,dfs,yvl,dum,ksv,jal
1200595,388,399,394,389,391,nei,yvl,jal,rjw,duf
1200596,395,386,381,389,396,mfv,dum,hoi,rjw,snt
1200597,394,383,390,387,388,jal,jgk,mwc,jeu,nei
1200598,389,385,387,392,394,rjw,qhu,jeu,dfs,jal
1200599,397,383,393,392,388,ksv,jgk,vrm,dfs,nei
1200600,395,396,384,398,381,mfv,snt,edc,ayi,hoi
