setID,set_1,set_2,set_3,set_4,set_5,code_1,code_2,code_3,code_4,code_5
1010001,9,17,20,12,13,qlg,toy,ray,blg,lgi
1010002,5,16,2,11,4,exd,wpl,qfj,jco,wmz
1010003,19,17,6,10,14,ikc,toy,oab,fah,dgq
1010004,12,15,5,10,11,blg,zam,exd,fah,jco
1010005,5,12,16,8,17,exd,blg,wpl,ubn,toy
1010006,7,5,12,20,17,bon,exd,blg,ray,toy
1010007,3,9,11,18,1,hiw,qlg,jco,wcj,hxm
1010008,19,12,10,7,20,ikc,blg,fah,bon,ray
1010009,10,18,4,5,6,fah,wcj,wmz,exd,oab
1010010,9,20,10,3,19,qlg,ray,fah,hiw,ikc
1010011,18,20,13,17,10,wcj,ray,lgi,toy,fah
1010012,19,10,7,16,5,ikc,fah,bon,wpl,exd
1010013,15,12,3,18,14,zam,blg,hiw,wcj,dgq
1010014,14,10,3,7,1,dgq,fah,hiw,bon,hxm
1010015,14,10,6,7,19,dgq,fah,oab,bon,ikc
1010016,6,18,2,11,14,oab,wcj,qfj,jco,dgq
1010017,2,6,15,9,12,qfj,oab,zam,qlg,blg
1010018,14,19,6,2,11,dgq,ikc,oab,qfj,jco
1010019,18,14,8,6,1,wcj,dgq,ubn,oab,hxm
1010020,11,14,5,17,1,jco,dgq,exd,toy,hxm
1010021,3,12,2,5,10,hiw,blg,qfj,exd,fah
1010022,1,18,19,17,14,hxm,wcj,ikc,toy,dgq
1010023,10,6,16,13,4,fah,oab,wpl,lgi,wmz
1010024,3,4,18,5,6,hiw,wmz,wcj,exd,oab
1010025,14,13,20,5,15,dgq,lgi,ray,exd,zam
1010026,9,19,3,6,13,qlg,ikc,hiw,oab,lgi
1010027,12,13,2,10,4,blg,lgi,qfj,fah,wmz
1010028,5,4,13,20,15,exd,wmz,lgi,ray,zam
1010029,2,1,14,13,6,qfj,hxm,dgq,lgi,oab
1010030,19,13,18,3,14,ikc,lgi,wcj,hiw,dgq
1010031,11,15,6,17,13,jco,zam,oab,toy,lgi
1010032,12,19,10,16,8,blg,ikc,fah,wpl,ubn
1010033,7,3,5,10,17,bon,hiw,exd,fah,toy
1010034,7,6,2,10,14,bon,oab,qfj,fah,dgq
1010035,11,8,20,3,10,jco,ubn,ray,hiw,fah
1010036,15,20,3,8,17,zam,ray,hiw,ubn,toy
1010037,7,18,4,1,9,bon,wcj,wmz,hxm,qlg
1010038,3,13,10,20,17,hiw,lgi,fah,ray,toy
1010039,19,14,8,9,18,ikc,dgq,ubn,qlg,wcj
1010040,17,10,13,15,1,toy,fah,lgi,zam,hxm
1010041,1,3,6,9,14,hxm,hiw,oab,qlg,dgq
1010042,8,17,4,14,20,ubn,toy,wmz,dgq,ray
1010043,19,9,17,15,11,ikc,qlg,toy,zam,jco
1010044,9,5,17,15,6,qlg,exd,toy,zam,oab
1010045,1,2,9,15,12,hxm,qfj,qlg,zam,blg
1010046,9,2,16,18,19,qlg,qfj,wpl,wcj,ikc
1010047,2,16,7,8,14,qfj,wpl,bon,ubn,dgq
1010048,13,7,17,3,18,lgi,bon,toy,hiw,wcj
1010049,19,9,3,10,14,ikc,qlg,hiw,fah,dgq
1010050,13,1,7,10,6,lgi,hxm,bon,fah,oab
1010051,5,3,11,13,4,exd,hiw,jco,lgi,wmz
1010052,13,11,20,10,12,lgi,jco,ray,fah,blg
1010053,6,10,4,12,2,oab,fah,wmz,blg,qfj
1010054,16,15,3,20,5,wpl,zam,hiw,ray,exd
1010055,3,1,19,11,7,hiw,hxm,ikc,jco,bon
1010056,5,2,3,19,16,exd,qfj,hiw,ikc,wpl
1010057,20,9,14,16,13,ray,qlg,dgq,wpl,lgi
1010058,7,10,18,15,5,bon,fah,wcj,zam,exd
1010059,17,11,13,1,19,toy,jco,lgi,hxm,ikc
1010060,13,2,17,9,5,lgi,qfj,toy,qlg,exd
1010061,12,3,8,2,20,blg,hiw,ubn,qfj,ray
1010062,10,5,8,18,20,fah,exd,ubn,wcj,ray
1010063,20,14,4,11,5,ray,dgq,wmz,jco,exd
1010064,15,14,5,11,4,zam,dgq,exd,jco,wmz
1010065,7,12,13,5,14,bon,blg,lgi,exd,dgq
1010066,1,2,14,16,3,hxm,qfj,dgq,wpl,hiw
1010067,14,18,8,5,11,dgq,wcj,ubn,exd,jco
1010068,8,20,12,18,6,ubn,ray,blg,wcj,oab
1010069,1,16,19,5,9,hxm,wpl,ikc,exd,qlg
1010070,18,11,12,14,7,wcj,jco,blg,dgq,bon
1010071,17,14,19,11,9,toy,dgq,ikc,jco,qlg
1010072,17,10,9,12,16,toy,fah,qlg,blg,wpl
1010073,18,3,5,14,9,wcj,hiw,exd,dgq,qlg
1010074,10,16,15,9,8,fah,wpl,zam,qlg,ubn
1010075,11,14,7,20,5,jco,dgq,bon,ray,exd
1010076,17,1,8,15,2,toy,hxm,ubn,zam,qfj
1010077,20,16,2,17,8,ray,wpl,qfj,toy,ubn
1010078,17,18,11,12,16,toy,wcj,jco,blg,wpl
1010079,19,9,13,10,4,ikc,qlg,lgi,fah,wmz
1010080,19,9,16,15,8,ikc,qlg,wpl,zam,ubn
1010081,18,13,2,12,4,wcj,lgi,qfj,blg,wmz
1010082,5,15,7,11,9,exd,zam,bon,jco,qlg
1010083,5,17,12,13,9,exd,toy,blg,lgi,qlg
1010084,18,19,10,3,20,wcj,ikc,fah,hiw,ray
1010085,9,14,7,10,20,qlg,dgq,bon,fah,ray
1010086,2,19,14,20,6,qfj,ikc,dgq,ray,oab
1010087,5,13,10,12,18,exd,lgi,fah,blg,wcj
1010088,1,14,11,6,10,hxm,dgq,jco,oab,fah
1010089,17,12,10,13,20,toy,blg,fah,lgi,ray
1010090,11,12,18,14,3,jco,blg,wcj,dgq,hiw
1010091,11,10,1,20,16,jco,fah,hxm,ray,wpl
1010092,12,19,8,14,16,blg,ikc,ubn,dgq,wpl
1010093,9,20,15,3,8,qlg,ray,zam,hiw,ubn
1010094,20,3,6,9,16,ray,hiw,oab,qlg,wpl
1010095,11,7,19,8,2,jco,bon,ikc,ubn,qfj
1010096,14,2,7,5,17,dgq,qfj,bon,exd,toy
1010097,18,15,7,4,16,wcj,zam,bon,wmz,wpl
1010098,16,4,15,20,9,wpl,wmz,zam,ray,qlg
1010099,16,13,18,17,15,wpl,lgi,wcj,toy,zam
1010100,9,2,19,8,17,qlg,qfj,ikc,ubn,toy
1010101,18,9,8,1,3,wcj,qlg,ubn,hxm,hiw
1010102,18,9,16,2,5,wcj,qlg,wpl,qfj,exd
1010103,19,1,9,2,7,ikc,hxm,qlg,qfj,bon
1010104,16,8,7,17,14,wpl,ubn,bon,toy,dgq
1010105,11,20,12,19,18,jco,ray,blg,ikc,wcj
1010106,10,13,15,20,5,fah,lgi,zam,ray,exd
1010107,19,15,1,16,20,ikc,zam,hxm,wpl,ray
1010108,2,18,12,11,13,qfj,wcj,blg,jco,lgi
1010109,7,4,10,18,11,bon,wmz,fah,wcj,jco
1010110,3,16,9,4,17,hiw,wpl,qlg,wmz,toy
1010111,16,12,13,19,7,wpl,blg,lgi,ikc,bon
1010112,5,18,16,11,7,exd,wcj,wpl,jco,bon
1010113,19,7,3,18,16,ikc,bon,hiw,wcj,wpl
1010114,10,7,6,3,13,fah,bon,oab,hiw,lgi
1010115,14,9,20,7,19,dgq,qlg,ray,bon,ikc
1010116,3,7,19,4,2,hiw,bon,ikc,wmz,qfj
1010117,15,20,14,7,17,zam,ray,dgq,bon,toy
1010118,16,5,15,10,7,wpl,exd,zam,fah,bon
1010119,12,8,19,13,1,blg,ubn,ikc,lgi,hxm
1010120,15,17,9,19,18,zam,toy,qlg,ikc,wcj
1010121,13,5,1,4,15,lgi,exd,hxm,wmz,zam
1010122,14,4,15,19,10,dgq,wmz,zam,ikc,fah
1010123,10,15,12,19,2,fah,zam,blg,ikc,qfj
1010124,11,5,10,16,18,jco,exd,fah,wpl,wcj
1010125,18,15,19,7,17,wcj,zam,ikc,bon,toy
1010126,6,18,17,8,11,oab,wcj,toy,ubn,jco
1010127,14,13,15,12,19,dgq,lgi,zam,blg,ikc
1010128,16,9,5,17,20,wpl,qlg,exd,toy,ray
1010129,2,5,17,8,3,qfj,exd,toy,ubn,hiw
1010130,4,5,12,13,20,wmz,exd,blg,lgi,ray
1010131,14,13,19,2,18,dgq,lgi,ikc,qfj,wcj
1010132,5,15,10,1,8,exd,zam,fah,hxm,ubn
1010133,14,7,9,1,10,dgq,bon,qlg,hxm,fah
1010134,20,1,14,18,17,ray,hxm,dgq,wcj,toy
1010135,17,20,6,16,5,toy,ray,oab,wpl,exd
1010136,9,5,15,7,17,qlg,exd,zam,bon,toy
1010137,6,4,13,9,5,oab,wmz,lgi,qlg,exd
1010138,13,7,10,8,17,lgi,bon,fah,ubn,toy
1010139,7,3,4,18,20,bon,hiw,wmz,wcj,ray
1010140,5,18,13,7,14,exd,wcj,lgi,bon,dgq
1010141,1,4,14,15,18,hxm,wmz,dgq,zam,wcj
1010142,11,10,13,16,5,jco,fah,lgi,wpl,exd
1010143,5,17,1,6,11,exd,toy,hxm,oab,jco
1010144,15,16,1,8,17,zam,wpl,hxm,ubn,toy
1010145,12,17,20,9,14,blg,toy,ray,qlg,dgq
1010146,20,14,10,3,1,ray,dgq,fah,hiw,hxm
1010147,20,18,8,6,17,ray,wcj,ubn,oab,toy
1010148,1,9,8,6,18,hxm,qlg,ubn,oab,wcj
1010149,15,3,2,14,5,zam,hiw,qfj,dgq,exd
1010150,12,19,20,2,4,blg,ikc,ray,qfj,wmz
1010151,7,18,4,3,16,bon,wcj,wmz,hiw,wpl
1010152,15,8,18,7,11,zam,ubn,wcj,bon,jco
1010153,2,9,18,8,19,qfj,qlg,wcj,ubn,ikc
1010154,4,7,14,1,19,wmz,bon,dgq,hxm,ikc
1010155,15,11,9,20,19,zam,jco,qlg,ray,ikc
1010156,17,10,16,18,4,toy,fah,wpl,wcj,wmz
1010157,10,12,11,13,9,fah,blg,jco,lgi,qlg
1010158,2,20,8,15,18,qfj,ray,ubn,zam,wcj
1010159,9,16,14,11,1,qlg,wpl,dgq,jco,hxm
1010160,7,19,15,4,2,bon,ikc,zam,wmz,qfj
1010161,9,1,13,5,20,qlg,hxm,lgi,exd,ray
1010162,13,3,16,17,6,lgi,hiw,wpl,toy,oab
1010163,11,15,18,7,2,jco,zam,wcj,bon,qfj
1010164,13,7,4,9,6,lgi,bon,wmz,qlg,oab
1010165,6,19,16,12,14,oab,ikc,wpl,blg,dgq
1010166,4,9,7,13,16,wmz,qlg,bon,lgi,wpl
1010167,1,18,8,19,11,hxm,wcj,ubn,ikc,jco
1010168,7,5,2,19,18,bon,exd,qfj,ikc,wcj
1010169,14,19,15,8,17,dgq,ikc,zam,ubn,toy
1010170,19,10,7,8,11,ikc,fah,bon,ubn,jco
1010171,6,11,3,18,10,oab,jco,hiw,wcj,fah
1010172,9,5,14,2,8,qlg,exd,dgq,qfj,ubn
1010173,14,11,17,20,2,dgq,jco,toy,ray,qfj
1010174,6,13,14,10,7,oab,lgi,dgq,fah,bon
1010175,13,16,8,1,19,lgi,wpl,ubn,hxm,ikc
1010176,16,12,19,18,4,wpl,blg,ikc,wcj,wmz
1010177,18,2,1,11,6,wcj,qfj,hxm,jco,oab
1010178,16,1,12,4,3,wpl,hxm,blg,wmz,hiw
1010179,9,5,20,19,4,qlg,exd,ray,ikc,wmz
1010180,14,11,3,10,6,dgq,jco,hiw,fah,oab
1010181,16,2,14,8,20,wpl,qfj,dgq,ubn,ray
1010182,17,8,18,12,5,toy,ubn,wcj,blg,exd
1010183,16,18,20,12,19,wpl,wcj,ray,blg,ikc
1010184,4,15,7,3,20,wmz,zam,bon,hiw,ray
1010185,18,20,8,16,15,wcj,ray,ubn,wpl,zam
1010186,16,9,6,19,18,wpl,qlg,oab,ikc,wcj
1010187,2,19,10,13,17,qfj,ikc,fah,lgi,toy
1010188,20,18,14,2,9,ray,wcj,dgq,qfj,qlg
1010189,12,5,4,6,7,blg,exd,wmz,oab,bon
1010190,1,19,8,14,18,hxm,ikc,ubn,dgq,wcj
1010191,8,4,6,20,1,ubn,wmz,oab,ray,hxm
1010192,3,15,16,17,14,hiw,zam,wpl,toy,dgq
1010193,18,2,3,13,10,wcj,qfj,hiw,lgi,fah
1010194,7,10,5,3,18,bon,fah,exd,hiw,wcj
1010195,18,1,4,19,11,wcj,hxm,wmz,ikc,jco
1010196,13,9,5,20,15,lgi,qlg,exd,ray,zam
1010197,13,19,17,4,6,lgi,ikc,toy,wmz,oab
1010198,19,13,2,18,16,ikc,lgi,qfj,wcj,wpl
1010199,10,14,1,13,3,fah,dgq,hxm,lgi,hiw
1010200,14,5,19,11,1,dgq,exd,ikc,jco,hxm
1010201,10,7,11,8,4,fah,bon,jco,ubn,wmz
1010202,15,16,12,10,2,zam,wpl,blg,fah,qfj
1010203,17,9,8,19,14,toy,qlg,ubn,ikc,dgq
1010204,3,1,16,2,17,hiw,hxm,wpl,qfj,toy
1010205,2,17,1,3,12,qfj,toy,hxm,hiw,blg
1010206,20,11,1,12,15,ray,jco,hxm,blg,zam
1010207,14,11,5,9,19,dgq,jco,exd,qlg,ikc
1010208,7,5,2,4,1,bon,exd,qfj,wmz,hxm
1010209,14,4,1,11,5,dgq,wmz,hxm,jco,exd
1010210,2,8,7,3,9,qfj,ubn,bon,hiw,qlg
1010211,13,1,7,9,15,lgi,hxm,bon,qlg,zam
1010212,16,11,2,12,1,wpl,jco,qfj,blg,hxm
1010213,16,10,11,6,13,wpl,fah,jco,oab,lgi
1010214,10,7,12,8,17,fah,bon,blg,ubn,toy
1010215,3,2,12,10,8,hiw,qfj,blg,fah,ubn
1010216,20,5,13,8,14,ray,exd,lgi,ubn,dgq
1010217,11,6,18,1,8,jco,oab,wcj,hxm,ubn
1010218,11,16,14,3,18,jco,wpl,dgq,hiw,wcj
1010219,11,16,13,18,7,jco,wpl,lgi,wcj,bon
1010220,1,5,2,20,10,hxm,exd,qfj,ray,fah
1010221,1,11,18,13,6,hxm,jco,wcj,lgi,oab
1010222,12,7,5,3,19,blg,bon,exd,hiw,ikc
1010223,6,10,9,18,15,oab,fah,qlg,wcj,zam
1010224,3,8,19,18,6,hiw,ubn,ikc,wcj,oab
1010225,14,10,18,3,5,dgq,fah,wcj,hiw,exd
1010226,14,5,2,13,18,dgq,exd,qfj,lgi,wcj
1010227,14,12,20,16,5,dgq,blg,ray,wpl,exd
1010228,8,12,7,4,2,ubn,blg,bon,wmz,qfj
1010229,17,18,14,5,20,toy,wcj,dgq,exd,ray
1010230,3,13,2,4,17,hiw,lgi,qfj,wmz,toy
1010231,18,1,20,7,17,wcj,hxm,ray,bon,toy
1010232,1,5,19,7,6,hxm,exd,ikc,bon,oab
1010233,6,18,12,16,17,oab,wcj,blg,wpl,toy
1010234,20,19,9,2,10,ray,ikc,qlg,qfj,fah
1010235,8,17,7,6,10,ubn,toy,bon,oab,fah
1010236,2,16,13,19,8,qfj,wpl,lgi,ikc,ubn
1010237,5,7,6,11,12,exd,bon,oab,jco,blg
1010238,9,17,7,3,1,qlg,toy,bon,hiw,hxm
1010239,18,5,4,2,14,wcj,exd,wmz,qfj,dgq
1010240,1,13,8,16,10,hxm,lgi,ubn,wpl,fah
1010241,18,4,17,6,2,wcj,wmz,toy,oab,qfj
1010242,13,1,12,17,8,lgi,hxm,blg,toy,ubn
1010243,9,12,19,5,16,qlg,blg,ikc,exd,wpl
1010244,6,14,17,16,3,oab,dgq,toy,wpl,hiw
1010245,3,18,13,9,12,hiw,wcj,lgi,qlg,blg
1010246,5,14,2,10,16,exd,dgq,qfj,fah,wpl
1010247,6,2,13,16,19,oab,qfj,lgi,wpl,ikc
1010248,2,19,5,16,20,qfj,ikc,exd,wpl,ray
1010249,20,16,19,6,15,ray,wpl,ikc,oab,zam
1010250,4,11,19,6,5,wmz,jco,ikc,oab,exd
1010251,19,14,1,11,2,ikc,dgq,hxm,jco,qfj
1010252,6,9,17,8,20,oab,qlg,toy,ubn,ray
1010253,4,5,18,15,19,wmz,exd,wcj,zam,ikc
1010254,18,16,12,2,5,wcj,wpl,blg,qfj,exd
1010255,5,3,10,18,9,exd,hiw,fah,wcj,qlg
1010256,16,15,12,17,1,wpl,zam,blg,toy,hxm
1010257,1,8,18,16,11,hxm,ubn,wcj,wpl,jco
1010258,15,1,4,19,2,zam,hxm,wmz,ikc,qfj
1010259,5,1,2,6,13,exd,hxm,qfj,oab,lgi
1010260,2,1,8,14,7,qfj,hxm,ubn,dgq,bon
1010261,14,13,7,3,10,dgq,lgi,bon,hiw,fah
1010262,15,11,1,17,19,zam,jco,hxm,toy,ikc
1010263,1,17,2,10,14,hxm,toy,qfj,fah,dgq
1010264,3,8,1,17,13,hiw,ubn,hxm,toy,lgi
1010265,2,10,14,4,7,qfj,fah,dgq,wmz,bon
1010266,20,7,14,6,9,ray,bon,dgq,oab,qlg
1010267,7,17,16,20,3,bon,toy,wpl,ray,hiw
1010268,17,18,15,5,1,toy,wcj,zam,exd,hxm
1010269,2,20,1,8,15,qfj,ray,hxm,ubn,zam
1010270,18,6,7,14,2,wcj,oab,bon,dgq,qfj
1010271,2,20,7,19,18,qfj,ray,bon,ikc,wcj
1010272,18,17,14,12,10,wcj,toy,dgq,blg,fah
1010273,4,1,5,8,6,wmz,hxm,exd,ubn,oab
1010274,11,2,7,4,18,jco,qfj,bon,wmz,wcj
1010275,1,6,13,20,9,hxm,oab,lgi,ray,qlg
1010276,6,1,20,9,18,oab,hxm,ray,qlg,wcj
1010277,13,17,6,15,7,lgi,toy,oab,zam,bon
1010278,15,1,9,5,3,zam,hxm,qlg,exd,hiw
1010279,19,17,5,8,20,ikc,toy,exd,ubn,ray
1010280,9,2,14,19,12,qlg,qfj,dgq,ikc,blg
1010281,17,14,7,18,10,toy,dgq,bon,wcj,fah
1010282,19,6,8,18,9,ikc,oab,ubn,wcj,qlg
1010283,14,8,17,13,12,dgq,ubn,toy,lgi,blg
1010284,7,12,18,17,1,bon,blg,wcj,toy,hxm
1010285,1,17,2,20,16,hxm,toy,qfj,ray,wpl
1010286,16,18,9,6,3,wpl,wcj,qlg,oab,hiw
1010287,10,12,5,6,19,fah,blg,exd,oab,ikc
1010288,13,16,20,17,7,lgi,wpl,ray,toy,bon
1010289,8,14,12,4,13,ubn,dgq,blg,wmz,lgi
1010290,9,15,19,7,14,qlg,zam,ikc,bon,dgq
1010291,9,18,7,20,6,qlg,wcj,bon,ray,oab
1010292,16,20,17,18,11,wpl,ray,toy,wcj,jco
1010293,4,7,13,18,1,wmz,bon,lgi,wcj,hxm
1010294,17,2,5,9,12,toy,qfj,exd,qlg,blg
1010295,13,12,15,14,5,lgi,blg,zam,dgq,exd
1010296,2,19,9,18,12,qfj,ikc,qlg,wcj,blg
1010297,9,6,17,15,7,qlg,oab,toy,zam,bon
1010298,4,16,2,18,15,wmz,wpl,qfj,wcj,zam
1010299,1,15,3,7,11,hxm,zam,hiw,bon,jco
1010300,10,2,20,14,3,fah,qfj,ray,dgq,hiw
1010301,5,8,7,6,15,exd,ubn,bon,oab,zam
1010302,6,5,15,20,4,oab,exd,zam,ray,wmz
1010303,4,9,17,1,3,wmz,qlg,toy,hxm,hiw
1010304,3,4,8,15,7,hiw,wmz,ubn,zam,bon
1010305,1,14,18,15,16,hxm,dgq,wcj,zam,wpl
1010306,5,18,8,19,13,exd,wcj,ubn,ikc,lgi
1010307,11,6,9,8,20,jco,oab,qlg,ubn,ray
1010308,20,17,7,9,6,ray,toy,bon,qlg,oab
1010309,18,3,8,2,7,wcj,hiw,ubn,qfj,bon
1010310,6,4,16,7,12,oab,wmz,wpl,bon,blg
1010311,16,3,4,12,19,wpl,hiw,wmz,blg,ikc
1010312,11,10,9,19,13,jco,fah,qlg,ikc,lgi
1010313,11,1,6,18,9,jco,hxm,oab,wcj,qlg
1010314,10,1,16,9,18,fah,hxm,wpl,qlg,wcj
1010315,7,16,13,5,1,bon,wpl,lgi,exd,hxm
1010316,14,9,5,8,1,dgq,qlg,exd,ubn,hxm
1010317,7,19,6,1,20,bon,ikc,oab,hxm,ray
1010318,5,12,14,15,2,exd,blg,dgq,zam,qfj
1010319,4,20,13,19,11,wmz,ray,lgi,ikc,jco
1010320,12,4,13,1,14,blg,wmz,lgi,hxm,dgq
1010321,9,15,1,14,20,qlg,zam,hxm,dgq,ray
1010322,2,10,12,15,19,qfj,fah,blg,zam,ikc
1010323,8,12,1,13,16,ubn,blg,hxm,lgi,wpl
1010324,19,3,4,13,14,ikc,hiw,wmz,lgi,dgq
1010325,11,13,14,1,7,jco,lgi,dgq,hxm,bon
1010326,3,12,15,17,8,hiw,blg,zam,toy,ubn
1010327,16,11,13,3,17,wpl,jco,lgi,hiw,toy
1010328,10,1,18,8,9,fah,hxm,wcj,ubn,qlg
1010329,2,10,6,20,8,qfj,fah,oab,ray,ubn
1010330,5,12,9,8,10,exd,blg,qlg,ubn,fah
1010331,14,19,1,2,17,dgq,ikc,hxm,qfj,toy
1010332,12,19,1,2,3,blg,ikc,hxm,qfj,hiw
1010333,5,3,15,16,11,exd,hiw,zam,wpl,jco
1010334,1,15,17,2,20,hxm,zam,toy,qfj,ray
1010335,6,9,7,12,14,oab,qlg,bon,blg,dgq
1010336,5,17,9,2,10,exd,toy,qlg,qfj,fah
1010337,8,17,18,15,6,ubn,toy,wcj,zam,oab
1010338,17,7,11,18,6,toy,bon,jco,wcj,oab
1010339,10,13,16,14,17,fah,lgi,wpl,dgq,toy
1010340,9,17,12,11,6,qlg,toy,blg,jco,oab
1010341,6,16,9,14,17,oab,wpl,qlg,dgq,toy
1010342,9,8,19,20,13,qlg,ubn,ikc,ray,lgi
1010343,8,17,11,14,6,ubn,toy,jco,dgq,oab
1010344,7,8,12,9,3,bon,ubn,blg,qlg,hiw
1010345,2,4,11,12,10,qfj,wmz,jco,blg,fah
1010346,7,14,15,6,3,bon,dgq,zam,oab,hiw
1010347,11,1,6,3,17,jco,hxm,oab,hiw,toy
1010348,1,4,17,20,2,hxm,wmz,toy,ray,qfj
1010349,10,7,5,16,12,fah,bon,exd,wpl,blg
1010350,3,18,4,20,16,hiw,wcj,wmz,ray,wpl
1010351,17,15,11,19,9,toy,zam,jco,ikc,qlg
1010352,20,7,9,16,10,ray,bon,qlg,wpl,fah
1010353,6,10,7,3,11,oab,fah,bon,hiw,jco
1010354,13,4,19,15,2,lgi,wmz,ikc,zam,qfj
1010355,17,20,6,5,15,toy,ray,oab,exd,zam
1010356,4,11,1,14,8,wmz,jco,hxm,dgq,ubn
1010357,18,6,17,1,7,wcj,oab,toy,hxm,bon
1010358,17,3,13,5,6,toy,hiw,lgi,exd,oab
1010359,17,16,8,5,3,toy,wpl,ubn,exd,hiw
1010360,18,8,12,17,13,wcj,ubn,blg,toy,lgi
1010361,2,6,5,12,8,qfj,oab,exd,blg,ubn
1010362,13,14,6,18,3,lgi,dgq,oab,wcj,hiw
1010363,14,16,15,12,9,dgq,wpl,zam,blg,qlg
1010364,1,18,15,2,14,hxm,wcj,zam,qfj,dgq
1010365,13,16,11,19,15,lgi,wpl,jco,ikc,zam
1010366,12,4,10,1,15,blg,wmz,fah,hxm,zam
1010367,5,7,19,16,17,exd,bon,ikc,wpl,toy
1010368,5,2,15,20,14,exd,qfj,zam,ray,dgq
1010369,3,11,12,7,17,hiw,jco,blg,bon,toy
1010370,15,10,6,4,16,zam,fah,oab,wmz,wpl
1010371,7,15,10,19,17,bon,zam,fah,ikc,toy
1010372,14,12,8,6,4,dgq,blg,ubn,oab,wmz
1010373,14,8,15,7,1,dgq,ubn,zam,bon,hxm
1010374,20,17,10,9,13,ray,toy,fah,qlg,lgi
1010375,20,7,6,13,14,ray,bon,oab,lgi,dgq
1010376,11,17,20,6,13,jco,toy,ray,oab,lgi
1010377,20,18,13,11,1,ray,wcj,lgi,jco,hxm
1010378,1,12,19,17,11,hxm,blg,ikc,toy,jco
1010379,5,19,20,11,16,exd,ikc,ray,jco,wpl
1010380,18,10,15,13,2,wcj,fah,zam,lgi,qfj
1010381,20,5,13,2,8,ray,exd,lgi,qfj,ubn
1010382,10,15,7,13,14,fah,zam,bon,lgi,dgq
1010383,4,6,7,17,20,wmz,oab,bon,toy,ray
1010384,13,15,8,17,14,lgi,zam,ubn,toy,dgq
1010385,11,20,14,7,18,jco,ray,dgq,bon,wcj
1010386,19,1,14,17,8,ikc,hxm,dgq,toy,ubn
1010387,1,10,11,2,16,hxm,fah,jco,qfj,wpl
1010388,9,4,16,1,11,qlg,wmz,wpl,hxm,jco
1010389,2,9,17,1,10,qfj,qlg,toy,hxm,fah
1010390,3,12,16,6,8,hiw,blg,wpl,oab,ubn
1010391,7,6,10,9,11,bon,oab,fah,qlg,jco
1010392,12,13,8,9,16,blg,lgi,ubn,qlg,wpl
1010393,18,13,14,7,10,wcj,lgi,dgq,bon,fah
1010394,2,12,6,13,11,qfj,blg,oab,lgi,jco
1010395,14,5,15,8,3,dgq,exd,zam,ubn,hiw
1010396,17,9,11,10,13,toy,qlg,jco,fah,lgi
1010397,7,6,19,2,5,bon,oab,ikc,qfj,exd
1010398,7,4,16,12,1,bon,wmz,wpl,blg,hxm
1010399,11,10,20,16,12,jco,fah,ray,wpl,blg
1010400,10,18,6,12,4,fah,wcj,oab,blg,wmz
1010401,2,11,7,20,12,qfj,jco,bon,ray,blg
1010402,12,6,16,14,13,blg,oab,wpl,dgq,lgi
1010403,10,15,5,9,1,fah,zam,exd,qlg,hxm
1010404,11,8,12,9,1,jco,ubn,blg,qlg,hxm
1010405,11,13,2,15,18,jco,lgi,qfj,zam,wcj
1010406,10,11,9,12,7,fah,jco,qlg,blg,bon
1010407,20,13,17,5,8,ray,lgi,toy,exd,ubn
1010408,16,2,15,7,19,wpl,qfj,zam,bon,ikc
1010409,14,6,5,9,18,dgq,oab,exd,qlg,wcj
1010410,13,19,12,15,7,lgi,ikc,blg,zam,bon
1010411,9,18,6,11,5,qlg,wcj,oab,jco,exd
1010412,9,12,20,10,13,qlg,blg,ray,fah,lgi
1010413,18,10,4,2,3,wcj,fah,wmz,qfj,hiw
1010414,14,11,4,13,1,dgq,jco,wmz,lgi,hxm
1010415,2,20,17,7,6,qfj,ray,toy,bon,oab
1010416,19,18,14,10,9,ikc,wcj,dgq,fah,qlg
1010417,16,12,20,2,18,wpl,blg,ray,qfj,wcj
1010418,6,1,9,14,11,oab,hxm,qlg,dgq,jco
1010419,20,2,4,8,15,ray,qfj,wmz,ubn,zam
1010420,12,14,11,8,18,blg,dgq,jco,ubn,wcj
1010421,5,11,8,19,2,exd,jco,ubn,ikc,qfj
1010422,10,6,20,19,18,fah,oab,ray,ikc,wcj
1010423,10,19,1,3,5,fah,ikc,hxm,hiw,exd
1010424,8,14,19,11,1,ubn,dgq,ikc,jco,hxm
1010425,16,6,14,8,4,wpl,oab,dgq,ubn,wmz
1010426,10,17,15,18,5,fah,toy,zam,wcj,exd
1010427,19,3,11,8,9,ikc,hiw,jco,ubn,qlg
1010428,14,16,9,20,3,dgq,wpl,qlg,ray,hiw
1010429,4,2,17,5,16,wmz,qfj,toy,exd,wpl
1010430,19,18,3,2,1,ikc,wcj,hiw,qfj,hxm
1010431,4,11,5,15,16,wmz,jco,exd,zam,wpl
1010432,12,8,6,4,13,blg,ubn,oab,wmz,lgi
1010433,8,1,9,17,15,ubn,hxm,qlg,toy,zam
1010434,11,18,10,2,17,jco,wcj,fah,qfj,toy
1010435,10,4,15,7,3,fah,wmz,zam,bon,hiw
1010436,18,7,15,3,1,wcj,bon,zam,hiw,hxm
1010437,14,1,19,6,15,dgq,hxm,ikc,oab,zam
1010438,2,20,5,18,11,qfj,ray,exd,wcj,jco
1010439,14,15,3,10,18,dgq,zam,hiw,fah,wcj
1010440,1,7,2,15,4,hxm,bon,qfj,zam,wmz
1010441,20,14,2,5,15,ray,dgq,qfj,exd,zam
1010442,18,1,8,12,10,wcj,hxm,ubn,blg,fah
1010443,17,20,19,5,2,toy,ray,ikc,exd,qfj
1010444,20,3,6,14,11,ray,hiw,oab,dgq,jco
1010445,1,19,3,13,16,hxm,ikc,hiw,lgi,wpl
1010446,4,11,3,10,16,wmz,jco,hiw,fah,wpl
1010447,17,20,5,12,9,toy,ray,exd,blg,qlg
1010448,11,16,18,1,9,jco,wpl,wcj,hxm,qlg
1010449,17,10,12,4,20,toy,fah,blg,wmz,ray
1010450,17,20,18,9,5,toy,ray,wcj,qlg,exd
1010451,5,10,12,16,19,exd,fah,blg,wpl,ikc
1010452,11,10,6,8,4,jco,fah,oab,ubn,wmz
1010453,15,12,11,7,8,zam,blg,jco,bon,ubn
1010454,9,17,6,13,11,qlg,toy,oab,lgi,jco
1010455,11,18,13,8,19,jco,wcj,lgi,ubn,ikc
1010456,1,2,14,18,9,hxm,qfj,dgq,wcj,qlg
1010457,6,17,10,8,4,oab,toy,fah,ubn,wmz
1010458,20,15,1,16,6,ray,zam,hxm,wpl,oab
1010459,5,14,4,9,8,exd,dgq,wmz,qlg,ubn
1010460,4,12,2,14,13,wmz,blg,qfj,dgq,lgi
1010461,6,12,10,14,7,oab,blg,fah,dgq,bon
1010462,1,13,9,20,2,hxm,lgi,qlg,ray,qfj
1010463,11,4,7,6,20,jco,wmz,bon,oab,ray
1010464,14,4,6,3,15,dgq,wmz,oab,hiw,zam
1010465,16,4,3,17,7,wpl,wmz,hiw,toy,bon
1010466,14,2,16,15,11,dgq,qfj,wpl,zam,jco
1010467,1,6,9,2,3,hxm,oab,qlg,qfj,hiw
1010468,20,7,9,5,11,ray,bon,qlg,exd,jco
1010469,6,20,10,9,8,oab,ray,fah,qlg,ubn
1010470,9,4,11,7,13,qlg,wmz,jco,bon,lgi
1010471,4,16,19,20,1,wmz,wpl,ikc,ray,hxm
1010472,18,6,5,12,15,wcj,oab,exd,blg,zam
1010473,1,19,8,6,5,hxm,ikc,ubn,oab,exd
1010474,15,3,14,13,19,zam,hiw,dgq,lgi,ikc
1010475,19,2,10,5,14,ikc,qfj,fah,exd,dgq
1010476,17,13,16,6,11,toy,lgi,wpl,oab,jco
1010477,4,2,11,14,9,wmz,qfj,jco,dgq,qlg
1010478,17,13,19,14,1,toy,lgi,ikc,dgq,hxm
1010479,9,6,19,3,11,qlg,oab,ikc,hiw,jco
1010480,9,5,4,13,7,qlg,exd,wmz,lgi,bon
1010481,19,1,2,15,6,ikc,hxm,qfj,zam,oab
1010482,2,10,6,17,15,qfj,fah,oab,toy,zam
1010483,2,8,3,12,11,qfj,ubn,hiw,blg,jco
1010484,14,18,13,5,16,dgq,wcj,lgi,exd,wpl
1010485,5,17,14,15,1,exd,toy,dgq,zam,hxm
1010486,17,4,20,14,5,toy,wmz,ray,dgq,exd
1010487,20,1,9,8,2,ray,hxm,qlg,ubn,qfj
1010488,1,2,18,14,15,hxm,qfj,wcj,dgq,zam
1010489,18,1,9,5,11,wcj,hxm,qlg,exd,jco
1010490,17,20,1,7,10,toy,ray,hxm,bon,fah
1010491,5,14,20,7,17,exd,dgq,ray,bon,toy
1010492,18,14,3,19,4,wcj,dgq,hiw,ikc,wmz
1010493,9,1,6,7,5,qlg,hxm,oab,bon,exd
1010494,14,17,16,3,20,dgq,toy,wpl,hiw,ray
1010495,4,16,12,5,19,wmz,wpl,blg,exd,ikc
1010496,6,10,1,2,12,oab,fah,hxm,qfj,blg
1010497,6,14,18,20,15,oab,dgq,wcj,ray,zam
1010498,20,18,2,9,13,ray,wcj,qfj,qlg,lgi
1010499,3,7,14,1,11,hiw,bon,dgq,hxm,jco
1010500,8,9,1,19,2,ubn,qlg,hxm,ikc,qfj
1010501,7,15,17,3,13,bon,zam,toy,hiw,lgi
1010502,4,19,17,11,3,wmz,ikc,toy,jco,hiw
1010503,14,1,3,9,19,dgq,hxm,hiw,qlg,ikc
1010504,15,4,9,2,8,zam,wmz,qlg,qfj,ubn
1010505,2,16,8,3,20,qfj,wpl,ubn,hiw,ray
1010506,14,2,4,9,8,dgq,qfj,wmz,qlg,ubn
1010507,3,20,16,15,2,hiw,ray,wpl,zam,qfj
1010508,13,10,8,6,12,lgi,fah,ubn,oab,blg
1010509,2,20,14,10,1,qfj,ray,dgq,fah,hxm
1010510,18,7,17,12,1,wcj,bon,toy,blg,hxm
1010511,14,16,9,8,20,dgq,wpl,qlg,ubn,ray
1010512,7,8,6,14,18,bon,ubn,oab,dgq,wcj
1010513,1,3,2,11,19,hxm,hiw,qfj,jco,ikc
1010514,11,5,4,8,3,jco,exd,wmz,ubn,hiw
1010515,18,14,15,12,11,wcj,dgq,zam,blg,jco
1010516,5,16,12,14,17,exd,wpl,blg,dgq,toy
1010517,12,11,5,14,15,blg,jco,exd,dgq,zam
1010518,4,12,6,14,20,wmz,blg,oab,dgq,ray
1010519,5,10,17,1,15,exd,fah,toy,hxm,zam
1010520,4,11,17,16,7,wmz,jco,toy,wpl,bon
1010521,17,5,12,1,2,toy,exd,blg,hxm,qfj
1010522,16,20,2,14,18,wpl,ray,qfj,dgq,wcj
1010523,3,9,10,6,4,hiw,qlg,fah,oab,wmz
1010524,13,7,10,20,1,lgi,bon,fah,ray,hxm
1010525,10,2,1,7,11,fah,qfj,hxm,bon,jco
1010526,11,18,2,4,9,jco,wcj,qfj,wmz,qlg
1010527,18,10,2,1,8,wcj,fah,qfj,hxm,ubn
1010528,15,10,5,6,14,zam,fah,exd,oab,dgq
1010529,12,20,1,17,5,blg,ray,hxm,toy,exd
1010530,2,10,3,18,15,qfj,fah,hiw,wcj,zam
1010531,3,2,9,14,7,hiw,qfj,qlg,dgq,bon
1010532,9,17,7,20,4,qlg,toy,bon,ray,wmz
1010533,19,13,4,18,2,ikc,lgi,wmz,wcj,qfj
1010534,18,9,3,4,5,wcj,qlg,hiw,wmz,exd
1010535,8,18,3,14,19,ubn,wcj,hiw,dgq,ikc
1010536,6,5,9,13,18,oab,exd,qlg,lgi,wcj
1010537,6,10,2,12,7,oab,fah,qfj,blg,bon
1010538,18,20,3,1,5,wcj,ray,hiw,hxm,exd
1010539,11,8,17,19,10,jco,ubn,toy,ikc,fah
1010540,3,2,9,8,4,hiw,qfj,qlg,ubn,wmz
1010541,12,10,19,5,16,blg,fah,ikc,exd,wpl
1010542,17,4,7,5,19,toy,wmz,bon,exd,ikc
1010543,9,2,10,17,12,qlg,qfj,fah,toy,blg
1010544,13,5,6,9,12,lgi,exd,oab,qlg,blg
1010545,19,1,12,13,2,ikc,hxm,blg,lgi,qfj
1010546,12,20,11,2,16,blg,ray,jco,qfj,wpl
1010547,10,9,15,17,11,fah,qlg,zam,toy,jco
1010548,7,1,9,3,19,bon,hxm,qlg,hiw,ikc
1010549,5,14,10,18,8,exd,dgq,fah,wcj,ubn
1010550,18,3,8,5,7,wcj,hiw,ubn,exd,bon
1010551,18,11,5,2,7,wcj,jco,exd,qfj,bon
1010552,6,8,9,14,17,oab,ubn,qlg,dgq,toy
1010553,20,11,6,13,19,ray,jco,oab,lgi,ikc
1010554,4,17,6,8,19,wmz,toy,oab,ubn,ikc
1010555,5,2,10,8,16,exd,qfj,fah,ubn,wpl
1010556,15,9,16,1,14,zam,qlg,wpl,hxm,dgq
1010557,2,17,8,14,11,qfj,toy,ubn,dgq,jco
1010558,15,1,19,10,18,zam,hxm,ikc,fah,wcj
1010559,15,1,2,5,13,zam,hxm,qfj,exd,lgi
1010560,5,12,15,17,14,exd,blg,zam,toy,dgq
1010561,17,19,18,14,6,toy,ikc,wcj,dgq,oab
1010562,5,4,10,11,17,exd,wmz,fah,jco,toy
1010563,9,12,19,10,4,qlg,blg,ikc,fah,wmz
1010564,8,7,6,2,5,ubn,bon,oab,qfj,exd
1010565,17,14,11,18,8,toy,dgq,jco,wcj,ubn
1010566,14,8,13,17,15,dgq,ubn,lgi,toy,zam
1010567,1,8,7,10,11,hxm,ubn,bon,fah,jco
1010568,20,14,19,7,16,ray,dgq,ikc,bon,wpl
1010569,4,6,10,20,19,wmz,oab,fah,ray,ikc
1010570,2,8,1,15,5,qfj,ubn,hxm,zam,exd
1010571,12,15,4,7,8,blg,zam,wmz,bon,ubn
1010572,17,10,14,13,1,toy,fah,dgq,lgi,hxm
1010573,19,8,12,10,9,ikc,ubn,blg,fah,qlg
1010574,4,20,1,2,3,wmz,ray,hxm,qfj,hiw
1010575,19,20,18,9,2,ikc,ray,wcj,qlg,qfj
1010576,12,6,1,9,14,blg,oab,hxm,qlg,dgq
1010577,13,4,1,7,3,lgi,wmz,hxm,bon,hiw
1010578,17,9,16,15,13,toy,qlg,wpl,zam,lgi
1010579,19,16,4,1,3,ikc,wpl,wmz,hxm,hiw
1010580,9,1,7,16,11,qlg,hxm,bon,wpl,jco
1010581,15,6,2,14,20,zam,oab,qfj,dgq,ray
1010582,3,4,13,11,20,hiw,wmz,lgi,jco,ray
1010583,7,14,19,2,4,bon,dgq,ikc,qfj,wmz
1010584,4,7,2,20,8,wmz,bon,qfj,ray,ubn
1010585,3,10,7,8,4,hiw,fah,bon,ubn,wmz
1010586,7,20,1,15,8,bon,ray,hxm,zam,ubn
1010587,15,17,9,13,1,zam,toy,qlg,lgi,hxm
1010588,6,4,10,2,5,oab,wmz,fah,qfj,exd
1010589,3,18,14,20,16,hiw,wcj,dgq,ray,wpl
1010590,3,15,7,12,8,hiw,zam,bon,blg,ubn
1010591,1,3,17,4,16,hxm,hiw,toy,wmz,wpl
1010592,18,3,9,2,5,wcj,hiw,qlg,qfj,exd
1010593,17,5,4,10,9,toy,exd,wmz,fah,qlg
1010594,5,20,15,14,16,exd,ray,zam,dgq,wpl
1010595,8,17,20,6,12,ubn,toy,ray,oab,blg
1010596,5,2,4,7,6,exd,qfj,wmz,bon,oab
1010597,5,2,18,19,7,exd,qfj,wcj,ikc,bon
1010598,15,9,13,14,5,zam,qlg,lgi,dgq,exd
1010599,4,1,9,3,19,wmz,hxm,qlg,hiw,ikc
1010600,16,11,2,12,19,wpl,jco,qfj,blg,ikc
1020001,29,37,40,32,33,uyt,miu,zrl,yqt,ujw
1020002,25,36,22,31,24,uny,pzc,sdp,wqt,coz
1020003,39,37,26,30,34,nfd,miu,ivp,tkc,ugn
1020004,32,35,25,30,31,yqt,xai,uny,tkc,wqt
1020005,25,32,36,28,37,uny,yqt,pzc,dfp,miu
1020006,27,25,32,40,37,nam,uny,yqt,zrl,miu
1020007,23,29,31,38,21,tex,uyt,wqt,fgz,gum
1020008,39,32,30,27,40,nfd,yqt,tkc,nam,zrl
1020009,30,38,24,25,26,tkc,fgz,coz,uny,ivp
1020010,29,40,30,23,39,uyt,zrl,tkc,tex,nfd
1020011,38,40,33,37,30,fgz,zrl,ujw,miu,tkc
1020012,39,30,27,36,25,nfd,tkc,nam,pzc,uny
1020013,35,32,23,38,34,xai,yqt,tex,fgz,ugn
1020014,34,30,23,27,21,ugn,tkc,tex,nam,gum
1020015,34,30,26,27,39,ugn,tkc,ivp,nam,nfd
1020016,26,38,22,31,34,ivp,fgz,sdp,wqt,ugn
1020017,22,26,35,29,32,sdp,ivp,xai,uyt,yqt
1020018,34,39,26,22,31,ugn,nfd,ivp,sdp,wqt
1020019,38,34,28,26,21,fgz,ugn,dfp,ivp,gum
1020020,31,34,25,37,21,wqt,ugn,uny,miu,gum
1020021,23,32,22,25,30,tex,yqt,sdp,uny,tkc
1020022,21,38,39,37,34,gum,fgz,nfd,miu,ugn
1020023,30,26,36,33,24,tkc,ivp,pzc,ujw,coz
1020024,23,24,38,25,26,tex,coz,fgz,uny,ivp
1020025,34,33,40,25,35,ugn,ujw,zrl,uny,xai
1020026,29,39,23,26,33,uyt,nfd,tex,ivp,ujw
1020027,32,33,22,30,24,yqt,ujw,sdp,tkc,coz
1020028,25,24,33,40,35,uny,coz,ujw,zrl,xai
1020029,22,21,34,33,26,sdp,gum,ugn,ujw,ivp
1020030,39,33,38,23,34,nfd,ujw,fgz,tex,ugn
1020031,31,35,26,37,33,wqt,xai,ivp,miu,ujw
1020032,32,39,30,36,28,yqt,nfd,tkc,pzc,dfp
1020033,27,23,25,30,37,nam,tex,uny,tkc,miu
1020034,27,26,22,30,34,nam,ivp,sdp,tkc,ugn
1020035,31,28,40,23,30,wqt,dfp,zrl,tex,tkc
1020036,35,40,23,28,37,xai,zrl,tex,dfp,miu
1020037,27,38,24,21,29,nam,fgz,coz,gum,uyt
1020038,23,33,30,40,37,tex,ujw,tkc,zrl,miu
1020039,39,34,28,29,38,nfd,ugn,dfp,uyt,fgz
1020040,37,30,33,35,21,miu,tkc,ujw,xai,gum
1020041,21,23,26,29,34,gum,tex,ivp,uyt,ugn
1020042,28,37,24,34,40,dfp,miu,coz,ugn,zrl
1020043,39,29,37,35,31,nfd,uyt,miu,xai,wqt
1020044,29,25,37,35,26,uyt,uny,miu,xai,ivp
1020045,21,22,29,35,32,gum,sdp,uyt,xai,yqt
1020046,29,22,36,38,39,uyt,sdp,pzc,fgz,nfd
1020047,22,36,27,28,34,sdp,pzc,nam,dfp,ugn
1020048,33,27,37,23,38,ujw,nam,miu,tex,fgz
1020049,39,29,23,30,34,nfd,uyt,tex,tkc,ugn
1020050,33,21,27,30,26,ujw,gum,nam,tkc,ivp
1020051,25,23,31,33,24,uny,tex,wqt,ujw,coz
1020052,33,31,40,30,32,ujw,wqt,zrl,tkc,yqt
1020053,26,30,24,32,22,ivp,tkc,coz,yqt,sdp
1020054,36,35,23,40,25,pzc,xai,tex,zrl,uny
1020055,23,21,39,31,27,tex,gum,nfd,wqt,nam
1020056,25,22,23,39,36,uny,sdp,tex,nfd,pzc
1020057,40,29,34,36,33,zrl,uyt,ugn,pzc,ujw
1020058,27,30,38,35,25,nam,tkc,fgz,xai,uny
1020059,37,31,33,21,39,miu,wqt,ujw,gum,nfd
1020060,33,22,37,29,25,ujw,sdp,miu,uyt,uny
1020061,32,23,28,22,40,yqt,tex,dfp,sdp,zrl
1020062,30,25,28,38,40,tkc,uny,dfp,fgz,zrl
1020063,40,34,24,31,25,zrl,ugn,coz,wqt,uny
1020064,35,34,25,31,24,xai,ugn,uny,wqt,coz
1020065,27,32,33,25,34,nam,yqt,ujw,uny,ugn
1020066,21,22,34,36,23,gum,sdp,ugn,pzc,tex
1020067,34,38,28,25,31,ugn,fgz,dfp,uny,wqt
1020068,28,40,32,38,26,dfp,zrl,yqt,fgz,ivp
1020069,21,36,39,25,29,gum,pzc,nfd,uny,uyt
1020070,38,31,32,34,27,fgz,wqt,yqt,ugn,nam
1020071,37,34,39,31,29,miu,ugn,nfd,wqt,uyt
1020072,37,30,29,32,36,miu,tkc,uyt,yqt,pzc
1020073,38,23,25,34,29,fgz,tex,uny,ugn,uyt
1020074,30,36,35,29,28,tkc,pzc,xai,uyt,dfp
1020075,31,34,27,40,25,wqt,ugn,nam,zrl,uny
1020076,37,21,28,35,22,miu,gum,dfp,xai,sdp
1020077,40,36,22,37,28,zrl,pzc,sdp,miu,dfp
1020078,37,38,31,32,36,miu,fgz,wqt,yqt,pzc
1020079,39,29,33,30,24,nfd,uyt,ujw,tkc,coz
1020080,39,29,36,35,28,nfd,uyt,pzc,xai,dfp
1020081,38,33,22,32,24,fgz,ujw,sdp,yqt,coz
1020082,25,35,27,31,29,uny,xai,nam,wqt,uyt
1020083,25,37,32,33,29,uny,miu,yqt,ujw,uyt
1020084,38,39,30,23,40,fgz,nfd,tkc,tex,zrl
1020085,29,34,27,30,40,uyt,ugn,nam,tkc,zrl
1020086,22,39,34,40,26,sdp,nfd,ugn,zrl,ivp
1020087,25,33,30,32,38,uny,ujw,tkc,yqt,fgz
1020088,21,34,31,26,30,gum,ugn,wqt,ivp,tkc
1020089,37,32,30,33,40,miu,yqt,tkc,ujw,zrl
1020090,31,32,38,34,23,wqt,yqt,fgz,ugn,tex
1020091,31,30,21,40,36,wqt,tkc,gum,zrl,pzc
1020092,32,39,28,34,36,yqt,nfd,dfp,ugn,pzc
1020093,29,40,35,23,28,uyt,zrl,xai,tex,dfp
1020094,40,23,26,29,36,zrl,tex,ivp,uyt,pzc
1020095,31,27,39,28,22,wqt,nam,nfd,dfp,sdp
1020096,34,22,27,25,37,ugn,sdp,nam,uny,miu
1020097,38,35,27,24,36,fgz,xai,nam,coz,pzc
1020098,36,24,35,40,29,pzc,coz,xai,zrl,uyt
1020099,36,33,38,37,35,pzc,ujw,fgz,miu,xai
1020100,29,22,39,28,37,uyt,sdp,nfd,dfp,miu
1020101,38,29,28,21,23,fgz,uyt,dfp,gum,tex
1020102,38,29,36,22,25,fgz,uyt,pzc,sdp,uny
1020103,39,21,29,22,27,nfd,gum,uyt,sdp,nam
1020104,36,28,27,37,34,pzc,dfp,nam,miu,ugn
1020105,31,40,32,39,38,wqt,zrl,yqt,nfd,fgz
1020106,30,33,35,40,25,tkc,ujw,xai,zrl,uny
1020107,39,35,21,36,40,nfd,xai,gum,pzc,zrl
1020108,22,38,32,31,33,sdp,fgz,yqt,wqt,ujw
1020109,27,24,30,38,31,nam,coz,tkc,fgz,wqt
1020110,23,36,29,24,37,tex,pzc,uyt,coz,miu
1020111,36,32,33,39,27,pzc,yqt,ujw,nfd,nam
1020112,25,38,36,31,27,uny,fgz,pzc,wqt,nam
1020113,39,27,23,38,36,nfd,nam,tex,fgz,pzc
1020114,30,27,26,23,33,tkc,nam,ivp,tex,ujw
1020115,34,29,40,27,39,ugn,uyt,zrl,nam,nfd
1020116,23,27,39,24,22,tex,nam,nfd,coz,sdp
1020117,35,40,34,27,37,xai,zrl,ugn,nam,miu
1020118,36,25,35,30,27,pzc,uny,xai,tkc,nam
1020119,32,28,39,33,21,yqt,dfp,nfd,ujw,gum
1020120,35,37,29,39,38,xai,miu,uyt,nfd,fgz
1020121,33,25,21,24,35,ujw,uny,gum,coz,xai
1020122,34,24,35,39,30,ugn,coz,xai,nfd,tkc
1020123,30,35,32,39,22,tkc,xai,yqt,nfd,sdp
1020124,31,25,30,36,38,wqt,uny,tkc,pzc,fgz
1020125,38,35,39,27,37,fgz,xai,nfd,nam,miu
1020126,26,38,37,28,31,ivp,fgz,miu,dfp,wqt
1020127,34,33,35,32,39,ugn,ujw,xai,yqt,nfd
1020128,36,29,25,37,40,pzc,uyt,uny,miu,zrl
1020129,22,25,37,28,23,sdp,uny,miu,dfp,tex
1020130,24,25,32,33,40,coz,uny,yqt,ujw,zrl
1020131,34,33,39,22,38,ugn,ujw,nfd,sdp,fgz
1020132,25,35,30,21,28,uny,xai,tkc,gum,dfp
1020133,34,27,29,21,30,ugn,nam,uyt,gum,tkc
1020134,40,21,34,38,37,zrl,gum,ugn,fgz,miu
1020135,37,40,26,36,25,miu,zrl,ivp,pzc,uny
1020136,29,25,35,27,37,uyt,uny,xai,nam,miu
1020137,26,24,33,29,25,ivp,coz,ujw,uyt,uny
1020138,33,27,30,28,37,ujw,nam,tkc,dfp,miu
1020139,27,23,24,38,40,nam,tex,coz,fgz,zrl
1020140,25,38,33,27,34,uny,fgz,ujw,nam,ugn
1020141,21,24,34,35,38,gum,coz,ugn,xai,fgz
1020142,31,30,33,36,25,wqt,tkc,ujw,pzc,uny
1020143,25,37,21,26,31,uny,miu,gum,ivp,wqt
1020144,35,36,21,28,37,xai,pzc,gum,dfp,miu
1020145,32,37,40,29,34,yqt,miu,zrl,uyt,ugn
1020146,40,34,30,23,21,zrl,ugn,tkc,tex,gum
1020147,40,38,28,26,37,zrl,fgz,dfp,ivp,miu
1020148,21,29,28,26,38,gum,uyt,dfp,ivp,fgz
1020149,35,23,22,34,25,xai,tex,sdp,ugn,uny
1020150,32,39,40,22,24,yqt,nfd,zrl,sdp,coz
1020151,27,38,24,23,36,nam,fgz,coz,tex,pzc
1020152,35,28,38,27,31,xai,dfp,fgz,nam,wqt
1020153,22,29,38,28,39,sdp,uyt,fgz,dfp,nfd
1020154,24,27,34,21,39,coz,nam,ugn,gum,nfd
1020155,35,31,29,40,39,xai,wqt,uyt,zrl,nfd
1020156,37,30,36,38,24,miu,tkc,pzc,fgz,coz
1020157,30,32,31,33,29,tkc,yqt,wqt,ujw,uyt
1020158,22,40,28,35,38,sdp,zrl,dfp,xai,fgz
1020159,29,36,34,31,21,uyt,pzc,ugn,wqt,gum
1020160,27,39,35,24,22,nam,nfd,xai,coz,sdp
1020161,29,21,33,25,40,uyt,gum,ujw,uny,zrl
1020162,33,23,36,37,26,ujw,tex,pzc,miu,ivp
1020163,31,35,38,27,22,wqt,xai,fgz,nam,sdp
1020164,33,27,24,29,26,ujw,nam,coz,uyt,ivp
1020165,26,39,36,32,34,ivp,nfd,pzc,yqt,ugn
1020166,24,29,27,33,36,coz,uyt,nam,ujw,pzc
1020167,21,38,28,39,31,gum,fgz,dfp,nfd,wqt
1020168,27,25,22,39,38,nam,uny,sdp,nfd,fgz
1020169,34,39,35,28,37,ugn,nfd,xai,dfp,miu
1020170,39,30,27,28,31,nfd,tkc,nam,dfp,wqt
1020171,26,31,23,38,30,ivp,wqt,tex,fgz,tkc
1020172,29,25,34,22,28,uyt,uny,ugn,sdp,dfp
1020173,34,31,37,40,22,ugn,wqt,miu,zrl,sdp
1020174,26,33,34,30,27,ivp,ujw,ugn,tkc,nam
1020175,33,36,28,21,39,ujw,pzc,dfp,gum,nfd
1020176,36,32,39,38,24,pzc,yqt,nfd,fgz,coz
1020177,38,22,21,31,26,fgz,sdp,gum,wqt,ivp
1020178,36,21,32,24,23,pzc,gum,yqt,coz,tex
1020179,29,25,40,39,24,uyt,uny,zrl,nfd,coz
1020180,34,31,23,30,26,ugn,wqt,tex,tkc,ivp
1020181,36,22,34,28,40,pzc,sdp,ugn,dfp,zrl
1020182,37,28,38,32,25,miu,dfp,fgz,yqt,uny
1020183,36,38,40,32,39,pzc,fgz,zrl,yqt,nfd
1020184,24,35,27,23,40,coz,xai,nam,tex,zrl
1020185,38,40,28,36,35,fgz,zrl,dfp,pzc,xai
1020186,36,29,26,39,38,pzc,uyt,ivp,nfd,fgz
1020187,22,39,30,33,37,sdp,nfd,tkc,ujw,miu
1020188,40,38,34,22,29,zrl,fgz,ugn,sdp,uyt
1020189,32,25,24,26,27,yqt,uny,coz,ivp,nam
1020190,21,39,28,34,38,gum,nfd,dfp,ugn,fgz
1020191,28,24,26,40,21,dfp,coz,ivp,zrl,gum
1020192,23,35,36,37,34,tex,xai,pzc,miu,ugn
1020193,38,22,23,33,30,fgz,sdp,tex,ujw,tkc
1020194,27,30,25,23,38,nam,tkc,uny,tex,fgz
1020195,38,21,24,39,31,fgz,gum,coz,nfd,wqt
1020196,33,29,25,40,35,ujw,uyt,uny,zrl,xai
1020197,33,39,37,24,26,ujw,nfd,miu,coz,ivp
1020198,39,33,22,38,36,nfd,ujw,sdp,fgz,pzc
1020199,30,34,21,33,23,tkc,ugn,gum,ujw,tex
1020200,34,25,39,31,21,ugn,uny,nfd,wqt,gum
1020201,30,27,31,28,24,tkc,nam,wqt,dfp,coz
1020202,35,36,32,30,22,xai,pzc,yqt,tkc,sdp
1020203,37,29,28,39,34,miu,uyt,dfp,nfd,ugn
1020204,23,21,36,22,37,tex,gum,pzc,sdp,miu
1020205,22,37,21,23,32,sdp,miu,gum,tex,yqt
1020206,40,31,21,32,35,zrl,wqt,gum,yqt,xai
1020207,34,31,25,29,39,ugn,wqt,uny,uyt,nfd
1020208,27,25,22,24,21,nam,uny,sdp,coz,gum
1020209,34,24,21,31,25,ugn,coz,gum,wqt,uny
1020210,22,28,27,23,29,sdp,dfp,nam,tex,uyt
1020211,33,21,27,29,35,ujw,gum,nam,uyt,xai
1020212,36,31,22,32,21,pzc,wqt,sdp,yqt,gum
1020213,36,30,31,26,33,pzc,tkc,wqt,ivp,ujw
1020214,30,27,32,28,37,tkc,nam,yqt,dfp,miu
1020215,23,22,32,30,28,tex,sdp,yqt,tkc,dfp
1020216,40,25,33,28,34,zrl,uny,ujw,dfp,ugn
1020217,31,26,38,21,28,wqt,ivp,fgz,gum,dfp
1020218,31,36,34,23,38,wqt,pzc,ugn,tex,fgz
1020219,31,36,33,38,27,wqt,pzc,ujw,fgz,nam
1020220,21,25,22,40,30,gum,uny,sdp,zrl,tkc
1020221,21,31,38,33,26,gum,wqt,fgz,ujw,ivp
1020222,32,27,25,23,39,yqt,nam,uny,tex,nfd
1020223,26,30,29,38,35,ivp,tkc,uyt,fgz,xai
1020224,23,28,39,38,26,tex,dfp,nfd,fgz,ivp
1020225,34,30,38,23,25,ugn,tkc,fgz,tex,uny
1020226,34,25,22,33,38,ugn,uny,sdp,ujw,fgz
1020227,34,32,40,36,25,ugn,yqt,zrl,pzc,uny
1020228,28,32,27,24,22,dfp,yqt,nam,coz,sdp
1020229,37,38,34,25,40,miu,fgz,ugn,uny,zrl
1020230,23,33,22,24,37,tex,ujw,sdp,coz,miu
1020231,38,21,40,27,37,fgz,gum,zrl,nam,miu
1020232,21,25,39,27,26,gum,uny,nfd,nam,ivp
1020233,26,38,32,36,37,ivp,fgz,yqt,pzc,miu
1020234,40,39,29,22,30,zrl,nfd,uyt,sdp,tkc
1020235,28,37,27,26,30,dfp,miu,nam,ivp,tkc
1020236,22,36,33,39,28,sdp,pzc,ujw,nfd,dfp
1020237,25,27,26,31,32,uny,nam,ivp,wqt,yqt
1020238,29,37,27,23,21,uyt,miu,nam,tex,gum
1020239,38,25,24,22,34,fgz,uny,coz,sdp,ugn
1020240,21,33,28,36,30,gum,ujw,dfp,pzc,tkc
1020241,38,24,37,26,22,fgz,coz,miu,ivp,sdp
1020242,33,21,32,37,28,ujw,gum,yqt,miu,dfp
1020243,29,32,39,25,36,uyt,yqt,nfd,uny,pzc
1020244,26,34,37,36,23,ivp,ugn,miu,pzc,tex
1020245,23,38,33,29,32,tex,fgz,ujw,uyt,yqt
1020246,25,34,22,30,36,uny,ugn,sdp,tkc,pzc
1020247,26,22,33,36,39,ivp,sdp,ujw,pzc,nfd
1020248,22,39,25,36,40,sdp,nfd,uny,pzc,zrl
1020249,40,36,39,26,35,zrl,pzc,nfd,ivp,xai
1020250,24,31,39,26,25,coz,wqt,nfd,ivp,uny
1020251,39,34,21,31,22,nfd,ugn,gum,wqt,sdp
1020252,26,29,37,28,40,ivp,uyt,miu,dfp,zrl
1020253,24,25,38,35,39,coz,uny,fgz,xai,nfd
1020254,38,36,32,22,25,fgz,pzc,yqt,sdp,uny
1020255,25,23,30,38,29,uny,tex,tkc,fgz,uyt
1020256,36,35,32,37,21,pzc,xai,yqt,miu,gum
1020257,21,28,38,36,31,gum,dfp,fgz,pzc,wqt
1020258,35,21,24,39,22,xai,gum,coz,nfd,sdp
1020259,25,21,22,26,33,uny,gum,sdp,ivp,ujw
1020260,22,21,28,34,27,sdp,gum,dfp,ugn,nam
1020261,34,33,27,23,30,ugn,ujw,nam,tex,tkc
1020262,35,31,21,37,39,xai,wqt,gum,miu,nfd
1020263,21,37,22,30,34,gum,miu,sdp,tkc,ugn
1020264,23,28,21,37,33,tex,dfp,gum,miu,ujw
1020265,22,30,34,24,27,sdp,tkc,ugn,coz,nam
1020266,40,27,34,26,29,zrl,nam,ugn,ivp,uyt
1020267,27,37,36,40,23,nam,miu,pzc,zrl,tex
1020268,37,38,35,25,21,miu,fgz,xai,uny,gum
1020269,22,40,21,28,35,sdp,zrl,gum,dfp,xai
1020270,38,26,27,34,22,fgz,ivp,nam,ugn,sdp
1020271,22,40,27,39,38,sdp,zrl,nam,nfd,fgz
1020272,38,37,34,32,30,fgz,miu,ugn,yqt,tkc
1020273,24,21,25,28,26,coz,gum,uny,dfp,ivp
1020274,31,22,27,24,38,wqt,sdp,nam,coz,fgz
1020275,21,26,33,40,29,gum,ivp,ujw,zrl,uyt
1020276,26,21,40,29,38,ivp,gum,zrl,uyt,fgz
1020277,33,37,26,35,27,ujw,miu,ivp,xai,nam
1020278,35,21,29,25,23,xai,gum,uyt,uny,tex
1020279,39,37,25,28,40,nfd,miu,uny,dfp,zrl
1020280,29,22,34,39,32,uyt,sdp,ugn,nfd,yqt
1020281,37,34,27,38,30,miu,ugn,nam,fgz,tkc
1020282,39,26,28,38,29,nfd,ivp,dfp,fgz,uyt
1020283,34,28,37,33,32,ugn,dfp,miu,ujw,yqt
1020284,27,32,38,37,21,nam,yqt,fgz,miu,gum
1020285,21,37,22,40,36,gum,miu,sdp,zrl,pzc
1020286,36,38,29,26,23,pzc,fgz,uyt,ivp,tex
1020287,30,32,25,26,39,tkc,yqt,uny,ivp,nfd
1020288,33,36,40,37,27,ujw,pzc,zrl,miu,nam
1020289,28,34,32,24,33,dfp,ugn,yqt,coz,ujw
1020290,29,35,39,27,34,uyt,xai,nfd,nam,ugn
1020291,29,38,27,40,26,uyt,fgz,nam,zrl,ivp
1020292,36,40,37,38,31,pzc,zrl,miu,fgz,wqt
1020293,24,27,33,38,21,coz,nam,ujw,fgz,gum
1020294,37,22,25,29,32,miu,sdp,uny,uyt,yqt
1020295,33,32,35,34,25,ujw,yqt,xai,ugn,uny
1020296,22,39,29,38,32,sdp,nfd,uyt,fgz,yqt
1020297,29,26,37,35,27,uyt,ivp,miu,xai,nam
1020298,24,36,22,38,35,coz,pzc,sdp,fgz,xai
1020299,21,35,23,27,31,gum,xai,tex,nam,wqt
1020300,30,22,40,34,23,tkc,sdp,zrl,ugn,tex
1020301,25,28,27,26,35,uny,dfp,nam,ivp,xai
1020302,26,25,35,40,24,ivp,uny,xai,zrl,coz
1020303,24,29,37,21,23,coz,uyt,miu,gum,tex
1020304,23,24,28,35,27,tex,coz,dfp,xai,nam
1020305,21,34,38,35,36,gum,ugn,fgz,xai,pzc
1020306,25,38,28,39,33,uny,fgz,dfp,nfd,ujw
1020307,31,26,29,28,40,wqt,ivp,uyt,dfp,zrl
1020308,40,37,27,29,26,zrl,miu,nam,uyt,ivp
1020309,38,23,28,22,27,fgz,tex,dfp,sdp,nam
1020310,26,24,36,27,32,ivp,coz,pzc,nam,yqt
1020311,36,23,24,32,39,pzc,tex,coz,yqt,nfd
1020312,31,30,29,39,33,wqt,tkc,uyt,nfd,ujw
1020313,31,21,26,38,29,wqt,gum,ivp,fgz,uyt
1020314,30,21,36,29,38,tkc,gum,pzc,uyt,fgz
1020315,27,36,33,25,21,nam,pzc,ujw,uny,gum
1020316,34,29,25,28,21,ugn,uyt,uny,dfp,gum
1020317,27,39,26,21,40,nam,nfd,ivp,gum,zrl
1020318,25,32,34,35,22,uny,yqt,ugn,xai,sdp
1020319,24,40,33,39,31,coz,zrl,ujw,nfd,wqt
1020320,32,24,33,21,34,yqt,coz,ujw,gum,ugn
1020321,29,35,21,34,40,uyt,xai,gum,ugn,zrl
1020322,22,30,32,35,39,sdp,tkc,yqt,xai,nfd
1020323,28,32,21,33,36,dfp,yqt,gum,ujw,pzc
1020324,39,23,24,33,34,nfd,tex,coz,ujw,ugn
1020325,31,33,34,21,27,wqt,ujw,ugn,gum,nam
1020326,23,32,35,37,28,tex,yqt,xai,miu,dfp
1020327,36,31,33,23,37,pzc,wqt,ujw,tex,miu
1020328,30,21,38,28,29,tkc,gum,fgz,dfp,uyt
1020329,22,30,26,40,28,sdp,tkc,ivp,zrl,dfp
1020330,25,32,29,28,30,uny,yqt,uyt,dfp,tkc
1020331,34,39,21,22,37,ugn,nfd,gum,sdp,miu
1020332,32,39,21,22,23,yqt,nfd,gum,sdp,tex
1020333,25,23,35,36,31,uny,tex,xai,pzc,wqt
1020334,21,35,37,22,40,gum,xai,miu,sdp,zrl
1020335,26,29,27,32,34,ivp,uyt,nam,yqt,ugn
1020336,25,37,29,22,30,uny,miu,uyt,sdp,tkc
1020337,28,37,38,35,26,dfp,miu,fgz,xai,ivp
1020338,37,27,31,38,26,miu,nam,wqt,fgz,ivp
1020339,30,33,36,34,37,tkc,ujw,pzc,ugn,miu
1020340,29,37,32,31,26,uyt,miu,yqt,wqt,ivp
1020341,26,36,29,34,37,ivp,pzc,uyt,ugn,miu
1020342,29,28,39,40,33,uyt,dfp,nfd,zrl,ujw
1020343,28,37,31,34,26,dfp,miu,wqt,ugn,ivp
1020344,27,28,32,29,23,nam,dfp,yqt,uyt,tex
1020345,22,24,31,32,30,sdp,coz,wqt,yqt,tkc
1020346,27,34,35,26,23,nam,ugn,xai,ivp,tex
1020347,31,21,26,23,37,wqt,gum,ivp,tex,miu
1020348,21,24,37,40,22,gum,coz,miu,zrl,sdp
1020349,30,27,25,36,32,tkc,nam,uny,pzc,yqt
1020350,23,38,24,40,36,tex,fgz,coz,zrl,pzc
1020351,37,35,31,39,29,miu,xai,wqt,nfd,uyt
1020352,40,27,29,36,30,zrl,nam,uyt,pzc,tkc
1020353,26,30,27,23,31,ivp,tkc,nam,tex,wqt
1020354,33,24,39,35,22,ujw,coz,nfd,xai,sdp
1020355,37,40,26,25,35,miu,zrl,ivp,uny,xai
1020356,24,31,21,34,28,coz,wqt,gum,ugn,dfp
1020357,38,26,37,21,27,fgz,ivp,miu,gum,nam
1020358,37,23,33,25,26,miu,tex,ujw,uny,ivp
1020359,37,36,28,25,23,miu,pzc,dfp,uny,tex
1020360,38,28,32,37,33,fgz,dfp,yqt,miu,ujw
1020361,22,26,25,32,28,sdp,ivp,uny,yqt,dfp
1020362,33,34,26,38,23,ujw,ugn,ivp,fgz,tex
1020363,34,36,35,32,29,ugn,pzc,xai,yqt,uyt
1020364,21,38,35,22,34,gum,fgz,xai,sdp,ugn
1020365,33,36,31,39,35,ujw,pzc,wqt,nfd,xai
1020366,32,24,30,21,35,yqt,coz,tkc,gum,xai
1020367,25,27,39,36,37,uny,nam,nfd,pzc,miu
1020368,25,22,35,40,34,uny,sdp,xai,zrl,ugn
1020369,23,31,32,27,37,tex,wqt,yqt,nam,miu
1020370,35,30,26,24,36,xai,tkc,ivp,coz,pzc
1020371,27,35,30,39,37,nam,xai,tkc,nfd,miu
1020372,34,32,28,26,24,ugn,yqt,dfp,ivp,coz
1020373,34,28,35,27,21,ugn,dfp,xai,nam,gum
1020374,40,37,30,29,33,zrl,miu,tkc,uyt,ujw
1020375,40,27,26,33,34,zrl,nam,ivp,ujw,ugn
1020376,31,37,40,26,33,wqt,miu,zrl,ivp,ujw
1020377,40,38,33,31,21,zrl,fgz,ujw,wqt,gum
1020378,21,32,39,37,31,gum,yqt,nfd,miu,wqt
1020379,25,39,40,31,36,uny,nfd,zrl,wqt,pzc
1020380,38,30,35,33,22,fgz,tkc,xai,ujw,sdp
1020381,40,25,33,22,28,zrl,uny,ujw,sdp,dfp
1020382,30,35,27,33,34,tkc,xai,nam,ujw,ugn
1020383,24,26,27,37,40,coz,ivp,nam,miu,zrl
1020384,33,35,28,37,34,ujw,xai,dfp,miu,ugn
1020385,31,40,34,27,38,wqt,zrl,ugn,nam,fgz
1020386,39,21,34,37,28,nfd,gum,ugn,miu,dfp
1020387,21,30,31,22,36,gum,tkc,wqt,sdp,pzc
1020388,29,24,36,21,31,uyt,coz,pzc,gum,wqt
1020389,22,29,37,21,30,sdp,uyt,miu,gum,tkc
1020390,23,32,36,26,28,tex,yqt,pzc,ivp,dfp
1020391,27,26,30,29,31,nam,ivp,tkc,uyt,wqt
1020392,32,33,28,29,36,yqt,ujw,dfp,uyt,pzc
1020393,38,33,34,27,30,fgz,ujw,ugn,nam,tkc
1020394,22,32,26,33,31,sdp,yqt,ivp,ujw,wqt
1020395,34,25,35,28,23,ugn,uny,xai,dfp,tex
1020396,37,29,31,30,33,miu,uyt,wqt,tkc,ujw
1020397,27,26,39,22,25,nam,ivp,nfd,sdp,uny
1020398,27,24,36,32,21,nam,coz,pzc,yqt,gum
1020399,31,30,40,36,32,wqt,tkc,zrl,pzc,yqt
1020400,30,38,26,32,24,tkc,fgz,ivp,yqt,coz
1020401,22,31,27,40,32,sdp,wqt,nam,zrl,yqt
1020402,32,26,36,34,33,yqt,ivp,pzc,ugn,ujw
1020403,30,35,25,29,21,tkc,xai,uny,uyt,gum
1020404,31,28,32,29,21,wqt,dfp,yqt,uyt,gum
1020405,31,33,22,35,38,wqt,ujw,sdp,xai,fgz
1020406,30,31,29,32,27,tkc,wqt,uyt,yqt,nam
1020407,40,33,37,25,28,zrl,ujw,miu,uny,dfp
1020408,36,22,35,27,39,pzc,sdp,xai,nam,nfd
1020409,34,26,25,29,38,ugn,ivp,uny,uyt,fgz
1020410,33,39,32,35,27,ujw,nfd,yqt,xai,nam
1020411,29,38,26,31,25,uyt,fgz,ivp,wqt,uny
1020412,29,32,40,30,33,uyt,yqt,zrl,tkc,ujw
1020413,38,30,24,22,23,fgz,tkc,coz,sdp,tex
1020414,34,31,24,33,21,ugn,wqt,coz,ujw,gum
1020415,22,40,37,27,26,sdp,zrl,miu,nam,ivp
1020416,39,38,34,30,29,nfd,fgz,ugn,tkc,uyt
1020417,36,32,40,22,38,pzc,yqt,zrl,sdp,fgz
1020418,26,21,29,34,31,ivp,gum,uyt,ugn,wqt
1020419,40,22,24,28,35,zrl,sdp,coz,dfp,xai
1020420,32,34,31,28,38,yqt,ugn,wqt,dfp,fgz
1020421,25,31,28,39,22,uny,wqt,dfp,nfd,sdp
1020422,30,26,40,39,38,tkc,ivp,zrl,nfd,fgz
1020423,30,39,21,23,25,tkc,nfd,gum,tex,uny
1020424,28,34,39,31,21,dfp,ugn,nfd,wqt,gum
1020425,36,26,34,28,24,pzc,ivp,ugn,dfp,coz
1020426,30,37,35,38,25,tkc,miu,xai,fgz,uny
1020427,39,23,31,28,29,nfd,tex,wqt,dfp,uyt
1020428,34,36,29,40,23,ugn,pzc,uyt,zrl,tex
1020429,24,22,37,25,36,coz,sdp,miu,uny,pzc
1020430,39,38,23,22,21,nfd,fgz,tex,sdp,gum
1020431,24,31,25,35,36,coz,wqt,uny,xai,pzc
1020432,32,28,26,24,33,yqt,dfp,ivp,coz,ujw
1020433,28,21,29,37,35,dfp,gum,uyt,miu,xai
1020434,31,38,30,22,37,wqt,fgz,tkc,sdp,miu
1020435,30,24,35,27,23,tkc,coz,xai,nam,tex
1020436,38,27,35,23,21,fgz,nam,xai,tex,gum
1020437,34,21,39,26,35,ugn,gum,nfd,ivp,xai
1020438,22,40,25,38,31,sdp,zrl,uny,fgz,wqt
1020439,34,35,23,30,38,ugn,xai,tex,tkc,fgz
1020440,21,27,22,35,24,gum,nam,sdp,xai,coz
1020441,40,34,22,25,35,zrl,ugn,sdp,uny,xai
1020442,38,21,28,32,30,fgz,gum,dfp,yqt,tkc
1020443,37,40,39,25,22,miu,zrl,nfd,uny,sdp
1020444,40,23,26,34,31,zrl,tex,ivp,ugn,wqt
1020445,21,39,23,33,36,gum,nfd,tex,ujw,pzc
1020446,24,31,23,30,36,coz,wqt,tex,tkc,pzc
1020447,37,40,25,32,29,miu,zrl,uny,yqt,uyt
1020448,31,36,38,21,29,wqt,pzc,fgz,gum,uyt
1020449,37,30,32,24,40,miu,tkc,yqt,coz,zrl
1020450,37,40,38,29,25,miu,zrl,fgz,uyt,uny
1020451,25,30,32,36,39,uny,tkc,yqt,pzc,nfd
1020452,31,30,26,28,24,wqt,tkc,ivp,dfp,coz
1020453,35,32,31,27,28,xai,yqt,wqt,nam,dfp
1020454,29,37,26,33,31,uyt,miu,ivp,ujw,wqt
1020455,31,38,33,28,39,wqt,fgz,ujw,dfp,nfd
1020456,21,22,34,38,29,gum,sdp,ugn,fgz,uyt
1020457,26,37,30,28,24,ivp,miu,tkc,dfp,coz
1020458,40,35,21,36,26,zrl,xai,gum,pzc,ivp
1020459,25,34,24,29,28,uny,ugn,coz,uyt,dfp
1020460,24,32,22,34,33,coz,yqt,sdp,ugn,ujw
1020461,26,32,30,34,27,ivp,yqt,tkc,ugn,nam
1020462,21,33,29,40,22,gum,ujw,uyt,zrl,sdp
1020463,31,24,27,26,40,wqt,coz,nam,ivp,zrl
1020464,34,24,26,23,35,ugn,coz,ivp,tex,xai
1020465,36,24,23,37,27,pzc,coz,tex,miu,nam
1020466,34,22,36,35,31,ugn,sdp,pzc,xai,wqt
1020467,21,26,29,22,23,gum,ivp,uyt,sdp,tex
1020468,40,27,29,25,31,zrl,nam,uyt,uny,wqt
1020469,26,40,30,29,28,ivp,zrl,tkc,uyt,dfp
1020470,29,24,31,27,33,uyt,coz,wqt,nam,ujw
1020471,24,36,39,40,21,coz,pzc,nfd,zrl,gum
1020472,38,26,25,32,35,fgz,ivp,uny,yqt,xai
1020473,21,39,28,26,25,gum,nfd,dfp,ivp,uny
1020474,35,23,34,33,39,xai,tex,ugn,ujw,nfd
1020475,39,22,30,25,34,nfd,sdp,tkc,uny,ugn
1020476,37,33,36,26,31,miu,ujw,pzc,ivp,wqt
1020477,24,22,31,34,29,coz,sdp,wqt,ugn,uyt
1020478,37,33,39,34,21,miu,ujw,nfd,ugn,gum
1020479,29,26,39,23,31,uyt,ivp,nfd,tex,wqt
1020480,29,25,24,33,27,uyt,uny,coz,ujw,nam
1020481,39,21,22,35,26,nfd,gum,sdp,xai,ivp
1020482,22,30,26,37,35,sdp,tkc,ivp,miu,xai
1020483,22,28,23,32,31,sdp,dfp,tex,yqt,wqt
1020484,34,38,33,25,36,ugn,fgz,ujw,uny,pzc
1020485,25,37,34,35,21,uny,miu,ugn,xai,gum
1020486,37,24,40,34,25,miu,coz,zrl,ugn,uny
1020487,40,21,29,28,22,zrl,gum,uyt,dfp,sdp
1020488,21,22,38,34,35,gum,sdp,fgz,ugn,xai
1020489,38,21,29,25,31,fgz,gum,uyt,uny,wqt
1020490,37,40,21,27,30,miu,zrl,gum,nam,tkc
1020491,25,34,40,27,37,uny,ugn,zrl,nam,miu
1020492,38,34,23,39,24,fgz,ugn,tex,nfd,coz
1020493,29,21,26,27,25,uyt,gum,ivp,nam,uny
1020494,34,37,36,23,40,ugn,miu,pzc,tex,zrl
1020495,24,36,32,25,39,coz,pzc,yqt,uny,nfd
1020496,26,30,21,22,32,ivp,tkc,gum,sdp,yqt
1020497,26,34,38,40,35,ivp,ugn,fgz,zrl,xai
1020498,40,38,22,29,33,zrl,fgz,sdp,uyt,ujw
1020499,23,27,34,21,31,tex,nam,ugn,gum,wqt
1020500,28,29,21,39,22,dfp,uyt,gum,nfd,sdp
1020501,27,35,37,23,33,nam,xai,miu,tex,ujw
1020502,24,39,37,31,23,coz,nfd,miu,wqt,tex
1020503,34,21,23,29,39,ugn,gum,tex,uyt,nfd
1020504,35,24,29,22,28,xai,coz,uyt,sdp,dfp
1020505,22,36,28,23,40,sdp,pzc,dfp,tex,zrl
1020506,34,22,24,29,28,ugn,sdp,coz,uyt,dfp
1020507,23,40,36,35,22,tex,zrl,pzc,xai,sdp
1020508,33,30,28,26,32,ujw,tkc,dfp,ivp,yqt
1020509,22,40,34,30,21,sdp,zrl,ugn,tkc,gum
1020510,38,27,37,32,21,fgz,nam,miu,yqt,gum
1020511,34,36,29,28,40,ugn,pzc,uyt,dfp,zrl
1020512,27,28,26,34,38,nam,dfp,ivp,ugn,fgz
1020513,21,23,22,31,39,gum,tex,sdp,wqt,nfd
1020514,31,25,24,28,23,wqt,uny,coz,dfp,tex
1020515,38,34,35,32,31,fgz,ugn,xai,yqt,wqt
1020516,25,36,32,34,37,uny,pzc,yqt,ugn,miu
1020517,32,31,25,34,35,yqt,wqt,uny,ugn,xai
1020518,24,32,26,34,40,coz,yqt,ivp,ugn,zrl
1020519,25,30,37,21,35,uny,tkc,miu,gum,xai
1020520,24,31,37,36,27,coz,wqt,miu,pzc,nam
1020521,37,25,32,21,22,miu,uny,yqt,gum,sdp
1020522,36,40,22,34,38,pzc,zrl,sdp,ugn,fgz
1020523,23,29,30,26,24,tex,uyt,tkc,ivp,coz
1020524,33,27,30,40,21,ujw,nam,tkc,zrl,gum
1020525,30,22,21,27,31,tkc,sdp,gum,nam,wqt
1020526,31,38,22,24,29,wqt,fgz,sdp,coz,uyt
1020527,38,30,22,21,28,fgz,tkc,sdp,gum,dfp
1020528,35,30,25,26,34,xai,tkc,uny,ivp,ugn
1020529,32,40,21,37,25,yqt,zrl,gum,miu,uny
1020530,22,30,23,38,35,sdp,tkc,tex,fgz,xai
1020531,23,22,29,34,27,tex,sdp,uyt,ugn,nam
1020532,29,37,27,40,24,uyt,miu,nam,zrl,coz
1020533,39,33,24,38,22,nfd,ujw,coz,fgz,sdp
1020534,38,29,23,24,25,fgz,uyt,tex,coz,uny
1020535,28,38,23,34,39,dfp,fgz,tex,ugn,nfd
1020536,26,25,29,33,38,ivp,uny,uyt,ujw,fgz
1020537,26,30,22,32,27,ivp,tkc,sdp,yqt,nam
1020538,38,40,23,21,25,fgz,zrl,tex,gum,uny
1020539,31,28,37,39,30,wqt,dfp,miu,nfd,tkc
1020540,23,22,29,28,24,tex,sdp,uyt,dfp,coz
1020541,32,30,39,25,36,yqt,tkc,nfd,uny,pzc
1020542,37,24,27,25,39,miu,coz,nam,uny,nfd
1020543,29,22,30,37,32,uyt,sdp,tkc,miu,yqt
1020544,33,25,26,29,32,ujw,uny,ivp,uyt,yqt
1020545,39,21,32,33,22,nfd,gum,yqt,ujw,sdp
1020546,32,40,31,22,36,yqt,zrl,wqt,sdp,pzc
1020547,30,29,35,37,31,tkc,uyt,xai,miu,wqt
1020548,27,21,29,23,39,nam,gum,uyt,tex,nfd
1020549,25,34,30,38,28,uny,ugn,tkc,fgz,dfp
1020550,38,23,28,25,27,fgz,tex,dfp,uny,nam
1020551,38,31,25,22,27,fgz,wqt,uny,sdp,nam
1020552,26,28,29,34,37,ivp,dfp,uyt,ugn,miu
1020553,40,31,26,33,39,zrl,wqt,ivp,ujw,nfd
1020554,24,37,26,28,39,coz,miu,ivp,dfp,nfd
1020555,25,22,30,28,36,uny,sdp,tkc,dfp,pzc
1020556,35,29,36,21,34,xai,uyt,pzc,gum,ugn
1020557,22,37,28,34,31,sdp,miu,dfp,ugn,wqt
1020558,35,21,39,30,38,xai,gum,nfd,tkc,fgz
1020559,35,21,22,25,33,xai,gum,sdp,uny,ujw
1020560,25,32,35,37,34,uny,yqt,xai,miu,ugn
1020561,37,39,38,34,26,miu,nfd,fgz,ugn,ivp
1020562,25,24,30,31,37,uny,coz,tkc,wqt,miu
1020563,29,32,39,30,24,uyt,yqt,nfd,tkc,coz
1020564,28,27,26,22,25,dfp,nam,ivp,sdp,uny
1020565,37,34,31,38,28,miu,ugn,wqt,fgz,dfp
1020566,34,28,33,37,35,ugn,dfp,ujw,miu,xai
1020567,21,28,27,30,31,gum,dfp,nam,tkc,wqt
1020568,40,34,39,27,36,zrl,ugn,nfd,nam,pzc
1020569,24,26,30,40,39,coz,ivp,tkc,zrl,nfd
1020570,22,28,21,35,25,sdp,dfp,gum,xai,uny
1020571,32,35,24,27,28,yqt,xai,coz,nam,dfp
1020572,37,30,34,33,21,miu,tkc,ugn,ujw,gum
1020573,39,28,32,30,29,nfd,dfp,yqt,tkc,uyt
1020574,24,40,21,22,23,coz,zrl,gum,sdp,tex
1020575,39,40,38,29,22,nfd,zrl,fgz,uyt,sdp
1020576,32,26,21,29,34,yqt,ivp,gum,uyt,ugn
1020577,33,24,21,27,23,ujw,coz,gum,nam,tex
1020578,37,29,36,35,33,miu,uyt,pzc,xai,ujw
1020579,39,36,24,21,23,nfd,pzc,coz,gum,tex
1020580,29,21,27,36,31,uyt,gum,nam,pzc,wqt
1020581,35,26,22,34,40,xai,ivp,sdp,ugn,zrl
1020582,23,24,33,31,40,tex,coz,ujw,wqt,zrl
1020583,27,34,39,22,24,nam,ugn,nfd,sdp,coz
1020584,24,27,22,40,28,coz,nam,sdp,zrl,dfp
1020585,23,30,27,28,24,tex,tkc,nam,dfp,coz
1020586,27,40,21,35,28,nam,zrl,gum,xai,dfp
1020587,35,37,29,33,21,xai,miu,uyt,ujw,gum
1020588,26,24,30,22,25,ivp,coz,tkc,sdp,uny
1020589,23,38,34,40,36,tex,fgz,ugn,zrl,pzc
1020590,23,35,27,32,28,tex,xai,nam,yqt,dfp
1020591,21,23,37,24,36,gum,tex,miu,coz,pzc
1020592,38,23,29,22,25,fgz,tex,uyt,sdp,uny
1020593,37,25,24,30,29,miu,uny,coz,tkc,uyt
1020594,25,40,35,34,36,uny,zrl,xai,ugn,pzc
1020595,28,37,40,26,32,dfp,miu,zrl,ivp,yqt
1020596,25,22,24,27,26,uny,sdp,coz,nam,ivp
1020597,25,22,38,39,27,uny,sdp,fgz,nfd,nam
1020598,35,29,33,34,25,xai,uyt,ujw,ugn,uny
1020599,24,21,29,23,39,coz,gum,uyt,tex,nfd
1020600,36,31,22,32,39,pzc,wqt,sdp,yqt,nfd
1030001,49,57,60,52,53,gst,rkv,dxk,zal,bzm
1030002,45,56,42,51,44,hiy,kud,iue,tlh,utb
1030003,59,57,46,50,54,hsv,rkv,bdm,sjm,zon
1030004,52,55,45,50,51,zal,xzu,hiy,sjm,tlh
1030005,45,52,56,48,57,hiy,zal,kud,aef,rkv
1030006,47,45,52,60,57,omp,hiy,zal,dxk,rkv
1030007,43,49,51,58,41,aml,gst,tlh,idl,vsi
1030008,59,52,50,47,60,hsv,zal,sjm,omp,dxk
1030009,50,58,44,45,46,sjm,idl,utb,hiy,bdm
1030010,49,60,50,43,59,gst,dxk,sjm,aml,hsv
1030011,58,60,53,57,50,idl,dxk,bzm,rkv,sjm
1030012,59,50,47,56,45,hsv,sjm,omp,kud,hiy
1030013,55,52,43,58,54,xzu,zal,aml,idl,zon
1030014,54,50,43,47,41,zon,sjm,aml,omp,vsi
1030015,54,50,46,47,59,zon,sjm,bdm,omp,hsv
1030016,46,58,42,51,54,bdm,idl,iue,tlh,zon
1030017,42,46,55,49,52,iue,bdm,xzu,gst,zal
1030018,54,59,46,42,51,zon,hsv,bdm,iue,tlh
1030019,58,54,48,46,41,idl,zon,aef,bdm,vsi
1030020,51,54,45,57,41,tlh,zon,hiy,rkv,vsi
1030021,43,52,42,45,50,aml,zal,iue,hiy,sjm
1030022,41,58,59,57,54,vsi,idl,hsv,rkv,zon
1030023,50,46,56,53,44,sjm,bdm,kud,bzm,utb
1030024,43,44,58,45,46,aml,utb,idl,hiy,bdm
1030025,54,53,60,45,55,zon,bzm,dxk,hiy,xzu
1030026,49,59,43,46,53,gst,hsv,aml,bdm,bzm
1030027,52,53,42,50,44,zal,bzm,iue,sjm,utb
1030028,45,44,53,60,55,hiy,utb,bzm,dxk,xzu
1030029,42,41,54,53,46,iue,vsi,zon,bzm,bdm
1030030,59,53,58,43,54,hsv,bzm,idl,aml,zon
1030031,51,55,46,57,53,tlh,xzu,bdm,rkv,bzm
1030032,52,59,50,56,48,zal,hsv,sjm,kud,aef
1030033,47,43,45,50,57,omp,aml,hiy,sjm,rkv
1030034,47,46,42,50,54,omp,bdm,iue,sjm,zon
1030035,51,48,60,43,50,tlh,aef,dxk,aml,sjm
1030036,55,60,43,48,57,xzu,dxk,aml,aef,rkv
1030037,47,58,44,41,49,omp,idl,utb,vsi,gst
1030038,43,53,50,60,57,aml,bzm,sjm,dxk,rkv
1030039,59,54,48,49,58,hsv,zon,aef,gst,idl
1030040,57,50,53,55,41,rkv,sjm,bzm,xzu,vsi
1030041,41,43,46,49,54,vsi,aml,bdm,gst,zon
1030042,48,57,44,54,60,aef,rkv,utb,zon,dxk
1030043,59,49,57,55,51,hsv,gst,rkv,xzu,tlh
1030044,49,45,57,55,46,gst,hiy,rkv,xzu,bdm
1030045,41,42,49,55,52,vsi,iue,gst,xzu,zal
1030046,49,42,56,58,59,gst,iue,kud,idl,hsv
1030047,42,56,47,48,54,iue,kud,omp,aef,zon
1030048,53,47,57,43,58,bzm,omp,rkv,aml,idl
1030049,59,49,43,50,54,hsv,gst,aml,sjm,zon
1030050,53,41,47,50,46,bzm,vsi,omp,sjm,bdm
1030051,45,43,51,53,44,hiy,aml,tlh,bzm,utb
1030052,53,51,60,50,52,bzm,tlh,dxk,sjm,zal
1030053,46,50,44,52,42,bdm,sjm,utb,zal,iue
1030054,56,55,43,60,45,kud,xzu,aml,dxk,hiy
1030055,43,41,59,51,47,aml,vsi,hsv,tlh,omp
1030056,45,42,43,59,56,hiy,iue,aml,hsv,kud
1030057,60,49,54,56,53,dxk,gst,zon,kud,bzm
1030058,47,50,58,55,45,omp,sjm,idl,xzu,hiy
1030059,57,51,53,41,59,rkv,tlh,bzm,vsi,hsv
1030060,53,42,57,49,45,bzm,iue,rkv,gst,hiy
1030061,52,43,48,42,60,zal,aml,aef,iue,dxk
1030062,50,45,48,58,60,sjm,hiy,aef,idl,dxk
1030063,60,54,44,51,45,dxk,zon,utb,tlh,hiy
1030064,55,54,45,51,44,xzu,zon,hiy,tlh,utb
1030065,47,52,53,45,54,omp,zal,bzm,hiy,zon
1030066,41,42,54,56,43,vsi,iue,zon,kud,aml
1030067,54,58,48,45,51,zon,idl,aef,hiy,tlh
1030068,48,60,52,58,46,aef,dxk,zal,idl,bdm
1030069,41,56,59,45,49,vsi,kud,hsv,hiy,gst
1030070,58,51,52,54,47,idl,tlh,zal,zon,omp
1030071,57,54,59,51,49,rkv,zon,hsv,tlh,gst
1030072,57,50,49,52,56,rkv,sjm,gst,zal,kud
1030073,58,43,45,54,49,idl,aml,hiy,zon,gst
1030074,50,56,55,49,48,sjm,kud,xzu,gst,aef
1030075,51,54,47,60,45,tlh,zon,omp,dxk,hiy
1030076,57,41,48,55,42,rkv,vsi,aef,xzu,iue
1030077,60,56,42,57,48,dxk,kud,iue,rkv,aef
1030078,57,58,51,52,56,rkv,idl,tlh,zal,kud
1030079,59,49,53,50,44,hsv,gst,bzm,sjm,utb
1030080,59,49,56,55,48,hsv,gst,kud,xzu,aef
1030081,58,53,42,52,44,idl,bzm,iue,zal,utb
1030082,45,55,47,51,49,hiy,xzu,omp,tlh,gst
1030083,45,57,52,53,49,hiy,rkv,zal,bzm,gst
1030084,58,59,50,43,60,idl,hsv,sjm,aml,dxk
1030085,49,54,47,50,60,gst,zon,omp,sjm,dxk
1030086,42,59,54,60,46,iue,hsv,zon,dxk,bdm
1030087,45,53,50,52,58,hiy,bzm,sjm,zal,idl
1030088,41,54,51,46,50,vsi,zon,tlh,bdm,sjm
1030089,57,52,50,53,60,rkv,zal,sjm,bzm,dxk
1030090,51,52,58,54,43,tlh,zal,idl,zon,aml
1030091,51,50,41,60,56,tlh,sjm,vsi,dxk,kud
1030092,52,59,48,54,56,zal,hsv,aef,zon,kud
1030093,49,60,55,43,48,gst,dxk,xzu,aml,aef
1030094,60,43,46,49,56,dxk,aml,bdm,gst,kud
1030095,51,47,59,48,42,tlh,omp,hsv,aef,iue
1030096,54,42,47,45,57,zon,iue,omp,hiy,rkv
1030097,58,55,47,44,56,idl,xzu,omp,utb,kud
1030098,56,44,55,60,49,kud,utb,xzu,dxk,gst
1030099,56,53,58,57,55,kud,bzm,idl,rkv,xzu
1030100,49,42,59,48,57,gst,iue,hsv,aef,rkv
1030101,58,49,48,41,43,idl,gst,aef,vsi,aml
1030102,58,49,56,42,45,idl,gst,kud,iue,hiy
1030103,59,41,49,42,47,hsv,vsi,gst,iue,omp
1030104,56,48,47,57,54,kud,aef,omp,rkv,zon
1030105,51,60,52,59,58,tlh,dxk,zal,hsv,idl
1030106,50,53,55,60,45,sjm,bzm,xzu,dxk,hiy
1030107,59,55,41,56,60,hsv,xzu,vsi,kud,dxk
1030108,42,58,52,51,53,iue,idl,zal,tlh,bzm
1030109,47,44,50,58,51,omp,utb,sjm,idl,tlh
1030110,43,56,49,44,57,aml,kud,gst,utb,rkv
1030111,56,52,53,59,47,kud,zal,bzm,hsv,omp
1030112,45,58,56,51,47,hiy,idl,kud,tlh,omp
1030113,59,47,43,58,56,hsv,omp,aml,idl,kud
1030114,50,47,46,43,53,sjm,omp,bdm,aml,bzm
1030115,54,49,60,47,59,zon,gst,dxk,omp,hsv
1030116,43,47,59,44,42,aml,omp,hsv,utb,iue
1030117,55,60,54,47,57,xzu,dxk,zon,omp,rkv
1030118,56,45,55,50,47,kud,hiy,xzu,sjm,omp
1030119,52,48,59,53,41,zal,aef,hsv,bzm,vsi
1030120,55,57,49,59,58,xzu,rkv,gst,hsv,idl
1030121,53,45,41,44,55,bzm,hiy,vsi,utb,xzu
1030122,54,44,55,59,50,zon,utb,xzu,hsv,sjm
1030123,50,55,52,59,42,sjm,xzu,zal,hsv,iue
1030124,51,45,50,56,58,tlh,hiy,sjm,kud,idl
1030125,58,55,59,47,57,idl,xzu,hsv,omp,rkv
1030126,46,58,57,48,51,bdm,idl,rkv,aef,tlh
1030127,54,53,55,52,59,zon,bzm,xzu,zal,hsv
1030128,56,49,45,57,60,kud,gst,hiy,rkv,dxk
1030129,42,45,57,48,43,iue,hiy,rkv,aef,aml
1030130,44,45,52,53,60,utb,hiy,zal,bzm,dxk
1030131,54,53,59,42,58,zon,bzm,hsv,iue,idl
1030132,45,55,50,41,48,hiy,xzu,sjm,vsi,aef
1030133,54,47,49,41,50,zon,omp,gst,vsi,sjm
1030134,60,41,54,58,57,dxk,vsi,zon,idl,rkv
1030135,57,60,46,56,45,rkv,dxk,bdm,kud,hiy
1030136,49,45,55,47,57,gst,hiy,xzu,omp,rkv
1030137,46,44,53,49,45,bdm,utb,bzm,gst,hiy
1030138,53,47,50,48,57,bzm,omp,sjm,aef,rkv
1030139,47,43,44,58,60,omp,aml,utb,idl,dxk
1030140,45,58,53,47,54,hiy,idl,bzm,omp,zon
1030141,41,44,54,55,58,vsi,utb,zon,xzu,idl
1030142,51,50,53,56,45,tlh,sjm,bzm,kud,hiy
1030143,45,57,41,46,51,hiy,rkv,vsi,bdm,tlh
1030144,55,56,41,48,57,xzu,kud,vsi,aef,rkv
1030145,52,57,60,49,54,zal,rkv,dxk,gst,zon
1030146,60,54,50,43,41,dxk,zon,sjm,aml,vsi
1030147,60,58,48,46,57,dxk,idl,aef,bdm,rkv
1030148,41,49,48,46,58,vsi,gst,aef,bdm,idl
1030149,55,43,42,54,45,xzu,aml,iue,zon,hiy
1030150,52,59,60,42,44,zal,hsv,dxk,iue,utb
1030151,47,58,44,43,56,omp,idl,utb,aml,kud
1030152,55,48,58,47,51,xzu,aef,idl,omp,tlh
1030153,42,49,58,48,59,iue,gst,idl,aef,hsv
1030154,44,47,54,41,59,utb,omp,zon,vsi,hsv
1030155,55,51,49,60,59,xzu,tlh,gst,dxk,hsv
1030156,57,50,56,58,44,rkv,sjm,kud,idl,utb
1030157,50,52,51,53,49,sjm,zal,tlh,bzm,gst
1030158,42,60,48,55,58,iue,dxk,aef,xzu,idl
1030159,49,56,54,51,41,gst,kud,zon,tlh,vsi
1030160,47,59,55,44,42,omp,hsv,xzu,utb,iue
1030161,49,41,53,45,60,gst,vsi,bzm,hiy,dxk
1030162,53,43,56,57,46,bzm,aml,kud,rkv,bdm
1030163,51,55,58,47,42,tlh,xzu,idl,omp,iue
1030164,53,47,44,49,46,bzm,omp,utb,gst,bdm
1030165,46,59,56,52,54,bdm,hsv,kud,zal,zon
1030166,44,49,47,53,56,utb,gst,omp,bzm,kud
1030167,41,58,48,59,51,vsi,idl,aef,hsv,tlh
1030168,47,45,42,59,58,omp,hiy,iue,hsv,idl
1030169,54,59,55,48,57,zon,hsv,xzu,aef,rkv
1030170,59,50,47,48,51,hsv,sjm,omp,aef,tlh
1030171,46,51,43,58,50,bdm,tlh,aml,idl,sjm
1030172,49,45,54,42,48,gst,hiy,zon,iue,aef
1030173,54,51,57,60,42,zon,tlh,rkv,dxk,iue
1030174,46,53,54,50,47,bdm,bzm,zon,sjm,omp
1030175,53,56,48,41,59,bzm,kud,aef,vsi,hsv
1030176,56,52,59,58,44,kud,zal,hsv,idl,utb
1030177,58,42,41,51,46,idl,iue,vsi,tlh,bdm
1030178,56,41,52,44,43,kud,vsi,zal,utb,aml
1030179,49,45,60,59,44,gst,hiy,dxk,hsv,utb
1030180,54,51,43,50,46,zon,tlh,aml,sjm,bdm
1030181,56,42,54,48,60,kud,iue,zon,aef,dxk
1030182,57,48,58,52,45,rkv,aef,idl,zal,hiy
1030183,56,58,60,52,59,kud,idl,dxk,zal,hsv
1030184,44,55,47,43,60,utb,xzu,omp,aml,dxk
1030185,58,60,48,56,55,idl,dxk,aef,kud,xzu
1030186,56,49,46,59,58,kud,gst,bdm,hsv,idl
1030187,42,59,50,53,57,iue,hsv,sjm,bzm,rkv
1030188,60,58,54,42,49,dxk,idl,zon,iue,gst
1030189,52,45,44,46,47,zal,hiy,utb,bdm,omp
1030190,41,59,48,54,58,vsi,hsv,aef,zon,idl
1030191,48,44,46,60,41,aef,utb,bdm,dxk,vsi
1030192,43,55,56,57,54,aml,xzu,kud,rkv,zon
1030193,58,42,43,53,50,idl,iue,aml,bzm,sjm
1030194,47,50,45,43,58,omp,sjm,hiy,aml,idl
1030195,58,41,44,59,51,idl,vsi,utb,hsv,tlh
1030196,53,49,45,60,55,bzm,gst,hiy,dxk,xzu
1030197,53,59,57,44,46,bzm,hsv,rkv,utb,bdm
1030198,59,53,42,58,56,hsv,bzm,iue,idl,kud
1030199,50,54,41,53,43,sjm,zon,vsi,bzm,aml
1030200,54,45,59,51,41,zon,hiy,hsv,tlh,vsi
1030201,50,47,51,48,44,sjm,omp,tlh,aef,utb
1030202,55,56,52,50,42,xzu,kud,zal,sjm,iue
1030203,57,49,48,59,54,rkv,gst,aef,hsv,zon
1030204,43,41,56,42,57,aml,vsi,kud,iue,rkv
1030205,42,57,41,43,52,iue,rkv,vsi,aml,zal
1030206,60,51,41,52,55,dxk,tlh,vsi,zal,xzu
1030207,54,51,45,49,59,zon,tlh,hiy,gst,hsv
1030208,47,45,42,44,41,omp,hiy,iue,utb,vsi
1030209,54,44,41,51,45,zon,utb,vsi,tlh,hiy
1030210,42,48,47,43,49,iue,aef,omp,aml,gst
1030211,53,41,47,49,55,bzm,vsi,omp,gst,xzu
1030212,56,51,42,52,41,kud,tlh,iue,zal,vsi
1030213,56,50,51,46,53,kud,sjm,tlh,bdm,bzm
1030214,50,47,52,48,57,sjm,omp,zal,aef,rkv
1030215,43,42,52,50,48,aml,iue,zal,sjm,aef
1030216,60,45,53,48,54,dxk,hiy,bzm,aef,zon
1030217,51,46,58,41,48,tlh,bdm,idl,vsi,aef
1030218,51,56,54,43,58,tlh,kud,zon,aml,idl
1030219,51,56,53,58,47,tlh,kud,bzm,idl,omp
1030220,41,45,42,60,50,vsi,hiy,iue,dxk,sjm
1030221,41,51,58,53,46,vsi,tlh,idl,bzm,bdm
1030222,52,47,45,43,59,zal,omp,hiy,aml,hsv
1030223,46,50,49,58,55,bdm,sjm,gst,idl,xzu
1030224,43,48,59,58,46,aml,aef,hsv,idl,bdm
1030225,54,50,58,43,45,zon,sjm,idl,aml,hiy
1030226,54,45,42,53,58,zon,hiy,iue,bzm,idl
1030227,54,52,60,56,45,zon,zal,dxk,kud,hiy
1030228,48,52,47,44,42,aef,zal,omp,utb,iue
1030229,57,58,54,45,60,rkv,idl,zon,hiy,dxk
1030230,43,53,42,44,57,aml,bzm,iue,utb,rkv
1030231,58,41,60,47,57,idl,vsi,dxk,omp,rkv
1030232,41,45,59,47,46,vsi,hiy,hsv,omp,bdm
1030233,46,58,52,56,57,bdm,idl,zal,kud,rkv
1030234,60,59,49,42,50,dxk,hsv,gst,iue,sjm
1030235,48,57,47,46,50,aef,rkv,omp,bdm,sjm
1030236,42,56,53,59,48,iue,kud,bzm,hsv,aef
1030237,45,47,46,51,52,hiy,omp,bdm,tlh,zal
1030238,49,57,47,43,41,gst,rkv,omp,aml,vsi
1030239,58,45,44,42,54,idl,hiy,utb,iue,zon
1030240,41,53,48,56,50,vsi,bzm,aef,kud,sjm
1030241,58,44,57,46,42,idl,utb,rkv,bdm,iue
1030242,53,41,52,57,48,bzm,vsi,zal,rkv,aef
1030243,49,52,59,45,56,gst,zal,hsv,hiy,kud
1030244,46,54,57,56,43,bdm,zon,rkv,kud,aml
1030245,43,58,53,49,52,aml,idl,bzm,gst,zal
1030246,45,54,42,50,56,hiy,zon,iue,sjm,kud
1030247,46,42,53,56,59,bdm,iue,bzm,kud,hsv
1030248,42,59,45,56,60,iue,hsv,hiy,kud,dxk
1030249,60,56,59,46,55,dxk,kud,hsv,bdm,xzu
1030250,44,51,59,46,45,utb,tlh,hsv,bdm,hiy
1030251,59,54,41,51,42,hsv,zon,vsi,tlh,iue
1030252,46,49,57,48,60,bdm,gst,rkv,aef,dxk
1030253,44,45,58,55,59,utb,hiy,idl,xzu,hsv
1030254,58,56,52,42,45,idl,kud,zal,iue,hiy
1030255,45,43,50,58,49,hiy,aml,sjm,idl,gst
1030256,56,55,52,57,41,kud,xzu,zal,rkv,vsi
1030257,41,48,58,56,51,vsi,aef,idl,kud,tlh
1030258,55,41,44,59,42,xzu,vsi,utb,hsv,iue
1030259,45,41,42,46,53,hiy,vsi,iue,bdm,bzm
1030260,42,41,48,54,47,iue,vsi,aef,zon,omp
1030261,54,53,47,43,50,zon,bzm,omp,aml,sjm
1030262,55,51,41,57,59,xzu,tlh,vsi,rkv,hsv
1030263,41,57,42,50,54,vsi,rkv,iue,sjm,zon
1030264,43,48,41,57,53,aml,aef,vsi,rkv,bzm
1030265,42,50,54,44,47,iue,sjm,zon,utb,omp
1030266,60,47,54,46,49,dxk,omp,zon,bdm,gst
1030267,47,57,56,60,43,omp,rkv,kud,dxk,aml
1030268,57,58,55,45,41,rkv,idl,xzu,hiy,vsi
1030269,42,60,41,48,55,iue,dxk,vsi,aef,xzu
1030270,58,46,47,54,42,idl,bdm,omp,zon,iue
1030271,42,60,47,59,58,iue,dxk,omp,hsv,idl
1030272,58,57,54,52,50,idl,rkv,zon,zal,sjm
1030273,44,41,45,48,46,utb,vsi,hiy,aef,bdm
1030274,51,42,47,44,58,tlh,iue,omp,utb,idl
1030275,41,46,53,60,49,vsi,bdm,bzm,dxk,gst
1030276,46,41,60,49,58,bdm,vsi,dxk,gst,idl
1030277,53,57,46,55,47,bzm,rkv,bdm,xzu,omp
1030278,55,41,49,45,43,xzu,vsi,gst,hiy,aml
1030279,59,57,45,48,60,hsv,rkv,hiy,aef,dxk
1030280,49,42,54,59,52,gst,iue,zon,hsv,zal
1030281,57,54,47,58,50,rkv,zon,omp,idl,sjm
1030282,59,46,48,58,49,hsv,bdm,aef,idl,gst
1030283,54,48,57,53,52,zon,aef,rkv,bzm,zal
1030284,47,52,58,57,41,omp,zal,idl,rkv,vsi
1030285,41,57,42,60,56,vsi,rkv,iue,dxk,kud
1030286,56,58,49,46,43,kud,idl,gst,bdm,aml
1030287,50,52,45,46,59,sjm,zal,hiy,bdm,hsv
1030288,53,56,60,57,47,bzm,kud,dxk,rkv,omp
1030289,48,54,52,44,53,aef,zon,zal,utb,bzm
1030290,49,55,59,47,54,gst,xzu,hsv,omp,zon
1030291,49,58,47,60,46,gst,idl,omp,dxk,bdm
1030292,56,60,57,58,51,kud,dxk,rkv,idl,tlh
1030293,44,47,53,58,41,utb,omp,bzm,idl,vsi
1030294,57,42,45,49,52,rkv,iue,hiy,gst,zal
1030295,53,52,55,54,45,bzm,zal,xzu,zon,hiy
1030296,42,59,49,58,52,iue,hsv,gst,idl,zal
1030297,49,46,57,55,47,gst,bdm,rkv,xzu,omp
1030298,44,56,42,58,55,utb,kud,iue,idl,xzu
1030299,41,55,43,47,51,vsi,xzu,aml,omp,tlh
1030300,50,42,60,54,43,sjm,iue,dxk,zon,aml
1030301,45,48,47,46,55,hiy,aef,omp,bdm,xzu
1030302,46,45,55,60,44,bdm,hiy,xzu,dxk,utb
1030303,44,49,57,41,43,utb,gst,rkv,vsi,aml
1030304,43,44,48,55,47,aml,utb,aef,xzu,omp
1030305,41,54,58,55,56,vsi,zon,idl,xzu,kud
1030306,45,58,48,59,53,hiy,idl,aef,hsv,bzm
1030307,51,46,49,48,60,tlh,bdm,gst,aef,dxk
1030308,60,57,47,49,46,dxk,rkv,omp,gst,bdm
1030309,58,43,48,42,47,idl,aml,aef,iue,omp
1030310,46,44,56,47,52,bdm,utb,kud,omp,zal
1030311,56,43,44,52,59,kud,aml,utb,zal,hsv
1030312,51,50,49,59,53,tlh,sjm,gst,hsv,bzm
1030313,51,41,46,58,49,tlh,vsi,bdm,idl,gst
1030314,50,41,56,49,58,sjm,vsi,kud,gst,idl
1030315,47,56,53,45,41,omp,kud,bzm,hiy,vsi
1030316,54,49,45,48,41,zon,gst,hiy,aef,vsi
1030317,47,59,46,41,60,omp,hsv,bdm,vsi,dxk
1030318,45,52,54,55,42,hiy,zal,zon,xzu,iue
1030319,44,60,53,59,51,utb,dxk,bzm,hsv,tlh
1030320,52,44,53,41,54,zal,utb,bzm,vsi,zon
1030321,49,55,41,54,60,gst,xzu,vsi,zon,dxk
1030322,42,50,52,55,59,iue,sjm,zal,xzu,hsv
1030323,48,52,41,53,56,aef,zal,vsi,bzm,kud
1030324,59,43,44,53,54,hsv,aml,utb,bzm,zon
1030325,51,53,54,41,47,tlh,bzm,zon,vsi,omp
1030326,43,52,55,57,48,aml,zal,xzu,rkv,aef
1030327,56,51,53,43,57,kud,tlh,bzm,aml,rkv
1030328,50,41,58,48,49,sjm,vsi,idl,aef,gst
1030329,42,50,46,60,48,iue,sjm,bdm,dxk,aef
1030330,45,52,49,48,50,hiy,zal,gst,aef,sjm
1030331,54,59,41,42,57,zon,hsv,vsi,iue,rkv
1030332,52,59,41,42,43,zal,hsv,vsi,iue,aml
1030333,45,43,55,56,51,hiy,aml,xzu,kud,tlh
1030334,41,55,57,42,60,vsi,xzu,rkv,iue,dxk
1030335,46,49,47,52,54,bdm,gst,omp,zal,zon
1030336,45,57,49,42,50,hiy,rkv,gst,iue,sjm
1030337,48,57,58,55,46,aef,rkv,idl,xzu,bdm
1030338,57,47,51,58,46,rkv,omp,tlh,idl,bdm
1030339,50,53,56,54,57,sjm,bzm,kud,zon,rkv
1030340,49,57,52,51,46,gst,rkv,zal,tlh,bdm
1030341,46,56,49,54,57,bdm,kud,gst,zon,rkv
1030342,49,48,59,60,53,gst,aef,hsv,dxk,bzm
1030343,48,57,51,54,46,aef,rkv,tlh,zon,bdm
1030344,47,48,52,49,43,omp,aef,zal,gst,aml
1030345,42,44,51,52,50,iue,utb,tlh,zal,sjm
1030346,47,54,55,46,43,omp,zon,xzu,bdm,aml
1030347,51,41,46,43,57,tlh,vsi,bdm,aml,rkv
1030348,41,44,57,60,42,vsi,utb,rkv,dxk,iue
1030349,50,47,45,56,52,sjm,omp,hiy,kud,zal
1030350,43,58,44,60,56,aml,idl,utb,dxk,kud
1030351,57,55,51,59,49,rkv,xzu,tlh,hsv,gst
1030352,60,47,49,56,50,dxk,omp,gst,kud,sjm
1030353,46,50,47,43,51,bdm,sjm,omp,aml,tlh
1030354,53,44,59,55,42,bzm,utb,hsv,xzu,iue
1030355,57,60,46,45,55,rkv,dxk,bdm,hiy,xzu
1030356,44,51,41,54,48,utb,tlh,vsi,zon,aef
1030357,58,46,57,41,47,idl,bdm,rkv,vsi,omp
1030358,57,43,53,45,46,rkv,aml,bzm,hiy,bdm
1030359,57,56,48,45,43,rkv,kud,aef,hiy,aml
1030360,58,48,52,57,53,idl,aef,zal,rkv,bzm
1030361,42,46,45,52,48,iue,bdm,hiy,zal,aef
1030362,53,54,46,58,43,bzm,zon,bdm,idl,aml
1030363,54,56,55,52,49,zon,kud,xzu,zal,gst
1030364,41,58,55,42,54,vsi,idl,xzu,iue,zon
1030365,53,56,51,59,55,bzm,kud,tlh,hsv,xzu
1030366,52,44,50,41,55,zal,utb,sjm,vsi,xzu
1030367,45,47,59,56,57,hiy,omp,hsv,kud,rkv
1030368,45,42,55,60,54,hiy,iue,xzu,dxk,zon
1030369,43,51,52,47,57,aml,tlh,zal,omp,rkv
1030370,55,50,46,44,56,xzu,sjm,bdm,utb,kud
1030371,47,55,50,59,57,omp,xzu,sjm,hsv,rkv
1030372,54,52,48,46,44,zon,zal,aef,bdm,utb
1030373,54,48,55,47,41,zon,aef,xzu,omp,vsi
1030374,60,57,50,49,53,dxk,rkv,sjm,gst,bzm
1030375,60,47,46,53,54,dxk,omp,bdm,bzm,zon
1030376,51,57,60,46,53,tlh,rkv,dxk,bdm,bzm
1030377,60,58,53,51,41,dxk,idl,bzm,tlh,vsi
1030378,41,52,59,57,51,vsi,zal,hsv,rkv,tlh
1030379,45,59,60,51,56,hiy,hsv,dxk,tlh,kud
1030380,58,50,55,53,42,idl,sjm,xzu,bzm,iue
1030381,60,45,53,42,48,dxk,hiy,bzm,iue,aef
1030382,50,55,47,53,54,sjm,xzu,omp,bzm,zon
1030383,44,46,47,57,60,utb,bdm,omp,rkv,dxk
1030384,53,55,48,57,54,bzm,xzu,aef,rkv,zon
1030385,51,60,54,47,58,tlh,dxk,zon,omp,idl
1030386,59,41,54,57,48,hsv,vsi,zon,rkv,aef
1030387,41,50,51,42,56,vsi,sjm,tlh,iue,kud
1030388,49,44,56,41,51,gst,utb,kud,vsi,tlh
1030389,42,49,57,41,50,iue,gst,rkv,vsi,sjm
1030390,43,52,56,46,48,aml,zal,kud,bdm,aef
1030391,47,46,50,49,51,omp,bdm,sjm,gst,tlh
1030392,52,53,48,49,56,zal,bzm,aef,gst,kud
1030393,58,53,54,47,50,idl,bzm,zon,omp,sjm
1030394,42,52,46,53,51,iue,zal,bdm,bzm,tlh
1030395,54,45,55,48,43,zon,hiy,xzu,aef,aml
1030396,57,49,51,50,53,rkv,gst,tlh,sjm,bzm
1030397,47,46,59,42,45,omp,bdm,hsv,iue,hiy
1030398,47,44,56,52,41,omp,utb,kud,zal,vsi
1030399,51,50,60,56,52,tlh,sjm,dxk,kud,zal
1030400,50,58,46,52,44,sjm,idl,bdm,zal,utb
1030401,42,51,47,60,52,iue,tlh,omp,dxk,zal
1030402,52,46,56,54,53,zal,bdm,kud,zon,bzm
1030403,50,55,45,49,41,sjm,xzu,hiy,gst,vsi
1030404,51,48,52,49,41,tlh,aef,zal,gst,vsi
1030405,51,53,42,55,58,tlh,bzm,iue,xzu,idl
1030406,50,51,49,52,47,sjm,tlh,gst,zal,omp
1030407,60,53,57,45,48,dxk,bzm,rkv,hiy,aef
1030408,56,42,55,47,59,kud,iue,xzu,omp,hsv
1030409,54,46,45,49,58,zon,bdm,hiy,gst,idl
1030410,53,59,52,55,47,bzm,hsv,zal,xzu,omp
1030411,49,58,46,51,45,gst,idl,bdm,tlh,hiy
1030412,49,52,60,50,53,gst,zal,dxk,sjm,bzm
1030413,58,50,44,42,43,idl,sjm,utb,iue,aml
1030414,54,51,44,53,41,zon,tlh,utb,bzm,vsi
1030415,42,60,57,47,46,iue,dxk,rkv,omp,bdm
1030416,59,58,54,50,49,hsv,idl,zon,sjm,gst
1030417,56,52,60,42,58,kud,zal,dxk,iue,idl
1030418,46,41,49,54,51,bdm,vsi,gst,zon,tlh
1030419,60,42,44,48,55,dxk,iue,utb,aef,xzu
1030420,52,54,51,48,58,zal,zon,tlh,aef,idl
1030421,45,51,48,59,42,hiy,tlh,aef,hsv,iue
1030422,50,46,60,59,58,sjm,bdm,dxk,hsv,idl
1030423,50,59,41,43,45,sjm,hsv,vsi,aml,hiy
1030424,48,54,59,51,41,aef,zon,hsv,tlh,vsi
1030425,56,46,54,48,44,kud,bdm,zon,aef,utb
1030426,50,57,55,58,45,sjm,rkv,xzu,idl,hiy
1030427,59,43,51,48,49,hsv,aml,tlh,aef,gst
1030428,54,56,49,60,43,zon,kud,gst,dxk,aml
1030429,44,42,57,45,56,utb,iue,rkv,hiy,kud
1030430,59,58,43,42,41,hsv,idl,aml,iue,vsi
1030431,44,51,45,55,56,utb,tlh,hiy,xzu,kud
1030432,52,48,46,44,53,zal,aef,bdm,utb,bzm
1030433,48,41,49,57,55,aef,vsi,gst,rkv,xzu
1030434,51,58,50,42,57,tlh,idl,sjm,iue,rkv
1030435,50,44,55,47,43,sjm,utb,xzu,omp,aml
1030436,58,47,55,43,41,idl,omp,xzu,aml,vsi
1030437,54,41,59,46,55,zon,vsi,hsv,bdm,xzu
1030438,42,60,45,58,51,iue,dxk,hiy,idl,tlh
1030439,54,55,43,50,58,zon,xzu,aml,sjm,idl
1030440,41,47,42,55,44,vsi,omp,iue,xzu,utb
1030441,60,54,42,45,55,dxk,zon,iue,hiy,xzu
1030442,58,41,48,52,50,idl,vsi,aef,zal,sjm
1030443,57,60,59,45,42,rkv,dxk,hsv,hiy,iue
1030444,60,43,46,54,51,dxk,aml,bdm,zon,tlh
1030445,41,59,43,53,56,vsi,hsv,aml,bzm,kud
1030446,44,51,43,50,56,utb,tlh,aml,sjm,kud
1030447,57,60,45,52,49,rkv,dxk,hiy,zal,gst
1030448,51,56,58,41,49,tlh,kud,idl,vsi,gst
1030449,57,50,52,44,60,rkv,sjm,zal,utb,dxk
1030450,57,60,58,49,45,rkv,dxk,idl,gst,hiy
1030451,45,50,52,56,59,hiy,sjm,zal,kud,hsv
1030452,51,50,46,48,44,tlh,sjm,bdm,aef,utb
1030453,55,52,51,47,48,xzu,zal,tlh,omp,aef
1030454,49,57,46,53,51,gst,rkv,bdm,bzm,tlh
1030455,51,58,53,48,59,tlh,idl,bzm,aef,hsv
1030456,41,42,54,58,49,vsi,iue,zon,idl,gst
1030457,46,57,50,48,44,bdm,rkv,sjm,aef,utb
1030458,60,55,41,56,46,dxk,xzu,vsi,kud,bdm
1030459,45,54,44,49,48,hiy,zon,utb,gst,aef
1030460,44,52,42,54,53,utb,zal,iue,zon,bzm
1030461,46,52,50,54,47,bdm,zal,sjm,zon,omp
1030462,41,53,49,60,42,vsi,bzm,gst,dxk,iue
1030463,51,44,47,46,60,tlh,utb,omp,bdm,dxk
1030464,54,44,46,43,55,zon,utb,bdm,aml,xzu
1030465,56,44,43,57,47,kud,utb,aml,rkv,omp
1030466,54,42,56,55,51,zon,iue,kud,xzu,tlh
1030467,41,46,49,42,43,vsi,bdm,gst,iue,aml
1030468,60,47,49,45,51,dxk,omp,gst,hiy,tlh
1030469,46,60,50,49,48,bdm,dxk,sjm,gst,aef
1030470,49,44,51,47,53,gst,utb,tlh,omp,bzm
1030471,44,56,59,60,41,utb,kud,hsv,dxk,vsi
1030472,58,46,45,52,55,idl,bdm,hiy,zal,xzu
1030473,41,59,48,46,45,vsi,hsv,aef,bdm,hiy
1030474,55,43,54,53,59,xzu,aml,zon,bzm,hsv
1030475,59,42,50,45,54,hsv,iue,sjm,hiy,zon
1030476,57,53,56,46,51,rkv,bzm,kud,bdm,tlh
1030477,44,42,51,54,49,utb,iue,tlh,zon,gst
1030478,57,53,59,54,41,rkv,bzm,hsv,zon,vsi
1030479,49,46,59,43,51,gst,bdm,hsv,aml,tlh
1030480,49,45,44,53,47,gst,hiy,utb,bzm,omp
1030481,59,41,42,55,46,hsv,vsi,iue,xzu,bdm
1030482,42,50,46,57,55,iue,sjm,bdm,rkv,xzu
1030483,42,48,43,52,51,iue,aef,aml,zal,tlh
1030484,54,58,53,45,56,zon,idl,bzm,hiy,kud
1030485,45,57,54,55,41,hiy,rkv,zon,xzu,vsi
1030486,57,44,60,54,45,rkv,utb,dxk,zon,hiy
1030487,60,41,49,48,42,dxk,vsi,gst,aef,iue
1030488,41,42,58,54,55,vsi,iue,idl,zon,xzu
1030489,58,41,49,45,51,idl,vsi,gst,hiy,tlh
1030490,57,60,41,47,50,rkv,dxk,vsi,omp,sjm
1030491,45,54,60,47,57,hiy,zon,dxk,omp,rkv
1030492,58,54,43,59,44,idl,zon,aml,hsv,utb
1030493,49,41,46,47,45,gst,vsi,bdm,omp,hiy
1030494,54,57,56,43,60,zon,rkv,kud,aml,dxk
1030495,44,56,52,45,59,utb,kud,zal,hiy,hsv
1030496,46,50,41,42,52,bdm,sjm,vsi,iue,zal
1030497,46,54,58,60,55,bdm,zon,idl,dxk,xzu
1030498,60,58,42,49,53,dxk,idl,iue,gst,bzm
1030499,43,47,54,41,51,aml,omp,zon,vsi,tlh
1030500,48,49,41,59,42,aef,gst,vsi,hsv,iue
1030501,47,55,57,43,53,omp,xzu,rkv,aml,bzm
1030502,44,59,57,51,43,utb,hsv,rkv,tlh,aml
1030503,54,41,43,49,59,zon,vsi,aml,gst,hsv
1030504,55,44,49,42,48,xzu,utb,gst,iue,aef
1030505,42,56,48,43,60,iue,kud,aef,aml,dxk
1030506,54,42,44,49,48,zon,iue,utb,gst,aef
1030507,43,60,56,55,42,aml,dxk,kud,xzu,iue
1030508,53,50,48,46,52,bzm,sjm,aef,bdm,zal
1030509,42,60,54,50,41,iue,dxk,zon,sjm,vsi
1030510,58,47,57,52,41,idl,omp,rkv,zal,vsi
1030511,54,56,49,48,60,zon,kud,gst,aef,dxk
1030512,47,48,46,54,58,omp,aef,bdm,zon,idl
1030513,41,43,42,51,59,vsi,aml,iue,tlh,hsv
1030514,51,45,44,48,43,tlh,hiy,utb,aef,aml
1030515,58,54,55,52,51,idl,zon,xzu,zal,tlh
1030516,45,56,52,54,57,hiy,kud,zal,zon,rkv
1030517,52,51,45,54,55,zal,tlh,hiy,zon,xzu
1030518,44,52,46,54,60,utb,zal,bdm,zon,dxk
1030519,45,50,57,41,55,hiy,sjm,rkv,vsi,xzu
1030520,44,51,57,56,47,utb,tlh,rkv,kud,omp
1030521,57,45,52,41,42,rkv,hiy,zal,vsi,iue
1030522,56,60,42,54,58,kud,dxk,iue,zon,idl
1030523,43,49,50,46,44,aml,gst,sjm,bdm,utb
1030524,53,47,50,60,41,bzm,omp,sjm,dxk,vsi
1030525,50,42,41,47,51,sjm,iue,vsi,omp,tlh
1030526,51,58,42,44,49,tlh,idl,iue,utb,gst
1030527,58,50,42,41,48,idl,sjm,iue,vsi,aef
1030528,55,50,45,46,54,xzu,sjm,hiy,bdm,zon
1030529,52,60,41,57,45,zal,dxk,vsi,rkv,hiy
1030530,42,50,43,58,55,iue,sjm,aml,idl,xzu
1030531,43,42,49,54,47,aml,iue,gst,zon,omp
1030532,49,57,47,60,44,gst,rkv,omp,dxk,utb
1030533,59,53,44,58,42,hsv,bzm,utb,idl,iue
1030534,58,49,43,44,45,idl,gst,aml,utb,hiy
1030535,48,58,43,54,59,aef,idl,aml,zon,hsv
1030536,46,45,49,53,58,bdm,hiy,gst,bzm,idl
1030537,46,50,42,52,47,bdm,sjm,iue,zal,omp
1030538,58,60,43,41,45,idl,dxk,aml,vsi,hiy
1030539,51,48,57,59,50,tlh,aef,rkv,hsv,sjm
1030540,43,42,49,48,44,aml,iue,gst,aef,utb
1030541,52,50,59,45,56,zal,sjm,hsv,hiy,kud
1030542,57,44,47,45,59,rkv,utb,omp,hiy,hsv
1030543,49,42,50,57,52,gst,iue,sjm,rkv,zal
1030544,53,45,46,49,52,bzm,hiy,bdm,gst,zal
1030545,59,41,52,53,42,hsv,vsi,zal,bzm,iue
1030546,52,60,51,42,56,zal,dxk,tlh,iue,kud
1030547,50,49,55,57,51,sjm,gst,xzu,rkv,tlh
1030548,47,41,49,43,59,omp,vsi,gst,aml,hsv
1030549,45,54,50,58,48,hiy,zon,sjm,idl,aef
1030550,58,43,48,45,47,idl,aml,aef,hiy,omp
1030551,58,51,45,42,47,idl,tlh,hiy,iue,omp
1030552,46,48,49,54,57,bdm,aef,gst,zon,rkv
1030553,60,51,46,53,59,dxk,tlh,bdm,bzm,hsv
1030554,44,57,46,48,59,utb,rkv,bdm,aef,hsv
1030555,45,42,50,48,56,hiy,iue,sjm,aef,kud
1030556,55,49,56,41,54,xzu,gst,kud,vsi,zon
1030557,42,57,48,54,51,iue,rkv,aef,zon,tlh
1030558,55,41,59,50,58,xzu,vsi,hsv,sjm,idl
1030559,55,41,42,45,53,xzu,vsi,iue,hiy,bzm
1030560,45,52,55,57,54,hiy,zal,xzu,rkv,zon
1030561,57,59,58,54,46,rkv,hsv,idl,zon,bdm
1030562,45,44,50,51,57,hiy,utb,sjm,tlh,rkv
1030563,49,52,59,50,44,gst,zal,hsv,sjm,utb
1030564,48,47,46,42,45,aef,omp,bdm,iue,hiy
1030565,57,54,51,58,48,rkv,zon,tlh,idl,aef
1030566,54,48,53,57,55,zon,aef,bzm,rkv,xzu
1030567,41,48,47,50,51,vsi,aef,omp,sjm,tlh
1030568,60,54,59,47,56,dxk,zon,hsv,omp,kud
1030569,44,46,50,60,59,utb,bdm,sjm,dxk,hsv
1030570,42,48,41,55,45,iue,aef,vsi,xzu,hiy
1030571,52,55,44,47,48,zal,xzu,utb,omp,aef
1030572,57,50,54,53,41,rkv,sjm,zon,bzm,vsi
1030573,59,48,52,50,49,hsv,aef,zal,sjm,gst
1030574,44,60,41,42,43,utb,dxk,vsi,iue,aml
1030575,59,60,58,49,42,hsv,dxk,idl,gst,iue
1030576,52,46,41,49,54,zal,bdm,vsi,gst,zon
1030577,53,44,41,47,43,bzm,utb,vsi,omp,aml
1030578,57,49,56,55,53,rkv,gst,kud,xzu,bzm
1030579,59,56,44,41,43,hsv,kud,utb,vsi,aml
1030580,49,41,47,56,51,gst,vsi,omp,kud,tlh
1030581,55,46,42,54,60,xzu,bdm,iue,zon,dxk
1030582,43,44,53,51,60,aml,utb,bzm,tlh,dxk
1030583,47,54,59,42,44,omp,zon,hsv,iue,utb
1030584,44,47,42,60,48,utb,omp,iue,dxk,aef
1030585,43,50,47,48,44,aml,sjm,omp,aef,utb
1030586,47,60,41,55,48,omp,dxk,vsi,xzu,aef
1030587,55,57,49,53,41,xzu,rkv,gst,bzm,vsi
1030588,46,44,50,42,45,bdm,utb,sjm,iue,hiy
1030589,43,58,54,60,56,aml,idl,zon,dxk,kud
1030590,43,55,47,52,48,aml,xzu,omp,zal,aef
1030591,41,43,57,44,56,vsi,aml,rkv,utb,kud
1030592,58,43,49,42,45,idl,aml,gst,iue,hiy
1030593,57,45,44,50,49,rkv,hiy,utb,sjm,gst
1030594,45,60,55,54,56,hiy,dxk,xzu,zon,kud
1030595,48,57,60,46,52,aef,rkv,dxk,bdm,zal
1030596,45,42,44,47,46,hiy,iue,utb,omp,bdm
1030597,45,42,58,59,47,hiy,iue,idl,hsv,omp
1030598,55,49,53,54,45,xzu,gst,bzm,zon,hiy
1030599,44,41,49,43,59,utb,vsi,gst,aml,hsv
1030600,56,51,42,52,59,kud,tlh,iue,zal,hsv
1040001,69,77,80,72,73,zhy,mxe,qhw,zrb,web
1040002,65,76,62,71,64,edx,ehg,adf,wsx,nkb
1040003,79,77,66,70,74,aky,mxe,vio,dij,ybe
1040004,72,75,65,70,71,zrb,mjw,edx,dij,wsx
1040005,65,72,76,68,77,edx,zrb,ehg,otr,mxe
1040006,67,65,72,80,77,xto,edx,zrb,qhw,mxe
1040007,63,69,71,78,61,rgh,zhy,wsx,flb,joq
1040008,79,72,70,67,80,aky,zrb,dij,xto,qhw
1040009,70,78,64,65,66,dij,flb,nkb,edx,vio
1040010,69,80,70,63,79,zhy,qhw,dij,rgh,aky
1040011,78,80,73,77,70,flb,qhw,web,mxe,dij
1040012,79,70,67,76,65,aky,dij,xto,ehg,edx
1040013,75,72,63,78,74,mjw,zrb,rgh,flb,ybe
1040014,74,70,63,67,61,ybe,dij,rgh,xto,joq
1040015,74,70,66,67,79,ybe,dij,vio,xto,aky
1040016,66,78,62,71,74,vio,flb,adf,wsx,ybe
1040017,62,66,75,69,72,adf,vio,mjw,zhy,zrb
1040018,74,79,66,62,71,ybe,aky,vio,adf,wsx
1040019,78,74,68,66,61,flb,ybe,otr,vio,joq
1040020,71,74,65,77,61,wsx,ybe,edx,mxe,joq
1040021,63,72,62,65,70,rgh,zrb,adf,edx,dij
1040022,61,78,79,77,74,joq,flb,aky,mxe,ybe
1040023,70,66,76,73,64,dij,vio,ehg,web,nkb
1040024,63,64,78,65,66,rgh,nkb,flb,edx,vio
1040025,74,73,80,65,75,ybe,web,qhw,edx,mjw
1040026,69,79,63,66,73,zhy,aky,rgh,vio,web
1040027,72,73,62,70,64,zrb,web,adf,dij,nkb
1040028,65,64,73,80,75,edx,nkb,web,qhw,mjw
1040029,62,61,74,73,66,adf,joq,ybe,web,vio
1040030,79,73,78,63,74,aky,web,flb,rgh,ybe
1040031,71,75,66,77,73,wsx,mjw,vio,mxe,web
1040032,72,79,70,76,68,zrb,aky,dij,ehg,otr
1040033,67,63,65,70,77,xto,rgh,edx,dij,mxe
1040034,67,66,62,70,74,xto,vio,adf,dij,ybe
1040035,71,68,80,63,70,wsx,otr,qhw,rgh,dij
1040036,75,80,63,68,77,mjw,qhw,rgh,otr,mxe
1040037,67,78,64,61,69,xto,flb,nkb,joq,zhy
1040038,63,73,70,80,77,rgh,web,dij,qhw,mxe
1040039,79,74,68,69,78,aky,ybe,otr,zhy,flb
1040040,77,70,73,75,61,mxe,dij,web,mjw,joq
1040041,61,63,66,69,74,joq,rgh,vio,zhy,ybe
1040042,68,77,64,74,80,otr,mxe,nkb,ybe,qhw
1040043,79,69,77,75,71,aky,zhy,mxe,mjw,wsx
1040044,69,65,77,75,66,zhy,edx,mxe,mjw,vio
1040045,61,62,69,75,72,joq,adf,zhy,mjw,zrb
1040046,69,62,76,78,79,zhy,adf,ehg,flb,aky
1040047,62,76,67,68,74,adf,ehg,xto,otr,ybe
1040048,73,67,77,63,78,web,xto,mxe,rgh,flb
1040049,79,69,63,70,74,aky,zhy,rgh,dij,ybe
1040050,73,61,67,70,66,web,joq,xto,dij,vio
1040051,65,63,71,73,64,edx,rgh,wsx,web,nkb
1040052,73,71,80,70,72,web,wsx,qhw,dij,zrb
1040053,66,70,64,72,62,vio,dij,nkb,zrb,adf
1040054,76,75,63,80,65,ehg,mjw,rgh,qhw,edx
1040055,63,61,79,71,67,rgh,joq,aky,wsx,xto
1040056,65,62,63,79,76,edx,adf,rgh,aky,ehg
1040057,80,69,74,76,73,qhw,zhy,ybe,ehg,web
1040058,67,70,78,75,65,xto,dij,flb,mjw,edx
1040059,77,71,73,61,79,mxe,wsx,web,joq,aky
1040060,73,62,77,69,65,web,adf,mxe,zhy,edx
1040061,72,63,68,62,80,zrb,rgh,otr,adf,qhw
1040062,70,65,68,78,80,dij,edx,otr,flb,qhw
1040063,80,74,64,71,65,qhw,ybe,nkb,wsx,edx
1040064,75,74,65,71,64,mjw,ybe,edx,wsx,nkb
1040065,67,72,73,65,74,xto,zrb,web,edx,ybe
1040066,61,62,74,76,63,joq,adf,ybe,ehg,rgh
1040067,74,78,68,65,71,ybe,flb,otr,edx,wsx
1040068,68,80,72,78,66,otr,qhw,zrb,flb,vio
1040069,61,76,79,65,69,joq,ehg,aky,edx,zhy
1040070,78,71,72,74,67,flb,wsx,zrb,ybe,xto
1040071,77,74,79,71,69,mxe,ybe,aky,wsx,zhy
1040072,77,70,69,72,76,mxe,dij,zhy,zrb,ehg
1040073,78,63,65,74,69,flb,rgh,edx,ybe,zhy
1040074,70,76,75,69,68,dij,ehg,mjw,zhy,otr
1040075,71,74,67,80,65,wsx,ybe,xto,qhw,edx
1040076,77,61,68,75,62,mxe,joq,otr,mjw,adf
1040077,80,76,62,77,68,qhw,ehg,adf,mxe,otr
1040078,77,78,71,72,76,mxe,flb,wsx,zrb,ehg
1040079,79,69,73,70,64,aky,zhy,web,dij,nkb
1040080,79,69,76,75,68,aky,zhy,ehg,mjw,otr
1040081,78,73,62,72,64,flb,web,adf,zrb,nkb
1040082,65,75,67,71,69,edx,mjw,xto,wsx,zhy
1040083,65,77,72,73,69,edx,mxe,zrb,web,zhy
1040084,78,79,70,63,80,flb,aky,dij,rgh,qhw
1040085,69,74,67,70,80,zhy,ybe,xto,dij,qhw
1040086,62,79,74,80,66,adf,aky,ybe,qhw,vio
1040087,65,73,70,72,78,edx,web,dij,zrb,flb
1040088,61,74,71,66,70,joq,ybe,wsx,vio,dij
1040089,77,72,70,73,80,mxe,zrb,dij,web,qhw
1040090,71,72,78,74,63,wsx,zrb,flb,ybe,rgh
1040091,71,70,61,80,76,wsx,dij,joq,qhw,ehg
1040092,72,79,68,74,76,zrb,aky,otr,ybe,ehg
1040093,69,80,75,63,68,zhy,qhw,mjw,rgh,otr
1040094,80,63,66,69,76,qhw,rgh,vio,zhy,ehg
1040095,71,67,79,68,62,wsx,xto,aky,otr,adf
1040096,74,62,67,65,77,ybe,adf,xto,edx,mxe
1040097,78,75,67,64,76,flb,mjw,xto,nkb,ehg
1040098,76,64,75,80,69,ehg,nkb,mjw,qhw,zhy
1040099,76,73,78,77,75,ehg,web,flb,mxe,mjw
1040100,69,62,79,68,77,zhy,adf,aky,otr,mxe
1040101,78,69,68,61,63,flb,zhy,otr,joq,rgh
1040102,78,69,76,62,65,flb,zhy,ehg,adf,edx
1040103,79,61,69,62,67,aky,joq,zhy,adf,xto
1040104,76,68,67,77,74,ehg,otr,xto,mxe,ybe
1040105,71,80,72,79,78,wsx,qhw,zrb,aky,flb
1040106,70,73,75,80,65,dij,web,mjw,qhw,edx
1040107,79,75,61,76,80,aky,mjw,joq,ehg,qhw
1040108,62,78,72,71,73,adf,flb,zrb,wsx,web
1040109,67,64,70,78,71,xto,nkb,dij,flb,wsx
1040110,63,76,69,64,77,rgh,ehg,zhy,nkb,mxe
1040111,76,72,73,79,67,ehg,zrb,web,aky,xto
1040112,65,78,76,71,67,edx,flb,ehg,wsx,xto
1040113,79,67,63,78,76,aky,xto,rgh,flb,ehg
1040114,70,67,66,63,73,dij,xto,vio,rgh,web
1040115,74,69,80,67,79,ybe,zhy,qhw,xto,aky
1040116,63,67,79,64,62,rgh,xto,aky,nkb,adf
1040117,75,80,74,67,77,mjw,qhw,ybe,xto,mxe
1040118,76,65,75,70,67,ehg,edx,mjw,dij,xto
1040119,72,68,79,73,61,zrb,otr,aky,web,joq
1040120,75,77,69,79,78,mjw,mxe,zhy,aky,flb
1040121,73,65,61,64,75,web,edx,joq,nkb,mjw
1040122,74,64,75,79,70,ybe,nkb,mjw,aky,dij
1040123,70,75,72,79,62,dij,mjw,zrb,aky,adf
1040124,71,65,70,76,78,wsx,edx,dij,ehg,flb
1040125,78,75,79,67,77,flb,mjw,aky,xto,mxe
1040126,66,78,77,68,71,vio,flb,mxe,otr,wsx
1040127,74,73,75,72,79,ybe,web,mjw,zrb,aky
1040128,76,69,65,77,80,ehg,zhy,edx,mxe,qhw
1040129,62,65,77,68,63,adf,edx,mxe,otr,rgh
1040130,64,65,72,73,80,nkb,edx,zrb,web,qhw
1040131,74,73,79,62,78,ybe,web,aky,adf,flb
1040132,65,75,70,61,68,edx,mjw,dij,joq,otr
1040133,74,67,69,61,70,ybe,xto,zhy,joq,dij
1040134,80,61,74,78,77,qhw,joq,ybe,flb,mxe
1040135,77,80,66,76,65,mxe,qhw,vio,ehg,edx
1040136,69,65,75,67,77,zhy,edx,mjw,xto,mxe
1040137,66,64,73,69,65,vio,nkb,web,zhy,edx
1040138,73,67,70,68,77,web,xto,dij,otr,mxe
1040139,67,63,64,78,80,xto,rgh,nkb,flb,qhw
1040140,65,78,73,67,74,edx,flb,web,xto,ybe
1040141,61,64,74,75,78,joq,nkb,ybe,mjw,flb
1040142,71,70,73,76,65,wsx,dij,web,ehg,edx
1040143,65,77,61,66,71,edx,mxe,joq,vio,wsx
1040144,75,76,61,68,77,mjw,ehg,joq,otr,mxe
1040145,72,77,80,69,74,zrb,mxe,qhw,zhy,ybe
1040146,80,74,70,63,61,qhw,ybe,dij,rgh,joq
1040147,80,78,68,66,77,qhw,flb,otr,vio,mxe
1040148,61,69,68,66,78,joq,zhy,otr,vio,flb
1040149,75,63,62,74,65,mjw,rgh,adf,ybe,edx
1040150,72,79,80,62,64,zrb,aky,qhw,adf,nkb
1040151,67,78,64,63,76,xto,flb,nkb,rgh,ehg
1040152,75,68,78,67,71,mjw,otr,flb,xto,wsx
1040153,62,69,78,68,79,adf,zhy,flb,otr,aky
1040154,64,67,74,61,79,nkb,xto,ybe,joq,aky
1040155,75,71,69,80,79,mjw,wsx,zhy,qhw,aky
1040156,77,70,76,78,64,mxe,dij,ehg,flb,nkb
1040157,70,72,71,73,69,dij,zrb,wsx,web,zhy
1040158,62,80,68,75,78,adf,qhw,otr,mjw,flb
1040159,69,76,74,71,61,zhy,ehg,ybe,wsx,joq
1040160,67,79,75,64,62,xto,aky,mjw,nkb,adf
1040161,69,61,73,65,80,zhy,joq,web,edx,qhw
1040162,73,63,76,77,66,web,rgh,ehg,mxe,vio
1040163,71,75,78,67,62,wsx,mjw,flb,xto,adf
1040164,73,67,64,69,66,web,xto,nkb,zhy,vio
1040165,66,79,76,72,74,vio,aky,ehg,zrb,ybe
1040166,64,69,67,73,76,nkb,zhy,xto,web,ehg
1040167,61,78,68,79,71,joq,flb,otr,aky,wsx
1040168,67,65,62,79,78,xto,edx,adf,aky,flb
1040169,74,79,75,68,77,ybe,aky,mjw,otr,mxe
1040170,79,70,67,68,71,aky,dij,xto,otr,wsx
1040171,66,71,63,78,70,vio,wsx,rgh,flb,dij
1040172,69,65,74,62,68,zhy,edx,ybe,adf,otr
1040173,74,71,77,80,62,ybe,wsx,mxe,qhw,adf
1040174,66,73,74,70,67,vio,web,ybe,dij,xto
1040175,73,76,68,61,79,web,ehg,otr,joq,aky
1040176,76,72,79,78,64,ehg,zrb,aky,flb,nkb
1040177,78,62,61,71,66,flb,adf,joq,wsx,vio
1040178,76,61,72,64,63,ehg,joq,zrb,nkb,rgh
1040179,69,65,80,79,64,zhy,edx,qhw,aky,nkb
1040180,74,71,63,70,66,ybe,wsx,rgh,dij,vio
1040181,76,62,74,68,80,ehg,adf,ybe,otr,qhw
1040182,77,68,78,72,65,mxe,otr,flb,zrb,edx
1040183,76,78,80,72,79,ehg,flb,qhw,zrb,aky
1040184,64,75,67,63,80,nkb,mjw,xto,rgh,qhw
1040185,78,80,68,76,75,flb,qhw,otr,ehg,mjw
1040186,76,69,66,79,78,ehg,zhy,vio,aky,flb
1040187,62,79,70,73,77,adf,aky,dij,web,mxe
1040188,80,78,74,62,69,qhw,flb,ybe,adf,zhy
1040189,72,65,64,66,67,zrb,edx,nkb,vio,xto
1040190,61,79,68,74,78,joq,aky,otr,ybe,flb
1040191,68,64,66,80,61,otr,nkb,vio,qhw,joq
1040192,63,75,76,77,74,rgh,mjw,ehg,mxe,ybe
1040193,78,62,63,73,70,flb,adf,rgh,web,dij
1040194,67,70,65,63,78,xto,dij,edx,rgh,flb
1040195,78,61,64,79,71,flb,joq,nkb,aky,wsx
1040196,73,69,65,80,75,web,zhy,edx,qhw,mjw
1040197,73,79,77,64,66,web,aky,mxe,nkb,vio
1040198,79,73,62,78,76,aky,web,adf,flb,ehg
1040199,70,74,61,73,63,dij,ybe,joq,web,rgh
1040200,74,65,79,71,61,ybe,edx,aky,wsx,joq
1040201,70,67,71,68,64,dij,xto,wsx,otr,nkb
1040202,75,76,72,70,62,mjw,ehg,zrb,dij,adf
1040203,77,69,68,79,74,mxe,zhy,otr,aky,ybe
1040204,63,61,76,62,77,rgh,joq,ehg,adf,mxe
1040205,62,77,61,63,72,adf,mxe,joq,rgh,zrb
1040206,80,71,61,72,75,qhw,wsx,joq,zrb,mjw
1040207,74,71,65,69,79,ybe,wsx,edx,zhy,aky
1040208,67,65,62,64,61,xto,edx,adf,nkb,joq
1040209,74,64,61,71,65,ybe,nkb,joq,wsx,edx
1040210,62,68,67,63,69,adf,otr,xto,rgh,zhy
1040211,73,61,67,69,75,web,joq,xto,zhy,mjw
1040212,76,71,62,72,61,ehg,wsx,adf,zrb,joq
1040213,76,70,71,66,73,ehg,dij,wsx,vio,web
1040214,70,67,72,68,77,dij,xto,zrb,otr,mxe
1040215,63,62,72,70,68,rgh,adf,zrb,dij,otr
1040216,80,65,73,68,74,qhw,edx,web,otr,ybe
1040217,71,66,78,61,68,wsx,vio,flb,joq,otr
1040218,71,76,74,63,78,wsx,ehg,ybe,rgh,flb
1040219,71,76,73,78,67,wsx,ehg,web,flb,xto
1040220,61,65,62,80,70,joq,edx,adf,qhw,dij
1040221,61,71,78,73,66,joq,wsx,flb,web,vio
1040222,72,67,65,63,79,zrb,xto,edx,rgh,aky
1040223,66,70,69,78,75,vio,dij,zhy,flb,mjw
1040224,63,68,79,78,66,rgh,otr,aky,flb,vio
1040225,74,70,78,63,65,ybe,dij,flb,rgh,edx
1040226,74,65,62,73,78,ybe,edx,adf,web,flb
1040227,74,72,80,76,65,ybe,zrb,qhw,ehg,edx
1040228,68,72,67,64,62,otr,zrb,xto,nkb,adf
1040229,77,78,74,65,80,mxe,flb,ybe,edx,qhw
1040230,63,73,62,64,77,rgh,web,adf,nkb,mxe
1040231,78,61,80,67,77,flb,joq,qhw,xto,mxe
1040232,61,65,79,67,66,joq,edx,aky,xto,vio
1040233,66,78,72,76,77,vio,flb,zrb,ehg,mxe
1040234,80,79,69,62,70,qhw,aky,zhy,adf,dij
1040235,68,77,67,66,70,otr,mxe,xto,vio,dij
1040236,62,76,73,79,68,adf,ehg,web,aky,otr
1040237,65,67,66,71,72,edx,xto,vio,wsx,zrb
1040238,69,77,67,63,61,zhy,mxe,xto,rgh,joq
1040239,78,65,64,62,74,flb,edx,nkb,adf,ybe
1040240,61,73,68,76,70,joq,web,otr,ehg,dij
1040241,78,64,77,66,62,flb,nkb,mxe,vio,adf
1040242,73,61,72,77,68,web,joq,zrb,mxe,otr
1040243,69,72,79,65,76,zhy,zrb,aky,edx,ehg
1040244,66,74,77,76,63,vio,ybe,mxe,ehg,rgh
1040245,63,78,73,69,72,rgh,flb,web,zhy,zrb
1040246,65,74,62,70,76,edx,ybe,adf,dij,ehg
1040247,66,62,73,76,79,vio,adf,web,ehg,aky
1040248,62,79,65,76,80,adf,aky,edx,ehg,qhw
1040249,80,76,79,66,75,qhw,ehg,aky,vio,mjw
1040250,64,71,79,66,65,nkb,wsx,aky,vio,edx
1040251,79,74,61,71,62,aky,ybe,joq,wsx,adf
1040252,66,69,77,68,80,vio,zhy,mxe,otr,qhw
1040253,64,65,78,75,79,nkb,edx,flb,mjw,aky
1040254,78,76,72,62,65,flb,ehg,zrb,adf,edx
1040255,65,63,70,78,69,edx,rgh,dij,flb,zhy
1040256,76,75,72,77,61,ehg,mjw,zrb,mxe,joq
1040257,61,68,78,76,71,joq,otr,flb,ehg,wsx
1040258,75,61,64,79,62,mjw,joq,nkb,aky,adf
1040259,65,61,62,66,73,edx,joq,adf,vio,web
1040260,62,61,68,74,67,adf,joq,otr,ybe,xto
1040261,74,73,67,63,70,ybe,web,xto,rgh,dij
1040262,75,71,61,77,79,mjw,wsx,joq,mxe,aky
1040263,61,77,62,70,74,joq,mxe,adf,dij,ybe
1040264,63,68,61,77,73,rgh,otr,joq,mxe,web
1040265,62,70,74,64,67,adf,dij,ybe,nkb,xto
1040266,80,67,74,66,69,qhw,xto,ybe,vio,zhy
1040267,67,77,76,80,63,xto,mxe,ehg,qhw,rgh
1040268,77,78,75,65,61,mxe,flb,mjw,edx,joq
1040269,62,80,61,68,75,adf,qhw,joq,otr,mjw
1040270,78,66,67,74,62,flb,vio,xto,ybe,adf
1040271,62,80,67,79,78,adf,qhw,xto,aky,flb
1040272,78,77,74,72,70,flb,mxe,ybe,zrb,dij
1040273,64,61,65,68,66,nkb,joq,edx,otr,vio
1040274,71,62,67,64,78,wsx,adf,xto,nkb,flb
1040275,61,66,73,80,69,joq,vio,web,qhw,zhy
1040276,66,61,80,69,78,vio,joq,qhw,zhy,flb
1040277,73,77,66,75,67,web,mxe,vio,mjw,xto
1040278,75,61,69,65,63,mjw,joq,zhy,edx,rgh
1040279,79,77,65,68,80,aky,mxe,edx,otr,qhw
1040280,69,62,74,79,72,zhy,adf,ybe,aky,zrb
1040281,77,74,67,78,70,mxe,ybe,xto,flb,dij
1040282,79,66,68,78,69,aky,vio,otr,flb,zhy
1040283,74,68,77,73,72,ybe,otr,mxe,web,zrb
1040284,67,72,78,77,61,xto,zrb,flb,mxe,joq
1040285,61,77,62,80,76,joq,mxe,adf,qhw,ehg
1040286,76,78,69,66,63,ehg,flb,zhy,vio,rgh
1040287,70,72,65,66,79,dij,zrb,edx,vio,aky
1040288,73,76,80,77,67,web,ehg,qhw,mxe,xto
1040289,68,74,72,64,73,otr,ybe,zrb,nkb,web
1040290,69,75,79,67,74,zhy,mjw,aky,xto,ybe
1040291,69,78,67,80,66,zhy,flb,xto,qhw,vio
1040292,76,80,77,78,71,ehg,qhw,mxe,flb,wsx
1040293,64,67,73,78,61,nkb,xto,web,flb,joq
1040294,77,62,65,69,72,mxe,adf,edx,zhy,zrb
1040295,73,72,75,74,65,web,zrb,mjw,ybe,edx
1040296,62,79,69,78,72,adf,aky,zhy,flb,zrb
1040297,69,66,77,75,67,zhy,vio,mxe,mjw,xto
1040298,64,76,62,78,75,nkb,ehg,adf,flb,mjw
1040299,61,75,63,67,71,joq,mjw,rgh,xto,wsx
1040300,70,62,80,74,63,dij,adf,qhw,ybe,rgh
1040301,65,68,67,66,75,edx,otr,xto,vio,mjw
1040302,66,65,75,80,64,vio,edx,mjw,qhw,nkb
1040303,64,69,77,61,63,nkb,zhy,mxe,joq,rgh
1040304,63,64,68,75,67,rgh,nkb,otr,mjw,xto
1040305,61,74,78,75,76,joq,ybe,flb,mjw,ehg
1040306,65,78,68,79,73,edx,flb,otr,aky,web
1040307,71,66,69,68,80,wsx,vio,zhy,otr,qhw
1040308,80,77,67,69,66,qhw,mxe,xto,zhy,vio
1040309,78,63,68,62,67,flb,rgh,otr,adf,xto
1040310,66,64,76,67,72,vio,nkb,ehg,xto,zrb
1040311,76,63,64,72,79,ehg,rgh,nkb,zrb,aky
1040312,71,70,69,79,73,wsx,dij,zhy,aky,web
1040313,71,61,66,78,69,wsx,joq,vio,flb,zhy
1040314,70,61,76,69,78,dij,joq,ehg,zhy,flb
1040315,67,76,73,65,61,xto,ehg,web,edx,joq
1040316,74,69,65,68,61,ybe,zhy,edx,otr,joq
1040317,67,79,66,61,80,xto,aky,vio,joq,qhw
1040318,65,72,74,75,62,edx,zrb,ybe,mjw,adf
1040319,64,80,73,79,71,nkb,qhw,web,aky,wsx
1040320,72,64,73,61,74,zrb,nkb,web,joq,ybe
1040321,69,75,61,74,80,zhy,mjw,joq,ybe,qhw
1040322,62,70,72,75,79,adf,dij,zrb,mjw,aky
1040323,68,72,61,73,76,otr,zrb,joq,web,ehg
1040324,79,63,64,73,74,aky,rgh,nkb,web,ybe
1040325,71,73,74,61,67,wsx,web,ybe,joq,xto
1040326,63,72,75,77,68,rgh,zrb,mjw,mxe,otr
1040327,76,71,73,63,77,ehg,wsx,web,rgh,mxe
1040328,70,61,78,68,69,dij,joq,flb,otr,zhy
1040329,62,70,66,80,68,adf,dij,vio,qhw,otr
1040330,65,72,69,68,70,edx,zrb,zhy,otr,dij
1040331,74,79,61,62,77,ybe,aky,joq,adf,mxe
1040332,72,79,61,62,63,zrb,aky,joq,adf,rgh
1040333,65,63,75,76,71,edx,rgh,mjw,ehg,wsx
1040334,61,75,77,62,80,joq,mjw,mxe,adf,qhw
1040335,66,69,67,72,74,vio,zhy,xto,zrb,ybe
1040336,65,77,69,62,70,edx,mxe,zhy,adf,dij
1040337,68,77,78,75,66,otr,mxe,flb,mjw,vio
1040338,77,67,71,78,66,mxe,xto,wsx,flb,vio
1040339,70,73,76,74,77,dij,web,ehg,ybe,mxe
1040340,69,77,72,71,66,zhy,mxe,zrb,wsx,vio
1040341,66,76,69,74,77,vio,ehg,zhy,ybe,mxe
1040342,69,68,79,80,73,zhy,otr,aky,qhw,web
1040343,68,77,71,74,66,otr,mxe,wsx,ybe,vio
1040344,67,68,72,69,63,xto,otr,zrb,zhy,rgh
1040345,62,64,71,72,70,adf,nkb,wsx,zrb,dij
1040346,67,74,75,66,63,xto,ybe,mjw,vio,rgh
1040347,71,61,66,63,77,wsx,joq,vio,rgh,mxe
1040348,61,64,77,80,62,joq,nkb,mxe,qhw,adf
1040349,70,67,65,76,72,dij,xto,edx,ehg,zrb
1040350,63,78,64,80,76,rgh,flb,nkb,qhw,ehg
1040351,77,75,71,79,69,mxe,mjw,wsx,aky,zhy
1040352,80,67,69,76,70,qhw,xto,zhy,ehg,dij
1040353,66,70,67,63,71,vio,dij,xto,rgh,wsx
1040354,73,64,79,75,62,web,nkb,aky,mjw,adf
1040355,77,80,66,65,75,mxe,qhw,vio,edx,mjw
1040356,64,71,61,74,68,nkb,wsx,joq,ybe,otr
1040357,78,66,77,61,67,flb,vio,mxe,joq,xto
1040358,77,63,73,65,66,mxe,rgh,web,edx,vio
1040359,77,76,68,65,63,mxe,ehg,otr,edx,rgh
1040360,78,68,72,77,73,flb,otr,zrb,mxe,web
1040361,62,66,65,72,68,adf,vio,edx,zrb,otr
1040362,73,74,66,78,63,web,ybe,vio,flb,rgh
1040363,74,76,75,72,69,ybe,ehg,mjw,zrb,zhy
1040364,61,78,75,62,74,joq,flb,mjw,adf,ybe
1040365,73,76,71,79,75,web,ehg,wsx,aky,mjw
1040366,72,64,70,61,75,zrb,nkb,dij,joq,mjw
1040367,65,67,79,76,77,edx,xto,aky,ehg,mxe
1040368,65,62,75,80,74,edx,adf,mjw,qhw,ybe
1040369,63,71,72,67,77,rgh,wsx,zrb,xto,mxe
1040370,75,70,66,64,76,mjw,dij,vio,nkb,ehg
1040371,67,75,70,79,77,xto,mjw,dij,aky,mxe
1040372,74,72,68,66,64,ybe,zrb,otr,vio,nkb
1040373,74,68,75,67,61,ybe,otr,mjw,xto,joq
1040374,80,77,70,69,73,qhw,mxe,dij,zhy,web
1040375,80,67,66,73,74,qhw,xto,vio,web,ybe
1040376,71,77,80,66,73,wsx,mxe,qhw,vio,web
1040377,80,78,73,71,61,qhw,flb,web,wsx,joq
1040378,61,72,79,77,71,joq,zrb,aky,mxe,wsx
1040379,65,79,80,71,76,edx,aky,qhw,wsx,ehg
1040380,78,70,75,73,62,flb,dij,mjw,web,adf
1040381,80,65,73,62,68,qhw,edx,web,adf,otr
1040382,70,75,67,73,74,dij,mjw,xto,web,ybe
1040383,64,66,67,77,80,nkb,vio,xto,mxe,qhw
1040384,73,75,68,77,74,web,mjw,otr,mxe,ybe
1040385,71,80,74,67,78,wsx,qhw,ybe,xto,flb
1040386,79,61,74,77,68,aky,joq,ybe,mxe,otr
1040387,61,70,71,62,76,joq,dij,wsx,adf,ehg
1040388,69,64,76,61,71,zhy,nkb,ehg,joq,wsx
1040389,62,69,77,61,70,adf,zhy,mxe,joq,dij
1040390,63,72,76,66,68,rgh,zrb,ehg,vio,otr
1040391,67,66,70,69,71,xto,vio,dij,zhy,wsx
1040392,72,73,68,69,76,zrb,web,otr,zhy,ehg
1040393,78,73,74,67,70,flb,web,ybe,xto,dij
1040394,62,72,66,73,71,adf,zrb,vio,web,wsx
1040395,74,65,75,68,63,ybe,edx,mjw,otr,rgh
1040396,77,69,71,70,73,mxe,zhy,wsx,dij,web
1040397,67,66,79,62,65,xto,vio,aky,adf,edx
1040398,67,64,76,72,61,xto,nkb,ehg,zrb,joq
1040399,71,70,80,76,72,wsx,dij,qhw,ehg,zrb
1040400,70,78,66,72,64,dij,flb,vio,zrb,nkb
1040401,62,71,67,80,72,adf,wsx,xto,qhw,zrb
1040402,72,66,76,74,73,zrb,vio,ehg,ybe,web
1040403,70,75,65,69,61,dij,mjw,edx,zhy,joq
1040404,71,68,72,69,61,wsx,otr,zrb,zhy,joq
1040405,71,73,62,75,78,wsx,web,adf,mjw,flb
1040406,70,71,69,72,67,dij,wsx,zhy,zrb,xto
1040407,80,73,77,65,68,qhw,web,mxe,edx,otr
1040408,76,62,75,67,79,ehg,adf,mjw,xto,aky
1040409,74,66,65,69,78,ybe,vio,edx,zhy,flb
1040410,73,79,72,75,67,web,aky,zrb,mjw,xto
1040411,69,78,66,71,65,zhy,flb,vio,wsx,edx
1040412,69,72,80,70,73,zhy,zrb,qhw,dij,web
1040413,78,70,64,62,63,flb,dij,nkb,adf,rgh
1040414,74,71,64,73,61,ybe,wsx,nkb,web,joq
1040415,62,80,77,67,66,adf,qhw,mxe,xto,vio
1040416,79,78,74,70,69,aky,flb,ybe,dij,zhy
1040417,76,72,80,62,78,ehg,zrb,qhw,adf,flb
1040418,66,61,69,74,71,vio,joq,zhy,ybe,wsx
1040419,80,62,64,68,75,qhw,adf,nkb,otr,mjw
1040420,72,74,71,68,78,zrb,ybe,wsx,otr,flb
1040421,65,71,68,79,62,edx,wsx,otr,aky,adf
1040422,70,66,80,79,78,dij,vio,qhw,aky,flb
1040423,70,79,61,63,65,dij,aky,joq,rgh,edx
1040424,68,74,79,71,61,otr,ybe,aky,wsx,joq
1040425,76,66,74,68,64,ehg,vio,ybe,otr,nkb
1040426,70,77,75,78,65,dij,mxe,mjw,flb,edx
1040427,79,63,71,68,69,aky,rgh,wsx,otr,zhy
1040428,74,76,69,80,63,ybe,ehg,zhy,qhw,rgh
1040429,64,62,77,65,76,nkb,adf,mxe,edx,ehg
1040430,79,78,63,62,61,aky,flb,rgh,adf,joq
1040431,64,71,65,75,76,nkb,wsx,edx,mjw,ehg
1040432,72,68,66,64,73,zrb,otr,vio,nkb,web
1040433,68,61,69,77,75,otr,joq,zhy,mxe,mjw
1040434,71,78,70,62,77,wsx,flb,dij,adf,mxe
1040435,70,64,75,67,63,dij,nkb,mjw,xto,rgh
1040436,78,67,75,63,61,flb,xto,mjw,rgh,joq
1040437,74,61,79,66,75,ybe,joq,aky,vio,mjw
1040438,62,80,65,78,71,adf,qhw,edx,flb,wsx
1040439,74,75,63,70,78,ybe,mjw,rgh,dij,flb
1040440,61,67,62,75,64,joq,xto,adf,mjw,nkb
1040441,80,74,62,65,75,qhw,ybe,adf,edx,mjw
1040442,78,61,68,72,70,flb,joq,otr,zrb,dij
1040443,77,80,79,65,62,mxe,qhw,aky,edx,adf
1040444,80,63,66,74,71,qhw,rgh,vio,ybe,wsx
1040445,61,79,63,73,76,joq,aky,rgh,web,ehg
1040446,64,71,63,70,76,nkb,wsx,rgh,dij,ehg
1040447,77,80,65,72,69,mxe,qhw,edx,zrb,zhy
1040448,71,76,78,61,69,wsx,ehg,flb,joq,zhy
1040449,77,70,72,64,80,mxe,dij,zrb,nkb,qhw
1040450,77,80,78,69,65,mxe,qhw,flb,zhy,edx
1040451,65,70,72,76,79,edx,dij,zrb,ehg,aky
1040452,71,70,66,68,64,wsx,dij,vio,otr,nkb
1040453,75,72,71,67,68,mjw,zrb,wsx,xto,otr
1040454,69,77,66,73,71,zhy,mxe,vio,web,wsx
1040455,71,78,73,68,79,wsx,flb,web,otr,aky
1040456,61,62,74,78,69,joq,adf,ybe,flb,zhy
1040457,66,77,70,68,64,vio,mxe,dij,otr,nkb
1040458,80,75,61,76,66,qhw,mjw,joq,ehg,vio
1040459,65,74,64,69,68,edx,ybe,nkb,zhy,otr
1040460,64,72,62,74,73,nkb,zrb,adf,ybe,web
1040461,66,72,70,74,67,vio,zrb,dij,ybe,xto
1040462,61,73,69,80,62,joq,web,zhy,qhw,adf
1040463,71,64,67,66,80,wsx,nkb,xto,vio,qhw
1040464,74,64,66,63,75,ybe,nkb,vio,rgh,mjw
1040465,76,64,63,77,67,ehg,nkb,rgh,mxe,xto
1040466,74,62,76,75,71,ybe,adf,ehg,mjw,wsx
1040467,61,66,69,62,63,joq,vio,zhy,adf,rgh
1040468,80,67,69,65,71,qhw,xto,zhy,edx,wsx
1040469,66,80,70,69,68,vio,qhw,dij,zhy,otr
1040470,69,64,71,67,73,zhy,nkb,wsx,xto,web
1040471,64,76,79,80,61,nkb,ehg,aky,qhw,joq
1040472,78,66,65,72,75,flb,vio,edx,zrb,mjw
1040473,61,79,68,66,65,joq,aky,otr,vio,edx
1040474,75,63,74,73,79,mjw,rgh,ybe,web,aky
1040475,79,62,70,65,74,aky,adf,dij,edx,ybe
1040476,77,73,76,66,71,mxe,web,ehg,vio,wsx
1040477,64,62,71,74,69,nkb,adf,wsx,ybe,zhy
1040478,77,73,79,74,61,mxe,web,aky,ybe,joq
1040479,69,66,79,63,71,zhy,vio,aky,rgh,wsx
1040480,69,65,64,73,67,zhy,edx,nkb,web,xto
1040481,79,61,62,75,66,aky,joq,adf,mjw,vio
1040482,62,70,66,77,75,adf,dij,vio,mxe,mjw
1040483,62,68,63,72,71,adf,otr,rgh,zrb,wsx
1040484,74,78,73,65,76,ybe,flb,web,edx,ehg
1040485,65,77,74,75,61,edx,mxe,ybe,mjw,joq
1040486,77,64,80,74,65,mxe,nkb,qhw,ybe,edx
1040487,80,61,69,68,62,qhw,joq,zhy,otr,adf
1040488,61,62,78,74,75,joq,adf,flb,ybe,mjw
1040489,78,61,69,65,71,flb,joq,zhy,edx,wsx
1040490,77,80,61,67,70,mxe,qhw,joq,xto,dij
1040491,65,74,80,67,77,edx,ybe,qhw,xto,mxe
1040492,78,74,63,79,64,flb,ybe,rgh,aky,nkb
1040493,69,61,66,67,65,zhy,joq,vio,xto,edx
1040494,74,77,76,63,80,ybe,mxe,ehg,rgh,qhw
1040495,64,76,72,65,79,nkb,ehg,zrb,edx,aky
1040496,66,70,61,62,72,vio,dij,joq,adf,zrb
1040497,66,74,78,80,75,vio,ybe,flb,qhw,mjw
1040498,80,78,62,69,73,qhw,flb,adf,zhy,web
1040499,63,67,74,61,71,rgh,xto,ybe,joq,wsx
1040500,68,69,61,79,62,otr,zhy,joq,aky,adf
1040501,67,75,77,63,73,xto,mjw,mxe,rgh,web
1040502,64,79,77,71,63,nkb,aky,mxe,wsx,rgh
1040503,74,61,63,69,79,ybe,joq,rgh,zhy,aky
1040504,75,64,69,62,68,mjw,nkb,zhy,adf,otr
1040505,62,76,68,63,80,adf,ehg,otr,rgh,qhw
1040506,74,62,64,69,68,ybe,adf,nkb,zhy,otr
1040507,63,80,76,75,62,rgh,qhw,ehg,mjw,adf
1040508,73,70,68,66,72,web,dij,otr,vio,zrb
1040509,62,80,74,70,61,adf,qhw,ybe,dij,joq
1040510,78,67,77,72,61,flb,xto,mxe,zrb,joq
1040511,74,76,69,68,80,ybe,ehg,zhy,otr,qhw
1040512,67,68,66,74,78,xto,otr,vio,ybe,flb
1040513,61,63,62,71,79,joq,rgh,adf,wsx,aky
1040514,71,65,64,68,63,wsx,edx,nkb,otr,rgh
1040515,78,74,75,72,71,flb,ybe,mjw,zrb,wsx
1040516,65,76,72,74,77,edx,ehg,zrb,ybe,mxe
1040517,72,71,65,74,75,zrb,wsx,edx,ybe,mjw
1040518,64,72,66,74,80,nkb,zrb,vio,ybe,qhw
1040519,65,70,77,61,75,edx,dij,mxe,joq,mjw
1040520,64,71,77,76,67,nkb,wsx,mxe,ehg,xto
1040521,77,65,72,61,62,mxe,edx,zrb,joq,adf
1040522,76,80,62,74,78,ehg,qhw,adf,ybe,flb
1040523,63,69,70,66,64,rgh,zhy,dij,vio,nkb
1040524,73,67,70,80,61,web,xto,dij,qhw,joq
1040525,70,62,61,67,71,dij,adf,joq,xto,wsx
1040526,71,78,62,64,69,wsx,flb,adf,nkb,zhy
1040527,78,70,62,61,68,flb,dij,adf,joq,otr
1040528,75,70,65,66,74,mjw,dij,edx,vio,ybe
1040529,72,80,61,77,65,zrb,qhw,joq,mxe,edx
1040530,62,70,63,78,75,adf,dij,rgh,flb,mjw
1040531,63,62,69,74,67,rgh,adf,zhy,ybe,xto
1040532,69,77,67,80,64,zhy,mxe,xto,qhw,nkb
1040533,79,73,64,78,62,aky,web,nkb,flb,adf
1040534,78,69,63,64,65,flb,zhy,rgh,nkb,edx
1040535,68,78,63,74,79,otr,flb,rgh,ybe,aky
1040536,66,65,69,73,78,vio,edx,zhy,web,flb
1040537,66,70,62,72,67,vio,dij,adf,zrb,xto
1040538,78,80,63,61,65,flb,qhw,rgh,joq,edx
1040539,71,68,77,79,70,wsx,otr,mxe,aky,dij
1040540,63,62,69,68,64,rgh,adf,zhy,otr,nkb
1040541,72,70,79,65,76,zrb,dij,aky,edx,ehg
1040542,77,64,67,65,79,mxe,nkb,xto,edx,aky
1040543,69,62,70,77,72,zhy,adf,dij,mxe,zrb
1040544,73,65,66,69,72,web,edx,vio,zhy,zrb
1040545,79,61,72,73,62,aky,joq,zrb,web,adf
1040546,72,80,71,62,76,zrb,qhw,wsx,adf,ehg
1040547,70,69,75,77,71,dij,zhy,mjw,mxe,wsx
1040548,67,61,69,63,79,xto,joq,zhy,rgh,aky
1040549,65,74,70,78,68,edx,ybe,dij,flb,otr
1040550,78,63,68,65,67,flb,rgh,otr,edx,xto
1040551,78,71,65,62,67,flb,wsx,edx,adf,xto
1040552,66,68,69,74,77,vio,otr,zhy,ybe,mxe
1040553,80,71,66,73,79,qhw,wsx,vio,web,aky
1040554,64,77,66,68,79,nkb,mxe,vio,otr,aky
1040555,65,62,70,68,76,edx,adf,dij,otr,ehg
1040556,75,69,76,61,74,mjw,zhy,ehg,joq,ybe
1040557,62,77,68,74,71,adf,mxe,otr,ybe,wsx
1040558,75,61,79,70,78,mjw,joq,aky,dij,flb
1040559,75,61,62,65,73,mjw,joq,adf,edx,web
1040560,65,72,75,77,74,edx,zrb,mjw,mxe,ybe
1040561,77,79,78,74,66,mxe,aky,flb,ybe,vio
1040562,65,64,70,71,77,edx,nkb,dij,wsx,mxe
1040563,69,72,79,70,64,zhy,zrb,aky,dij,nkb
1040564,68,67,66,62,65,otr,xto,vio,adf,edx
1040565,77,74,71,78,68,mxe,ybe,wsx,flb,otr
1040566,74,68,73,77,75,ybe,otr,web,mxe,mjw
1040567,61,68,67,70,71,joq,otr,xto,dij,wsx
1040568,80,74,79,67,76,qhw,ybe,aky,xto,ehg
1040569,64,66,70,80,79,nkb,vio,dij,qhw,aky
1040570,62,68,61,75,65,adf,otr,joq,mjw,edx
1040571,72,75,64,67,68,zrb,mjw,nkb,xto,otr
1040572,77,70,74,73,61,mxe,dij,ybe,web,joq
1040573,79,68,72,70,69,aky,otr,zrb,dij,zhy
1040574,64,80,61,62,63,nkb,qhw,joq,adf,rgh
1040575,79,80,78,69,62,aky,qhw,flb,zhy,adf
1040576,72,66,61,69,74,zrb,vio,joq,zhy,ybe
1040577,73,64,61,67,63,web,nkb,joq,xto,rgh
1040578,77,69,76,75,73,mxe,zhy,ehg,mjw,web
1040579,79,76,64,61,63,aky,ehg,nkb,joq,rgh
1040580,69,61,67,76,71,zhy,joq,xto,ehg,wsx
1040581,75,66,62,74,80,mjw,vio,adf,ybe,qhw
1040582,63,64,73,71,80,rgh,nkb,web,wsx,qhw
1040583,67,74,79,62,64,xto,ybe,aky,adf,nkb
1040584,64,67,62,80,68,nkb,xto,adf,qhw,otr
1040585,63,70,67,68,64,rgh,dij,xto,otr,nkb
1040586,67,80,61,75,68,xto,qhw,joq,mjw,otr
1040587,75,77,69,73,61,mjw,mxe,zhy,web,joq
1040588,66,64,70,62,65,vio,nkb,dij,adf,edx
1040589,63,78,74,80,76,rgh,flb,ybe,qhw,ehg
1040590,63,75,67,72,68,rgh,mjw,xto,zrb,otr
1040591,61,63,77,64,76,joq,rgh,mxe,nkb,ehg
1040592,78,63,69,62,65,flb,rgh,zhy,adf,edx
1040593,77,65,64,70,69,mxe,edx,nkb,dij,zhy
1040594,65,80,75,74,76,edx,qhw,mjw,ybe,ehg
1040595,68,77,80,66,72,otr,mxe,qhw,vio,zrb
1040596,65,62,64,67,66,edx,adf,nkb,xto,vio
1040597,65,62,78,79,67,edx,adf,flb,aky,xto
1040598,75,69,73,74,65,mjw,zhy,web,ybe,edx
1040599,64,61,69,63,79,nkb,joq,zhy,rgh,aky
1040600,76,71,62,72,79,ehg,wsx,adf,zrb,aky
1050001,89,97,100,92,93,dve,nmq,kqy,noh,cxs
1050002,85,96,82,91,84,bky,nzs,ihw,pyz,gtj
1050003,99,97,86,90,94,hrw,nmq,dmv,dxh,vlq
1050004,92,95,85,90,91,noh,bua,bky,dxh,pyz
1050005,85,92,96,88,97,bky,noh,nzs,uzc,nmq
1050006,87,85,92,100,97,rgm,bky,noh,kqy,nmq
1050007,83,89,91,98,81,srt,dve,pyz,hmu,bml
1050008,99,92,90,87,100,hrw,noh,dxh,rgm,kqy
1050009,90,98,84,85,86,dxh,hmu,gtj,bky,dmv
1050010,89,100,90,83,99,dve,kqy,dxh,srt,hrw
1050011,98,100,93,97,90,hmu,kqy,cxs,nmq,dxh
1050012,99,90,87,96,85,hrw,dxh,rgm,nzs,bky
1050013,95,92,83,98,94,bua,noh,srt,hmu,vlq
1050014,94,90,83,87,81,vlq,dxh,srt,rgm,bml
1050015,94,90,86,87,99,vlq,dxh,dmv,rgm,hrw
1050016,86,98,82,91,94,dmv,hmu,ihw,pyz,vlq
1050017,82,86,95,89,92,ihw,dmv,bua,dve,noh
1050018,94,99,86,82,91,vlq,hrw,dmv,ihw,pyz
1050019,98,94,88,86,81,hmu,vlq,uzc,dmv,bml
1050020,91,94,85,97,81,pyz,vlq,bky,nmq,bml
1050021,83,92,82,85,90,srt,noh,ihw,bky,dxh
1050022,81,98,99,97,94,bml,hmu,hrw,nmq,vlq
1050023,90,86,96,93,84,dxh,dmv,nzs,cxs,gtj
1050024,83,84,98,85,86,srt,gtj,hmu,bky,dmv
1050025,94,93,100,85,95,vlq,cxs,kqy,bky,bua
1050026,89,99,83,86,93,dve,hrw,srt,dmv,cxs
1050027,92,93,82,90,84,noh,cxs,ihw,dxh,gtj
1050028,85,84,93,100,95,bky,gtj,cxs,kqy,bua
1050029,82,81,94,93,86,ihw,bml,vlq,cxs,dmv
1050030,99,93,98,83,94,hrw,cxs,hmu,srt,vlq
1050031,91,95,86,97,93,pyz,bua,dmv,nmq,cxs
1050032,92,99,90,96,88,noh,hrw,dxh,nzs,uzc
1050033,87,83,85,90,97,rgm,srt,bky,dxh,nmq
1050034,87,86,82,90,94,rgm,dmv,ihw,dxh,vlq
1050035,91,88,100,83,90,pyz,uzc,kqy,srt,dxh
1050036,95,100,83,88,97,bua,kqy,srt,uzc,nmq
1050037,87,98,84,81,89,rgm,hmu,gtj,bml,dve
1050038,83,93,90,100,97,srt,cxs,dxh,kqy,nmq
1050039,99,94,88,89,98,hrw,vlq,uzc,dve,hmu
1050040,97,90,93,95,81,nmq,dxh,cxs,bua,bml
1050041,81,83,86,89,94,bml,srt,dmv,dve,vlq
1050042,88,97,84,94,100,uzc,nmq,gtj,vlq,kqy
1050043,99,89,97,95,91,hrw,dve,nmq,bua,pyz
1050044,89,85,97,95,86,dve,bky,nmq,bua,dmv
1050045,81,82,89,95,92,bml,ihw,dve,bua,noh
1050046,89,82,96,98,99,dve,ihw,nzs,hmu,hrw
1050047,82,96,87,88,94,ihw,nzs,rgm,uzc,vlq
1050048,93,87,97,83,98,cxs,rgm,nmq,srt,hmu
1050049,99,89,83,90,94,hrw,dve,srt,dxh,vlq
1050050,93,81,87,90,86,cxs,bml,rgm,dxh,dmv
1050051,85,83,91,93,84,bky,srt,pyz,cxs,gtj
1050052,93,91,100,90,92,cxs,pyz,kqy,dxh,noh
1050053,86,90,84,92,82,dmv,dxh,gtj,noh,ihw
1050054,96,95,83,100,85,nzs,bua,srt,kqy,bky
1050055,83,81,99,91,87,srt,bml,hrw,pyz,rgm
1050056,85,82,83,99,96,bky,ihw,srt,hrw,nzs
1050057,100,89,94,96,93,kqy,dve,vlq,nzs,cxs
1050058,87,90,98,95,85,rgm,dxh,hmu,bua,bky
1050059,97,91,93,81,99,nmq,pyz,cxs,bml,hrw
1050060,93,82,97,89,85,cxs,ihw,nmq,dve,bky
1050061,92,83,88,82,100,noh,srt,uzc,ihw,kqy
1050062,90,85,88,98,100,dxh,bky,uzc,hmu,kqy
1050063,100,94,84,91,85,kqy,vlq,gtj,pyz,bky
1050064,95,94,85,91,84,bua,vlq,bky,pyz,gtj
1050065,87,92,93,85,94,rgm,noh,cxs,bky,vlq
1050066,81,82,94,96,83,bml,ihw,vlq,nzs,srt
1050067,94,98,88,85,91,vlq,hmu,uzc,bky,pyz
1050068,88,100,92,98,86,uzc,kqy,noh,hmu,dmv
1050069,81,96,99,85,89,bml,nzs,hrw,bky,dve
1050070,98,91,92,94,87,hmu,pyz,noh,vlq,rgm
1050071,97,94,99,91,89,nmq,vlq,hrw,pyz,dve
1050072,97,90,89,92,96,nmq,dxh,dve,noh,nzs
1050073,98,83,85,94,89,hmu,srt,bky,vlq,dve
1050074,90,96,95,89,88,dxh,nzs,bua,dve,uzc
1050075,91,94,87,100,85,pyz,vlq,rgm,kqy,bky
1050076,97,81,88,95,82,nmq,bml,uzc,bua,ihw
1050077,100,96,82,97,88,kqy,nzs,ihw,nmq,uzc
1050078,97,98,91,92,96,nmq,hmu,pyz,noh,nzs
1050079,99,89,93,90,84,hrw,dve,cxs,dxh,gtj
1050080,99,89,96,95,88,hrw,dve,nzs,bua,uzc
1050081,98,93,82,92,84,hmu,cxs,ihw,noh,gtj
1050082,85,95,87,91,89,bky,bua,rgm,pyz,dve
1050083,85,97,92,93,89,bky,nmq,noh,cxs,dve
1050084,98,99,90,83,100,hmu,hrw,dxh,srt,kqy
1050085,89,94,87,90,100,dve,vlq,rgm,dxh,kqy
1050086,82,99,94,100,86,ihw,hrw,vlq,kqy,dmv
1050087,85,93,90,92,98,bky,cxs,dxh,noh,hmu
1050088,81,94,91,86,90,bml,vlq,pyz,dmv,dxh
1050089,97,92,90,93,100,nmq,noh,dxh,cxs,kqy
1050090,91,92,98,94,83,pyz,noh,hmu,vlq,srt
1050091,91,90,81,100,96,pyz,dxh,bml,kqy,nzs
1050092,92,99,88,94,96,noh,hrw,uzc,vlq,nzs
1050093,89,100,95,83,88,dve,kqy,bua,srt,uzc
1050094,100,83,86,89,96,kqy,srt,dmv,dve,nzs
1050095,91,87,99,88,82,pyz,rgm,hrw,uzc,ihw
1050096,94,82,87,85,97,vlq,ihw,rgm,bky,nmq
1050097,98,95,87,84,96,hmu,bua,rgm,gtj,nzs
1050098,96,84,95,100,89,nzs,gtj,bua,kqy,dve
1050099,96,93,98,97,95,nzs,cxs,hmu,nmq,bua
1050100,89,82,99,88,97,dve,ihw,hrw,uzc,nmq
1050101,98,89,88,81,83,hmu,dve,uzc,bml,srt
1050102,98,89,96,82,85,hmu,dve,nzs,ihw,bky
1050103,99,81,89,82,87,hrw,bml,dve,ihw,rgm
1050104,96,88,87,97,94,nzs,uzc,rgm,nmq,vlq
1050105,91,100,92,99,98,pyz,kqy,noh,hrw,hmu
1050106,90,93,95,100,85,dxh,cxs,bua,kqy,bky
1050107,99,95,81,96,100,hrw,bua,bml,nzs,kqy
1050108,82,98,92,91,93,ihw,hmu,noh,pyz,cxs
1050109,87,84,90,98,91,rgm,gtj,dxh,hmu,pyz
1050110,83,96,89,84,97,srt,nzs,dve,gtj,nmq
1050111,96,92,93,99,87,nzs,noh,cxs,hrw,rgm
1050112,85,98,96,91,87,bky,hmu,nzs,pyz,rgm
1050113,99,87,83,98,96,hrw,rgm,srt,hmu,nzs
1050114,90,87,86,83,93,dxh,rgm,dmv,srt,cxs
1050115,94,89,100,87,99,vlq,dve,kqy,rgm,hrw
1050116,83,87,99,84,82,srt,rgm,hrw,gtj,ihw
1050117,95,100,94,87,97,bua,kqy,vlq,rgm,nmq
1050118,96,85,95,90,87,nzs,bky,bua,dxh,rgm
1050119,92,88,99,93,81,noh,uzc,hrw,cxs,bml
1050120,95,97,89,99,98,bua,nmq,dve,hrw,hmu
1050121,93,85,81,84,95,cxs,bky,bml,gtj,bua
1050122,94,84,95,99,90,vlq,gtj,bua,hrw,dxh
1050123,90,95,92,99,82,dxh,bua,noh,hrw,ihw
1050124,91,85,90,96,98,pyz,bky,dxh,nzs,hmu
1050125,98,95,99,87,97,hmu,bua,hrw,rgm,nmq
1050126,86,98,97,88,91,dmv,hmu,nmq,uzc,pyz
1050127,94,93,95,92,99,vlq,cxs,bua,noh,hrw
1050128,96,89,85,97,100,nzs,dve,bky,nmq,kqy
1050129,82,85,97,88,83,ihw,bky,nmq,uzc,srt
1050130,84,85,92,93,100,gtj,bky,noh,cxs,kqy
1050131,94,93,99,82,98,vlq,cxs,hrw,ihw,hmu
1050132,85,95,90,81,88,bky,bua,dxh,bml,uzc
1050133,94,87,89,81,90,vlq,rgm,dve,bml,dxh
1050134,100,81,94,98,97,kqy,bml,vlq,hmu,nmq
1050135,97,100,86,96,85,nmq,kqy,dmv,nzs,bky
1050136,89,85,95,87,97,dve,bky,bua,rgm,nmq
1050137,86,84,93,89,85,dmv,gtj,cxs,dve,bky
1050138,93,87,90,88,97,cxs,rgm,dxh,uzc,nmq
1050139,87,83,84,98,100,rgm,srt,gtj,hmu,kqy
1050140,85,98,93,87,94,bky,hmu,cxs,rgm,vlq
1050141,81,84,94,95,98,bml,gtj,vlq,bua,hmu
1050142,91,90,93,96,85,pyz,dxh,cxs,nzs,bky
1050143,85,97,81,86,91,bky,nmq,bml,dmv,pyz
1050144,95,96,81,88,97,bua,nzs,bml,uzc,nmq
1050145,92,97,100,89,94,noh,nmq,kqy,dve,vlq
1050146,100,94,90,83,81,kqy,vlq,dxh,srt,bml
1050147,100,98,88,86,97,kqy,hmu,uzc,dmv,nmq
1050148,81,89,88,86,98,bml,dve,uzc,dmv,hmu
1050149,95,83,82,94,85,bua,srt,ihw,vlq,bky
1050150,92,99,100,82,84,noh,hrw,kqy,ihw,gtj
1050151,87,98,84,83,96,rgm,hmu,gtj,srt,nzs
1050152,95,88,98,87,91,bua,uzc,hmu,rgm,pyz
1050153,82,89,98,88,99,ihw,dve,hmu,uzc,hrw
1050154,84,87,94,81,99,gtj,rgm,vlq,bml,hrw
1050155,95,91,89,100,99,bua,pyz,dve,kqy,hrw
1050156,97,90,96,98,84,nmq,dxh,nzs,hmu,gtj
1050157,90,92,91,93,89,dxh,noh,pyz,cxs,dve
1050158,82,100,88,95,98,ihw,kqy,uzc,bua,hmu
1050159,89,96,94,91,81,dve,nzs,vlq,pyz,bml
1050160,87,99,95,84,82,rgm,hrw,bua,gtj,ihw
1050161,89,81,93,85,100,dve,bml,cxs,bky,kqy
1050162,93,83,96,97,86,cxs,srt,nzs,nmq,dmv
1050163,91,95,98,87,82,pyz,bua,hmu,rgm,ihw
1050164,93,87,84,89,86,cxs,rgm,gtj,dve,dmv
1050165,86,99,96,92,94,dmv,hrw,nzs,noh,vlq
1050166,84,89,87,93,96,gtj,dve,rgm,cxs,nzs
1050167,81,98,88,99,91,bml,hmu,uzc,hrw,pyz
1050168,87,85,82,99,98,rgm,bky,ihw,hrw,hmu
1050169,94,99,95,88,97,vlq,hrw,bua,uzc,nmq
1050170,99,90,87,88,91,hrw,dxh,rgm,uzc,pyz
1050171,86,91,83,98,90,dmv,pyz,srt,hmu,dxh
1050172,89,85,94,82,88,dve,bky,vlq,ihw,uzc
1050173,94,91,97,100,82,vlq,pyz,nmq,kqy,ihw
1050174,86,93,94,90,87,dmv,cxs,vlq,dxh,rgm
1050175,93,96,88,81,99,cxs,nzs,uzc,bml,hrw
1050176,96,92,99,98,84,nzs,noh,hrw,hmu,gtj
1050177,98,82,81,91,86,hmu,ihw,bml,pyz,dmv
1050178,96,81,92,84,83,nzs,bml,noh,gtj,srt
1050179,89,85,100,99,84,dve,bky,kqy,hrw,gtj
1050180,94,91,83,90,86,vlq,pyz,srt,dxh,dmv
1050181,96,82,94,88,100,nzs,ihw,vlq,uzc,kqy
1050182,97,88,98,92,85,nmq,uzc,hmu,noh,bky
1050183,96,98,100,92,99,nzs,hmu,kqy,noh,hrw
1050184,84,95,87,83,100,gtj,bua,rgm,srt,kqy
1050185,98,100,88,96,95,hmu,kqy,uzc,nzs,bua
1050186,96,89,86,99,98,nzs,dve,dmv,hrw,hmu
1050187,82,99,90,93,97,ihw,hrw,dxh,cxs,nmq
1050188,100,98,94,82,89,kqy,hmu,vlq,ihw,dve
1050189,92,85,84,86,87,noh,bky,gtj,dmv,rgm
1050190,81,99,88,94,98,bml,hrw,uzc,vlq,hmu
1050191,88,84,86,100,81,uzc,gtj,dmv,kqy,bml
1050192,83,95,96,97,94,srt,bua,nzs,nmq,vlq
1050193,98,82,83,93,90,hmu,ihw,srt,cxs,dxh
1050194,87,90,85,83,98,rgm,dxh,bky,srt,hmu
1050195,98,81,84,99,91,hmu,bml,gtj,hrw,pyz
1050196,93,89,85,100,95,cxs,dve,bky,kqy,bua
1050197,93,99,97,84,86,cxs,hrw,nmq,gtj,dmv
1050198,99,93,82,98,96,hrw,cxs,ihw,hmu,nzs
1050199,90,94,81,93,83,dxh,vlq,bml,cxs,srt
1050200,94,85,99,91,81,vlq,bky,hrw,pyz,bml
1050201,90,87,91,88,84,dxh,rgm,pyz,uzc,gtj
1050202,95,96,92,90,82,bua,nzs,noh,dxh,ihw
1050203,97,89,88,99,94,nmq,dve,uzc,hrw,vlq
1050204,83,81,96,82,97,srt,bml,nzs,ihw,nmq
1050205,82,97,81,83,92,ihw,nmq,bml,srt,noh
1050206,100,91,81,92,95,kqy,pyz,bml,noh,bua
1050207,94,91,85,89,99,vlq,pyz,bky,dve,hrw
1050208,87,85,82,84,81,rgm,bky,ihw,gtj,bml
1050209,94,84,81,91,85,vlq,gtj,bml,pyz,bky
1050210,82,88,87,83,89,ihw,uzc,rgm,srt,dve
1050211,93,81,87,89,95,cxs,bml,rgm,dve,bua
1050212,96,91,82,92,81,nzs,pyz,ihw,noh,bml
1050213,96,90,91,86,93,nzs,dxh,pyz,dmv,cxs
1050214,90,87,92,88,97,dxh,rgm,noh,uzc,nmq
1050215,83,82,92,90,88,srt,ihw,noh,dxh,uzc
1050216,100,85,93,88,94,kqy,bky,cxs,uzc,vlq
1050217,91,86,98,81,88,pyz,dmv,hmu,bml,uzc
1050218,91,96,94,83,98,pyz,nzs,vlq,srt,hmu
1050219,91,96,93,98,87,pyz,nzs,cxs,hmu,rgm
1050220,81,85,82,100,90,bml,bky,ihw,kqy,dxh
1050221,81,91,98,93,86,bml,pyz,hmu,cxs,dmv
1050222,92,87,85,83,99,noh,rgm,bky,srt,hrw
1050223,86,90,89,98,95,dmv,dxh,dve,hmu,bua
1050224,83,88,99,98,86,srt,uzc,hrw,hmu,dmv
1050225,94,90,98,83,85,vlq,dxh,hmu,srt,bky
1050226,94,85,82,93,98,vlq,bky,ihw,cxs,hmu
1050227,94,92,100,96,85,vlq,noh,kqy,nzs,bky
1050228,88,92,87,84,82,uzc,noh,rgm,gtj,ihw
1050229,97,98,94,85,100,nmq,hmu,vlq,bky,kqy
1050230,83,93,82,84,97,srt,cxs,ihw,gtj,nmq
1050231,98,81,100,87,97,hmu,bml,kqy,rgm,nmq
1050232,81,85,99,87,86,bml,bky,hrw,rgm,dmv
1050233,86,98,92,96,97,dmv,hmu,noh,nzs,nmq
1050234,100,99,89,82,90,kqy,hrw,dve,ihw,dxh
1050235,88,97,87,86,90,uzc,nmq,rgm,dmv,dxh
1050236,82,96,93,99,88,ihw,nzs,cxs,hrw,uzc
1050237,85,87,86,91,92,bky,rgm,dmv,pyz,noh
1050238,89,97,87,83,81,dve,nmq,rgm,srt,bml
1050239,98,85,84,82,94,hmu,bky,gtj,ihw,vlq
1050240,81,93,88,96,90,bml,cxs,uzc,nzs,dxh
1050241,98,84,97,86,82,hmu,gtj,nmq,dmv,ihw
1050242,93,81,92,97,88,cxs,bml,noh,nmq,uzc
1050243,89,92,99,85,96,dve,noh,hrw,bky,nzs
1050244,86,94,97,96,83,dmv,vlq,nmq,nzs,srt
1050245,83,98,93,89,92,srt,hmu,cxs,dve,noh
1050246,85,94,82,90,96,bky,vlq,ihw,dxh,nzs
1050247,86,82,93,96,99,dmv,ihw,cxs,nzs,hrw
1050248,82,99,85,96,100,ihw,hrw,bky,nzs,kqy
1050249,100,96,99,86,95,kqy,nzs,hrw,dmv,bua
1050250,84,91,99,86,85,gtj,pyz,hrw,dmv,bky
1050251,99,94,81,91,82,hrw,vlq,bml,pyz,ihw
1050252,86,89,97,88,100,dmv,dve,nmq,uzc,kqy
1050253,84,85,98,95,99,gtj,bky,hmu,bua,hrw
1050254,98,96,92,82,85,hmu,nzs,noh,ihw,bky
1050255,85,83,90,98,89,bky,srt,dxh,hmu,dve
1050256,96,95,92,97,81,nzs,bua,noh,nmq,bml
1050257,81,88,98,96,91,bml,uzc,hmu,nzs,pyz
1050258,95,81,84,99,82,bua,bml,gtj,hrw,ihw
1050259,85,81,82,86,93,bky,bml,ihw,dmv,cxs
1050260,82,81,88,94,87,ihw,bml,uzc,vlq,rgm
1050261,94,93,87,83,90,vlq,cxs,rgm,srt,dxh
1050262,95,91,81,97,99,bua,pyz,bml,nmq,hrw
1050263,81,97,82,90,94,bml,nmq,ihw,dxh,vlq
1050264,83,88,81,97,93,srt,uzc,bml,nmq,cxs
1050265,82,90,94,84,87,ihw,dxh,vlq,gtj,rgm
1050266,100,87,94,86,89,kqy,rgm,vlq,dmv,dve
1050267,87,97,96,100,83,rgm,nmq,nzs,kqy,srt
1050268,97,98,95,85,81,nmq,hmu,bua,bky,bml
1050269,82,100,81,88,95,ihw,kqy,bml,uzc,bua
1050270,98,86,87,94,82,hmu,dmv,rgm,vlq,ihw
1050271,82,100,87,99,98,ihw,kqy,rgm,hrw,hmu
1050272,98,97,94,92,90,hmu,nmq,vlq,noh,dxh
1050273,84,81,85,88,86,gtj,bml,bky,uzc,dmv
1050274,91,82,87,84,98,pyz,ihw,rgm,gtj,hmu
1050275,81,86,93,100,89,bml,dmv,cxs,kqy,dve
1050276,86,81,100,89,98,dmv,bml,kqy,dve,hmu
1050277,93,97,86,95,87,cxs,nmq,dmv,bua,rgm
1050278,95,81,89,85,83,bua,bml,dve,bky,srt
1050279,99,97,85,88,100,hrw,nmq,bky,uzc,kqy
1050280,89,82,94,99,92,dve,ihw,vlq,hrw,noh
1050281,97,94,87,98,90,nmq,vlq,rgm,hmu,dxh
1050282,99,86,88,98,89,hrw,dmv,uzc,hmu,dve
1050283,94,88,97,93,92,vlq,uzc,nmq,cxs,noh
1050284,87,92,98,97,81,rgm,noh,hmu,nmq,bml
1050285,81,97,82,100,96,bml,nmq,ihw,kqy,nzs
1050286,96,98,89,86,83,nzs,hmu,dve,dmv,srt
1050287,90,92,85,86,99,dxh,noh,bky,dmv,hrw
1050288,93,96,100,97,87,cxs,nzs,kqy,nmq,rgm
1050289,88,94,92,84,93,uzc,vlq,noh,gtj,cxs
1050290,89,95,99,87,94,dve,bua,hrw,rgm,vlq
1050291,89,98,87,100,86,dve,hmu,rgm,kqy,dmv
1050292,96,100,97,98,91,nzs,kqy,nmq,hmu,pyz
1050293,84,87,93,98,81,gtj,rgm,cxs,hmu,bml
1050294,97,82,85,89,92,nmq,ihw,bky,dve,noh
1050295,93,92,95,94,85,cxs,noh,bua,vlq,bky
1050296,82,99,89,98,92,ihw,hrw,dve,hmu,noh
1050297,89,86,97,95,87,dve,dmv,nmq,bua,rgm
1050298,84,96,82,98,95,gtj,nzs,ihw,hmu,bua
1050299,81,95,83,87,91,bml,bua,srt,rgm,pyz
1050300,90,82,100,94,83,dxh,ihw,kqy,vlq,srt
1050301,85,88,87,86,95,bky,uzc,rgm,dmv,bua
1050302,86,85,95,100,84,dmv,bky,bua,kqy,gtj
1050303,84,89,97,81,83,gtj,dve,nmq,bml,srt
1050304,83,84,88,95,87,srt,gtj,uzc,bua,rgm
1050305,81,94,98,95,96,bml,vlq,hmu,bua,nzs
1050306,85,98,88,99,93,bky,hmu,uzc,hrw,cxs
1050307,91,86,89,88,100,pyz,dmv,dve,uzc,kqy
1050308,100,97,87,89,86,kqy,nmq,rgm,dve,dmv
1050309,98,83,88,82,87,hmu,srt,uzc,ihw,rgm
1050310,86,84,96,87,92,dmv,gtj,nzs,rgm,noh
1050311,96,83,84,92,99,nzs,srt,gtj,noh,hrw
1050312,91,90,89,99,93,pyz,dxh,dve,hrw,cxs
1050313,91,81,86,98,89,pyz,bml,dmv,hmu,dve
1050314,90,81,96,89,98,dxh,bml,nzs,dve,hmu
1050315,87,96,93,85,81,rgm,nzs,cxs,bky,bml
1050316,94,89,85,88,81,vlq,dve,bky,uzc,bml
1050317,87,99,86,81,100,rgm,hrw,dmv,bml,kqy
1050318,85,92,94,95,82,bky,noh,vlq,bua,ihw
1050319,84,100,93,99,91,gtj,kqy,cxs,hrw,pyz
1050320,92,84,93,81,94,noh,gtj,cxs,bml,vlq
1050321,89,95,81,94,100,dve,bua,bml,vlq,kqy
1050322,82,90,92,95,99,ihw,dxh,noh,bua,hrw
1050323,88,92,81,93,96,uzc,noh,bml,cxs,nzs
1050324,99,83,84,93,94,hrw,srt,gtj,cxs,vlq
1050325,91,93,94,81,87,pyz,cxs,vlq,bml,rgm
1050326,83,92,95,97,88,srt,noh,bua,nmq,uzc
1050327,96,91,93,83,97,nzs,pyz,cxs,srt,nmq
1050328,90,81,98,88,89,dxh,bml,hmu,uzc,dve
1050329,82,90,86,100,88,ihw,dxh,dmv,kqy,uzc
1050330,85,92,89,88,90,bky,noh,dve,uzc,dxh
1050331,94,99,81,82,97,vlq,hrw,bml,ihw,nmq
1050332,92,99,81,82,83,noh,hrw,bml,ihw,srt
1050333,85,83,95,96,91,bky,srt,bua,nzs,pyz
1050334,81,95,97,82,100,bml,bua,nmq,ihw,kqy
1050335,86,89,87,92,94,dmv,dve,rgm,noh,vlq
1050336,85,97,89,82,90,bky,nmq,dve,ihw,dxh
1050337,88,97,98,95,86,uzc,nmq,hmu,bua,dmv
1050338,97,87,91,98,86,nmq,rgm,pyz,hmu,dmv
1050339,90,93,96,94,97,dxh,cxs,nzs,vlq,nmq
1050340,89,97,92,91,86,dve,nmq,noh,pyz,dmv
1050341,86,96,89,94,97,dmv,nzs,dve,vlq,nmq
1050342,89,88,99,100,93,dve,uzc,hrw,kqy,cxs
1050343,88,97,91,94,86,uzc,nmq,pyz,vlq,dmv
1050344,87,88,92,89,83,rgm,uzc,noh,dve,srt
1050345,82,84,91,92,90,ihw,gtj,pyz,noh,dxh
1050346,87,94,95,86,83,rgm,vlq,bua,dmv,srt
1050347,91,81,86,83,97,pyz,bml,dmv,srt,nmq
1050348,81,84,97,100,82,bml,gtj,nmq,kqy,ihw
1050349,90,87,85,96,92,dxh,rgm,bky,nzs,noh
1050350,83,98,84,100,96,srt,hmu,gtj,kqy,nzs
1050351,97,95,91,99,89,nmq,bua,pyz,hrw,dve
1050352,100,87,89,96,90,kqy,rgm,dve,nzs,dxh
1050353,86,90,87,83,91,dmv,dxh,rgm,srt,pyz
1050354,93,84,99,95,82,cxs,gtj,hrw,bua,ihw
1050355,97,100,86,85,95,nmq,kqy,dmv,bky,bua
1050356,84,91,81,94,88,gtj,pyz,bml,vlq,uzc
1050357,98,86,97,81,87,hmu,dmv,nmq,bml,rgm
1050358,97,83,93,85,86,nmq,srt,cxs,bky,dmv
1050359,97,96,88,85,83,nmq,nzs,uzc,bky,srt
1050360,98,88,92,97,93,hmu,uzc,noh,nmq,cxs
1050361,82,86,85,92,88,ihw,dmv,bky,noh,uzc
1050362,93,94,86,98,83,cxs,vlq,dmv,hmu,srt
1050363,94,96,95,92,89,vlq,nzs,bua,noh,dve
1050364,81,98,95,82,94,bml,hmu,bua,ihw,vlq
1050365,93,96,91,99,95,cxs,nzs,pyz,hrw,bua
1050366,92,84,90,81,95,noh,gtj,dxh,bml,bua
1050367,85,87,99,96,97,bky,rgm,hrw,nzs,nmq
1050368,85,82,95,100,94,bky,ihw,bua,kqy,vlq
1050369,83,91,92,87,97,srt,pyz,noh,rgm,nmq
1050370,95,90,86,84,96,bua,dxh,dmv,gtj,nzs
1050371,87,95,90,99,97,rgm,bua,dxh,hrw,nmq
1050372,94,92,88,86,84,vlq,noh,uzc,dmv,gtj
1050373,94,88,95,87,81,vlq,uzc,bua,rgm,bml
1050374,100,97,90,89,93,kqy,nmq,dxh,dve,cxs
1050375,100,87,86,93,94,kqy,rgm,dmv,cxs,vlq
1050376,91,97,100,86,93,pyz,nmq,kqy,dmv,cxs
1050377,100,98,93,91,81,kqy,hmu,cxs,pyz,bml
1050378,81,92,99,97,91,bml,noh,hrw,nmq,pyz
1050379,85,99,100,91,96,bky,hrw,kqy,pyz,nzs
1050380,98,90,95,93,82,hmu,dxh,bua,cxs,ihw
1050381,100,85,93,82,88,kqy,bky,cxs,ihw,uzc
1050382,90,95,87,93,94,dxh,bua,rgm,cxs,vlq
1050383,84,86,87,97,100,gtj,dmv,rgm,nmq,kqy
1050384,93,95,88,97,94,cxs,bua,uzc,nmq,vlq
1050385,91,100,94,87,98,pyz,kqy,vlq,rgm,hmu
1050386,99,81,94,97,88,hrw,bml,vlq,nmq,uzc
1050387,81,90,91,82,96,bml,dxh,pyz,ihw,nzs
1050388,89,84,96,81,91,dve,gtj,nzs,bml,pyz
1050389,82,89,97,81,90,ihw,dve,nmq,bml,dxh
1050390,83,92,96,86,88,srt,noh,nzs,dmv,uzc
1050391,87,86,90,89,91,rgm,dmv,dxh,dve,pyz
1050392,92,93,88,89,96,noh,cxs,uzc,dve,nzs
1050393,98,93,94,87,90,hmu,cxs,vlq,rgm,dxh
1050394,82,92,86,93,91,ihw,noh,dmv,cxs,pyz
1050395,94,85,95,88,83,vlq,bky,bua,uzc,srt
1050396,97,89,91,90,93,nmq,dve,pyz,dxh,cxs
1050397,87,86,99,82,85,rgm,dmv,hrw,ihw,bky
1050398,87,84,96,92,81,rgm,gtj,nzs,noh,bml
1050399,91,90,100,96,92,pyz,dxh,kqy,nzs,noh
1050400,90,98,86,92,84,dxh,hmu,dmv,noh,gtj
1050401,82,91,87,100,92,ihw,pyz,rgm,kqy,noh
1050402,92,86,96,94,93,noh,dmv,nzs,vlq,cxs
1050403,90,95,85,89,81,dxh,bua,bky,dve,bml
1050404,91,88,92,89,81,pyz,uzc,noh,dve,bml
1050405,91,93,82,95,98,pyz,cxs,ihw,bua,hmu
1050406,90,91,89,92,87,dxh,pyz,dve,noh,rgm
1050407,100,93,97,85,88,kqy,cxs,nmq,bky,uzc
1050408,96,82,95,87,99,nzs,ihw,bua,rgm,hrw
1050409,94,86,85,89,98,vlq,dmv,bky,dve,hmu
1050410,93,99,92,95,87,cxs,hrw,noh,bua,rgm
1050411,89,98,86,91,85,dve,hmu,dmv,pyz,bky
1050412,89,92,100,90,93,dve,noh,kqy,dxh,cxs
1050413,98,90,84,82,83,hmu,dxh,gtj,ihw,srt
1050414,94,91,84,93,81,vlq,pyz,gtj,cxs,bml
1050415,82,100,97,87,86,ihw,kqy,nmq,rgm,dmv
1050416,99,98,94,90,89,hrw,hmu,vlq,dxh,dve
1050417,96,92,100,82,98,nzs,noh,kqy,ihw,hmu
1050418,86,81,89,94,91,dmv,bml,dve,vlq,pyz
1050419,100,82,84,88,95,kqy,ihw,gtj,uzc,bua
1050420,92,94,91,88,98,noh,vlq,pyz,uzc,hmu
1050421,85,91,88,99,82,bky,pyz,uzc,hrw,ihw
1050422,90,86,100,99,98,dxh,dmv,kqy,hrw,hmu
1050423,90,99,81,83,85,dxh,hrw,bml,srt,bky
1050424,88,94,99,91,81,uzc,vlq,hrw,pyz,bml
1050425,96,86,94,88,84,nzs,dmv,vlq,uzc,gtj
1050426,90,97,95,98,85,dxh,nmq,bua,hmu,bky
1050427,99,83,91,88,89,hrw,srt,pyz,uzc,dve
1050428,94,96,89,100,83,vlq,nzs,dve,kqy,srt
1050429,84,82,97,85,96,gtj,ihw,nmq,bky,nzs
1050430,99,98,83,82,81,hrw,hmu,srt,ihw,bml
1050431,84,91,85,95,96,gtj,pyz,bky,bua,nzs
1050432,92,88,86,84,93,noh,uzc,dmv,gtj,cxs
1050433,88,81,89,97,95,uzc,bml,dve,nmq,bua
1050434,91,98,90,82,97,pyz,hmu,dxh,ihw,nmq
1050435,90,84,95,87,83,dxh,gtj,bua,rgm,srt
1050436,98,87,95,83,81,hmu,rgm,bua,srt,bml
1050437,94,81,99,86,95,vlq,bml,hrw,dmv,bua
1050438,82,100,85,98,91,ihw,kqy,bky,hmu,pyz
1050439,94,95,83,90,98,vlq,bua,srt,dxh,hmu
1050440,81,87,82,95,84,bml,rgm,ihw,bua,gtj
1050441,100,94,82,85,95,kqy,vlq,ihw,bky,bua
1050442,98,81,88,92,90,hmu,bml,uzc,noh,dxh
1050443,97,100,99,85,82,nmq,kqy,hrw,bky,ihw
1050444,100,83,86,94,91,kqy,srt,dmv,vlq,pyz
1050445,81,99,83,93,96,bml,hrw,srt,cxs,nzs
1050446,84,91,83,90,96,gtj,pyz,srt,dxh,nzs
1050447,97,100,85,92,89,nmq,kqy,bky,noh,dve
1050448,91,96,98,81,89,pyz,nzs,hmu,bml,dve
1050449,97,90,92,84,100,nmq,dxh,noh,gtj,kqy
1050450,97,100,98,89,85,nmq,kqy,hmu,dve,bky
1050451,85,90,92,96,99,bky,dxh,noh,nzs,hrw
1050452,91,90,86,88,84,pyz,dxh,dmv,uzc,gtj
1050453,95,92,91,87,88,bua,noh,pyz,rgm,uzc
1050454,89,97,86,93,91,dve,nmq,dmv,cxs,pyz
1050455,91,98,93,88,99,pyz,hmu,cxs,uzc,hrw
1050456,81,82,94,98,89,bml,ihw,vlq,hmu,dve
1050457,86,97,90,88,84,dmv,nmq,dxh,uzc,gtj
1050458,100,95,81,96,86,kqy,bua,bml,nzs,dmv
1050459,85,94,84,89,88,bky,vlq,gtj,dve,uzc
1050460,84,92,82,94,93,gtj,noh,ihw,vlq,cxs
1050461,86,92,90,94,87,dmv,noh,dxh,vlq,rgm
1050462,81,93,89,100,82,bml,cxs,dve,kqy,ihw
1050463,91,84,87,86,100,pyz,gtj,rgm,dmv,kqy
1050464,94,84,86,83,95,vlq,gtj,dmv,srt,bua
1050465,96,84,83,97,87,nzs,gtj,srt,nmq,rgm
1050466,94,82,96,95,91,vlq,ihw,nzs,bua,pyz
1050467,81,86,89,82,83,bml,dmv,dve,ihw,srt
1050468,100,87,89,85,91,kqy,rgm,dve,bky,pyz
1050469,86,100,90,89,88,dmv,kqy,dxh,dve,uzc
1050470,89,84,91,87,93,dve,gtj,pyz,rgm,cxs
1050471,84,96,99,100,81,gtj,nzs,hrw,kqy,bml
1050472,98,86,85,92,95,hmu,dmv,bky,noh,bua
1050473,81,99,88,86,85,bml,hrw,uzc,dmv,bky
1050474,95,83,94,93,99,bua,srt,vlq,cxs,hrw
1050475,99,82,90,85,94,hrw,ihw,dxh,bky,vlq
1050476,97,93,96,86,91,nmq,cxs,nzs,dmv,pyz
1050477,84,82,91,94,89,gtj,ihw,pyz,vlq,dve
1050478,97,93,99,94,81,nmq,cxs,hrw,vlq,bml
1050479,89,86,99,83,91,dve,dmv,hrw,srt,pyz
1050480,89,85,84,93,87,dve,bky,gtj,cxs,rgm
1050481,99,81,82,95,86,hrw,bml,ihw,bua,dmv
1050482,82,90,86,97,95,ihw,dxh,dmv,nmq,bua
1050483,82,88,83,92,91,ihw,uzc,srt,noh,pyz
1050484,94,98,93,85,96,vlq,hmu,cxs,bky,nzs
1050485,85,97,94,95,81,bky,nmq,vlq,bua,bml
1050486,97,84,100,94,85,nmq,gtj,kqy,vlq,bky
1050487,100,81,89,88,82,kqy,bml,dve,uzc,ihw
1050488,81,82,98,94,95,bml,ihw,hmu,vlq,bua
1050489,98,81,89,85,91,hmu,bml,dve,bky,pyz
1050490,97,100,81,87,90,nmq,kqy,bml,rgm,dxh
1050491,85,94,100,87,97,bky,vlq,kqy,rgm,nmq
1050492,98,94,83,99,84,hmu,vlq,srt,hrw,gtj
1050493,89,81,86,87,85,dve,bml,dmv,rgm,bky
1050494,94,97,96,83,100,vlq,nmq,nzs,srt,kqy
1050495,84,96,92,85,99,gtj,nzs,noh,bky,hrw
1050496,86,90,81,82,92,dmv,dxh,bml,ihw,noh
1050497,86,94,98,100,95,dmv,vlq,hmu,kqy,bua
1050498,100,98,82,89,93,kqy,hmu,ihw,dve,cxs
1050499,83,87,94,81,91,srt,rgm,vlq,bml,pyz
1050500,88,89,81,99,82,uzc,dve,bml,hrw,ihw
1050501,87,95,97,83,93,rgm,bua,nmq,srt,cxs
1050502,84,99,97,91,83,gtj,hrw,nmq,pyz,srt
1050503,94,81,83,89,99,vlq,bml,srt,dve,hrw
1050504,95,84,89,82,88,bua,gtj,dve,ihw,uzc
1050505,82,96,88,83,100,ihw,nzs,uzc,srt,kqy
1050506,94,82,84,89,88,vlq,ihw,gtj,dve,uzc
1050507,83,100,96,95,82,srt,kqy,nzs,bua,ihw
1050508,93,90,88,86,92,cxs,dxh,uzc,dmv,noh
1050509,82,100,94,90,81,ihw,kqy,vlq,dxh,bml
1050510,98,87,97,92,81,hmu,rgm,nmq,noh,bml
1050511,94,96,89,88,100,vlq,nzs,dve,uzc,kqy
1050512,87,88,86,94,98,rgm,uzc,dmv,vlq,hmu
1050513,81,83,82,91,99,bml,srt,ihw,pyz,hrw
1050514,91,85,84,88,83,pyz,bky,gtj,uzc,srt
1050515,98,94,95,92,91,hmu,vlq,bua,noh,pyz
1050516,85,96,92,94,97,bky,nzs,noh,vlq,nmq
1050517,92,91,85,94,95,noh,pyz,bky,vlq,bua
1050518,84,92,86,94,100,gtj,noh,dmv,vlq,kqy
1050519,85,90,97,81,95,bky,dxh,nmq,bml,bua
1050520,84,91,97,96,87,gtj,pyz,nmq,nzs,rgm
1050521,97,85,92,81,82,nmq,bky,noh,bml,ihw
1050522,96,100,82,94,98,nzs,kqy,ihw,vlq,hmu
1050523,83,89,90,86,84,srt,dve,dxh,dmv,gtj
1050524,93,87,90,100,81,cxs,rgm,dxh,kqy,bml
1050525,90,82,81,87,91,dxh,ihw,bml,rgm,pyz
1050526,91,98,82,84,89,pyz,hmu,ihw,gtj,dve
1050527,98,90,82,81,88,hmu,dxh,ihw,bml,uzc
1050528,95,90,85,86,94,bua,dxh,bky,dmv,vlq
1050529,92,100,81,97,85,noh,kqy,bml,nmq,bky
1050530,82,90,83,98,95,ihw,dxh,srt,hmu,bua
1050531,83,82,89,94,87,srt,ihw,dve,vlq,rgm
1050532,89,97,87,100,84,dve,nmq,rgm,kqy,gtj
1050533,99,93,84,98,82,hrw,cxs,gtj,hmu,ihw
1050534,98,89,83,84,85,hmu,dve,srt,gtj,bky
1050535,88,98,83,94,99,uzc,hmu,srt,vlq,hrw
1050536,86,85,89,93,98,dmv,bky,dve,cxs,hmu
1050537,86,90,82,92,87,dmv,dxh,ihw,noh,rgm
1050538,98,100,83,81,85,hmu,kqy,srt,bml,bky
1050539,91,88,97,99,90,pyz,uzc,nmq,hrw,dxh
1050540,83,82,89,88,84,srt,ihw,dve,uzc,gtj
1050541,92,90,99,85,96,noh,dxh,hrw,bky,nzs
1050542,97,84,87,85,99,nmq,gtj,rgm,bky,hrw
1050543,89,82,90,97,92,dve,ihw,dxh,nmq,noh
1050544,93,85,86,89,92,cxs,bky,dmv,dve,noh
1050545,99,81,92,93,82,hrw,bml,noh,cxs,ihw
1050546,92,100,91,82,96,noh,kqy,pyz,ihw,nzs
1050547,90,89,95,97,91,dxh,dve,bua,nmq,pyz
1050548,87,81,89,83,99,rgm,bml,dve,srt,hrw
1050549,85,94,90,98,88,bky,vlq,dxh,hmu,uzc
1050550,98,83,88,85,87,hmu,srt,uzc,bky,rgm
1050551,98,91,85,82,87,hmu,pyz,bky,ihw,rgm
1050552,86,88,89,94,97,dmv,uzc,dve,vlq,nmq
1050553,100,91,86,93,99,kqy,pyz,dmv,cxs,hrw
1050554,84,97,86,88,99,gtj,nmq,dmv,uzc,hrw
1050555,85,82,90,88,96,bky,ihw,dxh,uzc,nzs
1050556,95,89,96,81,94,bua,dve,nzs,bml,vlq
1050557,82,97,88,94,91,ihw,nmq,uzc,vlq,pyz
1050558,95,81,99,90,98,bua,bml,hrw,dxh,hmu
1050559,95,81,82,85,93,bua,bml,ihw,bky,cxs
1050560,85,92,95,97,94,bky,noh,bua,nmq,vlq
1050561,97,99,98,94,86,nmq,hrw,hmu,vlq,dmv
1050562,85,84,90,91,97,bky,gtj,dxh,pyz,nmq
1050563,89,92,99,90,84,dve,noh,hrw,dxh,gtj
1050564,88,87,86,82,85,uzc,rgm,dmv,ihw,bky
1050565,97,94,91,98,88,nmq,vlq,pyz,hmu,uzc
1050566,94,88,93,97,95,vlq,uzc,cxs,nmq,bua
1050567,81,88,87,90,91,bml,uzc,rgm,dxh,pyz
1050568,100,94,99,87,96,kqy,vlq,hrw,rgm,nzs
1050569,84,86,90,100,99,gtj,dmv,dxh,kqy,hrw
1050570,82,88,81,95,85,ihw,uzc,bml,bua,bky
1050571,92,95,84,87,88,noh,bua,gtj,rgm,uzc
1050572,97,90,94,93,81,nmq,dxh,vlq,cxs,bml
1050573,99,88,92,90,89,hrw,uzc,noh,dxh,dve
1050574,84,100,81,82,83,gtj,kqy,bml,ihw,srt
1050575,99,100,98,89,82,hrw,kqy,hmu,dve,ihw
1050576,92,86,81,89,94,noh,dmv,bml,dve,vlq
1050577,93,84,81,87,83,cxs,gtj,bml,rgm,srt
1050578,97,89,96,95,93,nmq,dve,nzs,bua,cxs
1050579,99,96,84,81,83,hrw,nzs,gtj,bml,srt
1050580,89,81,87,96,91,dve,bml,rgm,nzs,pyz
1050581,95,86,82,94,100,bua,dmv,ihw,vlq,kqy
1050582,83,84,93,91,100,srt,gtj,cxs,pyz,kqy
1050583,87,94,99,82,84,rgm,vlq,hrw,ihw,gtj
1050584,84,87,82,100,88,gtj,rgm,ihw,kqy,uzc
1050585,83,90,87,88,84,srt,dxh,rgm,uzc,gtj
1050586,87,100,81,95,88,rgm,kqy,bml,bua,uzc
1050587,95,97,89,93,81,bua,nmq,dve,cxs,bml
1050588,86,84,90,82,85,dmv,gtj,dxh,ihw,bky
1050589,83,98,94,100,96,srt,hmu,vlq,kqy,nzs
1050590,83,95,87,92,88,srt,bua,rgm,noh,uzc
1050591,81,83,97,84,96,bml,srt,nmq,gtj,nzs
1050592,98,83,89,82,85,hmu,srt,dve,ihw,bky
1050593,97,85,84,90,89,nmq,bky,gtj,dxh,dve
1050594,85,100,95,94,96,bky,kqy,bua,vlq,nzs
1050595,88,97,100,86,92,uzc,nmq,kqy,dmv,noh
1050596,85,82,84,87,86,bky,ihw,gtj,rgm,dmv
1050597,85,82,98,99,87,bky,ihw,hmu,hrw,rgm
1050598,95,89,93,94,85,bua,dve,cxs,vlq,bky
1050599,84,81,89,83,99,gtj,bml,dve,srt,hrw
1050600,96,91,82,92,99,nzs,pyz,ihw,noh,hrw
1060001,109,117,120,112,113,nkl,xzq,gfa,kqp,hot
1060002,105,116,102,111,104,she,zew,xfc,nfm,aln
1060003,119,117,106,110,114,tvx,xzq,kwx,gjp,nvj
1060004,112,115,105,110,111,kqp,sxz,she,gjp,nfm
1060005,105,112,116,108,117,she,kqp,zew,isj,xzq
1060006,107,105,112,120,117,roq,she,kqp,gfa,xzq
1060007,103,109,111,118,101,knr,nkl,nfm,tqc,wfd
1060008,119,112,110,107,120,tvx,kqp,gjp,roq,gfa
1060009,110,118,104,105,106,gjp,tqc,aln,she,kwx
1060010,109,120,110,103,119,nkl,gfa,gjp,knr,tvx
1060011,118,120,113,117,110,tqc,gfa,hot,xzq,gjp
1060012,119,110,107,116,105,tvx,gjp,roq,zew,she
1060013,115,112,103,118,114,sxz,kqp,knr,tqc,nvj
1060014,114,110,103,107,101,nvj,gjp,knr,roq,wfd
1060015,114,110,106,107,119,nvj,gjp,kwx,roq,tvx
1060016,106,118,102,111,114,kwx,tqc,xfc,nfm,nvj
1060017,102,106,115,109,112,xfc,kwx,sxz,nkl,kqp
1060018,114,119,106,102,111,nvj,tvx,kwx,xfc,nfm
1060019,118,114,108,106,101,tqc,nvj,isj,kwx,wfd
1060020,111,114,105,117,101,nfm,nvj,she,xzq,wfd
1060021,103,112,102,105,110,knr,kqp,xfc,she,gjp
1060022,101,118,119,117,114,wfd,tqc,tvx,xzq,nvj
1060023,110,106,116,113,104,gjp,kwx,zew,hot,aln
1060024,103,104,118,105,106,knr,aln,tqc,she,kwx
1060025,114,113,120,105,115,nvj,hot,gfa,she,sxz
1060026,109,119,103,106,113,nkl,tvx,knr,kwx,hot
1060027,112,113,102,110,104,kqp,hot,xfc,gjp,aln
1060028,105,104,113,120,115,she,aln,hot,gfa,sxz
1060029,102,101,114,113,106,xfc,wfd,nvj,hot,kwx
1060030,119,113,118,103,114,tvx,hot,tqc,knr,nvj
1060031,111,115,106,117,113,nfm,sxz,kwx,xzq,hot
1060032,112,119,110,116,108,kqp,tvx,gjp,zew,isj
1060033,107,103,105,110,117,roq,knr,she,gjp,xzq
1060034,107,106,102,110,114,roq,kwx,xfc,gjp,nvj
1060035,111,108,120,103,110,nfm,isj,gfa,knr,gjp
1060036,115,120,103,108,117,sxz,gfa,knr,isj,xzq
1060037,107,118,104,101,109,roq,tqc,aln,wfd,nkl
1060038,103,113,110,120,117,knr,hot,gjp,gfa,xzq
1060039,119,114,108,109,118,tvx,nvj,isj,nkl,tqc
1060040,117,110,113,115,101,xzq,gjp,hot,sxz,wfd
1060041,101,103,106,109,114,wfd,knr,kwx,nkl,nvj
1060042,108,117,104,114,120,isj,xzq,aln,nvj,gfa
1060043,119,109,117,115,111,tvx,nkl,xzq,sxz,nfm
1060044,109,105,117,115,106,nkl,she,xzq,sxz,kwx
1060045,101,102,109,115,112,wfd,xfc,nkl,sxz,kqp
1060046,109,102,116,118,119,nkl,xfc,zew,tqc,tvx
1060047,102,116,107,108,114,xfc,zew,roq,isj,nvj
1060048,113,107,117,103,118,hot,roq,xzq,knr,tqc
1060049,119,109,103,110,114,tvx,nkl,knr,gjp,nvj
1060050,113,101,107,110,106,hot,wfd,roq,gjp,kwx
1060051,105,103,111,113,104,she,knr,nfm,hot,aln
1060052,113,111,120,110,112,hot,nfm,gfa,gjp,kqp
1060053,106,110,104,112,102,kwx,gjp,aln,kqp,xfc
1060054,116,115,103,120,105,zew,sxz,knr,gfa,she
1060055,103,101,119,111,107,knr,wfd,tvx,nfm,roq
1060056,105,102,103,119,116,she,xfc,knr,tvx,zew
1060057,120,109,114,116,113,gfa,nkl,nvj,zew,hot
1060058,107,110,118,115,105,roq,gjp,tqc,sxz,she
1060059,117,111,113,101,119,xzq,nfm,hot,wfd,tvx
1060060,113,102,117,109,105,hot,xfc,xzq,nkl,she
1060061,112,103,108,102,120,kqp,knr,isj,xfc,gfa
1060062,110,105,108,118,120,gjp,she,isj,tqc,gfa
1060063,120,114,104,111,105,gfa,nvj,aln,nfm,she
1060064,115,114,105,111,104,sxz,nvj,she,nfm,aln
1060065,107,112,113,105,114,roq,kqp,hot,she,nvj
1060066,101,102,114,116,103,wfd,xfc,nvj,zew,knr
1060067,114,118,108,105,111,nvj,tqc,isj,she,nfm
1060068,108,120,112,118,106,isj,gfa,kqp,tqc,kwx
1060069,101,116,119,105,109,wfd,zew,tvx,she,nkl
1060070,118,111,112,114,107,tqc,nfm,kqp,nvj,roq
1060071,117,114,119,111,109,xzq,nvj,tvx,nfm,nkl
1060072,117,110,109,112,116,xzq,gjp,nkl,kqp,zew
1060073,118,103,105,114,109,tqc,knr,she,nvj,nkl
1060074,110,116,115,109,108,gjp,zew,sxz,nkl,isj
1060075,111,114,107,120,105,nfm,nvj,roq,gfa,she
1060076,117,101,108,115,102,xzq,wfd,isj,sxz,xfc
1060077,120,116,102,117,108,gfa,zew,xfc,xzq,isj
1060078,117,118,111,112,116,xzq,tqc,nfm,kqp,zew
1060079,119,109,113,110,104,tvx,nkl,hot,gjp,aln
1060080,119,109,116,115,108,tvx,nkl,zew,sxz,isj
1060081,118,113,102,112,104,tqc,hot,xfc,kqp,aln
1060082,105,115,107,111,109,she,sxz,roq,nfm,nkl
1060083,105,117,112,113,109,she,xzq,kqp,hot,nkl
1060084,118,119,110,103,120,tqc,tvx,gjp,knr,gfa
1060085,109,114,107,110,120,nkl,nvj,roq,gjp,gfa
1060086,102,119,114,120,106,xfc,tvx,nvj,gfa,kwx
1060087,105,113,110,112,118,she,hot,gjp,kqp,tqc
1060088,101,114,111,106,110,wfd,nvj,nfm,kwx,gjp
1060089,117,112,110,113,120,xzq,kqp,gjp,hot,gfa
1060090,111,112,118,114,103,nfm,kqp,tqc,nvj,knr
1060091,111,110,101,120,116,nfm,gjp,wfd,gfa,zew
1060092,112,119,108,114,116,kqp,tvx,isj,nvj,zew
1060093,109,120,115,103,108,nkl,gfa,sxz,knr,isj
1060094,120,103,106,109,116,gfa,knr,kwx,nkl,zew
1060095,111,107,119,108,102,nfm,roq,tvx,isj,xfc
1060096,114,102,107,105,117,nvj,xfc,roq,she,xzq
1060097,118,115,107,104,116,tqc,sxz,roq,aln,zew
1060098,116,104,115,120,109,zew,aln,sxz,gfa,nkl
1060099,116,113,118,117,115,zew,hot,tqc,xzq,sxz
1060100,109,102,119,108,117,nkl,xfc,tvx,isj,xzq
1060101,118,109,108,101,103,tqc,nkl,isj,wfd,knr
1060102,118,109,116,102,105,tqc,nkl,zew,xfc,she
1060103,119,101,109,102,107,tvx,wfd,nkl,xfc,roq
1060104,116,108,107,117,114,zew,isj,roq,xzq,nvj
1060105,111,120,112,119,118,nfm,gfa,kqp,tvx,tqc
1060106,110,113,115,120,105,gjp,hot,sxz,gfa,she
1060107,119,115,101,116,120,tvx,sxz,wfd,zew,gfa
1060108,102,118,112,111,113,xfc,tqc,kqp,nfm,hot
1060109,107,104,110,118,111,roq,aln,gjp,tqc,nfm
1060110,103,116,109,104,117,knr,zew,nkl,aln,xzq
1060111,116,112,113,119,107,zew,kqp,hot,tvx,roq
1060112,105,118,116,111,107,she,tqc,zew,nfm,roq
1060113,119,107,103,118,116,tvx,roq,knr,tqc,zew
1060114,110,107,106,103,113,gjp,roq,kwx,knr,hot
1060115,114,109,120,107,119,nvj,nkl,gfa,roq,tvx
1060116,103,107,119,104,102,knr,roq,tvx,aln,xfc
1060117,115,120,114,107,117,sxz,gfa,nvj,roq,xzq
1060118,116,105,115,110,107,zew,she,sxz,gjp,roq
1060119,112,108,119,113,101,kqp,isj,tvx,hot,wfd
1060120,115,117,109,119,118,sxz,xzq,nkl,tvx,tqc
1060121,113,105,101,104,115,hot,she,wfd,aln,sxz
1060122,114,104,115,119,110,nvj,aln,sxz,tvx,gjp
1060123,110,115,112,119,102,gjp,sxz,kqp,tvx,xfc
1060124,111,105,110,116,118,nfm,she,gjp,zew,tqc
1060125,118,115,119,107,117,tqc,sxz,tvx,roq,xzq
1060126,106,118,117,108,111,kwx,tqc,xzq,isj,nfm
1060127,114,113,115,112,119,nvj,hot,sxz,kqp,tvx
1060128,116,109,105,117,120,zew,nkl,she,xzq,gfa
1060129,102,105,117,108,103,xfc,she,xzq,isj,knr
1060130,104,105,112,113,120,aln,she,kqp,hot,gfa
1060131,114,113,119,102,118,nvj,hot,tvx,xfc,tqc
1060132,105,115,110,101,108,she,sxz,gjp,wfd,isj
1060133,114,107,109,101,110,nvj,roq,nkl,wfd,gjp
1060134,120,101,114,118,117,gfa,wfd,nvj,tqc,xzq
1060135,117,120,106,116,105,xzq,gfa,kwx,zew,she
1060136,109,105,115,107,117,nkl,she,sxz,roq,xzq
1060137,106,104,113,109,105,kwx,aln,hot,nkl,she
1060138,113,107,110,108,117,hot,roq,gjp,isj,xzq
1060139,107,103,104,118,120,roq,knr,aln,tqc,gfa
1060140,105,118,113,107,114,she,tqc,hot,roq,nvj
1060141,101,104,114,115,118,wfd,aln,nvj,sxz,tqc
1060142,111,110,113,116,105,nfm,gjp,hot,zew,she
1060143,105,117,101,106,111,she,xzq,wfd,kwx,nfm
1060144,115,116,101,108,117,sxz,zew,wfd,isj,xzq
1060145,112,117,120,109,114,kqp,xzq,gfa,nkl,nvj
1060146,120,114,110,103,101,gfa,nvj,gjp,knr,wfd
1060147,120,118,108,106,117,gfa,tqc,isj,kwx,xzq
1060148,101,109,108,106,118,wfd,nkl,isj,kwx,tqc
1060149,115,103,102,114,105,sxz,knr,xfc,nvj,she
1060150,112,119,120,102,104,kqp,tvx,gfa,xfc,aln
1060151,107,118,104,103,116,roq,tqc,aln,knr,zew
1060152,115,108,118,107,111,sxz,isj,tqc,roq,nfm
1060153,102,109,118,108,119,xfc,nkl,tqc,isj,tvx
1060154,104,107,114,101,119,aln,roq,nvj,wfd,tvx
1060155,115,111,109,120,119,sxz,nfm,nkl,gfa,tvx
1060156,117,110,116,118,104,xzq,gjp,zew,tqc,aln
1060157,110,112,111,113,109,gjp,kqp,nfm,hot,nkl
1060158,102,120,108,115,118,xfc,gfa,isj,sxz,tqc
1060159,109,116,114,111,101,nkl,zew,nvj,nfm,wfd
1060160,107,119,115,104,102,roq,tvx,sxz,aln,xfc
1060161,109,101,113,105,120,nkl,wfd,hot,she,gfa
1060162,113,103,116,117,106,hot,knr,zew,xzq,kwx
1060163,111,115,118,107,102,nfm,sxz,tqc,roq,xfc
1060164,113,107,104,109,106,hot,roq,aln,nkl,kwx
1060165,106,119,116,112,114,kwx,tvx,zew,kqp,nvj
1060166,104,109,107,113,116,aln,nkl,roq,hot,zew
1060167,101,118,108,119,111,wfd,tqc,isj,tvx,nfm
1060168,107,105,102,119,118,roq,she,xfc,tvx,tqc
1060169,114,119,115,108,117,nvj,tvx,sxz,isj,xzq
1060170,119,110,107,108,111,tvx,gjp,roq,isj,nfm
1060171,106,111,103,118,110,kwx,nfm,knr,tqc,gjp
1060172,109,105,114,102,108,nkl,she,nvj,xfc,isj
1060173,114,111,117,120,102,nvj,nfm,xzq,gfa,xfc
1060174,106,113,114,110,107,kwx,hot,nvj,gjp,roq
1060175,113,116,108,101,119,hot,zew,isj,wfd,tvx
1060176,116,112,119,118,104,zew,kqp,tvx,tqc,aln
1060177,118,102,101,111,106,tqc,xfc,wfd,nfm,kwx
1060178,116,101,112,104,103,zew,wfd,kqp,aln,knr
1060179,109,105,120,119,104,nkl,she,gfa,tvx,aln
1060180,114,111,103,110,106,nvj,nfm,knr,gjp,kwx
1060181,116,102,114,108,120,zew,xfc,nvj,isj,gfa
1060182,117,108,118,112,105,xzq,isj,tqc,kqp,she
1060183,116,118,120,112,119,zew,tqc,gfa,kqp,tvx
1060184,104,115,107,103,120,aln,sxz,roq,knr,gfa
1060185,118,120,108,116,115,tqc,gfa,isj,zew,sxz
1060186,116,109,106,119,118,zew,nkl,kwx,tvx,tqc
1060187,102,119,110,113,117,xfc,tvx,gjp,hot,xzq
1060188,120,118,114,102,109,gfa,tqc,nvj,xfc,nkl
1060189,112,105,104,106,107,kqp,she,aln,kwx,roq
1060190,101,119,108,114,118,wfd,tvx,isj,nvj,tqc
1060191,108,104,106,120,101,isj,aln,kwx,gfa,wfd
1060192,103,115,116,117,114,knr,sxz,zew,xzq,nvj
1060193,118,102,103,113,110,tqc,xfc,knr,hot,gjp
1060194,107,110,105,103,118,roq,gjp,she,knr,tqc
1060195,118,101,104,119,111,tqc,wfd,aln,tvx,nfm
1060196,113,109,105,120,115,hot,nkl,she,gfa,sxz
1060197,113,119,117,104,106,hot,tvx,xzq,aln,kwx
1060198,119,113,102,118,116,tvx,hot,xfc,tqc,zew
1060199,110,114,101,113,103,gjp,nvj,wfd,hot,knr
1060200,114,105,119,111,101,nvj,she,tvx,nfm,wfd
1060201,110,107,111,108,104,gjp,roq,nfm,isj,aln
1060202,115,116,112,110,102,sxz,zew,kqp,gjp,xfc
1060203,117,109,108,119,114,xzq,nkl,isj,tvx,nvj
1060204,103,101,116,102,117,knr,wfd,zew,xfc,xzq
1060205,102,117,101,103,112,xfc,xzq,wfd,knr,kqp
1060206,120,111,101,112,115,gfa,nfm,wfd,kqp,sxz
1060207,114,111,105,109,119,nvj,nfm,she,nkl,tvx
1060208,107,105,102,104,101,roq,she,xfc,aln,wfd
1060209,114,104,101,111,105,nvj,aln,wfd,nfm,she
1060210,102,108,107,103,109,xfc,isj,roq,knr,nkl
1060211,113,101,107,109,115,hot,wfd,roq,nkl,sxz
1060212,116,111,102,112,101,zew,nfm,xfc,kqp,wfd
1060213,116,110,111,106,113,zew,gjp,nfm,kwx,hot
1060214,110,107,112,108,117,gjp,roq,kqp,isj,xzq
1060215,103,102,112,110,108,knr,xfc,kqp,gjp,isj
1060216,120,105,113,108,114,gfa,she,hot,isj,nvj
1060217,111,106,118,101,108,nfm,kwx,tqc,wfd,isj
1060218,111,116,114,103,118,nfm,zew,nvj,knr,tqc
1060219,111,116,113,118,107,nfm,zew,hot,tqc,roq
1060220,101,105,102,120,110,wfd,she,xfc,gfa,gjp
1060221,101,111,118,113,106,wfd,nfm,tqc,hot,kwx
1060222,112,107,105,103,119,kqp,roq,she,knr,tvx
1060223,106,110,109,118,115,kwx,gjp,nkl,tqc,sxz
1060224,103,108,119,118,106,knr,isj,tvx,tqc,kwx
1060225,114,110,118,103,105,nvj,gjp,tqc,knr,she
1060226,114,105,102,113,118,nvj,she,xfc,hot,tqc
1060227,114,112,120,116,105,nvj,kqp,gfa,zew,she
1060228,108,112,107,104,102,isj,kqp,roq,aln,xfc
1060229,117,118,114,105,120,xzq,tqc,nvj,she,gfa
1060230,103,113,102,104,117,knr,hot,xfc,aln,xzq
1060231,118,101,120,107,117,tqc,wfd,gfa,roq,xzq
1060232,101,105,119,107,106,wfd,she,tvx,roq,kwx
1060233,106,118,112,116,117,kwx,tqc,kqp,zew,xzq
1060234,120,119,109,102,110,gfa,tvx,nkl,xfc,gjp
1060235,108,117,107,106,110,isj,xzq,roq,kwx,gjp
1060236,102,116,113,119,108,xfc,zew,hot,tvx,isj
1060237,105,107,106,111,112,she,roq,kwx,nfm,kqp
1060238,109,117,107,103,101,nkl,xzq,roq,knr,wfd
1060239,118,105,104,102,114,tqc,she,aln,xfc,nvj
1060240,101,113,108,116,110,wfd,hot,isj,zew,gjp
1060241,118,104,117,106,102,tqc,aln,xzq,kwx,xfc
1060242,113,101,112,117,108,hot,wfd,kqp,xzq,isj
1060243,109,112,119,105,116,nkl,kqp,tvx,she,zew
1060244,106,114,117,116,103,kwx,nvj,xzq,zew,knr
1060245,103,118,113,109,112,knr,tqc,hot,nkl,kqp
1060246,105,114,102,110,116,she,nvj,xfc,gjp,zew
1060247,106,102,113,116,119,kwx,xfc,hot,zew,tvx
1060248,102,119,105,116,120,xfc,tvx,she,zew,gfa
1060249,120,116,119,106,115,gfa,zew,tvx,kwx,sxz
1060250,104,111,119,106,105,aln,nfm,tvx,kwx,she
1060251,119,114,101,111,102,tvx,nvj,wfd,nfm,xfc
1060252,106,109,117,108,120,kwx,nkl,xzq,isj,gfa
1060253,104,105,118,115,119,aln,she,tqc,sxz,tvx
1060254,118,116,112,102,105,tqc,zew,kqp,xfc,she
1060255,105,103,110,118,109,she,knr,gjp,tqc,nkl
1060256,116,115,112,117,101,zew,sxz,kqp,xzq,wfd
1060257,101,108,118,116,111,wfd,isj,tqc,zew,nfm
1060258,115,101,104,119,102,sxz,wfd,aln,tvx,xfc
1060259,105,101,102,106,113,she,wfd,xfc,kwx,hot
1060260,102,101,108,114,107,xfc,wfd,isj,nvj,roq
1060261,114,113,107,103,110,nvj,hot,roq,knr,gjp
1060262,115,111,101,117,119,sxz,nfm,wfd,xzq,tvx
1060263,101,117,102,110,114,wfd,xzq,xfc,gjp,nvj
1060264,103,108,101,117,113,knr,isj,wfd,xzq,hot
1060265,102,110,114,104,107,xfc,gjp,nvj,aln,roq
1060266,120,107,114,106,109,gfa,roq,nvj,kwx,nkl
1060267,107,117,116,120,103,roq,xzq,zew,gfa,knr
1060268,117,118,115,105,101,xzq,tqc,sxz,she,wfd
1060269,102,120,101,108,115,xfc,gfa,wfd,isj,sxz
1060270,118,106,107,114,102,tqc,kwx,roq,nvj,xfc
1060271,102,120,107,119,118,xfc,gfa,roq,tvx,tqc
1060272,118,117,114,112,110,tqc,xzq,nvj,kqp,gjp
1060273,104,101,105,108,106,aln,wfd,she,isj,kwx
1060274,111,102,107,104,118,nfm,xfc,roq,aln,tqc
1060275,101,106,113,120,109,wfd,kwx,hot,gfa,nkl
1060276,106,101,120,109,118,kwx,wfd,gfa,nkl,tqc
1060277,113,117,106,115,107,hot,xzq,kwx,sxz,roq
1060278,115,101,109,105,103,sxz,wfd,nkl,she,knr
1060279,119,117,105,108,120,tvx,xzq,she,isj,gfa
1060280,109,102,114,119,112,nkl,xfc,nvj,tvx,kqp
1060281,117,114,107,118,110,xzq,nvj,roq,tqc,gjp
1060282,119,106,108,118,109,tvx,kwx,isj,tqc,nkl
1060283,114,108,117,113,112,nvj,isj,xzq,hot,kqp
1060284,107,112,118,117,101,roq,kqp,tqc,xzq,wfd
1060285,101,117,102,120,116,wfd,xzq,xfc,gfa,zew
1060286,116,118,109,106,103,zew,tqc,nkl,kwx,knr
1060287,110,112,105,106,119,gjp,kqp,she,kwx,tvx
1060288,113,116,120,117,107,hot,zew,gfa,xzq,roq
1060289,108,114,112,104,113,isj,nvj,kqp,aln,hot
1060290,109,115,119,107,114,nkl,sxz,tvx,roq,nvj
1060291,109,118,107,120,106,nkl,tqc,roq,gfa,kwx
1060292,116,120,117,118,111,zew,gfa,xzq,tqc,nfm
1060293,104,107,113,118,101,aln,roq,hot,tqc,wfd
1060294,117,102,105,109,112,xzq,xfc,she,nkl,kqp
1060295,113,112,115,114,105,hot,kqp,sxz,nvj,she
1060296,102,119,109,118,112,xfc,tvx,nkl,tqc,kqp
1060297,109,106,117,115,107,nkl,kwx,xzq,sxz,roq
1060298,104,116,102,118,115,aln,zew,xfc,tqc,sxz
1060299,101,115,103,107,111,wfd,sxz,knr,roq,nfm
1060300,110,102,120,114,103,gjp,xfc,gfa,nvj,knr
1060301,105,108,107,106,115,she,isj,roq,kwx,sxz
1060302,106,105,115,120,104,kwx,she,sxz,gfa,aln
1060303,104,109,117,101,103,aln,nkl,xzq,wfd,knr
1060304,103,104,108,115,107,knr,aln,isj,sxz,roq
1060305,101,114,118,115,116,wfd,nvj,tqc,sxz,zew
1060306,105,118,108,119,113,she,tqc,isj,tvx,hot
1060307,111,106,109,108,120,nfm,kwx,nkl,isj,gfa
1060308,120,117,107,109,106,gfa,xzq,roq,nkl,kwx
1060309,118,103,108,102,107,tqc,knr,isj,xfc,roq
1060310,106,104,116,107,112,kwx,aln,zew,roq,kqp
1060311,116,103,104,112,119,zew,knr,aln,kqp,tvx
1060312,111,110,109,119,113,nfm,gjp,nkl,tvx,hot
1060313,111,101,106,118,109,nfm,wfd,kwx,tqc,nkl
1060314,110,101,116,109,118,gjp,wfd,zew,nkl,tqc
1060315,107,116,113,105,101,roq,zew,hot,she,wfd
1060316,114,109,105,108,101,nvj,nkl,she,isj,wfd
1060317,107,119,106,101,120,roq,tvx,kwx,wfd,gfa
1060318,105,112,114,115,102,she,kqp,nvj,sxz,xfc
1060319,104,120,113,119,111,aln,gfa,hot,tvx,nfm
1060320,112,104,113,101,114,kqp,aln,hot,wfd,nvj
1060321,109,115,101,114,120,nkl,sxz,wfd,nvj,gfa
1060322,102,110,112,115,119,xfc,gjp,kqp,sxz,tvx
1060323,108,112,101,113,116,isj,kqp,wfd,hot,zew
1060324,119,103,104,113,114,tvx,knr,aln,hot,nvj
1060325,111,113,114,101,107,nfm,hot,nvj,wfd,roq
1060326,103,112,115,117,108,knr,kqp,sxz,xzq,isj
1060327,116,111,113,103,117,zew,nfm,hot,knr,xzq
1060328,110,101,118,108,109,gjp,wfd,tqc,isj,nkl
1060329,102,110,106,120,108,xfc,gjp,kwx,gfa,isj
1060330,105,112,109,108,110,she,kqp,nkl,isj,gjp
1060331,114,119,101,102,117,nvj,tvx,wfd,xfc,xzq
1060332,112,119,101,102,103,kqp,tvx,wfd,xfc,knr
1060333,105,103,115,116,111,she,knr,sxz,zew,nfm
1060334,101,115,117,102,120,wfd,sxz,xzq,xfc,gfa
1060335,106,109,107,112,114,kwx,nkl,roq,kqp,nvj
1060336,105,117,109,102,110,she,xzq,nkl,xfc,gjp
1060337,108,117,118,115,106,isj,xzq,tqc,sxz,kwx
1060338,117,107,111,118,106,xzq,roq,nfm,tqc,kwx
1060339,110,113,116,114,117,gjp,hot,zew,nvj,xzq
1060340,109,117,112,111,106,nkl,xzq,kqp,nfm,kwx
1060341,106,116,109,114,117,kwx,zew,nkl,nvj,xzq
1060342,109,108,119,120,113,nkl,isj,tvx,gfa,hot
1060343,108,117,111,114,106,isj,xzq,nfm,nvj,kwx
1060344,107,108,112,109,103,roq,isj,kqp,nkl,knr
1060345,102,104,111,112,110,xfc,aln,nfm,kqp,gjp
1060346,107,114,115,106,103,roq,nvj,sxz,kwx,knr
1060347,111,101,106,103,117,nfm,wfd,kwx,knr,xzq
1060348,101,104,117,120,102,wfd,aln,xzq,gfa,xfc
1060349,110,107,105,116,112,gjp,roq,she,zew,kqp
1060350,103,118,104,120,116,knr,tqc,aln,gfa,zew
1060351,117,115,111,119,109,xzq,sxz,nfm,tvx,nkl
1060352,120,107,109,116,110,gfa,roq,nkl,zew,gjp
1060353,106,110,107,103,111,kwx,gjp,roq,knr,nfm
1060354,113,104,119,115,102,hot,aln,tvx,sxz,xfc
1060355,117,120,106,105,115,xzq,gfa,kwx,she,sxz
1060356,104,111,101,114,108,aln,nfm,wfd,nvj,isj
1060357,118,106,117,101,107,tqc,kwx,xzq,wfd,roq
1060358,117,103,113,105,106,xzq,knr,hot,she,kwx
1060359,117,116,108,105,103,xzq,zew,isj,she,knr
1060360,118,108,112,117,113,tqc,isj,kqp,xzq,hot
1060361,102,106,105,112,108,xfc,kwx,she,kqp,isj
1060362,113,114,106,118,103,hot,nvj,kwx,tqc,knr
1060363,114,116,115,112,109,nvj,zew,sxz,kqp,nkl
1060364,101,118,115,102,114,wfd,tqc,sxz,xfc,nvj
1060365,113,116,111,119,115,hot,zew,nfm,tvx,sxz
1060366,112,104,110,101,115,kqp,aln,gjp,wfd,sxz
1060367,105,107,119,116,117,she,roq,tvx,zew,xzq
1060368,105,102,115,120,114,she,xfc,sxz,gfa,nvj
1060369,103,111,112,107,117,knr,nfm,kqp,roq,xzq
1060370,115,110,106,104,116,sxz,gjp,kwx,aln,zew
1060371,107,115,110,119,117,roq,sxz,gjp,tvx,xzq
1060372,114,112,108,106,104,nvj,kqp,isj,kwx,aln
1060373,114,108,115,107,101,nvj,isj,sxz,roq,wfd
1060374,120,117,110,109,113,gfa,xzq,gjp,nkl,hot
1060375,120,107,106,113,114,gfa,roq,kwx,hot,nvj
1060376,111,117,120,106,113,nfm,xzq,gfa,kwx,hot
1060377,120,118,113,111,101,gfa,tqc,hot,nfm,wfd
1060378,101,112,119,117,111,wfd,kqp,tvx,xzq,nfm
1060379,105,119,120,111,116,she,tvx,gfa,nfm,zew
1060380,118,110,115,113,102,tqc,gjp,sxz,hot,xfc
1060381,120,105,113,102,108,gfa,she,hot,xfc,isj
1060382,110,115,107,113,114,gjp,sxz,roq,hot,nvj
1060383,104,106,107,117,120,aln,kwx,roq,xzq,gfa
1060384,113,115,108,117,114,hot,sxz,isj,xzq,nvj
1060385,111,120,114,107,118,nfm,gfa,nvj,roq,tqc
1060386,119,101,114,117,108,tvx,wfd,nvj,xzq,isj
1060387,101,110,111,102,116,wfd,gjp,nfm,xfc,zew
1060388,109,104,116,101,111,nkl,aln,zew,wfd,nfm
1060389,102,109,117,101,110,xfc,nkl,xzq,wfd,gjp
1060390,103,112,116,106,108,knr,kqp,zew,kwx,isj
1060391,107,106,110,109,111,roq,kwx,gjp,nkl,nfm
1060392,112,113,108,109,116,kqp,hot,isj,nkl,zew
1060393,118,113,114,107,110,tqc,hot,nvj,roq,gjp
1060394,102,112,106,113,111,xfc,kqp,kwx,hot,nfm
1060395,114,105,115,108,103,nvj,she,sxz,isj,knr
1060396,117,109,111,110,113,xzq,nkl,nfm,gjp,hot
1060397,107,106,119,102,105,roq,kwx,tvx,xfc,she
1060398,107,104,116,112,101,roq,aln,zew,kqp,wfd
1060399,111,110,120,116,112,nfm,gjp,gfa,zew,kqp
1060400,110,118,106,112,104,gjp,tqc,kwx,kqp,aln
1060401,102,111,107,120,112,xfc,nfm,roq,gfa,kqp
1060402,112,106,116,114,113,kqp,kwx,zew,nvj,hot
1060403,110,115,105,109,101,gjp,sxz,she,nkl,wfd
1060404,111,108,112,109,101,nfm,isj,kqp,nkl,wfd
1060405,111,113,102,115,118,nfm,hot,xfc,sxz,tqc
1060406,110,111,109,112,107,gjp,nfm,nkl,kqp,roq
1060407,120,113,117,105,108,gfa,hot,xzq,she,isj
1060408,116,102,115,107,119,zew,xfc,sxz,roq,tvx
1060409,114,106,105,109,118,nvj,kwx,she,nkl,tqc
1060410,113,119,112,115,107,hot,tvx,kqp,sxz,roq
1060411,109,118,106,111,105,nkl,tqc,kwx,nfm,she
1060412,109,112,120,110,113,nkl,kqp,gfa,gjp,hot
1060413,118,110,104,102,103,tqc,gjp,aln,xfc,knr
1060414,114,111,104,113,101,nvj,nfm,aln,hot,wfd
1060415,102,120,117,107,106,xfc,gfa,xzq,roq,kwx
1060416,119,118,114,110,109,tvx,tqc,nvj,gjp,nkl
1060417,116,112,120,102,118,zew,kqp,gfa,xfc,tqc
1060418,106,101,109,114,111,kwx,wfd,nkl,nvj,nfm
1060419,120,102,104,108,115,gfa,xfc,aln,isj,sxz
1060420,112,114,111,108,118,kqp,nvj,nfm,isj,tqc
1060421,105,111,108,119,102,she,nfm,isj,tvx,xfc
1060422,110,106,120,119,118,gjp,kwx,gfa,tvx,tqc
1060423,110,119,101,103,105,gjp,tvx,wfd,knr,she
1060424,108,114,119,111,101,isj,nvj,tvx,nfm,wfd
1060425,116,106,114,108,104,zew,kwx,nvj,isj,aln
1060426,110,117,115,118,105,gjp,xzq,sxz,tqc,she
1060427,119,103,111,108,109,tvx,knr,nfm,isj,nkl
1060428,114,116,109,120,103,nvj,zew,nkl,gfa,knr
1060429,104,102,117,105,116,aln,xfc,xzq,she,zew
1060430,119,118,103,102,101,tvx,tqc,knr,xfc,wfd
1060431,104,111,105,115,116,aln,nfm,she,sxz,zew
1060432,112,108,106,104,113,kqp,isj,kwx,aln,hot
1060433,108,101,109,117,115,isj,wfd,nkl,xzq,sxz
1060434,111,118,110,102,117,nfm,tqc,gjp,xfc,xzq
1060435,110,104,115,107,103,gjp,aln,sxz,roq,knr
1060436,118,107,115,103,101,tqc,roq,sxz,knr,wfd
1060437,114,101,119,106,115,nvj,wfd,tvx,kwx,sxz
1060438,102,120,105,118,111,xfc,gfa,she,tqc,nfm
1060439,114,115,103,110,118,nvj,sxz,knr,gjp,tqc
1060440,101,107,102,115,104,wfd,roq,xfc,sxz,aln
1060441,120,114,102,105,115,gfa,nvj,xfc,she,sxz
1060442,118,101,108,112,110,tqc,wfd,isj,kqp,gjp
1060443,117,120,119,105,102,xzq,gfa,tvx,she,xfc
1060444,120,103,106,114,111,gfa,knr,kwx,nvj,nfm
1060445,101,119,103,113,116,wfd,tvx,knr,hot,zew
1060446,104,111,103,110,116,aln,nfm,knr,gjp,zew
1060447,117,120,105,112,109,xzq,gfa,she,kqp,nkl
1060448,111,116,118,101,109,nfm,zew,tqc,wfd,nkl
1060449,117,110,112,104,120,xzq,gjp,kqp,aln,gfa
1060450,117,120,118,109,105,xzq,gfa,tqc,nkl,she
1060451,105,110,112,116,119,she,gjp,kqp,zew,tvx
1060452,111,110,106,108,104,nfm,gjp,kwx,isj,aln
1060453,115,112,111,107,108,sxz,kqp,nfm,roq,isj
1060454,109,117,106,113,111,nkl,xzq,kwx,hot,nfm
1060455,111,118,113,108,119,nfm,tqc,hot,isj,tvx
1060456,101,102,114,118,109,wfd,xfc,nvj,tqc,nkl
1060457,106,117,110,108,104,kwx,xzq,gjp,isj,aln
1060458,120,115,101,116,106,gfa,sxz,wfd,zew,kwx
1060459,105,114,104,109,108,she,nvj,aln,nkl,isj
1060460,104,112,102,114,113,aln,kqp,xfc,nvj,hot
1060461,106,112,110,114,107,kwx,kqp,gjp,nvj,roq
1060462,101,113,109,120,102,wfd,hot,nkl,gfa,xfc
1060463,111,104,107,106,120,nfm,aln,roq,kwx,gfa
1060464,114,104,106,103,115,nvj,aln,kwx,knr,sxz
1060465,116,104,103,117,107,zew,aln,knr,xzq,roq
1060466,114,102,116,115,111,nvj,xfc,zew,sxz,nfm
1060467,101,106,109,102,103,wfd,kwx,nkl,xfc,knr
1060468,120,107,109,105,111,gfa,roq,nkl,she,nfm
1060469,106,120,110,109,108,kwx,gfa,gjp,nkl,isj
1060470,109,104,111,107,113,nkl,aln,nfm,roq,hot
1060471,104,116,119,120,101,aln,zew,tvx,gfa,wfd
1060472,118,106,105,112,115,tqc,kwx,she,kqp,sxz
1060473,101,119,108,106,105,wfd,tvx,isj,kwx,she
1060474,115,103,114,113,119,sxz,knr,nvj,hot,tvx
1060475,119,102,110,105,114,tvx,xfc,gjp,she,nvj
1060476,117,113,116,106,111,xzq,hot,zew,kwx,nfm
1060477,104,102,111,114,109,aln,xfc,nfm,nvj,nkl
1060478,117,113,119,114,101,xzq,hot,tvx,nvj,wfd
1060479,109,106,119,103,111,nkl,kwx,tvx,knr,nfm
1060480,109,105,104,113,107,nkl,she,aln,hot,roq
1060481,119,101,102,115,106,tvx,wfd,xfc,sxz,kwx
1060482,102,110,106,117,115,xfc,gjp,kwx,xzq,sxz
1060483,102,108,103,112,111,xfc,isj,knr,kqp,nfm
1060484,114,118,113,105,116,nvj,tqc,hot,she,zew
1060485,105,117,114,115,101,she,xzq,nvj,sxz,wfd
1060486,117,104,120,114,105,xzq,aln,gfa,nvj,she
1060487,120,101,109,108,102,gfa,wfd,nkl,isj,xfc
1060488,101,102,118,114,115,wfd,xfc,tqc,nvj,sxz
1060489,118,101,109,105,111,tqc,wfd,nkl,she,nfm
1060490,117,120,101,107,110,xzq,gfa,wfd,roq,gjp
1060491,105,114,120,107,117,she,nvj,gfa,roq,xzq
1060492,118,114,103,119,104,tqc,nvj,knr,tvx,aln
1060493,109,101,106,107,105,nkl,wfd,kwx,roq,she
1060494,114,117,116,103,120,nvj,xzq,zew,knr,gfa
1060495,104,116,112,105,119,aln,zew,kqp,she,tvx
1060496,106,110,101,102,112,kwx,gjp,wfd,xfc,kqp
1060497,106,114,118,120,115,kwx,nvj,tqc,gfa,sxz
1060498,120,118,102,109,113,gfa,tqc,xfc,nkl,hot
1060499,103,107,114,101,111,knr,roq,nvj,wfd,nfm
1060500,108,109,101,119,102,isj,nkl,wfd,tvx,xfc
1060501,107,115,117,103,113,roq,sxz,xzq,knr,hot
1060502,104,119,117,111,103,aln,tvx,xzq,nfm,knr
1060503,114,101,103,109,119,nvj,wfd,knr,nkl,tvx
1060504,115,104,109,102,108,sxz,aln,nkl,xfc,isj
1060505,102,116,108,103,120,xfc,zew,isj,knr,gfa
1060506,114,102,104,109,108,nvj,xfc,aln,nkl,isj
1060507,103,120,116,115,102,knr,gfa,zew,sxz,xfc
1060508,113,110,108,106,112,hot,gjp,isj,kwx,kqp
1060509,102,120,114,110,101,xfc,gfa,nvj,gjp,wfd
1060510,118,107,117,112,101,tqc,roq,xzq,kqp,wfd
1060511,114,116,109,108,120,nvj,zew,nkl,isj,gfa
1060512,107,108,106,114,118,roq,isj,kwx,nvj,tqc
1060513,101,103,102,111,119,wfd,knr,xfc,nfm,tvx
1060514,111,105,104,108,103,nfm,she,aln,isj,knr
1060515,118,114,115,112,111,tqc,nvj,sxz,kqp,nfm
1060516,105,116,112,114,117,she,zew,kqp,nvj,xzq
1060517,112,111,105,114,115,kqp,nfm,she,nvj,sxz
1060518,104,112,106,114,120,aln,kqp,kwx,nvj,gfa
1060519,105,110,117,101,115,she,gjp,xzq,wfd,sxz
1060520,104,111,117,116,107,aln,nfm,xzq,zew,roq
1060521,117,105,112,101,102,xzq,she,kqp,wfd,xfc
1060522,116,120,102,114,118,zew,gfa,xfc,nvj,tqc
1060523,103,109,110,106,104,knr,nkl,gjp,kwx,aln
1060524,113,107,110,120,101,hot,roq,gjp,gfa,wfd
1060525,110,102,101,107,111,gjp,xfc,wfd,roq,nfm
1060526,111,118,102,104,109,nfm,tqc,xfc,aln,nkl
1060527,118,110,102,101,108,tqc,gjp,xfc,wfd,isj
1060528,115,110,105,106,114,sxz,gjp,she,kwx,nvj
1060529,112,120,101,117,105,kqp,gfa,wfd,xzq,she
1060530,102,110,103,118,115,xfc,gjp,knr,tqc,sxz
1060531,103,102,109,114,107,knr,xfc,nkl,nvj,roq
1060532,109,117,107,120,104,nkl,xzq,roq,gfa,aln
1060533,119,113,104,118,102,tvx,hot,aln,tqc,xfc
1060534,118,109,103,104,105,tqc,nkl,knr,aln,she
1060535,108,118,103,114,119,isj,tqc,knr,nvj,tvx
1060536,106,105,109,113,118,kwx,she,nkl,hot,tqc
1060537,106,110,102,112,107,kwx,gjp,xfc,kqp,roq
1060538,118,120,103,101,105,tqc,gfa,knr,wfd,she
1060539,111,108,117,119,110,nfm,isj,xzq,tvx,gjp
1060540,103,102,109,108,104,knr,xfc,nkl,isj,aln
1060541,112,110,119,105,116,kqp,gjp,tvx,she,zew
1060542,117,104,107,105,119,xzq,aln,roq,she,tvx
1060543,109,102,110,117,112,nkl,xfc,gjp,xzq,kqp
1060544,113,105,106,109,112,hot,she,kwx,nkl,kqp
1060545,119,101,112,113,102,tvx,wfd,kqp,hot,xfc
1060546,112,120,111,102,116,kqp,gfa,nfm,xfc,zew
1060547,110,109,115,117,111,gjp,nkl,sxz,xzq,nfm
1060548,107,101,109,103,119,roq,wfd,nkl,knr,tvx
1060549,105,114,110,118,108,she,nvj,gjp,tqc,isj
1060550,118,103,108,105,107,tqc,knr,isj,she,roq
1060551,118,111,105,102,107,tqc,nfm,she,xfc,roq
1060552,106,108,109,114,117,kwx,isj,nkl,nvj,xzq
1060553,120,111,106,113,119,gfa,nfm,kwx,hot,tvx
1060554,104,117,106,108,119,aln,xzq,kwx,isj,tvx
1060555,105,102,110,108,116,she,xfc,gjp,isj,zew
1060556,115,109,116,101,114,sxz,nkl,zew,wfd,nvj
1060557,102,117,108,114,111,xfc,xzq,isj,nvj,nfm
1060558,115,101,119,110,118,sxz,wfd,tvx,gjp,tqc
1060559,115,101,102,105,113,sxz,wfd,xfc,she,hot
1060560,105,112,115,117,114,she,kqp,sxz,xzq,nvj
1060561,117,119,118,114,106,xzq,tvx,tqc,nvj,kwx
1060562,105,104,110,111,117,she,aln,gjp,nfm,xzq
1060563,109,112,119,110,104,nkl,kqp,tvx,gjp,aln
1060564,108,107,106,102,105,isj,roq,kwx,xfc,she
1060565,117,114,111,118,108,xzq,nvj,nfm,tqc,isj
1060566,114,108,113,117,115,nvj,isj,hot,xzq,sxz
1060567,101,108,107,110,111,wfd,isj,roq,gjp,nfm
1060568,120,114,119,107,116,gfa,nvj,tvx,roq,zew
1060569,104,106,110,120,119,aln,kwx,gjp,gfa,tvx
1060570,102,108,101,115,105,xfc,isj,wfd,sxz,she
1060571,112,115,104,107,108,kqp,sxz,aln,roq,isj
1060572,117,110,114,113,101,xzq,gjp,nvj,hot,wfd
1060573,119,108,112,110,109,tvx,isj,kqp,gjp,nkl
1060574,104,120,101,102,103,aln,gfa,wfd,xfc,knr
1060575,119,120,118,109,102,tvx,gfa,tqc,nkl,xfc
1060576,112,106,101,109,114,kqp,kwx,wfd,nkl,nvj
1060577,113,104,101,107,103,hot,aln,wfd,roq,knr
1060578,117,109,116,115,113,xzq,nkl,zew,sxz,hot
1060579,119,116,104,101,103,tvx,zew,aln,wfd,knr
1060580,109,101,107,116,111,nkl,wfd,roq,zew,nfm
1060581,115,106,102,114,120,sxz,kwx,xfc,nvj,gfa
1060582,103,104,113,111,120,knr,aln,hot,nfm,gfa
1060583,107,114,119,102,104,roq,nvj,tvx,xfc,aln
1060584,104,107,102,120,108,aln,roq,xfc,gfa,isj
1060585,103,110,107,108,104,knr,gjp,roq,isj,aln
1060586,107,120,101,115,108,roq,gfa,wfd,sxz,isj
1060587,115,117,109,113,101,sxz,xzq,nkl,hot,wfd
1060588,106,104,110,102,105,kwx,aln,gjp,xfc,she
1060589,103,118,114,120,116,knr,tqc,nvj,gfa,zew
1060590,103,115,107,112,108,knr,sxz,roq,kqp,isj
1060591,101,103,117,104,116,wfd,knr,xzq,aln,zew
1060592,118,103,109,102,105,tqc,knr,nkl,xfc,she
1060593,117,105,104,110,109,xzq,she,aln,gjp,nkl
1060594,105,120,115,114,116,she,gfa,sxz,nvj,zew
1060595,108,117,120,106,112,isj,xzq,gfa,kwx,kqp
1060596,105,102,104,107,106,she,xfc,aln,roq,kwx
1060597,105,102,118,119,107,she,xfc,tqc,tvx,roq
1060598,115,109,113,114,105,sxz,nkl,hot,nvj,she
1060599,104,101,109,103,119,aln,wfd,nkl,knr,tvx
1060600,116,111,102,112,119,zew,nfm,xfc,kqp,tvx
1070001,129,137,140,132,133,pol,rtj,rxq,owi,hmr
1070002,125,136,122,131,124,rda,cdu,rup,wch,num
1070003,139,137,126,130,134,qfs,rtj,ftp,ypz,mue
1070004,132,135,125,130,131,owi,mhp,rda,ypz,wch
1070005,125,132,136,128,137,rda,owi,cdu,ljy,rtj
1070006,127,125,132,140,137,dnr,rda,owi,rxq,rtj
1070007,123,129,131,138,121,ypw,pol,wch,rbk,afe
1070008,139,132,130,127,140,qfs,owi,ypz,dnr,rxq
1070009,130,138,124,125,126,ypz,rbk,num,rda,ftp
1070010,129,140,130,123,139,pol,rxq,ypz,ypw,qfs
1070011,138,140,133,137,130,rbk,rxq,hmr,rtj,ypz
1070012,139,130,127,136,125,qfs,ypz,dnr,cdu,rda
1070013,135,132,123,138,134,mhp,owi,ypw,rbk,mue
1070014,134,130,123,127,121,mue,ypz,ypw,dnr,afe
1070015,134,130,126,127,139,mue,ypz,ftp,dnr,qfs
1070016,126,138,122,131,134,ftp,rbk,rup,wch,mue
1070017,122,126,135,129,132,rup,ftp,mhp,pol,owi
1070018,134,139,126,122,131,mue,qfs,ftp,rup,wch
1070019,138,134,128,126,121,rbk,mue,ljy,ftp,afe
1070020,131,134,125,137,121,wch,mue,rda,rtj,afe
1070021,123,132,122,125,130,ypw,owi,rup,rda,ypz
1070022,121,138,139,137,134,afe,rbk,qfs,rtj,mue
1070023,130,126,136,133,124,ypz,ftp,cdu,hmr,num
1070024,123,124,138,125,126,ypw,num,rbk,rda,ftp
1070025,134,133,140,125,135,mue,hmr,rxq,rda,mhp
1070026,129,139,123,126,133,pol,qfs,ypw,ftp,hmr
1070027,132,133,122,130,124,owi,hmr,rup,ypz,num
1070028,125,124,133,140,135,rda,num,hmr,rxq,mhp
1070029,122,121,134,133,126,rup,afe,mue,hmr,ftp
1070030,139,133,138,123,134,qfs,hmr,rbk,ypw,mue
1070031,131,135,126,137,133,wch,mhp,ftp,rtj,hmr
1070032,132,139,130,136,128,owi,qfs,ypz,cdu,ljy
1070033,127,123,125,130,137,dnr,ypw,rda,ypz,rtj
1070034,127,126,122,130,134,dnr,ftp,rup,ypz,mue
1070035,131,128,140,123,130,wch,ljy,rxq,ypw,ypz
1070036,135,140,123,128,137,mhp,rxq,ypw,ljy,rtj
1070037,127,138,124,121,129,dnr,rbk,num,afe,pol
1070038,123,133,130,140,137,ypw,hmr,ypz,rxq,rtj
1070039,139,134,128,129,138,qfs,mue,ljy,pol,rbk
1070040,137,130,133,135,121,rtj,ypz,hmr,mhp,afe
1070041,121,123,126,129,134,afe,ypw,ftp,pol,mue
1070042,128,137,124,134,140,ljy,rtj,num,mue,rxq
1070043,139,129,137,135,131,qfs,pol,rtj,mhp,wch
1070044,129,125,137,135,126,pol,rda,rtj,mhp,ftp
1070045,121,122,129,135,132,afe,rup,pol,mhp,owi
1070046,129,122,136,138,139,pol,rup,cdu,rbk,qfs
1070047,122,136,127,128,134,rup,cdu,dnr,ljy,mue
1070048,133,127,137,123,138,hmr,dnr,rtj,ypw,rbk
1070049,139,129,123,130,134,qfs,pol,ypw,ypz,mue
1070050,133,121,127,130,126,hmr,afe,dnr,ypz,ftp
1070051,125,123,131,133,124,rda,ypw,wch,hmr,num
1070052,133,131,140,130,132,hmr,wch,rxq,ypz,owi
1070053,126,130,124,132,122,ftp,ypz,num,owi,rup
1070054,136,135,123,140,125,cdu,mhp,ypw,rxq,rda
1070055,123,121,139,131,127,ypw,afe,qfs,wch,dnr
1070056,125,122,123,139,136,rda,rup,ypw,qfs,cdu
1070057,140,129,134,136,133,rxq,pol,mue,cdu,hmr
1070058,127,130,138,135,125,dnr,ypz,rbk,mhp,rda
1070059,137,131,133,121,139,rtj,wch,hmr,afe,qfs
1070060,133,122,137,129,125,hmr,rup,rtj,pol,rda
1070061,132,123,128,122,140,owi,ypw,ljy,rup,rxq
1070062,130,125,128,138,140,ypz,rda,ljy,rbk,rxq
1070063,140,134,124,131,125,rxq,mue,num,wch,rda
1070064,135,134,125,131,124,mhp,mue,rda,wch,num
1070065,127,132,133,125,134,dnr,owi,hmr,rda,mue
1070066,121,122,134,136,123,afe,rup,mue,cdu,ypw
1070067,134,138,128,125,131,mue,rbk,ljy,rda,wch
1070068,128,140,132,138,126,ljy,rxq,owi,rbk,ftp
1070069,121,136,139,125,129,afe,cdu,qfs,rda,pol
1070070,138,131,132,134,127,rbk,wch,owi,mue,dnr
1070071,137,134,139,131,129,rtj,mue,qfs,wch,pol
1070072,137,130,129,132,136,rtj,ypz,pol,owi,cdu
1070073,138,123,125,134,129,rbk,ypw,rda,mue,pol
1070074,130,136,135,129,128,ypz,cdu,mhp,pol,ljy
1070075,131,134,127,140,125,wch,mue,dnr,rxq,rda
1070076,137,121,128,135,122,rtj,afe,ljy,mhp,rup
1070077,140,136,122,137,128,rxq,cdu,rup,rtj,ljy
1070078,137,138,131,132,136,rtj,rbk,wch,owi,cdu
1070079,139,129,133,130,124,qfs,pol,hmr,ypz,num
1070080,139,129,136,135,128,qfs,pol,cdu,mhp,ljy
1070081,138,133,122,132,124,rbk,hmr,rup,owi,num
1070082,125,135,127,131,129,rda,mhp,dnr,wch,pol
1070083,125,137,132,133,129,rda,rtj,owi,hmr,pol
1070084,138,139,130,123,140,rbk,qfs,ypz,ypw,rxq
1070085,129,134,127,130,140,pol,mue,dnr,ypz,rxq
1070086,122,139,134,140,126,rup,qfs,mue,rxq,ftp
1070087,125,133,130,132,138,rda,hmr,ypz,owi,rbk
1070088,121,134,131,126,130,afe,mue,wch,ftp,ypz
1070089,137,132,130,133,140,rtj,owi,ypz,hmr,rxq
1070090,131,132,138,134,123,wch,owi,rbk,mue,ypw
1070091,131,130,121,140,136,wch,ypz,afe,rxq,cdu
1070092,132,139,128,134,136,owi,qfs,ljy,mue,cdu
1070093,129,140,135,123,128,pol,rxq,mhp,ypw,ljy
1070094,140,123,126,129,136,rxq,ypw,ftp,pol,cdu
1070095,131,127,139,128,122,wch,dnr,qfs,ljy,rup
1070096,134,122,127,125,137,mue,rup,dnr,rda,rtj
1070097,138,135,127,124,136,rbk,mhp,dnr,num,cdu
1070098,136,124,135,140,129,cdu,num,mhp,rxq,pol
1070099,136,133,138,137,135,cdu,hmr,rbk,rtj,mhp
1070100,129,122,139,128,137,pol,rup,qfs,ljy,rtj
1070101,138,129,128,121,123,rbk,pol,ljy,afe,ypw
1070102,138,129,136,122,125,rbk,pol,cdu,rup,rda
1070103,139,121,129,122,127,qfs,afe,pol,rup,dnr
1070104,136,128,127,137,134,cdu,ljy,dnr,rtj,mue
1070105,131,140,132,139,138,wch,rxq,owi,qfs,rbk
1070106,130,133,135,140,125,ypz,hmr,mhp,rxq,rda
1070107,139,135,121,136,140,qfs,mhp,afe,cdu,rxq
1070108,122,138,132,131,133,rup,rbk,owi,wch,hmr
1070109,127,124,130,138,131,dnr,num,ypz,rbk,wch
1070110,123,136,129,124,137,ypw,cdu,pol,num,rtj
1070111,136,132,133,139,127,cdu,owi,hmr,qfs,dnr
1070112,125,138,136,131,127,rda,rbk,cdu,wch,dnr
1070113,139,127,123,138,136,qfs,dnr,ypw,rbk,cdu
1070114,130,127,126,123,133,ypz,dnr,ftp,ypw,hmr
1070115,134,129,140,127,139,mue,pol,rxq,dnr,qfs
1070116,123,127,139,124,122,ypw,dnr,qfs,num,rup
1070117,135,140,134,127,137,mhp,rxq,mue,dnr,rtj
1070118,136,125,135,130,127,cdu,rda,mhp,ypz,dnr
1070119,132,128,139,133,121,owi,ljy,qfs,hmr,afe
1070120,135,137,129,139,138,mhp,rtj,pol,qfs,rbk
1070121,133,125,121,124,135,hmr,rda,afe,num,mhp
1070122,134,124,135,139,130,mue,num,mhp,qfs,ypz
1070123,130,135,132,139,122,ypz,mhp,owi,qfs,rup
1070124,131,125,130,136,138,wch,rda,ypz,cdu,rbk
1070125,138,135,139,127,137,rbk,mhp,qfs,dnr,rtj
1070126,126,138,137,128,131,ftp,rbk,rtj,ljy,wch
1070127,134,133,135,132,139,mue,hmr,mhp,owi,qfs
1070128,136,129,125,137,140,cdu,pol,rda,rtj,rxq
1070129,122,125,137,128,123,rup,rda,rtj,ljy,ypw
1070130,124,125,132,133,140,num,rda,owi,hmr,rxq
1070131,134,133,139,122,138,mue,hmr,qfs,rup,rbk
1070132,125,135,130,121,128,rda,mhp,ypz,afe,ljy
1070133,134,127,129,121,130,mue,dnr,pol,afe,ypz
1070134,140,121,134,138,137,rxq,afe,mue,rbk,rtj
1070135,137,140,126,136,125,rtj,rxq,ftp,cdu,rda
1070136,129,125,135,127,137,pol,rda,mhp,dnr,rtj
1070137,126,124,133,129,125,ftp,num,hmr,pol,rda
1070138,133,127,130,128,137,hmr,dnr,ypz,ljy,rtj
1070139,127,123,124,138,140,dnr,ypw,num,rbk,rxq
1070140,125,138,133,127,134,rda,rbk,hmr,dnr,mue
1070141,121,124,134,135,138,afe,num,mue,mhp,rbk
1070142,131,130,133,136,125,wch,ypz,hmr,cdu,rda
1070143,125,137,121,126,131,rda,rtj,afe,ftp,wch
1070144,135,136,121,128,137,mhp,cdu,afe,ljy,rtj
1070145,132,137,140,129,134,owi,rtj,rxq,pol,mue
1070146,140,134,130,123,121,rxq,mue,ypz,ypw,afe
1070147,140,138,128,126,137,rxq,rbk,ljy,ftp,rtj
1070148,121,129,128,126,138,afe,pol,ljy,ftp,rbk
1070149,135,123,122,134,125,mhp,ypw,rup,mue,rda
1070150,132,139,140,122,124,owi,qfs,rxq,rup,num
1070151,127,138,124,123,136,dnr,rbk,num,ypw,cdu
1070152,135,128,138,127,131,mhp,ljy,rbk,dnr,wch
1070153,122,129,138,128,139,rup,pol,rbk,ljy,qfs
1070154,124,127,134,121,139,num,dnr,mue,afe,qfs
1070155,135,131,129,140,139,mhp,wch,pol,rxq,qfs
1070156,137,130,136,138,124,rtj,ypz,cdu,rbk,num
1070157,130,132,131,133,129,ypz,owi,wch,hmr,pol
1070158,122,140,128,135,138,rup,rxq,ljy,mhp,rbk
1070159,129,136,134,131,121,pol,cdu,mue,wch,afe
1070160,127,139,135,124,122,dnr,qfs,mhp,num,rup
1070161,129,121,133,125,140,pol,afe,hmr,rda,rxq
1070162,133,123,136,137,126,hmr,ypw,cdu,rtj,ftp
1070163,131,135,138,127,122,wch,mhp,rbk,dnr,rup
1070164,133,127,124,129,126,hmr,dnr,num,pol,ftp
1070165,126,139,136,132,134,ftp,qfs,cdu,owi,mue
1070166,124,129,127,133,136,num,pol,dnr,hmr,cdu
1070167,121,138,128,139,131,afe,rbk,ljy,qfs,wch
1070168,127,125,122,139,138,dnr,rda,rup,qfs,rbk
1070169,134,139,135,128,137,mue,qfs,mhp,ljy,rtj
1070170,139,130,127,128,131,qfs,ypz,dnr,ljy,wch
1070171,126,131,123,138,130,ftp,wch,ypw,rbk,ypz
1070172,129,125,134,122,128,pol,rda,mue,rup,ljy
1070173,134,131,137,140,122,mue,wch,rtj,rxq,rup
1070174,126,133,134,130,127,ftp,hmr,mue,ypz,dnr
1070175,133,136,128,121,139,hmr,cdu,ljy,afe,qfs
1070176,136,132,139,138,124,cdu,owi,qfs,rbk,num
1070177,138,122,121,131,126,rbk,rup,afe,wch,ftp
1070178,136,121,132,124,123,cdu,afe,owi,num,ypw
1070179,129,125,140,139,124,pol,rda,rxq,qfs,num
1070180,134,131,123,130,126,mue,wch,ypw,ypz,ftp
1070181,136,122,134,128,140,cdu,rup,mue,ljy,rxq
1070182,137,128,138,132,125,rtj,ljy,rbk,owi,rda
1070183,136,138,140,132,139,cdu,rbk,rxq,owi,qfs
1070184,124,135,127,123,140,num,mhp,dnr,ypw,rxq
1070185,138,140,128,136,135,rbk,rxq,ljy,cdu,mhp
1070186,136,129,126,139,138,cdu,pol,ftp,qfs,rbk
1070187,122,139,130,133,137,rup,qfs,ypz,hmr,rtj
1070188,140,138,134,122,129,rxq,rbk,mue,rup,pol
1070189,132,125,124,126,127,owi,rda,num,ftp,dnr
1070190,121,139,128,134,138,afe,qfs,ljy,mue,rbk
1070191,128,124,126,140,121,ljy,num,ftp,rxq,afe
1070192,123,135,136,137,134,ypw,mhp,cdu,rtj,mue
1070193,138,122,123,133,130,rbk,rup,ypw,hmr,ypz
1070194,127,130,125,123,138,dnr,ypz,rda,ypw,rbk
1070195,138,121,124,139,131,rbk,afe,num,qfs,wch
1070196,133,129,125,140,135,hmr,pol,rda,rxq,mhp
1070197,133,139,137,124,126,hmr,qfs,rtj,num,ftp
1070198,139,133,122,138,136,qfs,hmr,rup,rbk,cdu
1070199,130,134,121,133,123,ypz,mue,afe,hmr,ypw
1070200,134,125,139,131,121,mue,rda,qfs,wch,afe
1070201,130,127,131,128,124,ypz,dnr,wch,ljy,num
1070202,135,136,132,130,122,mhp,cdu,owi,ypz,rup
1070203,137,129,128,139,134,rtj,pol,ljy,qfs,mue
1070204,123,121,136,122,137,ypw,afe,cdu,rup,rtj
1070205,122,137,121,123,132,rup,rtj,afe,ypw,owi
1070206,140,131,121,132,135,rxq,wch,afe,owi,mhp
1070207,134,131,125,129,139,mue,wch,rda,pol,qfs
1070208,127,125,122,124,121,dnr,rda,rup,num,afe
1070209,134,124,121,131,125,mue,num,afe,wch,rda
1070210,122,128,127,123,129,rup,ljy,dnr,ypw,pol
1070211,133,121,127,129,135,hmr,afe,dnr,pol,mhp
1070212,136,131,122,132,121,cdu,wch,rup,owi,afe
1070213,136,130,131,126,133,cdu,ypz,wch,ftp,hmr
1070214,130,127,132,128,137,ypz,dnr,owi,ljy,rtj
1070215,123,122,132,130,128,ypw,rup,owi,ypz,ljy
1070216,140,125,133,128,134,rxq,rda,hmr,ljy,mue
1070217,131,126,138,121,128,wch,ftp,rbk,afe,ljy
1070218,131,136,134,123,138,wch,cdu,mue,ypw,rbk
1070219,131,136,133,138,127,wch,cdu,hmr,rbk,dnr
1070220,121,125,122,140,130,afe,rda,rup,rxq,ypz
1070221,121,131,138,133,126,afe,wch,rbk,hmr,ftp
1070222,132,127,125,123,139,owi,dnr,rda,ypw,qfs
1070223,126,130,129,138,135,ftp,ypz,pol,rbk,mhp
1070224,123,128,139,138,126,ypw,ljy,qfs,rbk,ftp
1070225,134,130,138,123,125,mue,ypz,rbk,ypw,rda
1070226,134,125,122,133,138,mue,rda,rup,hmr,rbk
1070227,134,132,140,136,125,mue,owi,rxq,cdu,rda
1070228,128,132,127,124,122,ljy,owi,dnr,num,rup
1070229,137,138,134,125,140,rtj,rbk,mue,rda,rxq
1070230,123,133,122,124,137,ypw,hmr,rup,num,rtj
1070231,138,121,140,127,137,rbk,afe,rxq,dnr,rtj
1070232,121,125,139,127,126,afe,rda,qfs,dnr,ftp
1070233,126,138,132,136,137,ftp,rbk,owi,cdu,rtj
1070234,140,139,129,122,130,rxq,qfs,pol,rup,ypz
1070235,128,137,127,126,130,ljy,rtj,dnr,ftp,ypz
1070236,122,136,133,139,128,rup,cdu,hmr,qfs,ljy
1070237,125,127,126,131,132,rda,dnr,ftp,wch,owi
1070238,129,137,127,123,121,pol,rtj,dnr,ypw,afe
1070239,138,125,124,122,134,rbk,rda,num,rup,mue
1070240,121,133,128,136,130,afe,hmr,ljy,cdu,ypz
1070241,138,124,137,126,122,rbk,num,rtj,ftp,rup
1070242,133,121,132,137,128,hmr,afe,owi,rtj,ljy
1070243,129,132,139,125,136,pol,owi,qfs,rda,cdu
1070244,126,134,137,136,123,ftp,mue,rtj,cdu,ypw
1070245,123,138,133,129,132,ypw,rbk,hmr,pol,owi
1070246,125,134,122,130,136,rda,mue,rup,ypz,cdu
1070247,126,122,133,136,139,ftp,rup,hmr,cdu,qfs
1070248,122,139,125,136,140,rup,qfs,rda,cdu,rxq
1070249,140,136,139,126,135,rxq,cdu,qfs,ftp,mhp
1070250,124,131,139,126,125,num,wch,qfs,ftp,rda
1070251,139,134,121,131,122,qfs,mue,afe,wch,rup
1070252,126,129,137,128,140,ftp,pol,rtj,ljy,rxq
1070253,124,125,138,135,139,num,rda,rbk,mhp,qfs
1070254,138,136,132,122,125,rbk,cdu,owi,rup,rda
1070255,125,123,130,138,129,rda,ypw,ypz,rbk,pol
1070256,136,135,132,137,121,cdu,mhp,owi,rtj,afe
1070257,121,128,138,136,131,afe,ljy,rbk,cdu,wch
1070258,135,121,124,139,122,mhp,afe,num,qfs,rup
1070259,125,121,122,126,133,rda,afe,rup,ftp,hmr
1070260,122,121,128,134,127,rup,afe,ljy,mue,dnr
1070261,134,133,127,123,130,mue,hmr,dnr,ypw,ypz
1070262,135,131,121,137,139,mhp,wch,afe,rtj,qfs
1070263,121,137,122,130,134,afe,rtj,rup,ypz,mue
1070264,123,128,121,137,133,ypw,ljy,afe,rtj,hmr
1070265,122,130,134,124,127,rup,ypz,mue,num,dnr
1070266,140,127,134,126,129,rxq,dnr,mue,ftp,pol
1070267,127,137,136,140,123,dnr,rtj,cdu,rxq,ypw
1070268,137,138,135,125,121,rtj,rbk,mhp,rda,afe
1070269,122,140,121,128,135,rup,rxq,afe,ljy,mhp
1070270,138,126,127,134,122,rbk,ftp,dnr,mue,rup
1070271,122,140,127,139,138,rup,rxq,dnr,qfs,rbk
1070272,138,137,134,132,130,rbk,rtj,mue,owi,ypz
1070273,124,121,125,128,126,num,afe,rda,ljy,ftp
1070274,131,122,127,124,138,wch,rup,dnr,num,rbk
1070275,121,126,133,140,129,afe,ftp,hmr,rxq,pol
1070276,126,121,140,129,138,ftp,afe,rxq,pol,rbk
1070277,133,137,126,135,127,hmr,rtj,ftp,mhp,dnr
1070278,135,121,129,125,123,mhp,afe,pol,rda,ypw
1070279,139,137,125,128,140,qfs,rtj,rda,ljy,rxq
1070280,129,122,134,139,132,pol,rup,mue,qfs,owi
1070281,137,134,127,138,130,rtj,mue,dnr,rbk,ypz
1070282,139,126,128,138,129,qfs,ftp,ljy,rbk,pol
1070283,134,128,137,133,132,mue,ljy,rtj,hmr,owi
1070284,127,132,138,137,121,dnr,owi,rbk,rtj,afe
1070285,121,137,122,140,136,afe,rtj,rup,rxq,cdu
1070286,136,138,129,126,123,cdu,rbk,pol,ftp,ypw
1070287,130,132,125,126,139,ypz,owi,rda,ftp,qfs
1070288,133,136,140,137,127,hmr,cdu,rxq,rtj,dnr
1070289,128,134,132,124,133,ljy,mue,owi,num,hmr
1070290,129,135,139,127,134,pol,mhp,qfs,dnr,mue
1070291,129,138,127,140,126,pol,rbk,dnr,rxq,ftp
1070292,136,140,137,138,131,cdu,rxq,rtj,rbk,wch
1070293,124,127,133,138,121,num,dnr,hmr,rbk,afe
1070294,137,122,125,129,132,rtj,rup,rda,pol,owi
1070295,133,132,135,134,125,hmr,owi,mhp,mue,rda
1070296,122,139,129,138,132,rup,qfs,pol,rbk,owi
1070297,129,126,137,135,127,pol,ftp,rtj,mhp,dnr
1070298,124,136,122,138,135,num,cdu,rup,rbk,mhp
1070299,121,135,123,127,131,afe,mhp,ypw,dnr,wch
1070300,130,122,140,134,123,ypz,rup,rxq,mue,ypw
1070301,125,128,127,126,135,rda,ljy,dnr,ftp,mhp
1070302,126,125,135,140,124,ftp,rda,mhp,rxq,num
1070303,124,129,137,121,123,num,pol,rtj,afe,ypw
1070304,123,124,128,135,127,ypw,num,ljy,mhp,dnr
1070305,121,134,138,135,136,afe,mue,rbk,mhp,cdu
1070306,125,138,128,139,133,rda,rbk,ljy,qfs,hmr
1070307,131,126,129,128,140,wch,ftp,pol,ljy,rxq
1070308,140,137,127,129,126,rxq,rtj,dnr,pol,ftp
1070309,138,123,128,122,127,rbk,ypw,ljy,rup,dnr
1070310,126,124,136,127,132,ftp,num,cdu,dnr,owi
1070311,136,123,124,132,139,cdu,ypw,num,owi,qfs
1070312,131,130,129,139,133,wch,ypz,pol,qfs,hmr
1070313,131,121,126,138,129,wch,afe,ftp,rbk,pol
1070314,130,121,136,129,138,ypz,afe,cdu,pol,rbk
1070315,127,136,133,125,121,dnr,cdu,hmr,rda,afe
1070316,134,129,125,128,121,mue,pol,rda,ljy,afe
1070317,127,139,126,121,140,dnr,qfs,ftp,afe,rxq
1070318,125,132,134,135,122,rda,owi,mue,mhp,rup
1070319,124,140,133,139,131,num,rxq,hmr,qfs,wch
1070320,132,124,133,121,134,owi,num,hmr,afe,mue
1070321,129,135,121,134,140,pol,mhp,afe,mue,rxq
1070322,122,130,132,135,139,rup,ypz,owi,mhp,qfs
1070323,128,132,121,133,136,ljy,owi,afe,hmr,cdu
1070324,139,123,124,133,134,qfs,ypw,num,hmr,mue
1070325,131,133,134,121,127,wch,hmr,mue,afe,dnr
1070326,123,132,135,137,128,ypw,owi,mhp,rtj,ljy
1070327,136,131,133,123,137,cdu,wch,hmr,ypw,rtj
1070328,130,121,138,128,129,ypz,afe,rbk,ljy,pol
1070329,122,130,126,140,128,rup,ypz,ftp,rxq,ljy
1070330,125,132,129,128,130,rda,owi,pol,ljy,ypz
1070331,134,139,121,122,137,mue,qfs,afe,rup,rtj
1070332,132,139,121,122,123,owi,qfs,afe,rup,ypw
1070333,125,123,135,136,131,rda,ypw,mhp,cdu,wch
1070334,121,135,137,122,140,afe,mhp,rtj,rup,rxq
1070335,126,129,127,132,134,ftp,pol,dnr,owi,mue
1070336,125,137,129,122,130,rda,rtj,pol,rup,ypz
1070337,128,137,138,135,126,ljy,rtj,rbk,mhp,ftp
1070338,137,127,131,138,126,rtj,dnr,wch,rbk,ftp
1070339,130,133,136,134,137,ypz,hmr,cdu,mue,rtj
1070340,129,137,132,131,126,pol,rtj,owi,wch,ftp
1070341,126,136,129,134,137,ftp,cdu,pol,mue,rtj
1070342,129,128,139,140,133,pol,ljy,qfs,rxq,hmr
1070343,128,137,131,134,126,ljy,rtj,wch,mue,ftp
1070344,127,128,132,129,123,dnr,ljy,owi,pol,ypw
1070345,122,124,131,132,130,rup,num,wch,owi,ypz
1070346,127,134,135,126,123,dnr,mue,mhp,ftp,ypw
1070347,131,121,126,123,137,wch,afe,ftp,ypw,rtj
1070348,121,124,137,140,122,afe,num,rtj,rxq,rup
1070349,130,127,125,136,132,ypz,dnr,rda,cdu,owi
1070350,123,138,124,140,136,ypw,rbk,num,rxq,cdu
1070351,137,135,131,139,129,rtj,mhp,wch,qfs,pol
1070352,140,127,129,136,130,rxq,dnr,pol,cdu,ypz
1070353,126,130,127,123,131,ftp,ypz,dnr,ypw,wch
1070354,133,124,139,135,122,hmr,num,qfs,mhp,rup
1070355,137,140,126,125,135,rtj,rxq,ftp,rda,mhp
1070356,124,131,121,134,128,num,wch,afe,mue,ljy
1070357,138,126,137,121,127,rbk,ftp,rtj,afe,dnr
1070358,137,123,133,125,126,rtj,ypw,hmr,rda,ftp
1070359,137,136,128,125,123,rtj,cdu,ljy,rda,ypw
1070360,138,128,132,137,133,rbk,ljy,owi,rtj,hmr
1070361,122,126,125,132,128,rup,ftp,rda,owi,ljy
1070362,133,134,126,138,123,hmr,mue,ftp,rbk,ypw
1070363,134,136,135,132,129,mue,cdu,mhp,owi,pol
1070364,121,138,135,122,134,afe,rbk,mhp,rup,mue
1070365,133,136,131,139,135,hmr,cdu,wch,qfs,mhp
1070366,132,124,130,121,135,owi,num,ypz,afe,mhp
1070367,125,127,139,136,137,rda,dnr,qfs,cdu,rtj
1070368,125,122,135,140,134,rda,rup,mhp,rxq,mue
1070369,123,131,132,127,137,ypw,wch,owi,dnr,rtj
1070370,135,130,126,124,136,mhp,ypz,ftp,num,cdu
1070371,127,135,130,139,137,dnr,mhp,ypz,qfs,rtj
1070372,134,132,128,126,124,mue,owi,ljy,ftp,num
1070373,134,128,135,127,121,mue,ljy,mhp,dnr,afe
1070374,140,137,130,129,133,rxq,rtj,ypz,pol,hmr
1070375,140,127,126,133,134,rxq,dnr,ftp,hmr,mue
1070376,131,137,140,126,133,wch,rtj,rxq,ftp,hmr
1070377,140,138,133,131,121,rxq,rbk,hmr,wch,afe
1070378,121,132,139,137,131,afe,owi,qfs,rtj,wch
1070379,125,139,140,131,136,rda,qfs,rxq,wch,cdu
1070380,138,130,135,133,122,rbk,ypz,mhp,hmr,rup
1070381,140,125,133,122,128,rxq,rda,hmr,rup,ljy
1070382,130,135,127,133,134,ypz,mhp,dnr,hmr,mue
1070383,124,126,127,137,140,num,ftp,dnr,rtj,rxq
1070384,133,135,128,137,134,hmr,mhp,ljy,rtj,mue
1070385,131,140,134,127,138,wch,rxq,mue,dnr,rbk
1070386,139,121,134,137,128,qfs,afe,mue,rtj,ljy
1070387,121,130,131,122,136,afe,ypz,wch,rup,cdu
1070388,129,124,136,121,131,pol,num,cdu,afe,wch
1070389,122,129,137,121,130,rup,pol,rtj,afe,ypz
1070390,123,132,136,126,128,ypw,owi,cdu,ftp,ljy
1070391,127,126,130,129,131,dnr,ftp,ypz,pol,wch
1070392,132,133,128,129,136,owi,hmr,ljy,pol,cdu
1070393,138,133,134,127,130,rbk,hmr,mue,dnr,ypz
1070394,122,132,126,133,131,rup,owi,ftp,hmr,wch
1070395,134,125,135,128,123,mue,rda,mhp,ljy,ypw
1070396,137,129,131,130,133,rtj,pol,wch,ypz,hmr
1070397,127,126,139,122,125,dnr,ftp,qfs,rup,rda
1070398,127,124,136,132,121,dnr,num,cdu,owi,afe
1070399,131,130,140,136,132,wch,ypz,rxq,cdu,owi
1070400,130,138,126,132,124,ypz,rbk,ftp,owi,num
1070401,122,131,127,140,132,rup,wch,dnr,rxq,owi
1070402,132,126,136,134,133,owi,ftp,cdu,mue,hmr
1070403,130,135,125,129,121,ypz,mhp,rda,pol,afe
1070404,131,128,132,129,121,wch,ljy,owi,pol,afe
1070405,131,133,122,135,138,wch,hmr,rup,mhp,rbk
1070406,130,131,129,132,127,ypz,wch,pol,owi,dnr
1070407,140,133,137,125,128,rxq,hmr,rtj,rda,ljy
1070408,136,122,135,127,139,cdu,rup,mhp,dnr,qfs
1070409,134,126,125,129,138,mue,ftp,rda,pol,rbk
1070410,133,139,132,135,127,hmr,qfs,owi,mhp,dnr
1070411,129,138,126,131,125,pol,rbk,ftp,wch,rda
1070412,129,132,140,130,133,pol,owi,rxq,ypz,hmr
1070413,138,130,124,122,123,rbk,ypz,num,rup,ypw
1070414,134,131,124,133,121,mue,wch,num,hmr,afe
1070415,122,140,137,127,126,rup,rxq,rtj,dnr,ftp
1070416,139,138,134,130,129,qfs,rbk,mue,ypz,pol
1070417,136,132,140,122,138,cdu,owi,rxq,rup,rbk
1070418,126,121,129,134,131,ftp,afe,pol,mue,wch
1070419,140,122,124,128,135,rxq,rup,num,ljy,mhp
1070420,132,134,131,128,138,owi,mue,wch,ljy,rbk
1070421,125,131,128,139,122,rda,wch,ljy,qfs,rup
1070422,130,126,140,139,138,ypz,ftp,rxq,qfs,rbk
1070423,130,139,121,123,125,ypz,qfs,afe,ypw,rda
1070424,128,134,139,131,121,ljy,mue,qfs,wch,afe
1070425,136,126,134,128,124,cdu,ftp,mue,ljy,num
1070426,130,137,135,138,125,ypz,rtj,mhp,rbk,rda
1070427,139,123,131,128,129,qfs,ypw,wch,ljy,pol
1070428,134,136,129,140,123,mue,cdu,pol,rxq,ypw
1070429,124,122,137,125,136,num,rup,rtj,rda,cdu
1070430,139,138,123,122,121,qfs,rbk,ypw,rup,afe
1070431,124,131,125,135,136,num,wch,rda,mhp,cdu
1070432,132,128,126,124,133,owi,ljy,ftp,num,hmr
1070433,128,121,129,137,135,ljy,afe,pol,rtj,mhp
1070434,131,138,130,122,137,wch,rbk,ypz,rup,rtj
1070435,130,124,135,127,123,ypz,num,mhp,dnr,ypw
1070436,138,127,135,123,121,rbk,dnr,mhp,ypw,afe
1070437,134,121,139,126,135,mue,afe,qfs,ftp,mhp
1070438,122,140,125,138,131,rup,rxq,rda,rbk,wch
1070439,134,135,123,130,138,mue,mhp,ypw,ypz,rbk
1070440,121,127,122,135,124,afe,dnr,rup,mhp,num
1070441,140,134,122,125,135,rxq,mue,rup,rda,mhp
1070442,138,121,128,132,130,rbk,afe,ljy,owi,ypz
1070443,137,140,139,125,122,rtj,rxq,qfs,rda,rup
1070444,140,123,126,134,131,rxq,ypw,ftp,mue,wch
1070445,121,139,123,133,136,afe,qfs,ypw,hmr,cdu
1070446,124,131,123,130,136,num,wch,ypw,ypz,cdu
1070447,137,140,125,132,129,rtj,rxq,rda,owi,pol
1070448,131,136,138,121,129,wch,cdu,rbk,afe,pol
1070449,137,130,132,124,140,rtj,ypz,owi,num,rxq
1070450,137,140,138,129,125,rtj,rxq,rbk,pol,rda
1070451,125,130,132,136,139,rda,ypz,owi,cdu,qfs
1070452,131,130,126,128,124,wch,ypz,ftp,ljy,num
1070453,135,132,131,127,128,mhp,owi,wch,dnr,ljy
1070454,129,137,126,133,131,pol,rtj,ftp,hmr,wch
1070455,131,138,133,128,139,wch,rbk,hmr,ljy,qfs
1070456,121,122,134,138,129,afe,rup,mue,rbk,pol
1070457,126,137,130,128,124,ftp,rtj,ypz,ljy,num
1070458,140,135,121,136,126,rxq,mhp,afe,cdu,ftp
1070459,125,134,124,129,128,rda,mue,num,pol,ljy
1070460,124,132,122,134,133,num,owi,rup,mue,hmr
1070461,126,132,130,134,127,ftp,owi,ypz,mue,dnr
1070462,121,133,129,140,122,afe,hmr,pol,rxq,rup
1070463,131,124,127,126,140,wch,num,dnr,ftp,rxq
1070464,134,124,126,123,135,mue,num,ftp,ypw,mhp
1070465,136,124,123,137,127,cdu,num,ypw,rtj,dnr
1070466,134,122,136,135,131,mue,rup,cdu,mhp,wch
1070467,121,126,129,122,123,afe,ftp,pol,rup,ypw
1070468,140,127,129,125,131,rxq,dnr,pol,rda,wch
1070469,126,140,130,129,128,ftp,rxq,ypz,pol,ljy
1070470,129,124,131,127,133,pol,num,wch,dnr,hmr
1070471,124,136,139,140,121,num,cdu,qfs,rxq,afe
1070472,138,126,125,132,135,rbk,ftp,rda,owi,mhp
1070473,121,139,128,126,125,afe,qfs,ljy,ftp,rda
1070474,135,123,134,133,139,mhp,ypw,mue,hmr,qfs
1070475,139,122,130,125,134,qfs,rup,ypz,rda,mue
1070476,137,133,136,126,131,rtj,hmr,cdu,ftp,wch
1070477,124,122,131,134,129,num,rup,wch,mue,pol
1070478,137,133,139,134,121,rtj,hmr,qfs,mue,afe
1070479,129,126,139,123,131,pol,ftp,qfs,ypw,wch
1070480,129,125,124,133,127,pol,rda,num,hmr,dnr
1070481,139,121,122,135,126,qfs,afe,rup,mhp,ftp
1070482,122,130,126,137,135,rup,ypz,ftp,rtj,mhp
1070483,122,128,123,132,131,rup,ljy,ypw,owi,wch
1070484,134,138,133,125,136,mue,rbk,hmr,rda,cdu
1070485,125,137,134,135,121,rda,rtj,mue,mhp,afe
1070486,137,124,140,134,125,rtj,num,rxq,mue,rda
1070487,140,121,129,128,122,rxq,afe,pol,ljy,rup
1070488,121,122,138,134,135,afe,rup,rbk,mue,mhp
1070489,138,121,129,125,131,rbk,afe,pol,rda,wch
1070490,137,140,121,127,130,rtj,rxq,afe,dnr,ypz
1070491,125,134,140,127,137,rda,mue,rxq,dnr,rtj
1070492,138,134,123,139,124,rbk,mue,ypw,qfs,num
1070493,129,121,126,127,125,pol,afe,ftp,dnr,rda
1070494,134,137,136,123,140,mue,rtj,cdu,ypw,rxq
1070495,124,136,132,125,139,num,cdu,owi,rda,qfs
1070496,126,130,121,122,132,ftp,ypz,afe,rup,owi
1070497,126,134,138,140,135,ftp,mue,rbk,rxq,mhp
1070498,140,138,122,129,133,rxq,rbk,rup,pol,hmr
1070499,123,127,134,121,131,ypw,dnr,mue,afe,wch
1070500,128,129,121,139,122,ljy,pol,afe,qfs,rup
1070501,127,135,137,123,133,dnr,mhp,rtj,ypw,hmr
1070502,124,139,137,131,123,num,qfs,rtj,wch,ypw
1070503,134,121,123,129,139,mue,afe,ypw,pol,qfs
1070504,135,124,129,122,128,mhp,num,pol,rup,ljy
1070505,122,136,128,123,140,rup,cdu,ljy,ypw,rxq
1070506,134,122,124,129,128,mue,rup,num,pol,ljy
1070507,123,140,136,135,122,ypw,rxq,cdu,mhp,rup
1070508,133,130,128,126,132,hmr,ypz,ljy,ftp,owi
1070509,122,140,134,130,121,rup,rxq,mue,ypz,afe
1070510,138,127,137,132,121,rbk,dnr,rtj,owi,afe
1070511,134,136,129,128,140,mue,cdu,pol,ljy,rxq
1070512,127,128,126,134,138,dnr,ljy,ftp,mue,rbk
1070513,121,123,122,131,139,afe,ypw,rup,wch,qfs
1070514,131,125,124,128,123,wch,rda,num,ljy,ypw
1070515,138,134,135,132,131,rbk,mue,mhp,owi,wch
1070516,125,136,132,134,137,rda,cdu,owi,mue,rtj
1070517,132,131,125,134,135,owi,wch,rda,mue,mhp
1070518,124,132,126,134,140,num,owi,ftp,mue,rxq
1070519,125,130,137,121,135,rda,ypz,rtj,afe,mhp
1070520,124,131,137,136,127,num,wch,rtj,cdu,dnr
1070521,137,125,132,121,122,rtj,rda,owi,afe,rup
1070522,136,140,122,134,138,cdu,rxq,rup,mue,rbk
1070523,123,129,130,126,124,ypw,pol,ypz,ftp,num
1070524,133,127,130,140,121,hmr,dnr,ypz,rxq,afe
1070525,130,122,121,127,131,ypz,rup,afe,dnr,wch
1070526,131,138,122,124,129,wch,rbk,rup,num,pol
1070527,138,130,122,121,128,rbk,ypz,rup,afe,ljy
1070528,135,130,125,126,134,mhp,ypz,rda,ftp,mue
1070529,132,140,121,137,125,owi,rxq,afe,rtj,rda
1070530,122,130,123,138,135,rup,ypz,ypw,rbk,mhp
1070531,123,122,129,134,127,ypw,rup,pol,mue,dnr
1070532,129,137,127,140,124,pol,rtj,dnr,rxq,num
1070533,139,133,124,138,122,qfs,hmr,num,rbk,rup
1070534,138,129,123,124,125,rbk,pol,ypw,num,rda
1070535,128,138,123,134,139,ljy,rbk,ypw,mue,qfs
1070536,126,125,129,133,138,ftp,rda,pol,hmr,rbk
1070537,126,130,122,132,127,ftp,ypz,rup,owi,dnr
1070538,138,140,123,121,125,rbk,rxq,ypw,afe,rda
1070539,131,128,137,139,130,wch,ljy,rtj,qfs,ypz
1070540,123,122,129,128,124,ypw,rup,pol,ljy,num
1070541,132,130,139,125,136,owi,ypz,qfs,rda,cdu
1070542,137,124,127,125,139,rtj,num,dnr,rda,qfs
1070543,129,122,130,137,132,pol,rup,ypz,rtj,owi
1070544,133,125,126,129,132,hmr,rda,ftp,pol,owi
1070545,139,121,132,133,122,qfs,afe,owi,hmr,rup
1070546,132,140,131,122,136,owi,rxq,wch,rup,cdu
1070547,130,129,135,137,131,ypz,pol,mhp,rtj,wch
1070548,127,121,129,123,139,dnr,afe,pol,ypw,qfs
1070549,125,134,130,138,128,rda,mue,ypz,rbk,ljy
1070550,138,123,128,125,127,rbk,ypw,ljy,rda,dnr
1070551,138,131,125,122,127,rbk,wch,rda,rup,dnr
1070552,126,128,129,134,137,ftp,ljy,pol,mue,rtj
1070553,140,131,126,133,139,rxq,wch,ftp,hmr,qfs
1070554,124,137,126,128,139,num,rtj,ftp,ljy,qfs
1070555,125,122,130,128,136,rda,rup,ypz,ljy,cdu
1070556,135,129,136,121,134,mhp,pol,cdu,afe,mue
1070557,122,137,128,134,131,rup,rtj,ljy,mue,wch
1070558,135,121,139,130,138,mhp,afe,qfs,ypz,rbk
1070559,135,121,122,125,133,mhp,afe,rup,rda,hmr
1070560,125,132,135,137,134,rda,owi,mhp,rtj,mue
1070561,137,139,138,134,126,rtj,qfs,rbk,mue,ftp
1070562,125,124,130,131,137,rda,num,ypz,wch,rtj
1070563,129,132,139,130,124,pol,owi,qfs,ypz,num
1070564,128,127,126,122,125,ljy,dnr,ftp,rup,rda
1070565,137,134,131,138,128,rtj,mue,wch,rbk,ljy
1070566,134,128,133,137,135,mue,ljy,hmr,rtj,mhp
1070567,121,128,127,130,131,afe,ljy,dnr,ypz,wch
1070568,140,134,139,127,136,rxq,mue,qfs,dnr,cdu
1070569,124,126,130,140,139,num,ftp,ypz,rxq,qfs
1070570,122,128,121,135,125,rup,ljy,afe,mhp,rda
1070571,132,135,124,127,128,owi,mhp,num,dnr,ljy
1070572,137,130,134,133,121,rtj,ypz,mue,hmr,afe
1070573,139,128,132,130,129,qfs,ljy,owi,ypz,pol
1070574,124,140,121,122,123,num,rxq,afe,rup,ypw
1070575,139,140,138,129,122,qfs,rxq,rbk,pol,rup
1070576,132,126,121,129,134,owi,ftp,afe,pol,mue
1070577,133,124,121,127,123,hmr,num,afe,dnr,ypw
1070578,137,129,136,135,133,rtj,pol,cdu,mhp,hmr
1070579,139,136,124,121,123,qfs,cdu,num,afe,ypw
1070580,129,121,127,136,131,pol,afe,dnr,cdu,wch
1070581,135,126,122,134,140,mhp,ftp,rup,mue,rxq
1070582,123,124,133,131,140,ypw,num,hmr,wch,rxq
1070583,127,134,139,122,124,dnr,mue,qfs,rup,num
1070584,124,127,122,140,128,num,dnr,rup,rxq,ljy
1070585,123,130,127,128,124,ypw,ypz,dnr,ljy,num
1070586,127,140,121,135,128,dnr,rxq,afe,mhp,ljy
1070587,135,137,129,133,121,mhp,rtj,pol,hmr,afe
1070588,126,124,130,122,125,ftp,num,ypz,rup,rda
1070589,123,138,134,140,136,ypw,rbk,mue,rxq,cdu
1070590,123,135,127,132,128,ypw,mhp,dnr,owi,ljy
1070591,121,123,137,124,136,afe,ypw,rtj,num,cdu
1070592,138,123,129,122,125,rbk,ypw,pol,rup,rda
1070593,137,125,124,130,129,rtj,rda,num,ypz,pol
1070594,125,140,135,134,136,rda,rxq,mhp,mue,cdu
1070595,128,137,140,126,132,ljy,rtj,rxq,ftp,owi
1070596,125,122,124,127,126,rda,rup,num,dnr,ftp
1070597,125,122,138,139,127,rda,rup,rbk,qfs,dnr
1070598,135,129,133,134,125,mhp,pol,hmr,mue,rda
1070599,124,121,129,123,139,num,afe,pol,ypw,qfs
1070600,136,131,122,132,139,cdu,wch,rup,owi,qfs
1080001,149,157,160,152,153,ulm,prk,qps,qeb,xfh
1080002,145,156,142,151,144,csn,qaf,fmq,lpu,gwx
1080003,159,157,146,150,154,okh,prk,web,etk,dlu
1080004,152,155,145,150,151,qeb,ivn,csn,etk,lpu
1080005,145,152,156,148,157,csn,qeb,qaf,xzj,prk
1080006,147,145,152,160,157,lwc,csn,qeb,qps,prk
1080007,143,149,151,158,141,cur,ulm,lpu,rhj,ays
1080008,159,152,150,147,160,okh,qeb,etk,lwc,qps
1080009,150,158,144,145,146,etk,rhj,gwx,csn,web
1080010,149,160,150,143,159,ulm,qps,etk,cur,okh
1080011,158,160,153,157,150,rhj,qps,xfh,prk,etk
1080012,159,150,147,156,145,okh,etk,lwc,qaf,csn
1080013,155,152,143,158,154,ivn,qeb,cur,rhj,dlu
1080014,154,150,143,147,141,dlu,etk,cur,lwc,ays
1080015,154,150,146,147,159,dlu,etk,web,lwc,okh
1080016,146,158,142,151,154,web,rhj,fmq,lpu,dlu
1080017,142,146,155,149,152,fmq,web,ivn,ulm,qeb
1080018,154,159,146,142,151,dlu,okh,web,fmq,lpu
1080019,158,154,148,146,141,rhj,dlu,xzj,web,ays
1080020,151,154,145,157,141,lpu,dlu,csn,prk,ays
1080021,143,152,142,145,150,cur,qeb,fmq,csn,etk
1080022,141,158,159,157,154,ays,rhj,okh,prk,dlu
1080023,150,146,156,153,144,etk,web,qaf,xfh,gwx
1080024,143,144,158,145,146,cur,gwx,rhj,csn,web
1080025,154,153,160,145,155,dlu,xfh,qps,csn,ivn
1080026,149,159,143,146,153,ulm,okh,cur,web,xfh
1080027,152,153,142,150,144,qeb,xfh,fmq,etk,gwx
1080028,145,144,153,160,155,csn,gwx,xfh,qps,ivn
1080029,142,141,154,153,146,fmq,ays,dlu,xfh,web
1080030,159,153,158,143,154,okh,xfh,rhj,cur,dlu
1080031,151,155,146,157,153,lpu,ivn,web,prk,xfh
1080032,152,159,150,156,148,qeb,okh,etk,qaf,xzj
1080033,147,143,145,150,157,lwc,cur,csn,etk,prk
1080034,147,146,142,150,154,lwc,web,fmq,etk,dlu
1080035,151,148,160,143,150,lpu,xzj,qps,cur,etk
1080036,155,160,143,148,157,ivn,qps,cur,xzj,prk
1080037,147,158,144,141,149,lwc,rhj,gwx,ays,ulm
1080038,143,153,150,160,157,cur,xfh,etk,qps,prk
1080039,159,154,148,149,158,okh,dlu,xzj,ulm,rhj
1080040,157,150,153,155,141,prk,etk,xfh,ivn,ays
1080041,141,143,146,149,154,ays,cur,web,ulm,dlu
1080042,148,157,144,154,160,xzj,prk,gwx,dlu,qps
1080043,159,149,157,155,151,okh,ulm,prk,ivn,lpu
1080044,149,145,157,155,146,ulm,csn,prk,ivn,web
1080045,141,142,149,155,152,ays,fmq,ulm,ivn,qeb
1080046,149,142,156,158,159,ulm,fmq,qaf,rhj,okh
1080047,142,156,147,148,154,fmq,qaf,lwc,xzj,dlu
1080048,153,147,157,143,158,xfh,lwc,prk,cur,rhj
1080049,159,149,143,150,154,okh,ulm,cur,etk,dlu
1080050,153,141,147,150,146,xfh,ays,lwc,etk,web
1080051,145,143,151,153,144,csn,cur,lpu,xfh,gwx
1080052,153,151,160,150,152,xfh,lpu,qps,etk,qeb
1080053,146,150,144,152,142,web,etk,gwx,qeb,fmq
1080054,156,155,143,160,145,qaf,ivn,cur,qps,csn
1080055,143,141,159,151,147,cur,ays,okh,lpu,lwc
1080056,145,142,143,159,156,csn,fmq,cur,okh,qaf
1080057,160,149,154,156,153,qps,ulm,dlu,qaf,xfh
1080058,147,150,158,155,145,lwc,etk,rhj,ivn,csn
1080059,157,151,153,141,159,prk,lpu,xfh,ays,okh
1080060,153,142,157,149,145,xfh,fmq,prk,ulm,csn
1080061,152,143,148,142,160,qeb,cur,xzj,fmq,qps
1080062,150,145,148,158,160,etk,csn,xzj,rhj,qps
1080063,160,154,144,151,145,qps,dlu,gwx,lpu,csn
1080064,155,154,145,151,144,ivn,dlu,csn,lpu,gwx
1080065,147,152,153,145,154,lwc,qeb,xfh,csn,dlu
1080066,141,142,154,156,143,ays,fmq,dlu,qaf,cur
1080067,154,158,148,145,151,dlu,rhj,xzj,csn,lpu
1080068,148,160,152,158,146,xzj,qps,qeb,rhj,web
1080069,141,156,159,145,149,ays,qaf,okh,csn,ulm
1080070,158,151,152,154,147,rhj,lpu,qeb,dlu,lwc
1080071,157,154,159,151,149,prk,dlu,okh,lpu,ulm
1080072,157,150,149,152,156,prk,etk,ulm,qeb,qaf
1080073,158,143,145,154,149,rhj,cur,csn,dlu,ulm
1080074,150,156,155,149,148,etk,qaf,ivn,ulm,xzj
1080075,151,154,147,160,145,lpu,dlu,lwc,qps,csn
1080076,157,141,148,155,142,prk,ays,xzj,ivn,fmq
1080077,160,156,142,157,148,qps,qaf,fmq,prk,xzj
1080078,157,158,151,152,156,prk,rhj,lpu,qeb,qaf
1080079,159,149,153,150,144,okh,ulm,xfh,etk,gwx
1080080,159,149,156,155,148,okh,ulm,qaf,ivn,xzj
1080081,158,153,142,152,144,rhj,xfh,fmq,qeb,gwx
1080082,145,155,147,151,149,csn,ivn,lwc,lpu,ulm
1080083,145,157,152,153,149,csn,prk,qeb,xfh,ulm
1080084,158,159,150,143,160,rhj,okh,etk,cur,qps
1080085,149,154,147,150,160,ulm,dlu,lwc,etk,qps
1080086,142,159,154,160,146,fmq,okh,dlu,qps,web
1080087,145,153,150,152,158,csn,xfh,etk,qeb,rhj
1080088,141,154,151,146,150,ays,dlu,lpu,web,etk
1080089,157,152,150,153,160,prk,qeb,etk,xfh,qps
1080090,151,152,158,154,143,lpu,qeb,rhj,dlu,cur
1080091,151,150,141,160,156,lpu,etk,ays,qps,qaf
1080092,152,159,148,154,156,qeb,okh,xzj,dlu,qaf
1080093,149,160,155,143,148,ulm,qps,ivn,cur,xzj
1080094,160,143,146,149,156,qps,cur,web,ulm,qaf
1080095,151,147,159,148,142,lpu,lwc,okh,xzj,fmq
1080096,154,142,147,145,157,dlu,fmq,lwc,csn,prk
1080097,158,155,147,144,156,rhj,ivn,lwc,gwx,qaf
1080098,156,144,155,160,149,qaf,gwx,ivn,qps,ulm
1080099,156,153,158,157,155,qaf,xfh,rhj,prk,ivn
1080100,149,142,159,148,157,ulm,fmq,okh,xzj,prk
1080101,158,149,148,141,143,rhj,ulm,xzj,ays,cur
1080102,158,149,156,142,145,rhj,ulm,qaf,fmq,csn
1080103,159,141,149,142,147,okh,ays,ulm,fmq,lwc
1080104,156,148,147,157,154,qaf,xzj,lwc,prk,dlu
1080105,151,160,152,159,158,lpu,qps,qeb,okh,rhj
1080106,150,153,155,160,145,etk,xfh,ivn,qps,csn
1080107,159,155,141,156,160,okh,ivn,ays,qaf,qps
1080108,142,158,152,151,153,fmq,rhj,qeb,lpu,xfh
1080109,147,144,150,158,151,lwc,gwx,etk,rhj,lpu
1080110,143,156,149,144,157,cur,qaf,ulm,gwx,prk
1080111,156,152,153,159,147,qaf,qeb,xfh,okh,lwc
1080112,145,158,156,151,147,csn,rhj,qaf,lpu,lwc
1080113,159,147,143,158,156,okh,lwc,cur,rhj,qaf
1080114,150,147,146,143,153,etk,lwc,web,cur,xfh
1080115,154,149,160,147,159,dlu,ulm,qps,lwc,okh
1080116,143,147,159,144,142,cur,lwc,okh,gwx,fmq
1080117,155,160,154,147,157,ivn,qps,dlu,lwc,prk
1080118,156,145,155,150,147,qaf,csn,ivn,etk,lwc
1080119,152,148,159,153,141,qeb,xzj,okh,xfh,ays
1080120,155,157,149,159,158,ivn,prk,ulm,okh,rhj
1080121,153,145,141,144,155,xfh,csn,ays,gwx,ivn
1080122,154,144,155,159,150,dlu,gwx,ivn,okh,etk
1080123,150,155,152,159,142,etk,ivn,qeb,okh,fmq
1080124,151,145,150,156,158,lpu,csn,etk,qaf,rhj
1080125,158,155,159,147,157,rhj,ivn,okh,lwc,prk
1080126,146,158,157,148,151,web,rhj,prk,xzj,lpu
1080127,154,153,155,152,159,dlu,xfh,ivn,qeb,okh
1080128,156,149,145,157,160,qaf,ulm,csn,prk,qps
1080129,142,145,157,148,143,fmq,csn,prk,xzj,cur
1080130,144,145,152,153,160,gwx,csn,qeb,xfh,qps
1080131,154,153,159,142,158,dlu,xfh,okh,fmq,rhj
1080132,145,155,150,141,148,csn,ivn,etk,ays,xzj
1080133,154,147,149,141,150,dlu,lwc,ulm,ays,etk
1080134,160,141,154,158,157,qps,ays,dlu,rhj,prk
1080135,157,160,146,156,145,prk,qps,web,qaf,csn
1080136,149,145,155,147,157,ulm,csn,ivn,lwc,prk
1080137,146,144,153,149,145,web,gwx,xfh,ulm,csn
1080138,153,147,150,148,157,xfh,lwc,etk,xzj,prk
1080139,147,143,144,158,160,lwc,cur,gwx,rhj,qps
1080140,145,158,153,147,154,csn,rhj,xfh,lwc,dlu
1080141,141,144,154,155,158,ays,gwx,dlu,ivn,rhj
1080142,151,150,153,156,145,lpu,etk,xfh,qaf,csn
1080143,145,157,141,146,151,csn,prk,ays,web,lpu
1080144,155,156,141,148,157,ivn,qaf,ays,xzj,prk
1080145,152,157,160,149,154,qeb,prk,qps,ulm,dlu
1080146,160,154,150,143,141,qps,dlu,etk,cur,ays
1080147,160,158,148,146,157,qps,rhj,xzj,web,prk
1080148,141,149,148,146,158,ays,ulm,xzj,web,rhj
1080149,155,143,142,154,145,ivn,cur,fmq,dlu,csn
1080150,152,159,160,142,144,qeb,okh,qps,fmq,gwx
1080151,147,158,144,143,156,lwc,rhj,gwx,cur,qaf
1080152,155,148,158,147,151,ivn,xzj,rhj,lwc,lpu
1080153,142,149,158,148,159,fmq,ulm,rhj,xzj,okh
1080154,144,147,154,141,159,gwx,lwc,dlu,ays,okh
1080155,155,151,149,160,159,ivn,lpu,ulm,qps,okh
1080156,157,150,156,158,144,prk,etk,qaf,rhj,gwx
1080157,150,152,151,153,149,etk,qeb,lpu,xfh,ulm
1080158,142,160,148,155,158,fmq,qps,xzj,ivn,rhj
1080159,149,156,154,151,141,ulm,qaf,dlu,lpu,ays
1080160,147,159,155,144,142,lwc,okh,ivn,gwx,fmq
1080161,149,141,153,145,160,ulm,ays,xfh,csn,qps
1080162,153,143,156,157,146,xfh,cur,qaf,prk,web
1080163,151,155,158,147,142,lpu,ivn,rhj,lwc,fmq
1080164,153,147,144,149,146,xfh,lwc,gwx,ulm,web
1080165,146,159,156,152,154,web,okh,qaf,qeb,dlu
1080166,144,149,147,153,156,gwx,ulm,lwc,xfh,qaf
1080167,141,158,148,159,151,ays,rhj,xzj,okh,lpu
1080168,147,145,142,159,158,lwc,csn,fmq,okh,rhj
1080169,154,159,155,148,157,dlu,okh,ivn,xzj,prk
1080170,159,150,147,148,151,okh,etk,lwc,xzj,lpu
1080171,146,151,143,158,150,web,lpu,cur,rhj,etk
1080172,149,145,154,142,148,ulm,csn,dlu,fmq,xzj
1080173,154,151,157,160,142,dlu,lpu,prk,qps,fmq
1080174,146,153,154,150,147,web,xfh,dlu,etk,lwc
1080175,153,156,148,141,159,xfh,qaf,xzj,ays,okh
1080176,156,152,159,158,144,qaf,qeb,okh,rhj,gwx
1080177,158,142,141,151,146,rhj,fmq,ays,lpu,web
1080178,156,141,152,144,143,qaf,ays,qeb,gwx,cur
1080179,149,145,160,159,144,ulm,csn,qps,okh,gwx
1080180,154,151,143,150,146,dlu,lpu,cur,etk,web
1080181,156,142,154,148,160,qaf,fmq,dlu,xzj,qps
1080182,157,148,158,152,145,prk,xzj,rhj,qeb,csn
1080183,156,158,160,152,159,qaf,rhj,qps,qeb,okh
1080184,144,155,147,143,160,gwx,ivn,lwc,cur,qps
1080185,158,160,148,156,155,rhj,qps,xzj,qaf,ivn
1080186,156,149,146,159,158,qaf,ulm,web,okh,rhj
1080187,142,159,150,153,157,fmq,okh,etk,xfh,prk
1080188,160,158,154,142,149,qps,rhj,dlu,fmq,ulm
1080189,152,145,144,146,147,qeb,csn,gwx,web,lwc
1080190,141,159,148,154,158,ays,okh,xzj,dlu,rhj
1080191,148,144,146,160,141,xzj,gwx,web,qps,ays
1080192,143,155,156,157,154,cur,ivn,qaf,prk,dlu
1080193,158,142,143,153,150,rhj,fmq,cur,xfh,etk
1080194,147,150,145,143,158,lwc,etk,csn,cur,rhj
1080195,158,141,144,159,151,rhj,ays,gwx,okh,lpu
1080196,153,149,145,160,155,xfh,ulm,csn,qps,ivn
1080197,153,159,157,144,146,xfh,okh,prk,gwx,web
1080198,159,153,142,158,156,okh,xfh,fmq,rhj,qaf
1080199,150,154,141,153,143,etk,dlu,ays,xfh,cur
1080200,154,145,159,151,141,dlu,csn,okh,lpu,ays
1080201,150,147,151,148,144,etk,lwc,lpu,xzj,gwx
1080202,155,156,152,150,142,ivn,qaf,qeb,etk,fmq
1080203,157,149,148,159,154,prk,ulm,xzj,okh,dlu
1080204,143,141,156,142,157,cur,ays,qaf,fmq,prk
1080205,142,157,141,143,152,fmq,prk,ays,cur,qeb
1080206,160,151,141,152,155,qps,lpu,ays,qeb,ivn
1080207,154,151,145,149,159,dlu,lpu,csn,ulm,okh
1080208,147,145,142,144,141,lwc,csn,fmq,gwx,ays
1080209,154,144,141,151,145,dlu,gwx,ays,lpu,csn
1080210,142,148,147,143,149,fmq,xzj,lwc,cur,ulm
1080211,153,141,147,149,155,xfh,ays,lwc,ulm,ivn
1080212,156,151,142,152,141,qaf,lpu,fmq,qeb,ays
1080213,156,150,151,146,153,qaf,etk,lpu,web,xfh
1080214,150,147,152,148,157,etk,lwc,qeb,xzj,prk
1080215,143,142,152,150,148,cur,fmq,qeb,etk,xzj
1080216,160,145,153,148,154,qps,csn,xfh,xzj,dlu
1080217,151,146,158,141,148,lpu,web,rhj,ays,xzj
1080218,151,156,154,143,158,lpu,qaf,dlu,cur,rhj
1080219,151,156,153,158,147,lpu,qaf,xfh,rhj,lwc
1080220,141,145,142,160,150,ays,csn,fmq,qps,etk
1080221,141,151,158,153,146,ays,lpu,rhj,xfh,web
1080222,152,147,145,143,159,qeb,lwc,csn,cur,okh
1080223,146,150,149,158,155,web,etk,ulm,rhj,ivn
1080224,143,148,159,158,146,cur,xzj,okh,rhj,web
1080225,154,150,158,143,145,dlu,etk,rhj,cur,csn
1080226,154,145,142,153,158,dlu,csn,fmq,xfh,rhj
1080227,154,152,160,156,145,dlu,qeb,qps,qaf,csn
1080228,148,152,147,144,142,xzj,qeb,lwc,gwx,fmq
1080229,157,158,154,145,160,prk,rhj,dlu,csn,qps
1080230,143,153,142,144,157,cur,xfh,fmq,gwx,prk
1080231,158,141,160,147,157,rhj,ays,qps,lwc,prk
1080232,141,145,159,147,146,ays,csn,okh,lwc,web
1080233,146,158,152,156,157,web,rhj,qeb,qaf,prk
1080234,160,159,149,142,150,qps,okh,ulm,fmq,etk
1080235,148,157,147,146,150,xzj,prk,lwc,web,etk
1080236,142,156,153,159,148,fmq,qaf,xfh,okh,xzj
1080237,145,147,146,151,152,csn,lwc,web,lpu,qeb
1080238,149,157,147,143,141,ulm,prk,lwc,cur,ays
1080239,158,145,144,142,154,rhj,csn,gwx,fmq,dlu
1080240,141,153,148,156,150,ays,xfh,xzj,qaf,etk
1080241,158,144,157,146,142,rhj,gwx,prk,web,fmq
1080242,153,141,152,157,148,xfh,ays,qeb,prk,xzj
1080243,149,152,159,145,156,ulm,qeb,okh,csn,qaf
1080244,146,154,157,156,143,web,dlu,prk,qaf,cur
1080245,143,158,153,149,152,cur,rhj,xfh,ulm,qeb
1080246,145,154,142,150,156,csn,dlu,fmq,etk,qaf
1080247,146,142,153,156,159,web,fmq,xfh,qaf,okh
1080248,142,159,145,156,160,fmq,okh,csn,qaf,qps
1080249,160,156,159,146,155,qps,qaf,okh,web,ivn
1080250,144,151,159,146,145,gwx,lpu,okh,web,csn
1080251,159,154,141,151,142,okh,dlu,ays,lpu,fmq
1080252,146,149,157,148,160,web,ulm,prk,xzj,qps
1080253,144,145,158,155,159,gwx,csn,rhj,ivn,okh
1080254,158,156,152,142,145,rhj,qaf,qeb,fmq,csn
1080255,145,143,150,158,149,csn,cur,etk,rhj,ulm
1080256,156,155,152,157,141,qaf,ivn,qeb,prk,ays
1080257,141,148,158,156,151,ays,xzj,rhj,qaf,lpu
1080258,155,141,144,159,142,ivn,ays,gwx,okh,fmq
1080259,145,141,142,146,153,csn,ays,fmq,web,xfh
1080260,142,141,148,154,147,fmq,ays,xzj,dlu,lwc
1080261,154,153,147,143,150,dlu,xfh,lwc,cur,etk
1080262,155,151,141,157,159,ivn,lpu,ays,prk,okh
1080263,141,157,142,150,154,ays,prk,fmq,etk,dlu
1080264,143,148,141,157,153,cur,xzj,ays,prk,xfh
1080265,142,150,154,144,147,fmq,etk,dlu,gwx,lwc
1080266,160,147,154,146,149,qps,lwc,dlu,web,ulm
1080267,147,157,156,160,143,lwc,prk,qaf,qps,cur
1080268,157,158,155,145,141,prk,rhj,ivn,csn,ays
1080269,142,160,141,148,155,fmq,qps,ays,xzj,ivn
1080270,158,146,147,154,142,rhj,web,lwc,dlu,fmq
1080271,142,160,147,159,158,fmq,qps,lwc,okh,rhj
1080272,158,157,154,152,150,rhj,prk,dlu,qeb,etk
1080273,144,141,145,148,146,gwx,ays,csn,xzj,web
1080274,151,142,147,144,158,lpu,fmq,lwc,gwx,rhj
1080275,141,146,153,160,149,ays,web,xfh,qps,ulm
1080276,146,141,160,149,158,web,ays,qps,ulm,rhj
1080277,153,157,146,155,147,xfh,prk,web,ivn,lwc
1080278,155,141,149,145,143,ivn,ays,ulm,csn,cur
1080279,159,157,145,148,160,okh,prk,csn,xzj,qps
1080280,149,142,154,159,152,ulm,fmq,dlu,okh,qeb
1080281,157,154,147,158,150,prk,dlu,lwc,rhj,etk
1080282,159,146,148,158,149,okh,web,xzj,rhj,ulm
1080283,154,148,157,153,152,dlu,xzj,prk,xfh,qeb
1080284,147,152,158,157,141,lwc,qeb,rhj,prk,ays
1080285,141,157,142,160,156,ays,prk,fmq,qps,qaf
1080286,156,158,149,146,143,qaf,rhj,ulm,web,cur
1080287,150,152,145,146,159,etk,qeb,csn,web,okh
1080288,153,156,160,157,147,xfh,qaf,qps,prk,lwc
1080289,148,154,152,144,153,xzj,dlu,qeb,gwx,xfh
1080290,149,155,159,147,154,ulm,ivn,okh,lwc,dlu
1080291,149,158,147,160,146,ulm,rhj,lwc,qps,web
1080292,156,160,157,158,151,qaf,qps,prk,rhj,lpu
1080293,144,147,153,158,141,gwx,lwc,xfh,rhj,ays
1080294,157,142,145,149,152,prk,fmq,csn,ulm,qeb
1080295,153,152,155,154,145,xfh,qeb,ivn,dlu,csn
1080296,142,159,149,158,152,fmq,okh,ulm,rhj,qeb
1080297,149,146,157,155,147,ulm,web,prk,ivn,lwc
1080298,144,156,142,158,155,gwx,qaf,fmq,rhj,ivn
1080299,141,155,143,147,151,ays,ivn,cur,lwc,lpu
1080300,150,142,160,154,143,etk,fmq,qps,dlu,cur
1080301,145,148,147,146,155,csn,xzj,lwc,web,ivn
1080302,146,145,155,160,144,web,csn,ivn,qps,gwx
1080303,144,149,157,141,143,gwx,ulm,prk,ays,cur
1080304,143,144,148,155,147,cur,gwx,xzj,ivn,lwc
1080305,141,154,158,155,156,ays,dlu,rhj,ivn,qaf
1080306,145,158,148,159,153,csn,rhj,xzj,okh,xfh
1080307,151,146,149,148,160,lpu,web,ulm,xzj,qps
1080308,160,157,147,149,146,qps,prk,lwc,ulm,web
1080309,158,143,148,142,147,rhj,cur,xzj,fmq,lwc
1080310,146,144,156,147,152,web,gwx,qaf,lwc,qeb
1080311,156,143,144,152,159,qaf,cur,gwx,qeb,okh
1080312,151,150,149,159,153,lpu,etk,ulm,okh,xfh
1080313,151,141,146,158,149,lpu,ays,web,rhj,ulm
1080314,150,141,156,149,158,etk,ays,qaf,ulm,rhj
1080315,147,156,153,145,141,lwc,qaf,xfh,csn,ays
1080316,154,149,145,148,141,dlu,ulm,csn,xzj,ays
1080317,147,159,146,141,160,lwc,okh,web,ays,qps
1080318,145,152,154,155,142,csn,qeb,dlu,ivn,fmq
1080319,144,160,153,159,151,gwx,qps,xfh,okh,lpu
1080320,152,144,153,141,154,qeb,gwx,xfh,ays,dlu
1080321,149,155,141,154,160,ulm,ivn,ays,dlu,qps
1080322,142,150,152,155,159,fmq,etk,qeb,ivn,okh
1080323,148,152,141,153,156,xzj,qeb,ays,xfh,qaf
1080324,159,143,144,153,154,okh,cur,gwx,xfh,dlu
1080325,151,153,154,141,147,lpu,xfh,dlu,ays,lwc
1080326,143,152,155,157,148,cur,qeb,ivn,prk,xzj
1080327,156,151,153,143,157,qaf,lpu,xfh,cur,prk
1080328,150,141,158,148,149,etk,ays,rhj,xzj,ulm
1080329,142,150,146,160,148,fmq,etk,web,qps,xzj
1080330,145,152,149,148,150,csn,qeb,ulm,xzj,etk
1080331,154,159,141,142,157,dlu,okh,ays,fmq,prk
1080332,152,159,141,142,143,qeb,okh,ays,fmq,cur
1080333,145,143,155,156,151,csn,cur,ivn,qaf,lpu
1080334,141,155,157,142,160,ays,ivn,prk,fmq,qps
1080335,146,149,147,152,154,web,ulm,lwc,qeb,dlu
1080336,145,157,149,142,150,csn,prk,ulm,fmq,etk
1080337,148,157,158,155,146,xzj,prk,rhj,ivn,web
1080338,157,147,151,158,146,prk,lwc,lpu,rhj,web
1080339,150,153,156,154,157,etk,xfh,qaf,dlu,prk
1080340,149,157,152,151,146,ulm,prk,qeb,lpu,web
1080341,146,156,149,154,157,web,qaf,ulm,dlu,prk
1080342,149,148,159,160,153,ulm,xzj,okh,qps,xfh
1080343,148,157,151,154,146,xzj,prk,lpu,dlu,web
1080344,147,148,152,149,143,lwc,xzj,qeb,ulm,cur
1080345,142,144,151,152,150,fmq,gwx,lpu,qeb,etk
1080346,147,154,155,146,143,lwc,dlu,ivn,web,cur
1080347,151,141,146,143,157,lpu,ays,web,cur,prk
1080348,141,144,157,160,142,ays,gwx,prk,qps,fmq
1080349,150,147,145,156,152,etk,lwc,csn,qaf,qeb
1080350,143,158,144,160,156,cur,rhj,gwx,qps,qaf
1080351,157,155,151,159,149,prk,ivn,lpu,okh,ulm
1080352,160,147,149,156,150,qps,lwc,ulm,qaf,etk
1080353,146,150,147,143,151,web,etk,lwc,cur,lpu
1080354,153,144,159,155,142,xfh,gwx,okh,ivn,fmq
1080355,157,160,146,145,155,prk,qps,web,csn,ivn
1080356,144,151,141,154,148,gwx,lpu,ays,dlu,xzj
1080357,158,146,157,141,147,rhj,web,prk,ays,lwc
1080358,157,143,153,145,146,prk,cur,xfh,csn,web
1080359,157,156,148,145,143,prk,qaf,xzj,csn,cur
1080360,158,148,152,157,153,rhj,xzj,qeb,prk,xfh
1080361,142,146,145,152,148,fmq,web,csn,qeb,xzj
1080362,153,154,146,158,143,xfh,dlu,web,rhj,cur
1080363,154,156,155,152,149,dlu,qaf,ivn,qeb,ulm
1080364,141,158,155,142,154,ays,rhj,ivn,fmq,dlu
1080365,153,156,151,159,155,xfh,qaf,lpu,okh,ivn
1080366,152,144,150,141,155,qeb,gwx,etk,ays,ivn
1080367,145,147,159,156,157,csn,lwc,okh,qaf,prk
1080368,145,142,155,160,154,csn,fmq,ivn,qps,dlu
1080369,143,151,152,147,157,cur,lpu,qeb,lwc,prk
1080370,155,150,146,144,156,ivn,etk,web,gwx,qaf
1080371,147,155,150,159,157,lwc,ivn,etk,okh,prk
1080372,154,152,148,146,144,dlu,qeb,xzj,web,gwx
1080373,154,148,155,147,141,dlu,xzj,ivn,lwc,ays
1080374,160,157,150,149,153,qps,prk,etk,ulm,xfh
1080375,160,147,146,153,154,qps,lwc,web,xfh,dlu
1080376,151,157,160,146,153,lpu,prk,qps,web,xfh
1080377,160,158,153,151,141,qps,rhj,xfh,lpu,ays
1080378,141,152,159,157,151,ays,qeb,okh,prk,lpu
1080379,145,159,160,151,156,csn,okh,qps,lpu,qaf
1080380,158,150,155,153,142,rhj,etk,ivn,xfh,fmq
1080381,160,145,153,142,148,qps,csn,xfh,fmq,xzj
1080382,150,155,147,153,154,etk,ivn,lwc,xfh,dlu
1080383,144,146,147,157,160,gwx,web,lwc,prk,qps
1080384,153,155,148,157,154,xfh,ivn,xzj,prk,dlu
1080385,151,160,154,147,158,lpu,qps,dlu,lwc,rhj
1080386,159,141,154,157,148,okh,ays,dlu,prk,xzj
1080387,141,150,151,142,156,ays,etk,lpu,fmq,qaf
1080388,149,144,156,141,151,ulm,gwx,qaf,ays,lpu
1080389,142,149,157,141,150,fmq,ulm,prk,ays,etk
1080390,143,152,156,146,148,cur,qeb,qaf,web,xzj
1080391,147,146,150,149,151,lwc,web,etk,ulm,lpu
1080392,152,153,148,149,156,qeb,xfh,xzj,ulm,qaf
1080393,158,153,154,147,150,rhj,xfh,dlu,lwc,etk
1080394,142,152,146,153,151,fmq,qeb,web,xfh,lpu
1080395,154,145,155,148,143,dlu,csn,ivn,xzj,cur
1080396,157,149,151,150,153,prk,ulm,lpu,etk,xfh
1080397,147,146,159,142,145,lwc,web,okh,fmq,csn
1080398,147,144,156,152,141,lwc,gwx,qaf,qeb,ays
1080399,151,150,160,156,152,lpu,etk,qps,qaf,qeb
1080400,150,158,146,152,144,etk,rhj,web,qeb,gwx
1080401,142,151,147,160,152,fmq,lpu,lwc,qps,qeb
1080402,152,146,156,154,153,qeb,web,qaf,dlu,xfh
1080403,150,155,145,149,141,etk,ivn,csn,ulm,ays
1080404,151,148,152,149,141,lpu,xzj,qeb,ulm,ays
1080405,151,153,142,155,158,lpu,xfh,fmq,ivn,rhj
1080406,150,151,149,152,147,etk,lpu,ulm,qeb,lwc
1080407,160,153,157,145,148,qps,xfh,prk,csn,xzj
1080408,156,142,155,147,159,qaf,fmq,ivn,lwc,okh
1080409,154,146,145,149,158,dlu,web,csn,ulm,rhj
1080410,153,159,152,155,147,xfh,okh,qeb,ivn,lwc
1080411,149,158,146,151,145,ulm,rhj,web,lpu,csn
1080412,149,152,160,150,153,ulm,qeb,qps,etk,xfh
1080413,158,150,144,142,143,rhj,etk,gwx,fmq,cur
1080414,154,151,144,153,141,dlu,lpu,gwx,xfh,ays
1080415,142,160,157,147,146,fmq,qps,prk,lwc,web
1080416,159,158,154,150,149,okh,rhj,dlu,etk,ulm
1080417,156,152,160,142,158,qaf,qeb,qps,fmq,rhj
1080418,146,141,149,154,151,web,ays,ulm,dlu,lpu
1080419,160,142,144,148,155,qps,fmq,gwx,xzj,ivn
1080420,152,154,151,148,158,qeb,dlu,lpu,xzj,rhj
1080421,145,151,148,159,142,csn,lpu,xzj,okh,fmq
1080422,150,146,160,159,158,etk,web,qps,okh,rhj
1080423,150,159,141,143,145,etk,okh,ays,cur,csn
1080424,148,154,159,151,141,xzj,dlu,okh,lpu,ays
1080425,156,146,154,148,144,qaf,web,dlu,xzj,gwx
1080426,150,157,155,158,145,etk,prk,ivn,rhj,csn
1080427,159,143,151,148,149,okh,cur,lpu,xzj,ulm
1080428,154,156,149,160,143,dlu,qaf,ulm,qps,cur
1080429,144,142,157,145,156,gwx,fmq,prk,csn,qaf
1080430,159,158,143,142,141,okh,rhj,cur,fmq,ays
1080431,144,151,145,155,156,gwx,lpu,csn,ivn,qaf
1080432,152,148,146,144,153,qeb,xzj,web,gwx,xfh
1080433,148,141,149,157,155,xzj,ays,ulm,prk,ivn
1080434,151,158,150,142,157,lpu,rhj,etk,fmq,prk
1080435,150,144,155,147,143,etk,gwx,ivn,lwc,cur
1080436,158,147,155,143,141,rhj,lwc,ivn,cur,ays
1080437,154,141,159,146,155,dlu,ays,okh,web,ivn
1080438,142,160,145,158,151,fmq,qps,csn,rhj,lpu
1080439,154,155,143,150,158,dlu,ivn,cur,etk,rhj
1080440,141,147,142,155,144,ays,lwc,fmq,ivn,gwx
1080441,160,154,142,145,155,qps,dlu,fmq,csn,ivn
1080442,158,141,148,152,150,rhj,ays,xzj,qeb,etk
1080443,157,160,159,145,142,prk,qps,okh,csn,fmq
1080444,160,143,146,154,151,qps,cur,web,dlu,lpu
1080445,141,159,143,153,156,ays,okh,cur,xfh,qaf
1080446,144,151,143,150,156,gwx,lpu,cur,etk,qaf
1080447,157,160,145,152,149,prk,qps,csn,qeb,ulm
1080448,151,156,158,141,149,lpu,qaf,rhj,ays,ulm
1080449,157,150,152,144,160,prk,etk,qeb,gwx,qps
1080450,157,160,158,149,145,prk,qps,rhj,ulm,csn
1080451,145,150,152,156,159,csn,etk,qeb,qaf,okh
1080452,151,150,146,148,144,lpu,etk,web,xzj,gwx
1080453,155,152,151,147,148,ivn,qeb,lpu,lwc,xzj
1080454,149,157,146,153,151,ulm,prk,web,xfh,lpu
1080455,151,158,153,148,159,lpu,rhj,xfh,xzj,okh
1080456,141,142,154,158,149,ays,fmq,dlu,rhj,ulm
1080457,146,157,150,148,144,web,prk,etk,xzj,gwx
1080458,160,155,141,156,146,qps,ivn,ays,qaf,web
1080459,145,154,144,149,148,csn,dlu,gwx,ulm,xzj
1080460,144,152,142,154,153,gwx,qeb,fmq,dlu,xfh
1080461,146,152,150,154,147,web,qeb,etk,dlu,lwc
1080462,141,153,149,160,142,ays,xfh,ulm,qps,fmq
1080463,151,144,147,146,160,lpu,gwx,lwc,web,qps
1080464,154,144,146,143,155,dlu,gwx,web,cur,ivn
1080465,156,144,143,157,147,qaf,gwx,cur,prk,lwc
1080466,154,142,156,155,151,dlu,fmq,qaf,ivn,lpu
1080467,141,146,149,142,143,ays,web,ulm,fmq,cur
1080468,160,147,149,145,151,qps,lwc,ulm,csn,lpu
1080469,146,160,150,149,148,web,qps,etk,ulm,xzj
1080470,149,144,151,147,153,ulm,gwx,lpu,lwc,xfh
1080471,144,156,159,160,141,gwx,qaf,okh,qps,ays
1080472,158,146,145,152,155,rhj,web,csn,qeb,ivn
1080473,141,159,148,146,145,ays,okh,xzj,web,csn
1080474,155,143,154,153,159,ivn,cur,dlu,xfh,okh
1080475,159,142,150,145,154,okh,fmq,etk,csn,dlu
1080476,157,153,156,146,151,prk,xfh,qaf,web,lpu
1080477,144,142,151,154,149,gwx,fmq,lpu,dlu,ulm
1080478,157,153,159,154,141,prk,xfh,okh,dlu,ays
1080479,149,146,159,143,151,ulm,web,okh,cur,lpu
1080480,149,145,144,153,147,ulm,csn,gwx,xfh,lwc
1080481,159,141,142,155,146,okh,ays,fmq,ivn,web
1080482,142,150,146,157,155,fmq,etk,web,prk,ivn
1080483,142,148,143,152,151,fmq,xzj,cur,qeb,lpu
1080484,154,158,153,145,156,dlu,rhj,xfh,csn,qaf
1080485,145,157,154,155,141,csn,prk,dlu,ivn,ays
1080486,157,144,160,154,145,prk,gwx,qps,dlu,csn
1080487,160,141,149,148,142,qps,ays,ulm,xzj,fmq
1080488,141,142,158,154,155,ays,fmq,rhj,dlu,ivn
1080489,158,141,149,145,151,rhj,ays,ulm,csn,lpu
1080490,157,160,141,147,150,prk,qps,ays,lwc,etk
1080491,145,154,160,147,157,csn,dlu,qps,lwc,prk
1080492,158,154,143,159,144,rhj,dlu,cur,okh,gwx
1080493,149,141,146,147,145,ulm,ays,web,lwc,csn
1080494,154,157,156,143,160,dlu,prk,qaf,cur,qps
1080495,144,156,152,145,159,gwx,qaf,qeb,csn,okh
1080496,146,150,141,142,152,web,etk,ays,fmq,qeb
1080497,146,154,158,160,155,web,dlu,rhj,qps,ivn
1080498,160,158,142,149,153,qps,rhj,fmq,ulm,xfh
1080499,143,147,154,141,151,cur,lwc,dlu,ays,lpu
1080500,148,149,141,159,142,xzj,ulm,ays,okh,fmq
1080501,147,155,157,143,153,lwc,ivn,prk,cur,xfh
1080502,144,159,157,151,143,gwx,okh,prk,lpu,cur
1080503,154,141,143,149,159,dlu,ays,cur,ulm,okh
1080504,155,144,149,142,148,ivn,gwx,ulm,fmq,xzj
1080505,142,156,148,143,160,fmq,qaf,xzj,cur,qps
1080506,154,142,144,149,148,dlu,fmq,gwx,ulm,xzj
1080507,143,160,156,155,142,cur,qps,qaf,ivn,fmq
1080508,153,150,148,146,152,xfh,etk,xzj,web,qeb
1080509,142,160,154,150,141,fmq,qps,dlu,etk,ays
1080510,158,147,157,152,141,rhj,lwc,prk,qeb,ays
1080511,154,156,149,148,160,dlu,qaf,ulm,xzj,qps
1080512,147,148,146,154,158,lwc,xzj,web,dlu,rhj
1080513,141,143,142,151,159,ays,cur,fmq,lpu,okh
1080514,151,145,144,148,143,lpu,csn,gwx,xzj,cur
1080515,158,154,155,152,151,rhj,dlu,ivn,qeb,lpu
1080516,145,156,152,154,157,csn,qaf,qeb,dlu,prk
1080517,152,151,145,154,155,qeb,lpu,csn,dlu,ivn
1080518,144,152,146,154,160,gwx,qeb,web,dlu,qps
1080519,145,150,157,141,155,csn,etk,prk,ays,ivn
1080520,144,151,157,156,147,gwx,lpu,prk,qaf,lwc
1080521,157,145,152,141,142,prk,csn,qeb,ays,fmq
1080522,156,160,142,154,158,qaf,qps,fmq,dlu,rhj
1080523,143,149,150,146,144,cur,ulm,etk,web,gwx
1080524,153,147,150,160,141,xfh,lwc,etk,qps,ays
1080525,150,142,141,147,151,etk,fmq,ays,lwc,lpu
1080526,151,158,142,144,149,lpu,rhj,fmq,gwx,ulm
1080527,158,150,142,141,148,rhj,etk,fmq,ays,xzj
1080528,155,150,145,146,154,ivn,etk,csn,web,dlu
1080529,152,160,141,157,145,qeb,qps,ays,prk,csn
1080530,142,150,143,158,155,fmq,etk,cur,rhj,ivn
1080531,143,142,149,154,147,cur,fmq,ulm,dlu,lwc
1080532,149,157,147,160,144,ulm,prk,lwc,qps,gwx
1080533,159,153,144,158,142,okh,xfh,gwx,rhj,fmq
1080534,158,149,143,144,145,rhj,ulm,cur,gwx,csn
1080535,148,158,143,154,159,xzj,rhj,cur,dlu,okh
1080536,146,145,149,153,158,web,csn,ulm,xfh,rhj
1080537,146,150,142,152,147,web,etk,fmq,qeb,lwc
1080538,158,160,143,141,145,rhj,qps,cur,ays,csn
1080539,151,148,157,159,150,lpu,xzj,prk,okh,etk
1080540,143,142,149,148,144,cur,fmq,ulm,xzj,gwx
1080541,152,150,159,145,156,qeb,etk,okh,csn,qaf
1080542,157,144,147,145,159,prk,gwx,lwc,csn,okh
1080543,149,142,150,157,152,ulm,fmq,etk,prk,qeb
1080544,153,145,146,149,152,xfh,csn,web,ulm,qeb
1080545,159,141,152,153,142,okh,ays,qeb,xfh,fmq
1080546,152,160,151,142,156,qeb,qps,lpu,fmq,qaf
1080547,150,149,155,157,151,etk,ulm,ivn,prk,lpu
1080548,147,141,149,143,159,lwc,ays,ulm,cur,okh
1080549,145,154,150,158,148,csn,dlu,etk,rhj,xzj
1080550,158,143,148,145,147,rhj,cur,xzj,csn,lwc
1080551,158,151,145,142,147,rhj,lpu,csn,fmq,lwc
1080552,146,148,149,154,157,web,xzj,ulm,dlu,prk
1080553,160,151,146,153,159,qps,lpu,web,xfh,okh
1080554,144,157,146,148,159,gwx,prk,web,xzj,okh
1080555,145,142,150,148,156,csn,fmq,etk,xzj,qaf
1080556,155,149,156,141,154,ivn,ulm,qaf,ays,dlu
1080557,142,157,148,154,151,fmq,prk,xzj,dlu,lpu
1080558,155,141,159,150,158,ivn,ays,okh,etk,rhj
1080559,155,141,142,145,153,ivn,ays,fmq,csn,xfh
1080560,145,152,155,157,154,csn,qeb,ivn,prk,dlu
1080561,157,159,158,154,146,prk,okh,rhj,dlu,web
1080562,145,144,150,151,157,csn,gwx,etk,lpu,prk
1080563,149,152,159,150,144,ulm,qeb,okh,etk,gwx
1080564,148,147,146,142,145,xzj,lwc,web,fmq,csn
1080565,157,154,151,158,148,prk,dlu,lpu,rhj,xzj
1080566,154,148,153,157,155,dlu,xzj,xfh,prk,ivn
1080567,141,148,147,150,151,ays,xzj,lwc,etk,lpu
1080568,160,154,159,147,156,qps,dlu,okh,lwc,qaf
1080569,144,146,150,160,159,gwx,web,etk,qps,okh
1080570,142,148,141,155,145,fmq,xzj,ays,ivn,csn
1080571,152,155,144,147,148,qeb,ivn,gwx,lwc,xzj
1080572,157,150,154,153,141,prk,etk,dlu,xfh,ays
1080573,159,148,152,150,149,okh,xzj,qeb,etk,ulm
1080574,144,160,141,142,143,gwx,qps,ays,fmq,cur
1080575,159,160,158,149,142,okh,qps,rhj,ulm,fmq
1080576,152,146,141,149,154,qeb,web,ays,ulm,dlu
1080577,153,144,141,147,143,xfh,gwx,ays,lwc,cur
1080578,157,149,156,155,153,prk,ulm,qaf,ivn,xfh
1080579,159,156,144,141,143,okh,qaf,gwx,ays,cur
1080580,149,141,147,156,151,ulm,ays,lwc,qaf,lpu
1080581,155,146,142,154,160,ivn,web,fmq,dlu,qps
1080582,143,144,153,151,160,cur,gwx,xfh,lpu,qps
1080583,147,154,159,142,144,lwc,dlu,okh,fmq,gwx
1080584,144,147,142,160,148,gwx,lwc,fmq,qps,xzj
1080585,143,150,147,148,144,cur,etk,lwc,xzj,gwx
1080586,147,160,141,155,148,lwc,qps,ays,ivn,xzj
1080587,155,157,149,153,141,ivn,prk,ulm,xfh,ays
1080588,146,144,150,142,145,web,gwx,etk,fmq,csn
1080589,143,158,154,160,156,cur,rhj,dlu,qps,qaf
1080590,143,155,147,152,148,cur,ivn,lwc,qeb,xzj
1080591,141,143,157,144,156,ays,cur,prk,gwx,qaf
1080592,158,143,149,142,145,rhj,cur,ulm,fmq,csn
1080593,157,145,144,150,149,prk,csn,gwx,etk,ulm
1080594,145,160,155,154,156,csn,qps,ivn,dlu,qaf
1080595,148,157,160,146,152,xzj,prk,qps,web,qeb
1080596,145,142,144,147,146,csn,fmq,gwx,lwc,web
1080597,145,142,158,159,147,csn,fmq,rhj,okh,lwc
1080598,155,149,153,154,145,ivn,ulm,xfh,dlu,csn
1080599,144,141,149,143,159,gwx,ays,ulm,cur,okh
1080600,156,151,142,152,159,qaf,lpu,fmq,qeb,okh
1090001,169,177,180,172,173,txr,jxw,xrs,vqn,isu
1090002,165,176,162,171,164,vqa,zkx,zsm,uro,ptq
1090003,179,177,166,170,174,qxz,jxw,ezr,kxz,zna
1090004,172,175,165,170,171,vqn,bag,vqa,kxz,uro
1090005,165,172,176,168,177,vqa,vqn,zkx,sfa,jxw
1090006,167,165,172,180,177,qbg,vqa,vqn,xrs,jxw
1090007,163,169,171,178,161,lqk,txr,uro,ljh,soy
1090008,179,172,170,167,180,qxz,vqn,kxz,qbg,xrs
1090009,170,178,164,165,166,kxz,ljh,ptq,vqa,ezr
1090010,169,180,170,163,179,txr,xrs,kxz,lqk,qxz
1090011,178,180,173,177,170,ljh,xrs,isu,jxw,kxz
1090012,179,170,167,176,165,qxz,kxz,qbg,zkx,vqa
1090013,175,172,163,178,174,bag,vqn,lqk,ljh,zna
1090014,174,170,163,167,161,zna,kxz,lqk,qbg,soy
1090015,174,170,166,167,179,zna,kxz,ezr,qbg,qxz
1090016,166,178,162,171,174,ezr,ljh,zsm,uro,zna
1090017,162,166,175,169,172,zsm,ezr,bag,txr,vqn
1090018,174,179,166,162,171,zna,qxz,ezr,zsm,uro
1090019,178,174,168,166,161,ljh,zna,sfa,ezr,soy
1090020,171,174,165,177,161,uro,zna,vqa,jxw,soy
1090021,163,172,162,165,170,lqk,vqn,zsm,vqa,kxz
1090022,161,178,179,177,174,soy,ljh,qxz,jxw,zna
1090023,170,166,176,173,164,kxz,ezr,zkx,isu,ptq
1090024,163,164,178,165,166,lqk,ptq,ljh,vqa,ezr
1090025,174,173,180,165,175,zna,isu,xrs,vqa,bag
1090026,169,179,163,166,173,txr,qxz,lqk,ezr,isu
1090027,172,173,162,170,164,vqn,isu,zsm,kxz,ptq
1090028,165,164,173,180,175,vqa,ptq,isu,xrs,bag
1090029,162,161,174,173,166,zsm,soy,zna,isu,ezr
1090030,179,173,178,163,174,qxz,isu,ljh,lqk,zna
1090031,171,175,166,177,173,uro,bag,ezr,jxw,isu
1090032,172,179,170,176,168,vqn,qxz,kxz,zkx,sfa
1090033,167,163,165,170,177,qbg,lqk,vqa,kxz,jxw
1090034,167,166,162,170,174,qbg,ezr,zsm,kxz,zna
1090035,171,168,180,163,170,uro,sfa,xrs,lqk,kxz
1090036,175,180,163,168,177,bag,xrs,lqk,sfa,jxw
1090037,167,178,164,161,169,qbg,ljh,ptq,soy,txr
1090038,163,173,170,180,177,lqk,isu,kxz,xrs,jxw
1090039,179,174,168,169,178,qxz,zna,sfa,txr,ljh
1090040,177,170,173,175,161,jxw,kxz,isu,bag,soy
1090041,161,163,166,169,174,soy,lqk,ezr,txr,zna
1090042,168,177,164,174,180,sfa,jxw,ptq,zna,xrs
1090043,179,169,177,175,171,qxz,txr,jxw,bag,uro
1090044,169,165,177,175,166,txr,vqa,jxw,bag,ezr
1090045,161,162,169,175,172,soy,zsm,txr,bag,vqn
1090046,169,162,176,178,179,txr,zsm,zkx,ljh,qxz
1090047,162,176,167,168,174,zsm,zkx,qbg,sfa,zna
1090048,173,167,177,163,178,isu,qbg,jxw,lqk,ljh
1090049,179,169,163,170,174,qxz,txr,lqk,kxz,zna
1090050,173,161,167,170,166,isu,soy,qbg,kxz,ezr
1090051,165,163,171,173,164,vqa,lqk,uro,isu,ptq
1090052,173,171,180,170,172,isu,uro,xrs,kxz,vqn
1090053,166,170,164,172,162,ezr,kxz,ptq,vqn,zsm
1090054,176,175,163,180,165,zkx,bag,lqk,xrs,vqa
1090055,163,161,179,171,167,lqk,soy,qxz,uro,qbg
1090056,165,162,163,179,176,vqa,zsm,lqk,qxz,zkx
1090057,180,169,174,176,173,xrs,txr,zna,zkx,isu
1090058,167,170,178,175,165,qbg,kxz,ljh,bag,vqa
1090059,177,171,173,161,179,jxw,uro,isu,soy,qxz
1090060,173,162,177,169,165,isu,zsm,jxw,txr,vqa
1090061,172,163,168,162,180,vqn,lqk,sfa,zsm,xrs
1090062,170,165,168,178,180,kxz,vqa,sfa,ljh,xrs
1090063,180,174,164,171,165,xrs,zna,ptq,uro,vqa
1090064,175,174,165,171,164,bag,zna,vqa,uro,ptq
1090065,167,172,173,165,174,qbg,vqn,isu,vqa,zna
1090066,161,162,174,176,163,soy,zsm,zna,zkx,lqk
1090067,174,178,168,165,171,zna,ljh,sfa,vqa,uro
1090068,168,180,172,178,166,sfa,xrs,vqn,ljh,ezr
1090069,161,176,179,165,169,soy,zkx,qxz,vqa,txr
1090070,178,171,172,174,167,ljh,uro,vqn,zna,qbg
1090071,177,174,179,171,169,jxw,zna,qxz,uro,txr
1090072,177,170,169,172,176,jxw,kxz,txr,vqn,zkx
1090073,178,163,165,174,169,ljh,lqk,vqa,zna,txr
1090074,170,176,175,169,168,kxz,zkx,bag,txr,sfa
1090075,171,174,167,180,165,uro,zna,qbg,xrs,vqa
1090076,177,161,168,175,162,jxw,soy,sfa,bag,zsm
1090077,180,176,162,177,168,xrs,zkx,zsm,jxw,sfa
1090078,177,178,171,172,176,jxw,ljh,uro,vqn,zkx
1090079,179,169,173,170,164,qxz,txr,isu,kxz,ptq
1090080,179,169,176,175,168,qxz,txr,zkx,bag,sfa
1090081,178,173,162,172,164,ljh,isu,zsm,vqn,ptq
1090082,165,175,167,171,169,vqa,bag,qbg,uro,txr
1090083,165,177,172,173,169,vqa,jxw,vqn,isu,txr
1090084,178,179,170,163,180,ljh,qxz,kxz,lqk,xrs
1090085,169,174,167,170,180,txr,zna,qbg,kxz,xrs
1090086,162,179,174,180,166,zsm,qxz,zna,xrs,ezr
1090087,165,173,170,172,178,vqa,isu,kxz,vqn,ljh
1090088,161,174,171,166,170,soy,zna,uro,ezr,kxz
1090089,177,172,170,173,180,jxw,vqn,kxz,isu,xrs
1090090,171,172,178,174,163,uro,vqn,ljh,zna,lqk
1090091,171,170,161,180,176,uro,kxz,soy,xrs,zkx
1090092,172,179,168,174,176,vqn,qxz,sfa,zna,zkx
1090093,169,180,175,163,168,txr,xrs,bag,lqk,sfa
1090094,180,163,166,169,176,xrs,lqk,ezr,txr,zkx
1090095,171,167,179,168,162,uro,qbg,qxz,sfa,zsm
1090096,174,162,167,165,177,zna,zsm,qbg,vqa,jxw
1090097,178,175,167,164,176,ljh,bag,qbg,ptq,zkx
1090098,176,164,175,180,169,zkx,ptq,bag,xrs,txr
1090099,176,173,178,177,175,zkx,isu,ljh,jxw,bag
1090100,169,162,179,168,177,txr,zsm,qxz,sfa,jxw
1090101,178,169,168,161,163,ljh,txr,sfa,soy,lqk
1090102,178,169,176,162,165,ljh,txr,zkx,zsm,vqa
1090103,179,161,169,162,167,qxz,soy,txr,zsm,qbg
1090104,176,168,167,177,174,zkx,sfa,qbg,jxw,zna
1090105,171,180,172,179,178,uro,xrs,vqn,qxz,ljh
1090106,170,173,175,180,165,kxz,isu,bag,xrs,vqa
1090107,179,175,161,176,180,qxz,bag,soy,zkx,xrs
1090108,162,178,172,171,173,zsm,ljh,vqn,uro,isu
1090109,167,164,170,178,171,qbg,ptq,kxz,ljh,uro
1090110,163,176,169,164,177,lqk,zkx,txr,ptq,jxw
1090111,176,172,173,179,167,zkx,vqn,isu,qxz,qbg
1090112,165,178,176,171,167,vqa,ljh,zkx,uro,qbg
1090113,179,167,163,178,176,qxz,qbg,lqk,ljh,zkx
1090114,170,167,166,163,173,kxz,qbg,ezr,lqk,isu
1090115,174,169,180,167,179,zna,txr,xrs,qbg,qxz
1090116,163,167,179,164,162,lqk,qbg,qxz,ptq,zsm
1090117,175,180,174,167,177,bag,xrs,zna,qbg,jxw
1090118,176,165,175,170,167,zkx,vqa,bag,kxz,qbg
1090119,172,168,179,173,161,vqn,sfa,qxz,isu,soy
1090120,175,177,169,179,178,bag,jxw,txr,qxz,ljh
1090121,173,165,161,164,175,isu,vqa,soy,ptq,bag
1090122,174,164,175,179,170,zna,ptq,bag,qxz,kxz
1090123,170,175,172,179,162,kxz,bag,vqn,qxz,zsm
1090124,171,165,170,176,178,uro,vqa,kxz,zkx,ljh
1090125,178,175,179,167,177,ljh,bag,qxz,qbg,jxw
1090126,166,178,177,168,171,ezr,ljh,jxw,sfa,uro
1090127,174,173,175,172,179,zna,isu,bag,vqn,qxz
1090128,176,169,165,177,180,zkx,txr,vqa,jxw,xrs
1090129,162,165,177,168,163,zsm,vqa,jxw,sfa,lqk
1090130,164,165,172,173,180,ptq,vqa,vqn,isu,xrs
1090131,174,173,179,162,178,zna,isu,qxz,zsm,ljh
1090132,165,175,170,161,168,vqa,bag,kxz,soy,sfa
1090133,174,167,169,161,170,zna,qbg,txr,soy,kxz
1090134,180,161,174,178,177,xrs,soy,zna,ljh,jxw
1090135,177,180,166,176,165,jxw,xrs,ezr,zkx,vqa
1090136,169,165,175,167,177,txr,vqa,bag,qbg,jxw
1090137,166,164,173,169,165,ezr,ptq,isu,txr,vqa
1090138,173,167,170,168,177,isu,qbg,kxz,sfa,jxw
1090139,167,163,164,178,180,qbg,lqk,ptq,ljh,xrs
1090140,165,178,173,167,174,vqa,ljh,isu,qbg,zna
1090141,161,164,174,175,178,soy,ptq,zna,bag,ljh
1090142,171,170,173,176,165,uro,kxz,isu,zkx,vqa
1090143,165,177,161,166,171,vqa,jxw,soy,ezr,uro
1090144,175,176,161,168,177,bag,zkx,soy,sfa,jxw
1090145,172,177,180,169,174,vqn,jxw,xrs,txr,zna
1090146,180,174,170,163,161,xrs,zna,kxz,lqk,soy
1090147,180,178,168,166,177,xrs,ljh,sfa,ezr,jxw
1090148,161,169,168,166,178,soy,txr,sfa,ezr,ljh
1090149,175,163,162,174,165,bag,lqk,zsm,zna,vqa
1090150,172,179,180,162,164,vqn,qxz,xrs,zsm,ptq
1090151,167,178,164,163,176,qbg,ljh,ptq,lqk,zkx
1090152,175,168,178,167,171,bag,sfa,ljh,qbg,uro
1090153,162,169,178,168,179,zsm,txr,ljh,sfa,qxz
1090154,164,167,174,161,179,ptq,qbg,zna,soy,qxz
1090155,175,171,169,180,179,bag,uro,txr,xrs,qxz
1090156,177,170,176,178,164,jxw,kxz,zkx,ljh,ptq
1090157,170,172,171,173,169,kxz,vqn,uro,isu,txr
1090158,162,180,168,175,178,zsm,xrs,sfa,bag,ljh
1090159,169,176,174,171,161,txr,zkx,zna,uro,soy
1090160,167,179,175,164,162,qbg,qxz,bag,ptq,zsm
1090161,169,161,173,165,180,txr,soy,isu,vqa,xrs
1090162,173,163,176,177,166,isu,lqk,zkx,jxw,ezr
1090163,171,175,178,167,162,uro,bag,ljh,qbg,zsm
1090164,173,167,164,169,166,isu,qbg,ptq,txr,ezr
1090165,166,179,176,172,174,ezr,qxz,zkx,vqn,zna
1090166,164,169,167,173,176,ptq,txr,qbg,isu,zkx
1090167,161,178,168,179,171,soy,ljh,sfa,qxz,uro
1090168,167,165,162,179,178,qbg,vqa,zsm,qxz,ljh
1090169,174,179,175,168,177,zna,qxz,bag,sfa,jxw
1090170,179,170,167,168,171,qxz,kxz,qbg,sfa,uro
1090171,166,171,163,178,170,ezr,uro,lqk,ljh,kxz
1090172,169,165,174,162,168,txr,vqa,zna,zsm,sfa
1090173,174,171,177,180,162,zna,uro,jxw,xrs,zsm
1090174,166,173,174,170,167,ezr,isu,zna,kxz,qbg
1090175,173,176,168,161,179,isu,zkx,sfa,soy,qxz
1090176,176,172,179,178,164,zkx,vqn,qxz,ljh,ptq
1090177,178,162,161,171,166,ljh,zsm,soy,uro,ezr
1090178,176,161,172,164,163,zkx,soy,vqn,ptq,lqk
1090179,169,165,180,179,164,txr,vqa,xrs,qxz,ptq
1090180,174,171,163,170,166,zna,uro,lqk,kxz,ezr
1090181,176,162,174,168,180,zkx,zsm,zna,sfa,xrs
1090182,177,168,178,172,165,jxw,sfa,ljh,vqn,vqa
1090183,176,178,180,172,179,zkx,ljh,xrs,vqn,qxz
1090184,164,175,167,163,180,ptq,bag,qbg,lqk,xrs
1090185,178,180,168,176,175,ljh,xrs,sfa,zkx,bag
1090186,176,169,166,179,178,zkx,txr,ezr,qxz,ljh
1090187,162,179,170,173,177,zsm,qxz,kxz,isu,jxw
1090188,180,178,174,162,169,xrs,ljh,zna,zsm,txr
1090189,172,165,164,166,167,vqn,vqa,ptq,ezr,qbg
1090190,161,179,168,174,178,soy,qxz,sfa,zna,ljh
1090191,168,164,166,180,161,sfa,ptq,ezr,xrs,soy
1090192,163,175,176,177,174,lqk,bag,zkx,jxw,zna
1090193,178,162,163,173,170,ljh,zsm,lqk,isu,kxz
1090194,167,170,165,163,178,qbg,kxz,vqa,lqk,ljh
1090195,178,161,164,179,171,ljh,soy,ptq,qxz,uro
1090196,173,169,165,180,175,isu,txr,vqa,xrs,bag
1090197,173,179,177,164,166,isu,qxz,jxw,ptq,ezr
1090198,179,173,162,178,176,qxz,isu,zsm,ljh,zkx
1090199,170,174,161,173,163,kxz,zna,soy,isu,lqk
1090200,174,165,179,171,161,zna,vqa,qxz,uro,soy
1090201,170,167,171,168,164,kxz,qbg,uro,sfa,ptq
1090202,175,176,172,170,162,bag,zkx,vqn,kxz,zsm
1090203,177,169,168,179,174,jxw,txr,sfa,qxz,zna
1090204,163,161,176,162,177,lqk,soy,zkx,zsm,jxw
1090205,162,177,161,163,172,zsm,jxw,soy,lqk,vqn
1090206,180,171,161,172,175,xrs,uro,soy,vqn,bag
1090207,174,171,165,169,179,zna,uro,vqa,txr,qxz
1090208,167,165,162,164,161,qbg,vqa,zsm,ptq,soy
1090209,174,164,161,171,165,zna,ptq,soy,uro,vqa
1090210,162,168,167,163,169,zsm,sfa,qbg,lqk,txr
1090211,173,161,167,169,175,isu,soy,qbg,txr,bag
1090212,176,171,162,172,161,zkx,uro,zsm,vqn,soy
1090213,176,170,171,166,173,zkx,kxz,uro,ezr,isu
1090214,170,167,172,168,177,kxz,qbg,vqn,sfa,jxw
1090215,163,162,172,170,168,lqk,zsm,vqn,kxz,sfa
1090216,180,165,173,168,174,xrs,vqa,isu,sfa,zna
1090217,171,166,178,161,168,uro,ezr,ljh,soy,sfa
1090218,171,176,174,163,178,uro,zkx,zna,lqk,ljh
1090219,171,176,173,178,167,uro,zkx,isu,ljh,qbg
1090220,161,165,162,180,170,soy,vqa,zsm,xrs,kxz
1090221,161,171,178,173,166,soy,uro,ljh,isu,ezr
1090222,172,167,165,163,179,vqn,qbg,vqa,lqk,qxz
1090223,166,170,169,178,175,ezr,kxz,txr,ljh,bag
1090224,163,168,179,178,166,lqk,sfa,qxz,ljh,ezr
1090225,174,170,178,163,165,zna,kxz,ljh,lqk,vqa
1090226,174,165,162,173,178,zna,vqa,zsm,isu,ljh
1090227,174,172,180,176,165,zna,vqn,xrs,zkx,vqa
1090228,168,172,167,164,162,sfa,vqn,qbg,ptq,zsm
1090229,177,178,174,165,180,jxw,ljh,zna,vqa,xrs
1090230,163,173,162,164,177,lqk,isu,zsm,ptq,jxw
1090231,178,161,180,167,177,ljh,soy,xrs,qbg,jxw
1090232,161,165,179,167,166,soy,vqa,qxz,qbg,ezr
1090233,166,178,172,176,177,ezr,ljh,vqn,zkx,jxw
1090234,180,179,169,162,170,xrs,qxz,txr,zsm,kxz
1090235,168,177,167,166,170,sfa,jxw,qbg,ezr,kxz
1090236,162,176,173,179,168,zsm,zkx,isu,qxz,sfa
1090237,165,167,166,171,172,vqa,qbg,ezr,uro,vqn
1090238,169,177,167,163,161,txr,jxw,qbg,lqk,soy
1090239,178,165,164,162,174,ljh,vqa,ptq,zsm,zna
1090240,161,173,168,176,170,soy,isu,sfa,zkx,kxz
1090241,178,164,177,166,162,ljh,ptq,jxw,ezr,zsm
1090242,173,161,172,177,168,isu,soy,vqn,jxw,sfa
1090243,169,172,179,165,176,txr,vqn,qxz,vqa,zkx
1090244,166,174,177,176,163,ezr,zna,jxw,zkx,lqk
1090245,163,178,173,169,172,lqk,ljh,isu,txr,vqn
1090246,165,174,162,170,176,vqa,zna,zsm,kxz,zkx
1090247,166,162,173,176,179,ezr,zsm,isu,zkx,qxz
1090248,162,179,165,176,180,zsm,qxz,vqa,zkx,xrs
1090249,180,176,179,166,175,xrs,zkx,qxz,ezr,bag
1090250,164,171,179,166,165,ptq,uro,qxz,ezr,vqa
1090251,179,174,161,171,162,qxz,zna,soy,uro,zsm
1090252,166,169,177,168,180,ezr,txr,jxw,sfa,xrs
1090253,164,165,178,175,179,ptq,vqa,ljh,bag,qxz
1090254,178,176,172,162,165,ljh,zkx,vqn,zsm,vqa
1090255,165,163,170,178,169,vqa,lqk,kxz,ljh,txr
1090256,176,175,172,177,161,zkx,bag,vqn,jxw,soy
1090257,161,168,178,176,171,soy,sfa,ljh,zkx,uro
1090258,175,161,164,179,162,bag,soy,ptq,qxz,zsm
1090259,165,161,162,166,173,vqa,soy,zsm,ezr,isu
1090260,162,161,168,174,167,zsm,soy,sfa,zna,qbg
1090261,174,173,167,163,170,zna,isu,qbg,lqk,kxz
1090262,175,171,161,177,179,bag,uro,soy,jxw,qxz
1090263,161,177,162,170,174,soy,jxw,zsm,kxz,zna
1090264,163,168,161,177,173,lqk,sfa,soy,jxw,isu
1090265,162,170,174,164,167,zsm,kxz,zna,ptq,qbg
1090266,180,167,174,166,169,xrs,qbg,zna,ezr,txr
1090267,167,177,176,180,163,qbg,jxw,zkx,xrs,lqk
1090268,177,178,175,165,161,jxw,ljh,bag,vqa,soy
1090269,162,180,161,168,175,zsm,xrs,soy,sfa,bag
1090270,178,166,167,174,162,ljh,ezr,qbg,zna,zsm
1090271,162,180,167,179,178,zsm,xrs,qbg,qxz,ljh
1090272,178,177,174,172,170,ljh,jxw,zna,vqn,kxz
1090273,164,161,165,168,166,ptq,soy,vqa,sfa,ezr
1090274,171,162,167,164,178,uro,zsm,qbg,ptq,ljh
1090275,161,166,173,180,169,soy,ezr,isu,xrs,txr
1090276,166,161,180,169,178,ezr,soy,xrs,txr,ljh
1090277,173,177,166,175,167,isu,jxw,ezr,bag,qbg
1090278,175,161,169,165,163,bag,soy,txr,vqa,lqk
1090279,179,177,165,168,180,qxz,jxw,vqa,sfa,xrs
1090280,169,162,174,179,172,txr,zsm,zna,qxz,vqn
1090281,177,174,167,178,170,jxw,zna,qbg,ljh,kxz
1090282,179,166,168,178,169,qxz,ezr,sfa,ljh,txr
1090283,174,168,177,173,172,zna,sfa,jxw,isu,vqn
1090284,167,172,178,177,161,qbg,vqn,ljh,jxw,soy
1090285,161,177,162,180,176,soy,jxw,zsm,xrs,zkx
1090286,176,178,169,166,163,zkx,ljh,txr,ezr,lqk
1090287,170,172,165,166,179,kxz,vqn,vqa,ezr,qxz
1090288,173,176,180,177,167,isu,zkx,xrs,jxw,qbg
1090289,168,174,172,164,173,sfa,zna,vqn,ptq,isu
1090290,169,175,179,167,174,txr,bag,qxz,qbg,zna
1090291,169,178,167,180,166,txr,ljh,qbg,xrs,ezr
1090292,176,180,177,178,171,zkx,xrs,jxw,ljh,uro
1090293,164,167,173,178,161,ptq,qbg,isu,ljh,soy
1090294,177,162,165,169,172,jxw,zsm,vqa,txr,vqn
1090295,173,172,175,174,165,isu,vqn,bag,zna,vqa
1090296,162,179,169,178,172,zsm,qxz,txr,ljh,vqn
1090297,169,166,177,175,167,txr,ezr,jxw,bag,qbg
1090298,164,176,162,178,175,ptq,zkx,zsm,ljh,bag
1090299,161,175,163,167,171,soy,bag,lqk,qbg,uro
1090300,170,162,180,174,163,kxz,zsm,xrs,zna,lqk
1090301,165,168,167,166,175,vqa,sfa,qbg,ezr,bag
1090302,166,165,175,180,164,ezr,vqa,bag,xrs,ptq
1090303,164,169,177,161,163,ptq,txr,jxw,soy,lqk
1090304,163,164,168,175,167,lqk,ptq,sfa,bag,qbg
1090305,161,174,178,175,176,soy,zna,ljh,bag,zkx
1090306,165,178,168,179,173,vqa,ljh,sfa,qxz,isu
1090307,171,166,169,168,180,uro,ezr,txr,sfa,xrs
1090308,180,177,167,169,166,xrs,jxw,qbg,txr,ezr
1090309,178,163,168,162,167,ljh,lqk,sfa,zsm,qbg
1090310,166,164,176,167,172,ezr,ptq,zkx,qbg,vqn
1090311,176,163,164,172,179,zkx,lqk,ptq,vqn,qxz
1090312,171,170,169,179,173,uro,kxz,txr,qxz,isu
1090313,171,161,166,178,169,uro,soy,ezr,ljh,txr
1090314,170,161,176,169,178,kxz,soy,zkx,txr,ljh
1090315,167,176,173,165,161,qbg,zkx,isu,vqa,soy
1090316,174,169,165,168,161,zna,txr,vqa,sfa,soy
1090317,167,179,166,161,180,qbg,qxz,ezr,soy,xrs
1090318,165,172,174,175,162,vqa,vqn,zna,bag,zsm
1090319,164,180,173,179,171,ptq,xrs,isu,qxz,uro
1090320,172,164,173,161,174,vqn,ptq,isu,soy,zna
1090321,169,175,161,174,180,txr,bag,soy,zna,xrs
1090322,162,170,172,175,179,zsm,kxz,vqn,bag,qxz
1090323,168,172,161,173,176,sfa,vqn,soy,isu,zkx
1090324,179,163,164,173,174,qxz,lqk,ptq,isu,zna
1090325,171,173,174,161,167,uro,isu,zna,soy,qbg
1090326,163,172,175,177,168,lqk,vqn,bag,jxw,sfa
1090327,176,171,173,163,177,zkx,uro,isu,lqk,jxw
1090328,170,161,178,168,169,kxz,soy,ljh,sfa,txr
1090329,162,170,166,180,168,zsm,kxz,ezr,xrs,sfa
1090330,165,172,169,168,170,vqa,vqn,txr,sfa,kxz
1090331,174,179,161,162,177,zna,qxz,soy,zsm,jxw
1090332,172,179,161,162,163,vqn,qxz,soy,zsm,lqk
1090333,165,163,175,176,171,vqa,lqk,bag,zkx,uro
1090334,161,175,177,162,180,soy,bag,jxw,zsm,xrs
1090335,166,169,167,172,174,ezr,txr,qbg,vqn,zna
1090336,165,177,169,162,170,vqa,jxw,txr,zsm,kxz
1090337,168,177,178,175,166,sfa,jxw,ljh,bag,ezr
1090338,177,167,171,178,166,jxw,qbg,uro,ljh,ezr
1090339,170,173,176,174,177,kxz,isu,zkx,zna,jxw
1090340,169,177,172,171,166,txr,jxw,vqn,uro,ezr
1090341,166,176,169,174,177,ezr,zkx,txr,zna,jxw
1090342,169,168,179,180,173,txr,sfa,qxz,xrs,isu
1090343,168,177,171,174,166,sfa,jxw,uro,zna,ezr
1090344,167,168,172,169,163,qbg,sfa,vqn,txr,lqk
1090345,162,164,171,172,170,zsm,ptq,uro,vqn,kxz
1090346,167,174,175,166,163,qbg,zna,bag,ezr,lqk
1090347,171,161,166,163,177,uro,soy,ezr,lqk,jxw
1090348,161,164,177,180,162,soy,ptq,jxw,xrs,zsm
1090349,170,167,165,176,172,kxz,qbg,vqa,zkx,vqn
1090350,163,178,164,180,176,lqk,ljh,ptq,xrs,zkx
1090351,177,175,171,179,169,jxw,bag,uro,qxz,txr
1090352,180,167,169,176,170,xrs,qbg,txr,zkx,kxz
1090353,166,170,167,163,171,ezr,kxz,qbg,lqk,uro
1090354,173,164,179,175,162,isu,ptq,qxz,bag,zsm
1090355,177,180,166,165,175,jxw,xrs,ezr,vqa,bag
1090356,164,171,161,174,168,ptq,uro,soy,zna,sfa
1090357,178,166,177,161,167,ljh,ezr,jxw,soy,qbg
1090358,177,163,173,165,166,jxw,lqk,isu,vqa,ezr
1090359,177,176,168,165,163,jxw,zkx,sfa,vqa,lqk
1090360,178,168,172,177,173,ljh,sfa,vqn,jxw,isu
1090361,162,166,165,172,168,zsm,ezr,vqa,vqn,sfa
1090362,173,174,166,178,163,isu,zna,ezr,ljh,lqk
1090363,174,176,175,172,169,zna,zkx,bag,vqn,txr
1090364,161,178,175,162,174,soy,ljh,bag,zsm,zna
1090365,173,176,171,179,175,isu,zkx,uro,qxz,bag
1090366,172,164,170,161,175,vqn,ptq,kxz,soy,bag
1090367,165,167,179,176,177,vqa,qbg,qxz,zkx,jxw
1090368,165,162,175,180,174,vqa,zsm,bag,xrs,zna
1090369,163,171,172,167,177,lqk,uro,vqn,qbg,jxw
1090370,175,170,166,164,176,bag,kxz,ezr,ptq,zkx
1090371,167,175,170,179,177,qbg,bag,kxz,qxz,jxw
1090372,174,172,168,166,164,zna,vqn,sfa,ezr,ptq
1090373,174,168,175,167,161,zna,sfa,bag,qbg,soy
1090374,180,177,170,169,173,xrs,jxw,kxz,txr,isu
1090375,180,167,166,173,174,xrs,qbg,ezr,isu,zna
1090376,171,177,180,166,173,uro,jxw,xrs,ezr,isu
1090377,180,178,173,171,161,xrs,ljh,isu,uro,soy
1090378,161,172,179,177,171,soy,vqn,qxz,jxw,uro
1090379,165,179,180,171,176,vqa,qxz,xrs,uro,zkx
1090380,178,170,175,173,162,ljh,kxz,bag,isu,zsm
1090381,180,165,173,162,168,xrs,vqa,isu,zsm,sfa
1090382,170,175,167,173,174,kxz,bag,qbg,isu,zna
1090383,164,166,167,177,180,ptq,ezr,qbg,jxw,xrs
1090384,173,175,168,177,174,isu,bag,sfa,jxw,zna
1090385,171,180,174,167,178,uro,xrs,zna,qbg,ljh
1090386,179,161,174,177,168,qxz,soy,zna,jxw,sfa
1090387,161,170,171,162,176,soy,kxz,uro,zsm,zkx
1090388,169,164,176,161,171,txr,ptq,zkx,soy,uro
1090389,162,169,177,161,170,zsm,txr,jxw,soy,kxz
1090390,163,172,176,166,168,lqk,vqn,zkx,ezr,sfa
1090391,167,166,170,169,171,qbg,ezr,kxz,txr,uro
1090392,172,173,168,169,176,vqn,isu,sfa,txr,zkx
1090393,178,173,174,167,170,ljh,isu,zna,qbg,kxz
1090394,162,172,166,173,171,zsm,vqn,ezr,isu,uro
1090395,174,165,175,168,163,zna,vqa,bag,sfa,lqk
1090396,177,169,171,170,173,jxw,txr,uro,kxz,isu
1090397,167,166,179,162,165,qbg,ezr,qxz,zsm,vqa
1090398,167,164,176,172,161,qbg,ptq,zkx,vqn,soy
1090399,171,170,180,176,172,uro,kxz,xrs,zkx,vqn
1090400,170,178,166,172,164,kxz,ljh,ezr,vqn,ptq
1090401,162,171,167,180,172,zsm,uro,qbg,xrs,vqn
1090402,172,166,176,174,173,vqn,ezr,zkx,zna,isu
1090403,170,175,165,169,161,kxz,bag,vqa,txr,soy
1090404,171,168,172,169,161,uro,sfa,vqn,txr,soy
1090405,171,173,162,175,178,uro,isu,zsm,bag,ljh
1090406,170,171,169,172,167,kxz,uro,txr,vqn,qbg
1090407,180,173,177,165,168,xrs,isu,jxw,vqa,sfa
1090408,176,162,175,167,179,zkx,zsm,bag,qbg,qxz
1090409,174,166,165,169,178,zna,ezr,vqa,txr,ljh
1090410,173,179,172,175,167,isu,qxz,vqn,bag,qbg
1090411,169,178,166,171,165,txr,ljh,ezr,uro,vqa
1090412,169,172,180,170,173,txr,vqn,xrs,kxz,isu
1090413,178,170,164,162,163,ljh,kxz,ptq,zsm,lqk
1090414,174,171,164,173,161,zna,uro,ptq,isu,soy
1090415,162,180,177,167,166,zsm,xrs,jxw,qbg,ezr
1090416,179,178,174,170,169,qxz,ljh,zna,kxz,txr
1090417,176,172,180,162,178,zkx,vqn,xrs,zsm,ljh
1090418,166,161,169,174,171,ezr,soy,txr,zna,uro
1090419,180,162,164,168,175,xrs,zsm,ptq,sfa,bag
1090420,172,174,171,168,178,vqn,zna,uro,sfa,ljh
1090421,165,171,168,179,162,vqa,uro,sfa,qxz,zsm
1090422,170,166,180,179,178,kxz,ezr,xrs,qxz,ljh
1090423,170,179,161,163,165,kxz,qxz,soy,lqk,vqa
1090424,168,174,179,171,161,sfa,zna,qxz,uro,soy
1090425,176,166,174,168,164,zkx,ezr,zna,sfa,ptq
1090426,170,177,175,178,165,kxz,jxw,bag,ljh,vqa
1090427,179,163,171,168,169,qxz,lqk,uro,sfa,txr
1090428,174,176,169,180,163,zna,zkx,txr,xrs,lqk
1090429,164,162,177,165,176,ptq,zsm,jxw,vqa,zkx
1090430,179,178,163,162,161,qxz,ljh,lqk,zsm,soy
1090431,164,171,165,175,176,ptq,uro,vqa,bag,zkx
1090432,172,168,166,164,173,vqn,sfa,ezr,ptq,isu
1090433,168,161,169,177,175,sfa,soy,txr,jxw,bag
1090434,171,178,170,162,177,uro,ljh,kxz,zsm,jxw
1090435,170,164,175,167,163,kxz,ptq,bag,qbg,lqk
1090436,178,167,175,163,161,ljh,qbg,bag,lqk,soy
1090437,174,161,179,166,175,zna,soy,qxz,ezr,bag
1090438,162,180,165,178,171,zsm,xrs,vqa,ljh,uro
1090439,174,175,163,170,178,zna,bag,lqk,kxz,ljh
1090440,161,167,162,175,164,soy,qbg,zsm,bag,ptq
1090441,180,174,162,165,175,xrs,zna,zsm,vqa,bag
1090442,178,161,168,172,170,ljh,soy,sfa,vqn,kxz
1090443,177,180,179,165,162,jxw,xrs,qxz,vqa,zsm
1090444,180,163,166,174,171,xrs,lqk,ezr,zna,uro
1090445,161,179,163,173,176,soy,qxz,lqk,isu,zkx
1090446,164,171,163,170,176,ptq,uro,lqk,kxz,zkx
1090447,177,180,165,172,169,jxw,xrs,vqa,vqn,txr
1090448,171,176,178,161,169,uro,zkx,ljh,soy,txr
1090449,177,170,172,164,180,jxw,kxz,vqn,ptq,xrs
1090450,177,180,178,169,165,jxw,xrs,ljh,txr,vqa
1090451,165,170,172,176,179,vqa,kxz,vqn,zkx,qxz
1090452,171,170,166,168,164,uro,kxz,ezr,sfa,ptq
1090453,175,172,171,167,168,bag,vqn,uro,qbg,sfa
1090454,169,177,166,173,171,txr,jxw,ezr,isu,uro
1090455,171,178,173,168,179,uro,ljh,isu,sfa,qxz
1090456,161,162,174,178,169,soy,zsm,zna,ljh,txr
1090457,166,177,170,168,164,ezr,jxw,kxz,sfa,ptq
1090458,180,175,161,176,166,xrs,bag,soy,zkx,ezr
1090459,165,174,164,169,168,vqa,zna,ptq,txr,sfa
1090460,164,172,162,174,173,ptq,vqn,zsm,zna,isu
1090461,166,172,170,174,167,ezr,vqn,kxz,zna,qbg
1090462,161,173,169,180,162,soy,isu,txr,xrs,zsm
1090463,171,164,167,166,180,uro,ptq,qbg,ezr,xrs
1090464,174,164,166,163,175,zna,ptq,ezr,lqk,bag
1090465,176,164,163,177,167,zkx,ptq,lqk,jxw,qbg
1090466,174,162,176,175,171,zna,zsm,zkx,bag,uro
1090467,161,166,169,162,163,soy,ezr,txr,zsm,lqk
1090468,180,167,169,165,171,xrs,qbg,txr,vqa,uro
1090469,166,180,170,169,168,ezr,xrs,kxz,txr,sfa
1090470,169,164,171,167,173,txr,ptq,uro,qbg,isu
1090471,164,176,179,180,161,ptq,zkx,qxz,xrs,soy
1090472,178,166,165,172,175,ljh,ezr,vqa,vqn,bag
1090473,161,179,168,166,165,soy,qxz,sfa,ezr,vqa
1090474,175,163,174,173,179,bag,lqk,zna,isu,qxz
1090475,179,162,170,165,174,qxz,zsm,kxz,vqa,zna
1090476,177,173,176,166,171,jxw,isu,zkx,ezr,uro
1090477,164,162,171,174,169,ptq,zsm,uro,zna,txr
1090478,177,173,179,174,161,jxw,isu,qxz,zna,soy
1090479,169,166,179,163,171,txr,ezr,qxz,lqk,uro
1090480,169,165,164,173,167,txr,vqa,ptq,isu,qbg
1090481,179,161,162,175,166,qxz,soy,zsm,bag,ezr
1090482,162,170,166,177,175,zsm,kxz,ezr,jxw,bag
1090483,162,168,163,172,171,zsm,sfa,lqk,vqn,uro
1090484,174,178,173,165,176,zna,ljh,isu,vqa,zkx
1090485,165,177,174,175,161,vqa,jxw,zna,bag,soy
1090486,177,164,180,174,165,jxw,ptq,xrs,zna,vqa
1090487,180,161,169,168,162,xrs,soy,txr,sfa,zsm
1090488,161,162,178,174,175,soy,zsm,ljh,zna,bag
1090489,178,161,169,165,171,ljh,soy,txr,vqa,uro
1090490,177,180,161,167,170,jxw,xrs,soy,qbg,kxz
1090491,165,174,180,167,177,vqa,zna,xrs,qbg,jxw
1090492,178,174,163,179,164,ljh,zna,lqk,qxz,ptq
1090493,169,161,166,167,165,txr,soy,ezr,qbg,vqa
1090494,174,177,176,163,180,zna,jxw,zkx,lqk,xrs
1090495,164,176,172,165,179,ptq,zkx,vqn,vqa,qxz
1090496,166,170,161,162,172,ezr,kxz,soy,zsm,vqn
1090497,166,174,178,180,175,ezr,zna,ljh,xrs,bag
1090498,180,178,162,169,173,xrs,ljh,zsm,txr,isu
1090499,163,167,174,161,171,lqk,qbg,zna,soy,uro
1090500,168,169,161,179,162,sfa,txr,soy,qxz,zsm
1090501,167,175,177,163,173,qbg,bag,jxw,lqk,isu
1090502,164,179,177,171,163,ptq,qxz,jxw,uro,lqk
1090503,174,161,163,169,179,zna,soy,lqk,txr,qxz
1090504,175,164,169,162,168,bag,ptq,txr,zsm,sfa
1090505,162,176,168,163,180,zsm,zkx,sfa,lqk,xrs
1090506,174,162,164,169,168,zna,zsm,ptq,txr,sfa
1090507,163,180,176,175,162,lqk,xrs,zkx,bag,zsm
1090508,173,170,168,166,172,isu,kxz,sfa,ezr,vqn
1090509,162,180,174,170,161,zsm,xrs,zna,kxz,soy
1090510,178,167,177,172,161,ljh,qbg,jxw,vqn,soy
1090511,174,176,169,168,180,zna,zkx,txr,sfa,xrs
1090512,167,168,166,174,178,qbg,sfa,ezr,zna,ljh
1090513,161,163,162,171,179,soy,lqk,zsm,uro,qxz
1090514,171,165,164,168,163,uro,vqa,ptq,sfa,lqk
1090515,178,174,175,172,171,ljh,zna,bag,vqn,uro
1090516,165,176,172,174,177,vqa,zkx,vqn,zna,jxw
1090517,172,171,165,174,175,vqn,uro,vqa,zna,bag
1090518,164,172,166,174,180,ptq,vqn,ezr,zna,xrs
1090519,165,170,177,161,175,vqa,kxz,jxw,soy,bag
1090520,164,171,177,176,167,ptq,uro,jxw,zkx,qbg
1090521,177,165,172,161,162,jxw,vqa,vqn,soy,zsm
1090522,176,180,162,174,178,zkx,xrs,zsm,zna,ljh
1090523,163,169,170,166,164,lqk,txr,kxz,ezr,ptq
1090524,173,167,170,180,161,isu,qbg,kxz,xrs,soy
1090525,170,162,161,167,171,kxz,zsm,soy,qbg,uro
1090526,171,178,162,164,169,uro,ljh,zsm,ptq,txr
1090527,178,170,162,161,168,ljh,kxz,zsm,soy,sfa
1090528,175,170,165,166,174,bag,kxz,vqa,ezr,zna
1090529,172,180,161,177,165,vqn,xrs,soy,jxw,vqa
1090530,162,170,163,178,175,zsm,kxz,lqk,ljh,bag
1090531,163,162,169,174,167,lqk,zsm,txr,zna,qbg
1090532,169,177,167,180,164,txr,jxw,qbg,xrs,ptq
1090533,179,173,164,178,162,qxz,isu,ptq,ljh,zsm
1090534,178,169,163,164,165,ljh,txr,lqk,ptq,vqa
1090535,168,178,163,174,179,sfa,ljh,lqk,zna,qxz
1090536,166,165,169,173,178,ezr,vqa,txr,isu,ljh
1090537,166,170,162,172,167,ezr,kxz,zsm,vqn,qbg
1090538,178,180,163,161,165,ljh,xrs,lqk,soy,vqa
1090539,171,168,177,179,170,uro,sfa,jxw,qxz,kxz
1090540,163,162,169,168,164,lqk,zsm,txr,sfa,ptq
1090541,172,170,179,165,176,vqn,kxz,qxz,vqa,zkx
1090542,177,164,167,165,179,jxw,ptq,qbg,vqa,qxz
1090543,169,162,170,177,172,txr,zsm,kxz,jxw,vqn
1090544,173,165,166,169,172,isu,vqa,ezr,txr,vqn
1090545,179,161,172,173,162,qxz,soy,vqn,isu,zsm
1090546,172,180,171,162,176,vqn,xrs,uro,zsm,zkx
1090547,170,169,175,177,171,kxz,txr,bag,jxw,uro
1090548,167,161,169,163,179,qbg,soy,txr,lqk,qxz
1090549,165,174,170,178,168,vqa,zna,kxz,ljh,sfa
1090550,178,163,168,165,167,ljh,lqk,sfa,vqa,qbg
1090551,178,171,165,162,167,ljh,uro,vqa,zsm,qbg
1090552,166,168,169,174,177,ezr,sfa,txr,zna,jxw
1090553,180,171,166,173,179,xrs,uro,ezr,isu,qxz
1090554,164,177,166,168,179,ptq,jxw,ezr,sfa,qxz
1090555,165,162,170,168,176,vqa,zsm,kxz,sfa,zkx
1090556,175,169,176,161,174,bag,txr,zkx,soy,zna
1090557,162,177,168,174,171,zsm,jxw,sfa,zna,uro
1090558,175,161,179,170,178,bag,soy,qxz,kxz,ljh
1090559,175,161,162,165,173,bag,soy,zsm,vqa,isu
1090560,165,172,175,177,174,vqa,vqn,bag,jxw,zna
1090561,177,179,178,174,166,jxw,qxz,ljh,zna,ezr
1090562,165,164,170,171,177,vqa,ptq,kxz,uro,jxw
1090563,169,172,179,170,164,txr,vqn,qxz,kxz,ptq
1090564,168,167,166,162,165,sfa,qbg,ezr,zsm,vqa
1090565,177,174,171,178,168,jxw,zna,uro,ljh,sfa
1090566,174,168,173,177,175,zna,sfa,isu,jxw,bag
1090567,161,168,167,170,171,soy,sfa,qbg,kxz,uro
1090568,180,174,179,167,176,xrs,zna,qxz,qbg,zkx
1090569,164,166,170,180,179,ptq,ezr,kxz,xrs,qxz
1090570,162,168,161,175,165,zsm,sfa,soy,bag,vqa
1090571,172,175,164,167,168,vqn,bag,ptq,qbg,sfa
1090572,177,170,174,173,161,jxw,kxz,zna,isu,soy
1090573,179,168,172,170,169,qxz,sfa,vqn,kxz,txr
1090574,164,180,161,162,163,ptq,xrs,soy,zsm,lqk
1090575,179,180,178,169,162,qxz,xrs,ljh,txr,zsm
1090576,172,166,161,169,174,vqn,ezr,soy,txr,zna
1090577,173,164,161,167,163,isu,ptq,soy,qbg,lqk
1090578,177,169,176,175,173,jxw,txr,zkx,bag,isu
1090579,179,176,164,161,163,qxz,zkx,ptq,soy,lqk
1090580,169,161,167,176,171,txr,soy,qbg,zkx,uro
1090581,175,166,162,174,180,bag,ezr,zsm,zna,xrs
1090582,163,164,173,171,180,lqk,ptq,isu,uro,xrs
1090583,167,174,179,162,164,qbg,zna,qxz,zsm,ptq
1090584,164,167,162,180,168,ptq,qbg,zsm,xrs,sfa
1090585,163,170,167,168,164,lqk,kxz,qbg,sfa,ptq
1090586,167,180,161,175,168,qbg,xrs,soy,bag,sfa
1090587,175,177,169,173,161,bag,jxw,txr,isu,soy
1090588,166,164,170,162,165,ezr,ptq,kxz,zsm,vqa
1090589,163,178,174,180,176,lqk,ljh,zna,xrs,zkx
1090590,163,175,167,172,168,lqk,bag,qbg,vqn,sfa
1090591,161,163,177,164,176,soy,lqk,jxw,ptq,zkx
1090592,178,163,169,162,165,ljh,lqk,txr,zsm,vqa
1090593,177,165,164,170,169,jxw,vqa,ptq,kxz,txr
1090594,165,180,175,174,176,vqa,xrs,bag,zna,zkx
1090595,168,177,180,166,172,sfa,jxw,xrs,ezr,vqn
1090596,165,162,164,167,166,vqa,zsm,ptq,qbg,ezr
1090597,165,162,178,179,167,vqa,zsm,ljh,qxz,qbg
1090598,175,169,173,174,165,bag,txr,isu,zna,vqa
1090599,164,161,169,163,179,ptq,soy,txr,lqk,qxz
1090600,176,171,162,172,179,zkx,uro,zsm,vqn,qxz
1100001,189,197,200,192,193,sre,rkx,ikv,vfi,mik
1100002,185,196,182,191,184,jzq,kbs,jlq,kvf,lhi
1100003,199,197,186,190,194,rgk,rkx,gjo,kwh,dai
1100004,192,195,185,190,191,vfi,unh,jzq,kwh,kvf
1100005,185,192,196,188,197,jzq,vfi,kbs,xoj,rkx
1100006,187,185,192,200,197,gxu,jzq,vfi,ikv,rkx
1100007,183,189,191,198,181,iwj,sre,kvf,sfl,dtj
1100008,199,192,190,187,200,rgk,vfi,kwh,gxu,ikv
1100009,190,198,184,185,186,kwh,sfl,lhi,jzq,gjo
1100010,189,200,190,183,199,sre,ikv,kwh,iwj,rgk
1100011,198,200,193,197,190,sfl,ikv,mik,rkx,kwh
1100012,199,190,187,196,185,rgk,kwh,gxu,kbs,jzq
1100013,195,192,183,198,194,unh,vfi,iwj,sfl,dai
1100014,194,190,183,187,181,dai,kwh,iwj,gxu,dtj
1100015,194,190,186,187,199,dai,kwh,gjo,gxu,rgk
1100016,186,198,182,191,194,gjo,sfl,jlq,kvf,dai
1100017,182,186,195,189,192,jlq,gjo,unh,sre,vfi
1100018,194,199,186,182,191,dai,rgk,gjo,jlq,kvf
1100019,198,194,188,186,181,sfl,dai,xoj,gjo,dtj
1100020,191,194,185,197,181,kvf,dai,jzq,rkx,dtj
1100021,183,192,182,185,190,iwj,vfi,jlq,jzq,kwh
1100022,181,198,199,197,194,dtj,sfl,rgk,rkx,dai
1100023,190,186,196,193,184,kwh,gjo,kbs,mik,lhi
1100024,183,184,198,185,186,iwj,lhi,sfl,jzq,gjo
1100025,194,193,200,185,195,dai,mik,ikv,jzq,unh
1100026,189,199,183,186,193,sre,rgk,iwj,gjo,mik
1100027,192,193,182,190,184,vfi,mik,jlq,kwh,lhi
1100028,185,184,193,200,195,jzq,lhi,mik,ikv,unh
1100029,182,181,194,193,186,jlq,dtj,dai,mik,gjo
1100030,199,193,198,183,194,rgk,mik,sfl,iwj,dai
1100031,191,195,186,197,193,kvf,unh,gjo,rkx,mik
1100032,192,199,190,196,188,vfi,rgk,kwh,kbs,xoj
1100033,187,183,185,190,197,gxu,iwj,jzq,kwh,rkx
1100034,187,186,182,190,194,gxu,gjo,jlq,kwh,dai
1100035,191,188,200,183,190,kvf,xoj,ikv,iwj,kwh
1100036,195,200,183,188,197,unh,ikv,iwj,xoj,rkx
1100037,187,198,184,181,189,gxu,sfl,lhi,dtj,sre
1100038,183,193,190,200,197,iwj,mik,kwh,ikv,rkx
1100039,199,194,188,189,198,rgk,dai,xoj,sre,sfl
1100040,197,190,193,195,181,rkx,kwh,mik,unh,dtj
1100041,181,183,186,189,194,dtj,iwj,gjo,sre,dai
1100042,188,197,184,194,200,xoj,rkx,lhi,dai,ikv
1100043,199,189,197,195,191,rgk,sre,rkx,unh,kvf
1100044,189,185,197,195,186,sre,jzq,rkx,unh,gjo
1100045,181,182,189,195,192,dtj,jlq,sre,unh,vfi
1100046,189,182,196,198,199,sre,jlq,kbs,sfl,rgk
1100047,182,196,187,188,194,jlq,kbs,gxu,xoj,dai
1100048,193,187,197,183,198,mik,gxu,rkx,iwj,sfl
1100049,199,189,183,190,194,rgk,sre,iwj,kwh,dai
1100050,193,181,187,190,186,mik,dtj,gxu,kwh,gjo
1100051,185,183,191,193,184,jzq,iwj,kvf,mik,lhi
1100052,193,191,200,190,192,mik,kvf,ikv,kwh,vfi
1100053,186,190,184,192,182,gjo,kwh,lhi,vfi,jlq
1100054,196,195,183,200,185,kbs,unh,iwj,ikv,jzq
1100055,183,181,199,191,187,iwj,dtj,rgk,kvf,gxu
1100056,185,182,183,199,196,jzq,jlq,iwj,rgk,kbs
1100057,200,189,194,196,193,ikv,sre,dai,kbs,mik
1100058,187,190,198,195,185,gxu,kwh,sfl,unh,jzq
1100059,197,191,193,181,199,rkx,kvf,mik,dtj,rgk
1100060,193,182,197,189,185,mik,jlq,rkx,sre,jzq
1100061,192,183,188,182,200,vfi,iwj,xoj,jlq,ikv
1100062,190,185,188,198,200,kwh,jzq,xoj,sfl,ikv
1100063,200,194,184,191,185,ikv,dai,lhi,kvf,jzq
1100064,195,194,185,191,184,unh,dai,jzq,kvf,lhi
1100065,187,192,193,185,194,gxu,vfi,mik,jzq,dai
1100066,181,182,194,196,183,dtj,jlq,dai,kbs,iwj
1100067,194,198,188,185,191,dai,sfl,xoj,jzq,kvf
1100068,188,200,192,198,186,xoj,ikv,vfi,sfl,gjo
1100069,181,196,199,185,189,dtj,kbs,rgk,jzq,sre
1100070,198,191,192,194,187,sfl,kvf,vfi,dai,gxu
1100071,197,194,199,191,189,rkx,dai,rgk,kvf,sre
1100072,197,190,189,192,196,rkx,kwh,sre,vfi,kbs
1100073,198,183,185,194,189,sfl,iwj,jzq,dai,sre
1100074,190,196,195,189,188,kwh,kbs,unh,sre,xoj
1100075,191,194,187,200,185,kvf,dai,gxu,ikv,jzq
1100076,197,181,188,195,182,rkx,dtj,xoj,unh,jlq
1100077,200,196,182,197,188,ikv,kbs,jlq,rkx,xoj
1100078,197,198,191,192,196,rkx,sfl,kvf,vfi,kbs
1100079,199,189,193,190,184,rgk,sre,mik,kwh,lhi
1100080,199,189,196,195,188,rgk,sre,kbs,unh,xoj
1100081,198,193,182,192,184,sfl,mik,jlq,vfi,lhi
1100082,185,195,187,191,189,jzq,unh,gxu,kvf,sre
1100083,185,197,192,193,189,jzq,rkx,vfi,mik,sre
1100084,198,199,190,183,200,sfl,rgk,kwh,iwj,ikv
1100085,189,194,187,190,200,sre,dai,gxu,kwh,ikv
1100086,182,199,194,200,186,jlq,rgk,dai,ikv,gjo
1100087,185,193,190,192,198,jzq,mik,kwh,vfi,sfl
1100088,181,194,191,186,190,dtj,dai,kvf,gjo,kwh
1100089,197,192,190,193,200,rkx,vfi,kwh,mik,ikv
1100090,191,192,198,194,183,kvf,vfi,sfl,dai,iwj
1100091,191,190,181,200,196,kvf,kwh,dtj,ikv,kbs
1100092,192,199,188,194,196,vfi,rgk,xoj,dai,kbs
1100093,189,200,195,183,188,sre,ikv,unh,iwj,xoj
1100094,200,183,186,189,196,ikv,iwj,gjo,sre,kbs
1100095,191,187,199,188,182,kvf,gxu,rgk,xoj,jlq
1100096,194,182,187,185,197,dai,jlq,gxu,jzq,rkx
1100097,198,195,187,184,196,sfl,unh,gxu,lhi,kbs
1100098,196,184,195,200,189,kbs,lhi,unh,ikv,sre
1100099,196,193,198,197,195,kbs,mik,sfl,rkx,unh
1100100,189,182,199,188,197,sre,jlq,rgk,xoj,rkx
1100101,198,189,188,181,183,sfl,sre,xoj,dtj,iwj
1100102,198,189,196,182,185,sfl,sre,kbs,jlq,jzq
1100103,199,181,189,182,187,rgk,dtj,sre,jlq,gxu
1100104,196,188,187,197,194,kbs,xoj,gxu,rkx,dai
1100105,191,200,192,199,198,kvf,ikv,vfi,rgk,sfl
1100106,190,193,195,200,185,kwh,mik,unh,ikv,jzq
1100107,199,195,181,196,200,rgk,unh,dtj,kbs,ikv
1100108,182,198,192,191,193,jlq,sfl,vfi,kvf,mik
1100109,187,184,190,198,191,gxu,lhi,kwh,sfl,kvf
1100110,183,196,189,184,197,iwj,kbs,sre,lhi,rkx
1100111,196,192,193,199,187,kbs,vfi,mik,rgk,gxu
1100112,185,198,196,191,187,jzq,sfl,kbs,kvf,gxu
1100113,199,187,183,198,196,rgk,gxu,iwj,sfl,kbs
1100114,190,187,186,183,193,kwh,gxu,gjo,iwj,mik
1100115,194,189,200,187,199,dai,sre,ikv,gxu,rgk
1100116,183,187,199,184,182,iwj,gxu,rgk,lhi,jlq
1100117,195,200,194,187,197,unh,ikv,dai,gxu,rkx
1100118,196,185,195,190,187,kbs,jzq,unh,kwh,gxu
1100119,192,188,199,193,181,vfi,xoj,rgk,mik,dtj
1100120,195,197,189,199,198,unh,rkx,sre,rgk,sfl
1100121,193,185,181,184,195,mik,jzq,dtj,lhi,unh
1100122,194,184,195,199,190,dai,lhi,unh,rgk,kwh
1100123,190,195,192,199,182,kwh,unh,vfi,rgk,jlq
1100124,191,185,190,196,198,kvf,jzq,kwh,kbs,sfl
1100125,198,195,199,187,197,sfl,unh,rgk,gxu,rkx
1100126,186,198,197,188,191,gjo,sfl,rkx,xoj,kvf
1100127,194,193,195,192,199,dai,mik,unh,vfi,rgk
1100128,196,189,185,197,200,kbs,sre,jzq,rkx,ikv
1100129,182,185,197,188,183,jlq,jzq,rkx,xoj,iwj
1100130,184,185,192,193,200,lhi,jzq,vfi,mik,ikv
1100131,194,193,199,182,198,dai,mik,rgk,jlq,sfl
1100132,185,195,190,181,188,jzq,unh,kwh,dtj,xoj
1100133,194,187,189,181,190,dai,gxu,sre,dtj,kwh
1100134,200,181,194,198,197,ikv,dtj,dai,sfl,rkx
1100135,197,200,186,196,185,rkx,ikv,gjo,kbs,jzq
1100136,189,185,195,187,197,sre,jzq,unh,gxu,rkx
1100137,186,184,193,189,185,gjo,lhi,mik,sre,jzq
1100138,193,187,190,188,197,mik,gxu,kwh,xoj,rkx
1100139,187,183,184,198,200,gxu,iwj,lhi,sfl,ikv
1100140,185,198,193,187,194,jzq,sfl,mik,gxu,dai
1100141,181,184,194,195,198,dtj,lhi,dai,unh,sfl
1100142,191,190,193,196,185,kvf,kwh,mik,kbs,jzq
1100143,185,197,181,186,191,jzq,rkx,dtj,gjo,kvf
1100144,195,196,181,188,197,unh,kbs,dtj,xoj,rkx
1100145,192,197,200,189,194,vfi,rkx,ikv,sre,dai
1100146,200,194,190,183,181,ikv,dai,kwh,iwj,dtj
1100147,200,198,188,186,197,ikv,sfl,xoj,gjo,rkx
1100148,181,189,188,186,198,dtj,sre,xoj,gjo,sfl
1100149,195,183,182,194,185,unh,iwj,jlq,dai,jzq
1100150,192,199,200,182,184,vfi,rgk,ikv,jlq,lhi
1100151,187,198,184,183,196,gxu,sfl,lhi,iwj,kbs
1100152,195,188,198,187,191,unh,xoj,sfl,gxu,kvf
1100153,182,189,198,188,199,jlq,sre,sfl,xoj,rgk
1100154,184,187,194,181,199,lhi,gxu,dai,dtj,rgk
1100155,195,191,189,200,199,unh,kvf,sre,ikv,rgk
1100156,197,190,196,198,184,rkx,kwh,kbs,sfl,lhi
1100157,190,192,191,193,189,kwh,vfi,kvf,mik,sre
1100158,182,200,188,195,198,jlq,ikv,xoj,unh,sfl
1100159,189,196,194,191,181,sre,kbs,dai,kvf,dtj
1100160,187,199,195,184,182,gxu,rgk,unh,lhi,jlq
1100161,189,181,193,185,200,sre,dtj,mik,jzq,ikv
1100162,193,183,196,197,186,mik,iwj,kbs,rkx,gjo
1100163,191,195,198,187,182,kvf,unh,sfl,gxu,jlq
1100164,193,187,184,189,186,mik,gxu,lhi,sre,gjo
1100165,186,199,196,192,194,gjo,rgk,kbs,vfi,dai
1100166,184,189,187,193,196,lhi,sre,gxu,mik,kbs
1100167,181,198,188,199,191,dtj,sfl,xoj,rgk,kvf
1100168,187,185,182,199,198,gxu,jzq,jlq,rgk,sfl
1100169,194,199,195,188,197,dai,rgk,unh,xoj,rkx
1100170,199,190,187,188,191,rgk,kwh,gxu,xoj,kvf
1100171,186,191,183,198,190,gjo,kvf,iwj,sfl,kwh
1100172,189,185,194,182,188,sre,jzq,dai,jlq,xoj
1100173,194,191,197,200,182,dai,kvf,rkx,ikv,jlq
1100174,186,193,194,190,187,gjo,mik,dai,kwh,gxu
1100175,193,196,188,181,199,mik,kbs,xoj,dtj,rgk
1100176,196,192,199,198,184,kbs,vfi,rgk,sfl,lhi
1100177,198,182,181,191,186,sfl,jlq,dtj,kvf,gjo
1100178,196,181,192,184,183,kbs,dtj,vfi,lhi,iwj
1100179,189,185,200,199,184,sre,jzq,ikv,rgk,lhi
1100180,194,191,183,190,186,dai,kvf,iwj,kwh,gjo
1100181,196,182,194,188,200,kbs,jlq,dai,xoj,ikv
1100182,197,188,198,192,185,rkx,xoj,sfl,vfi,jzq
1100183,196,198,200,192,199,kbs,sfl,ikv,vfi,rgk
1100184,184,195,187,183,200,lhi,unh,gxu,iwj,ikv
1100185,198,200,188,196,195,sfl,ikv,xoj,kbs,unh
1100186,196,189,186,199,198,kbs,sre,gjo,rgk,sfl
1100187,182,199,190,193,197,jlq,rgk,kwh,mik,rkx
1100188,200,198,194,182,189,ikv,sfl,dai,jlq,sre
1100189,192,185,184,186,187,vfi,jzq,lhi,gjo,gxu
1100190,181,199,188,194,198,dtj,rgk,xoj,dai,sfl
1100191,188,184,186,200,181,xoj,lhi,gjo,ikv,dtj
1100192,183,195,196,197,194,iwj,unh,kbs,rkx,dai
1100193,198,182,183,193,190,sfl,jlq,iwj,mik,kwh
1100194,187,190,185,183,198,gxu,kwh,jzq,iwj,sfl
1100195,198,181,184,199,191,sfl,dtj,lhi,rgk,kvf
1100196,193,189,185,200,195,mik,sre,jzq,ikv,unh
1100197,193,199,197,184,186,mik,rgk,rkx,lhi,gjo
1100198,199,193,182,198,196,rgk,mik,jlq,sfl,kbs
1100199,190,194,181,193,183,kwh,dai,dtj,mik,iwj
1100200,194,185,199,191,181,dai,jzq,rgk,kvf,dtj
1100201,190,187,191,188,184,kwh,gxu,kvf,xoj,lhi
1100202,195,196,192,190,182,unh,kbs,vfi,kwh,jlq
1100203,197,189,188,199,194,rkx,sre,xoj,rgk,dai
1100204,183,181,196,182,197,iwj,dtj,kbs,jlq,rkx
1100205,182,197,181,183,192,jlq,rkx,dtj,iwj,vfi
1100206,200,191,181,192,195,ikv,kvf,dtj,vfi,unh
1100207,194,191,185,189,199,dai,kvf,jzq,sre,rgk
1100208,187,185,182,184,181,gxu,jzq,jlq,lhi,dtj
1100209,194,184,181,191,185,dai,lhi,dtj,kvf,jzq
1100210,182,188,187,183,189,jlq,xoj,gxu,iwj,sre
1100211,193,181,187,189,195,mik,dtj,gxu,sre,unh
1100212,196,191,182,192,181,kbs,kvf,jlq,vfi,dtj
1100213,196,190,191,186,193,kbs,kwh,kvf,gjo,mik
1100214,190,187,192,188,197,kwh,gxu,vfi,xoj,rkx
1100215,183,182,192,190,188,iwj,jlq,vfi,kwh,xoj
1100216,200,185,193,188,194,ikv,jzq,mik,xoj,dai
1100217,191,186,198,181,188,kvf,gjo,sfl,dtj,xoj
1100218,191,196,194,183,198,kvf,kbs,dai,iwj,sfl
1100219,191,196,193,198,187,kvf,kbs,mik,sfl,gxu
1100220,181,185,182,200,190,dtj,jzq,jlq,ikv,kwh
1100221,181,191,198,193,186,dtj,kvf,sfl,mik,gjo
1100222,192,187,185,183,199,vfi,gxu,jzq,iwj,rgk
1100223,186,190,189,198,195,gjo,kwh,sre,sfl,unh
1100224,183,188,199,198,186,iwj,xoj,rgk,sfl,gjo
1100225,194,190,198,183,185,dai,kwh,sfl,iwj,jzq
1100226,194,185,182,193,198,dai,jzq,jlq,mik,sfl
1100227,194,192,200,196,185,dai,vfi,ikv,kbs,jzq
1100228,188,192,187,184,182,xoj,vfi,gxu,lhi,jlq
1100229,197,198,194,185,200,rkx,sfl,dai,jzq,ikv
1100230,183,193,182,184,197,iwj,mik,jlq,lhi,rkx
1100231,198,181,200,187,197,sfl,dtj,ikv,gxu,rkx
1100232,181,185,199,187,186,dtj,jzq,rgk,gxu,gjo
1100233,186,198,192,196,197,gjo,sfl,vfi,kbs,rkx
1100234,200,199,189,182,190,ikv,rgk,sre,jlq,kwh
1100235,188,197,187,186,190,xoj,rkx,gxu,gjo,kwh
1100236,182,196,193,199,188,jlq,kbs,mik,rgk,xoj
1100237,185,187,186,191,192,jzq,gxu,gjo,kvf,vfi
1100238,189,197,187,183,181,sre,rkx,gxu,iwj,dtj
1100239,198,185,184,182,194,sfl,jzq,lhi,jlq,dai
1100240,181,193,188,196,190,dtj,mik,xoj,kbs,kwh
1100241,198,184,197,186,182,sfl,lhi,rkx,gjo,jlq
1100242,193,181,192,197,188,mik,dtj,vfi,rkx,xoj
1100243,189,192,199,185,196,sre,vfi,rgk,jzq,kbs
1100244,186,194,197,196,183,gjo,dai,rkx,kbs,iwj
1100245,183,198,193,189,192,iwj,sfl,mik,sre,vfi
1100246,185,194,182,190,196,jzq,dai,jlq,kwh,kbs
1100247,186,182,193,196,199,gjo,jlq,mik,kbs,rgk
1100248,182,199,185,196,200,jlq,rgk,jzq,kbs,ikv
1100249,200,196,199,186,195,ikv,kbs,rgk,gjo,unh
1100250,184,191,199,186,185,lhi,kvf,rgk,gjo,jzq
1100251,199,194,181,191,182,rgk,dai,dtj,kvf,jlq
1100252,186,189,197,188,200,gjo,sre,rkx,xoj,ikv
1100253,184,185,198,195,199,lhi,jzq,sfl,unh,rgk
1100254,198,196,192,182,185,sfl,kbs,vfi,jlq,jzq
1100255,185,183,190,198,189,jzq,iwj,kwh,sfl,sre
1100256,196,195,192,197,181,kbs,unh,vfi,rkx,dtj
1100257,181,188,198,196,191,dtj,xoj,sfl,kbs,kvf
1100258,195,181,184,199,182,unh,dtj,lhi,rgk,jlq
1100259,185,181,182,186,193,jzq,dtj,jlq,gjo,mik
1100260,182,181,188,194,187,jlq,dtj,xoj,dai,gxu
1100261,194,193,187,183,190,dai,mik,gxu,iwj,kwh
1100262,195,191,181,197,199,unh,kvf,dtj,rkx,rgk
1100263,181,197,182,190,194,dtj,rkx,jlq,kwh,dai
1100264,183,188,181,197,193,iwj,xoj,dtj,rkx,mik
1100265,182,190,194,184,187,jlq,kwh,dai,lhi,gxu
1100266,200,187,194,186,189,ikv,gxu,dai,gjo,sre
1100267,187,197,196,200,183,gxu,rkx,kbs,ikv,iwj
1100268,197,198,195,185,181,rkx,sfl,unh,jzq,dtj
1100269,182,200,181,188,195,jlq,ikv,dtj,xoj,unh
1100270,198,186,187,194,182,sfl,gjo,gxu,dai,jlq
1100271,182,200,187,199,198,jlq,ikv,gxu,rgk,sfl
1100272,198,197,194,192,190,sfl,rkx,dai,vfi,kwh
1100273,184,181,185,188,186,lhi,dtj,jzq,xoj,gjo
1100274,191,182,187,184,198,kvf,jlq,gxu,lhi,sfl
1100275,181,186,193,200,189,dtj,gjo,mik,ikv,sre
1100276,186,181,200,189,198,gjo,dtj,ikv,sre,sfl
1100277,193,197,186,195,187,mik,rkx,gjo,unh,gxu
1100278,195,181,189,185,183,unh,dtj,sre,jzq,iwj
1100279,199,197,185,188,200,rgk,rkx,jzq,xoj,ikv
1100280,189,182,194,199,192,sre,jlq,dai,rgk,vfi
1100281,197,194,187,198,190,rkx,dai,gxu,sfl,kwh
1100282,199,186,188,198,189,rgk,gjo,xoj,sfl,sre
1100283,194,188,197,193,192,dai,xoj,rkx,mik,vfi
1100284,187,192,198,197,181,gxu,vfi,sfl,rkx,dtj
1100285,181,197,182,200,196,dtj,rkx,jlq,ikv,kbs
1100286,196,198,189,186,183,kbs,sfl,sre,gjo,iwj
1100287,190,192,185,186,199,kwh,vfi,jzq,gjo,rgk
1100288,193,196,200,197,187,mik,kbs,ikv,rkx,gxu
1100289,188,194,192,184,193,xoj,dai,vfi,lhi,mik
1100290,189,195,199,187,194,sre,unh,rgk,gxu,dai
1100291,189,198,187,200,186,sre,sfl,gxu,ikv,gjo
1100292,196,200,197,198,191,kbs,ikv,rkx,sfl,kvf
1100293,184,187,193,198,181,lhi,gxu,mik,sfl,dtj
1100294,197,182,185,189,192,rkx,jlq,jzq,sre,vfi
1100295,193,192,195,194,185,mik,vfi,unh,dai,jzq
1100296,182,199,189,198,192,jlq,rgk,sre,sfl,vfi
1100297,189,186,197,195,187,sre,gjo,rkx,unh,gxu
1100298,184,196,182,198,195,lhi,kbs,jlq,sfl,unh
1100299,181,195,183,187,191,dtj,unh,iwj,gxu,kvf
1100300,190,182,200,194,183,kwh,jlq,ikv,dai,iwj
1100301,185,188,187,186,195,jzq,xoj,gxu,gjo,unh
1100302,186,185,195,200,184,gjo,jzq,unh,ikv,lhi
1100303,184,189,197,181,183,lhi,sre,rkx,dtj,iwj
1100304,183,184,188,195,187,iwj,lhi,xoj,unh,gxu
1100305,181,194,198,195,196,dtj,dai,sfl,unh,kbs
1100306,185,198,188,199,193,jzq,sfl,xoj,rgk,mik
1100307,191,186,189,188,200,kvf,gjo,sre,xoj,ikv
1100308,200,197,187,189,186,ikv,rkx,gxu,sre,gjo
1100309,198,183,188,182,187,sfl,iwj,xoj,jlq,gxu
1100310,186,184,196,187,192,gjo,lhi,kbs,gxu,vfi
1100311,196,183,184,192,199,kbs,iwj,lhi,vfi,rgk
1100312,191,190,189,199,193,kvf,kwh,sre,rgk,mik
1100313,191,181,186,198,189,kvf,dtj,gjo,sfl,sre
1100314,190,181,196,189,198,kwh,dtj,kbs,sre,sfl
1100315,187,196,193,185,181,gxu,kbs,mik,jzq,dtj
1100316,194,189,185,188,181,dai,sre,jzq,xoj,dtj
1100317,187,199,186,181,200,gxu,rgk,gjo,dtj,ikv
1100318,185,192,194,195,182,jzq,vfi,dai,unh,jlq
1100319,184,200,193,199,191,lhi,ikv,mik,rgk,kvf
1100320,192,184,193,181,194,vfi,lhi,mik,dtj,dai
1100321,189,195,181,194,200,sre,unh,dtj,dai,ikv
1100322,182,190,192,195,199,jlq,kwh,vfi,unh,rgk
1100323,188,192,181,193,196,xoj,vfi,dtj,mik,kbs
1100324,199,183,184,193,194,rgk,iwj,lhi,mik,dai
1100325,191,193,194,181,187,kvf,mik,dai,dtj,gxu
1100326,183,192,195,197,188,iwj,vfi,unh,rkx,xoj
1100327,196,191,193,183,197,kbs,kvf,mik,iwj,rkx
1100328,190,181,198,188,189,kwh,dtj,sfl,xoj,sre
1100329,182,190,186,200,188,jlq,kwh,gjo,ikv,xoj
1100330,185,192,189,188,190,jzq,vfi,sre,xoj,kwh
1100331,194,199,181,182,197,dai,rgk,dtj,jlq,rkx
1100332,192,199,181,182,183,vfi,rgk,dtj,jlq,iwj
1100333,185,183,195,196,191,jzq,iwj,unh,kbs,kvf
1100334,181,195,197,182,200,dtj,unh,rkx,jlq,ikv
1100335,186,189,187,192,194,gjo,sre,gxu,vfi,dai
1100336,185,197,189,182,190,jzq,rkx,sre,jlq,kwh
1100337,188,197,198,195,186,xoj,rkx,sfl,unh,gjo
1100338,197,187,191,198,186,rkx,gxu,kvf,sfl,gjo
1100339,190,193,196,194,197,kwh,mik,kbs,dai,rkx
1100340,189,197,192,191,186,sre,rkx,vfi,kvf,gjo
1100341,186,196,189,194,197,gjo,kbs,sre,dai,rkx
1100342,189,188,199,200,193,sre,xoj,rgk,ikv,mik
1100343,188,197,191,194,186,xoj,rkx,kvf,dai,gjo
1100344,187,188,192,189,183,gxu,xoj,vfi,sre,iwj
1100345,182,184,191,192,190,jlq,lhi,kvf,vfi,kwh
1100346,187,194,195,186,183,gxu,dai,unh,gjo,iwj
1100347,191,181,186,183,197,kvf,dtj,gjo,iwj,rkx
1100348,181,184,197,200,182,dtj,lhi,rkx,ikv,jlq
1100349,190,187,185,196,192,kwh,gxu,jzq,kbs,vfi
1100350,183,198,184,200,196,iwj,sfl,lhi,ikv,kbs
1100351,197,195,191,199,189,rkx,unh,kvf,rgk,sre
1100352,200,187,189,196,190,ikv,gxu,sre,kbs,kwh
1100353,186,190,187,183,191,gjo,kwh,gxu,iwj,kvf
1100354,193,184,199,195,182,mik,lhi,rgk,unh,jlq
1100355,197,200,186,185,195,rkx,ikv,gjo,jzq,unh
1100356,184,191,181,194,188,lhi,kvf,dtj,dai,xoj
1100357,198,186,197,181,187,sfl,gjo,rkx,dtj,gxu
1100358,197,183,193,185,186,rkx,iwj,mik,jzq,gjo
1100359,197,196,188,185,183,rkx,kbs,xoj,jzq,iwj
1100360,198,188,192,197,193,sfl,xoj,vfi,rkx,mik
1100361,182,186,185,192,188,jlq,gjo,jzq,vfi,xoj
1100362,193,194,186,198,183,mik,dai,gjo,sfl,iwj
1100363,194,196,195,192,189,dai,kbs,unh,vfi,sre
1100364,181,198,195,182,194,dtj,sfl,unh,jlq,dai
1100365,193,196,191,199,195,mik,kbs,kvf,rgk,unh
1100366,192,184,190,181,195,vfi,lhi,kwh,dtj,unh
1100367,185,187,199,196,197,jzq,gxu,rgk,kbs,rkx
1100368,185,182,195,200,194,jzq,jlq,unh,ikv,dai
1100369,183,191,192,187,197,iwj,kvf,vfi,gxu,rkx
1100370,195,190,186,184,196,unh,kwh,gjo,lhi,kbs
1100371,187,195,190,199,197,gxu,unh,kwh,rgk,rkx
1100372,194,192,188,186,184,dai,vfi,xoj,gjo,lhi
1100373,194,188,195,187,181,dai,xoj,unh,gxu,dtj
1100374,200,197,190,189,193,ikv,rkx,kwh,sre,mik
1100375,200,187,186,193,194,ikv,gxu,gjo,mik,dai
1100376,191,197,200,186,193,kvf,rkx,ikv,gjo,mik
1100377,200,198,193,191,181,ikv,sfl,mik,kvf,dtj
1100378,181,192,199,197,191,dtj,vfi,rgk,rkx,kvf
1100379,185,199,200,191,196,jzq,rgk,ikv,kvf,kbs
1100380,198,190,195,193,182,sfl,kwh,unh,mik,jlq
1100381,200,185,193,182,188,ikv,jzq,mik,jlq,xoj
1100382,190,195,187,193,194,kwh,unh,gxu,mik,dai
1100383,184,186,187,197,200,lhi,gjo,gxu,rkx,ikv
1100384,193,195,188,197,194,mik,unh,xoj,rkx,dai
1100385,191,200,194,187,198,kvf,ikv,dai,gxu,sfl
1100386,199,181,194,197,188,rgk,dtj,dai,rkx,xoj
1100387,181,190,191,182,196,dtj,kwh,kvf,jlq,kbs
1100388,189,184,196,181,191,sre,lhi,kbs,dtj,kvf
1100389,182,189,197,181,190,jlq,sre,rkx,dtj,kwh
1100390,183,192,196,186,188,iwj,vfi,kbs,gjo,xoj
1100391,187,186,190,189,191,gxu,gjo,kwh,sre,kvf
1100392,192,193,188,189,196,vfi,mik,xoj,sre,kbs
1100393,198,193,194,187,190,sfl,mik,dai,gxu,kwh
1100394,182,192,186,193,191,jlq,vfi,gjo,mik,kvf
1100395,194,185,195,188,183,dai,jzq,unh,xoj,iwj
1100396,197,189,191,190,193,rkx,sre,kvf,kwh,mik
1100397,187,186,199,182,185,gxu,gjo,rgk,jlq,jzq
1100398,187,184,196,192,181,gxu,lhi,kbs,vfi,dtj
1100399,191,190,200,196,192,kvf,kwh,ikv,kbs,vfi
1100400,190,198,186,192,184,kwh,sfl,gjo,vfi,lhi
1100401,182,191,187,200,192,jlq,kvf,gxu,ikv,vfi
1100402,192,186,196,194,193,vfi,gjo,kbs,dai,mik
1100403,190,195,185,189,181,kwh,unh,jzq,sre,dtj
1100404,191,188,192,189,181,kvf,xoj,vfi,sre,dtj
1100405,191,193,182,195,198,kvf,mik,jlq,unh,sfl
1100406,190,191,189,192,187,kwh,kvf,sre,vfi,gxu
1100407,200,193,197,185,188,ikv,mik,rkx,jzq,xoj
1100408,196,182,195,187,199,kbs,jlq,unh,gxu,rgk
1100409,194,186,185,189,198,dai,gjo,jzq,sre,sfl
1100410,193,199,192,195,187,mik,rgk,vfi,unh,gxu
1100411,189,198,186,191,185,sre,sfl,gjo,kvf,jzq
1100412,189,192,200,190,193,sre,vfi,ikv,kwh,mik
1100413,198,190,184,182,183,sfl,kwh,lhi,jlq,iwj
1100414,194,191,184,193,181,dai,kvf,lhi,mik,dtj
1100415,182,200,197,187,186,jlq,ikv,rkx,gxu,gjo
1100416,199,198,194,190,189,rgk,sfl,dai,kwh,sre
1100417,196,192,200,182,198,kbs,vfi,ikv,jlq,sfl
1100418,186,181,189,194,191,gjo,dtj,sre,dai,kvf
1100419,200,182,184,188,195,ikv,jlq,lhi,xoj,unh
1100420,192,194,191,188,198,vfi,dai,kvf,xoj,sfl
1100421,185,191,188,199,182,jzq,kvf,xoj,rgk,jlq
1100422,190,186,200,199,198,kwh,gjo,ikv,rgk,sfl
1100423,190,199,181,183,185,kwh,rgk,dtj,iwj,jzq
1100424,188,194,199,191,181,xoj,dai,rgk,kvf,dtj
1100425,196,186,194,188,184,kbs,gjo,dai,xoj,lhi
1100426,190,197,195,198,185,kwh,rkx,unh,sfl,jzq
1100427,199,183,191,188,189,rgk,iwj,kvf,xoj,sre
1100428,194,196,189,200,183,dai,kbs,sre,ikv,iwj
1100429,184,182,197,185,196,lhi,jlq,rkx,jzq,kbs
1100430,199,198,183,182,181,rgk,sfl,iwj,jlq,dtj
1100431,184,191,185,195,196,lhi,kvf,jzq,unh,kbs
1100432,192,188,186,184,193,vfi,xoj,gjo,lhi,mik
1100433,188,181,189,197,195,xoj,dtj,sre,rkx,unh
1100434,191,198,190,182,197,kvf,sfl,kwh,jlq,rkx
1100435,190,184,195,187,183,kwh,lhi,unh,gxu,iwj
1100436,198,187,195,183,181,sfl,gxu,unh,iwj,dtj
1100437,194,181,199,186,195,dai,dtj,rgk,gjo,unh
1100438,182,200,185,198,191,jlq,ikv,jzq,sfl,kvf
1100439,194,195,183,190,198,dai,unh,iwj,kwh,sfl
1100440,181,187,182,195,184,dtj,gxu,jlq,unh,lhi
1100441,200,194,182,185,195,ikv,dai,jlq,jzq,unh
1100442,198,181,188,192,190,sfl,dtj,xoj,vfi,kwh
1100443,197,200,199,185,182,rkx,ikv,rgk,jzq,jlq
1100444,200,183,186,194,191,ikv,iwj,gjo,dai,kvf
1100445,181,199,183,193,196,dtj,rgk,iwj,mik,kbs
1100446,184,191,183,190,196,lhi,kvf,iwj,kwh,kbs
1100447,197,200,185,192,189,rkx,ikv,jzq,vfi,sre
1100448,191,196,198,181,189,kvf,kbs,sfl,dtj,sre
1100449,197,190,192,184,200,rkx,kwh,vfi,lhi,ikv
1100450,197,200,198,189,185,rkx,ikv,sfl,sre,jzq
1100451,185,190,192,196,199,jzq,kwh,vfi,kbs,rgk
1100452,191,190,186,188,184,kvf,kwh,gjo,xoj,lhi
1100453,195,192,191,187,188,unh,vfi,kvf,gxu,xoj
1100454,189,197,186,193,191,sre,rkx,gjo,mik,kvf
1100455,191,198,193,188,199,kvf,sfl,mik,xoj,rgk
1100456,181,182,194,198,189,dtj,jlq,dai,sfl,sre
1100457,186,197,190,188,184,gjo,rkx,kwh,xoj,lhi
1100458,200,195,181,196,186,ikv,unh,dtj,kbs,gjo
1100459,185,194,184,189,188,jzq,dai,lhi,sre,xoj
1100460,184,192,182,194,193,lhi,vfi,jlq,dai,mik
1100461,186,192,190,194,187,gjo,vfi,kwh,dai,gxu
1100462,181,193,189,200,182,dtj,mik,sre,ikv,jlq
1100463,191,184,187,186,200,kvf,lhi,gxu,gjo,ikv
1100464,194,184,186,183,195,dai,lhi,gjo,iwj,unh
1100465,196,184,183,197,187,kbs,lhi,iwj,rkx,gxu
1100466,194,182,196,195,191,dai,jlq,kbs,unh,kvf
1100467,181,186,189,182,183,dtj,gjo,sre,jlq,iwj
1100468,200,187,189,185,191,ikv,gxu,sre,jzq,kvf
1100469,186,200,190,189,188,gjo,ikv,kwh,sre,xoj
1100470,189,184,191,187,193,sre,lhi,kvf,gxu,mik
1100471,184,196,199,200,181,lhi,kbs,rgk,ikv,dtj
1100472,198,186,185,192,195,sfl,gjo,jzq,vfi,unh
1100473,181,199,188,186,185,dtj,rgk,xoj,gjo,jzq
1100474,195,183,194,193,199,unh,iwj,dai,mik,rgk
1100475,199,182,190,185,194,rgk,jlq,kwh,jzq,dai
1100476,197,193,196,186,191,rkx,mik,kbs,gjo,kvf
1100477,184,182,191,194,189,lhi,jlq,kvf,dai,sre
1100478,197,193,199,194,181,rkx,mik,rgk,dai,dtj
1100479,189,186,199,183,191,sre,gjo,rgk,iwj,kvf
1100480,189,185,184,193,187,sre,jzq,lhi,mik,gxu
1100481,199,181,182,195,186,rgk,dtj,jlq,unh,gjo
1100482,182,190,186,197,195,jlq,kwh,gjo,rkx,unh
1100483,182,188,183,192,191,jlq,xoj,iwj,vfi,kvf
1100484,194,198,193,185,196,dai,sfl,mik,jzq,kbs
1100485,185,197,194,195,181,jzq,rkx,dai,unh,dtj
1100486,197,184,200,194,185,rkx,lhi,ikv,dai,jzq
1100487,200,181,189,188,182,ikv,dtj,sre,xoj,jlq
1100488,181,182,198,194,195,dtj,jlq,sfl,dai,unh
1100489,198,181,189,185,191,sfl,dtj,sre,jzq,kvf
1100490,197,200,181,187,190,rkx,ikv,dtj,gxu,kwh
1100491,185,194,200,187,197,jzq,dai,ikv,gxu,rkx
1100492,198,194,183,199,184,sfl,dai,iwj,rgk,lhi
1100493,189,181,186,187,185,sre,dtj,gjo,gxu,jzq
1100494,194,197,196,183,200,dai,rkx,kbs,iwj,ikv
1100495,184,196,192,185,199,lhi,kbs,vfi,jzq,rgk
1100496,186,190,181,182,192,gjo,kwh,dtj,jlq,vfi
1100497,186,194,198,200,195,gjo,dai,sfl,ikv,unh
1100498,200,198,182,189,193,ikv,sfl,jlq,sre,mik
1100499,183,187,194,181,191,iwj,gxu,dai,dtj,kvf
1100500,188,189,181,199,182,xoj,sre,dtj,rgk,jlq
1100501,187,195,197,183,193,gxu,unh,rkx,iwj,mik
1100502,184,199,197,191,183,lhi,rgk,rkx,kvf,iwj
1100503,194,181,183,189,199,dai,dtj,iwj,sre,rgk
1100504,195,184,189,182,188,unh,lhi,sre,jlq,xoj
1100505,182,196,188,183,200,jlq,kbs,xoj,iwj,ikv
1100506,194,182,184,189,188,dai,jlq,lhi,sre,xoj
1100507,183,200,196,195,182,iwj,ikv,kbs,unh,jlq
1100508,193,190,188,186,192,mik,kwh,xoj,gjo,vfi
1100509,182,200,194,190,181,jlq,ikv,dai,kwh,dtj
1100510,198,187,197,192,181,sfl,gxu,rkx,vfi,dtj
1100511,194,196,189,188,200,dai,kbs,sre,xoj,ikv
1100512,187,188,186,194,198,gxu,xoj,gjo,dai,sfl
1100513,181,183,182,191,199,dtj,iwj,jlq,kvf,rgk
1100514,191,185,184,188,183,kvf,jzq,lhi,xoj,iwj
1100515,198,194,195,192,191,sfl,dai,unh,vfi,kvf
1100516,185,196,192,194,197,jzq,kbs,vfi,dai,rkx
1100517,192,191,185,194,195,vfi,kvf,jzq,dai,unh
1100518,184,192,186,194,200,lhi,vfi,gjo,dai,ikv
1100519,185,190,197,181,195,jzq,kwh,rkx,dtj,unh
1100520,184,191,197,196,187,lhi,kvf,rkx,kbs,gxu
1100521,197,185,192,181,182,rkx,jzq,vfi,dtj,jlq
1100522,196,200,182,194,198,kbs,ikv,jlq,dai,sfl
1100523,183,189,190,186,184,iwj,sre,kwh,gjo,lhi
1100524,193,187,190,200,181,mik,gxu,kwh,ikv,dtj
1100525,190,182,181,187,191,kwh,jlq,dtj,gxu,kvf
1100526,191,198,182,184,189,kvf,sfl,jlq,lhi,sre
1100527,198,190,182,181,188,sfl,kwh,jlq,dtj,xoj
1100528,195,190,185,186,194,unh,kwh,jzq,gjo,dai
1100529,192,200,181,197,185,vfi,ikv,dtj,rkx,jzq
1100530,182,190,183,198,195,jlq,kwh,iwj,sfl,unh
1100531,183,182,189,194,187,iwj,jlq,sre,dai,gxu
1100532,189,197,187,200,184,sre,rkx,gxu,ikv,lhi
1100533,199,193,184,198,182,rgk,mik,lhi,sfl,jlq
1100534,198,189,183,184,185,sfl,sre,iwj,lhi,jzq
1100535,188,198,183,194,199,xoj,sfl,iwj,dai,rgk
1100536,186,185,189,193,198,gjo,jzq,sre,mik,sfl
1100537,186,190,182,192,187,gjo,kwh,jlq,vfi,gxu
1100538,198,200,183,181,185,sfl,ikv,iwj,dtj,jzq
1100539,191,188,197,199,190,kvf,xoj,rkx,rgk,kwh
1100540,183,182,189,188,184,iwj,jlq,sre,xoj,lhi
1100541,192,190,199,185,196,vfi,kwh,rgk,jzq,kbs
1100542,197,184,187,185,199,rkx,lhi,gxu,jzq,rgk
1100543,189,182,190,197,192,sre,jlq,kwh,rkx,vfi
1100544,193,185,186,189,192,mik,jzq,gjo,sre,vfi
1100545,199,181,192,193,182,rgk,dtj,vfi,mik,jlq
1100546,192,200,191,182,196,vfi,ikv,kvf,jlq,kbs
1100547,190,189,195,197,191,kwh,sre,unh,rkx,kvf
1100548,187,181,189,183,199,gxu,dtj,sre,iwj,rgk
1100549,185,194,190,198,188,jzq,dai,kwh,sfl,xoj
1100550,198,183,188,185,187,sfl,iwj,xoj,jzq,gxu
1100551,198,191,185,182,187,sfl,kvf,jzq,jlq,gxu
1100552,186,188,189,194,197,gjo,xoj,sre,dai,rkx
1100553,200,191,186,193,199,ikv,kvf,gjo,mik,rgk
1100554,184,197,186,188,199,lhi,rkx,gjo,xoj,rgk
1100555,185,182,190,188,196,jzq,jlq,kwh,xoj,kbs
1100556,195,189,196,181,194,unh,sre,kbs,dtj,dai
1100557,182,197,188,194,191,jlq,rkx,xoj,dai,kvf
1100558,195,181,199,190,198,unh,dtj,rgk,kwh,sfl
1100559,195,181,182,185,193,unh,dtj,jlq,jzq,mik
1100560,185,192,195,197,194,jzq,vfi,unh,rkx,dai
1100561,197,199,198,194,186,rkx,rgk,sfl,dai,gjo
1100562,185,184,190,191,197,jzq,lhi,kwh,kvf,rkx
1100563,189,192,199,190,184,sre,vfi,rgk,kwh,lhi
1100564,188,187,186,182,185,xoj,gxu,gjo,jlq,jzq
1100565,197,194,191,198,188,rkx,dai,kvf,sfl,xoj
1100566,194,188,193,197,195,dai,xoj,mik,rkx,unh
1100567,181,188,187,190,191,dtj,xoj,gxu,kwh,kvf
1100568,200,194,199,187,196,ikv,dai,rgk,gxu,kbs
1100569,184,186,190,200,199,lhi,gjo,kwh,ikv,rgk
1100570,182,188,181,195,185,jlq,xoj,dtj,unh,jzq
1100571,192,195,184,187,188,vfi,unh,lhi,gxu,xoj
1100572,197,190,194,193,181,rkx,kwh,dai,mik,dtj
1100573,199,188,192,190,189,rgk,xoj,vfi,kwh,sre
1100574,184,200,181,182,183,lhi,ikv,dtj,jlq,iwj
1100575,199,200,198,189,182,rgk,ikv,sfl,sre,jlq
1100576,192,186,181,189,194,vfi,gjo,dtj,sre,dai
1100577,193,184,181,187,183,mik,lhi,dtj,gxu,iwj
1100578,197,189,196,195,193,rkx,sre,kbs,unh,mik
1100579,199,196,184,181,183,rgk,kbs,lhi,dtj,iwj
1100580,189,181,187,196,191,sre,dtj,gxu,kbs,kvf
1100581,195,186,182,194,200,unh,gjo,jlq,dai,ikv
1100582,183,184,193,191,200,iwj,lhi,mik,kvf,ikv
1100583,187,194,199,182,184,gxu,dai,rgk,jlq,lhi
1100584,184,187,182,200,188,lhi,gxu,jlq,ikv,xoj
1100585,183,190,187,188,184,iwj,kwh,gxu,xoj,lhi
1100586,187,200,181,195,188,gxu,ikv,dtj,unh,xoj
1100587,195,197,189,193,181,unh,rkx,sre,mik,dtj
1100588,186,184,190,182,185,gjo,lhi,kwh,jlq,jzq
1100589,183,198,194,200,196,iwj,sfl,dai,ikv,kbs
1100590,183,195,187,192,188,iwj,unh,gxu,vfi,xoj
1100591,181,183,197,184,196,dtj,iwj,rkx,lhi,kbs
1100592,198,183,189,182,185,sfl,iwj,sre,jlq,jzq
1100593,197,185,184,190,189,rkx,jzq,lhi,kwh,sre
1100594,185,200,195,194,196,jzq,ikv,unh,dai,kbs
1100595,188,197,200,186,192,xoj,rkx,ikv,gjo,vfi
1100596,185,182,184,187,186,jzq,jlq,lhi,gxu,gjo
1100597,185,182,198,199,187,jzq,jlq,sfl,rgk,gxu
1100598,195,189,193,194,185,unh,sre,mik,dai,jzq
1100599,184,181,189,183,199,lhi,dtj,sre,iwj,rgk
1100600,196,191,182,192,199,kbs,kvf,jlq,vfi,rgk
1110001,209,217,220,212,213,ocv,ezo,hno,pne,ovf
1110002,205,216,202,211,204,udb,qzx,zrk,ceq,diu
1110003,219,217,206,210,214,ipy,ezo,gqe,zst,ega
1110004,212,215,205,210,211,pne,ila,udb,zst,ceq
1110005,205,212,216,208,217,udb,pne,qzx,wxj,ezo
1110006,207,205,212,220,217,puq,udb,pne,hno,ezo
1110007,203,209,211,218,201,luc,ocv,ceq,lqi,qrt
1110008,219,212,210,207,220,ipy,pne,zst,puq,hno
1110009,210,218,204,205,206,zst,lqi,diu,udb,gqe
1110010,209,220,210,203,219,ocv,hno,zst,luc,ipy
1110011,218,220,213,217,210,lqi,hno,ovf,ezo,zst
1110012,219,210,207,216,205,ipy,zst,puq,qzx,udb
1110013,215,212,203,218,214,ila,pne,luc,lqi,ega
1110014,214,210,203,207,201,ega,zst,luc,puq,qrt
1110015,214,210,206,207,219,ega,zst,gqe,puq,ipy
1110016,206,218,202,211,214,gqe,lqi,zrk,ceq,ega
1110017,202,206,215,209,212,zrk,gqe,ila,ocv,pne
1110018,214,219,206,202,211,ega,ipy,gqe,zrk,ceq
1110019,218,214,208,206,201,lqi,ega,wxj,gqe,qrt
1110020,211,214,205,217,201,ceq,ega,udb,ezo,qrt
1110021,203,212,202,205,210,luc,pne,zrk,udb,zst
1110022,201,218,219,217,214,qrt,lqi,ipy,ezo,ega
1110023,210,206,216,213,204,zst,gqe,qzx,ovf,diu
1110024,203,204,218,205,206,luc,diu,lqi,udb,gqe
1110025,214,213,220,205,215,ega,ovf,hno,udb,ila
1110026,209,219,203,206,213,ocv,ipy,luc,gqe,ovf
1110027,212,213,202,210,204,pne,ovf,zrk,zst,diu
1110028,205,204,213,220,215,udb,diu,ovf,hno,ila
1110029,202,201,214,213,206,zrk,qrt,ega,ovf,gqe
1110030,219,213,218,203,214,ipy,ovf,lqi,luc,ega
1110031,211,215,206,217,213,ceq,ila,gqe,ezo,ovf
1110032,212,219,210,216,208,pne,ipy,zst,qzx,wxj
1110033,207,203,205,210,217,puq,luc,udb,zst,ezo
1110034,207,206,202,210,214,puq,gqe,zrk,zst,ega
1110035,211,208,220,203,210,ceq,wxj,hno,luc,zst
1110036,215,220,203,208,217,ila,hno,luc,wxj,ezo
1110037,207,218,204,201,209,puq,lqi,diu,qrt,ocv
1110038,203,213,210,220,217,luc,ovf,zst,hno,ezo
1110039,219,214,208,209,218,ipy,ega,wxj,ocv,lqi
1110040,217,210,213,215,201,ezo,zst,ovf,ila,qrt
1110041,201,203,206,209,214,qrt,luc,gqe,ocv,ega
1110042,208,217,204,214,220,wxj,ezo,diu,ega,hno
1110043,219,209,217,215,211,ipy,ocv,ezo,ila,ceq
1110044,209,205,217,215,206,ocv,udb,ezo,ila,gqe
1110045,201,202,209,215,212,qrt,zrk,ocv,ila,pne
1110046,209,202,216,218,219,ocv,zrk,qzx,lqi,ipy
1110047,202,216,207,208,214,zrk,qzx,puq,wxj,ega
1110048,213,207,217,203,218,ovf,puq,ezo,luc,lqi
1110049,219,209,203,210,214,ipy,ocv,luc,zst,ega
1110050,213,201,207,210,206,ovf,qrt,puq,zst,gqe
1110051,205,203,211,213,204,udb,luc,ceq,ovf,diu
1110052,213,211,220,210,212,ovf,ceq,hno,zst,pne
1110053,206,210,204,212,202,gqe,zst,diu,pne,zrk
1110054,216,215,203,220,205,qzx,ila,luc,hno,udb
1110055,203,201,219,211,207,luc,qrt,ipy,ceq,puq
1110056,205,202,203,219,216,udb,zrk,luc,ipy,qzx
1110057,220,209,214,216,213,hno,ocv,ega,qzx,ovf
1110058,207,210,218,215,205,puq,zst,lqi,ila,udb
1110059,217,211,213,201,219,ezo,ceq,ovf,qrt,ipy
1110060,213,202,217,209,205,ovf,zrk,ezo,ocv,udb
1110061,212,203,208,202,220,pne,luc,wxj,zrk,hno
1110062,210,205,208,218,220,zst,udb,wxj,lqi,hno
1110063,220,214,204,211,205,hno,ega,diu,ceq,udb
1110064,215,214,205,211,204,ila,ega,udb,ceq,diu
1110065,207,212,213,205,214,puq,pne,ovf,udb,ega
1110066,201,202,214,216,203,qrt,zrk,ega,qzx,luc
1110067,214,218,208,205,211,ega,lqi,wxj,udb,ceq
1110068,208,220,212,218,206,wxj,hno,pne,lqi,gqe
1110069,201,216,219,205,209,qrt,qzx,ipy,udb,ocv
1110070,218,211,212,214,207,lqi,ceq,pne,ega,puq
1110071,217,214,219,211,209,ezo,ega,ipy,ceq,ocv
1110072,217,210,209,212,216,ezo,zst,ocv,pne,qzx
1110073,218,203,205,214,209,lqi,luc,udb,ega,ocv
1110074,210,216,215,209,208,zst,qzx,ila,ocv,wxj
1110075,211,214,207,220,205,ceq,ega,puq,hno,udb
1110076,217,201,208,215,202,ezo,qrt,wxj,ila,zrk
1110077,220,216,202,217,208,hno,qzx,zrk,ezo,wxj
1110078,217,218,211,212,216,ezo,lqi,ceq,pne,qzx
1110079,219,209,213,210,204,ipy,ocv,ovf,zst,diu
1110080,219,209,216,215,208,ipy,ocv,qzx,ila,wxj
1110081,218,213,202,212,204,lqi,ovf,zrk,pne,diu
1110082,205,215,207,211,209,udb,ila,puq,ceq,ocv
1110083,205,217,212,213,209,udb,ezo,pne,ovf,ocv
1110084,218,219,210,203,220,lqi,ipy,zst,luc,hno
1110085,209,214,207,210,220,ocv,ega,puq,zst,hno
1110086,202,219,214,220,206,zrk,ipy,ega,hno,gqe
1110087,205,213,210,212,218,udb,ovf,zst,pne,lqi
1110088,201,214,211,206,210,qrt,ega,ceq,gqe,zst
1110089,217,212,210,213,220,ezo,pne,zst,ovf,hno
1110090,211,212,218,214,203,ceq,pne,lqi,ega,luc
1110091,211,210,201,220,216,ceq,zst,qrt,hno,qzx
1110092,212,219,208,214,216,pne,ipy,wxj,ega,qzx
1110093,209,220,215,203,208,ocv,hno,ila,luc,wxj
1110094,220,203,206,209,216,hno,luc,gqe,ocv,qzx
1110095,211,207,219,208,202,ceq,puq,ipy,wxj,zrk
1110096,214,202,207,205,217,ega,zrk,puq,udb,ezo
1110097,218,215,207,204,216,lqi,ila,puq,diu,qzx
1110098,216,204,215,220,209,qzx,diu,ila,hno,ocv
1110099,216,213,218,217,215,qzx,ovf,lqi,ezo,ila
1110100,209,202,219,208,217,ocv,zrk,ipy,wxj,ezo
1110101,218,209,208,201,203,lqi,ocv,wxj,qrt,luc
1110102,218,209,216,202,205,lqi,ocv,qzx,zrk,udb
1110103,219,201,209,202,207,ipy,qrt,ocv,zrk,puq
1110104,216,208,207,217,214,qzx,wxj,puq,ezo,ega
1110105,211,220,212,219,218,ceq,hno,pne,ipy,lqi
1110106,210,213,215,220,205,zst,ovf,ila,hno,udb
1110107,219,215,201,216,220,ipy,ila,qrt,qzx,hno
1110108,202,218,212,211,213,zrk,lqi,pne,ceq,ovf
1110109,207,204,210,218,211,puq,diu,zst,lqi,ceq
1110110,203,216,209,204,217,luc,qzx,ocv,diu,ezo
1110111,216,212,213,219,207,qzx,pne,ovf,ipy,puq
1110112,205,218,216,211,207,udb,lqi,qzx,ceq,puq
1110113,219,207,203,218,216,ipy,puq,luc,lqi,qzx
1110114,210,207,206,203,213,zst,puq,gqe,luc,ovf
1110115,214,209,220,207,219,ega,ocv,hno,puq,ipy
1110116,203,207,219,204,202,luc,puq,ipy,diu,zrk
1110117,215,220,214,207,217,ila,hno,ega,puq,ezo
1110118,216,205,215,210,207,qzx,udb,ila,zst,puq
1110119,212,208,219,213,201,pne,wxj,ipy,ovf,qrt
1110120,215,217,209,219,218,ila,ezo,ocv,ipy,lqi
1110121,213,205,201,204,215,ovf,udb,qrt,diu,ila
1110122,214,204,215,219,210,ega,diu,ila,ipy,zst
1110123,210,215,212,219,202,zst,ila,pne,ipy,zrk
1110124,211,205,210,216,218,ceq,udb,zst,qzx,lqi
1110125,218,215,219,207,217,lqi,ila,ipy,puq,ezo
1110126,206,218,217,208,211,gqe,lqi,ezo,wxj,ceq
1110127,214,213,215,212,219,ega,ovf,ila,pne,ipy
1110128,216,209,205,217,220,qzx,ocv,udb,ezo,hno
1110129,202,205,217,208,203,zrk,udb,ezo,wxj,luc
1110130,204,205,212,213,220,diu,udb,pne,ovf,hno
1110131,214,213,219,202,218,ega,ovf,ipy,zrk,lqi
1110132,205,215,210,201,208,udb,ila,zst,qrt,wxj
1110133,214,207,209,201,210,ega,puq,ocv,qrt,zst
1110134,220,201,214,218,217,hno,qrt,ega,lqi,ezo
1110135,217,220,206,216,205,ezo,hno,gqe,qzx,udb
1110136,209,205,215,207,217,ocv,udb,ila,puq,ezo
1110137,206,204,213,209,205,gqe,diu,ovf,ocv,udb
1110138,213,207,210,208,217,ovf,puq,zst,wxj,ezo
1110139,207,203,204,218,220,puq,luc,diu,lqi,hno
1110140,205,218,213,207,214,udb,lqi,ovf,puq,ega
1110141,201,204,214,215,218,qrt,diu,ega,ila,lqi
1110142,211,210,213,216,205,ceq,zst,ovf,qzx,udb
1110143,205,217,201,206,211,udb,ezo,qrt,gqe,ceq
1110144,215,216,201,208,217,ila,qzx,qrt,wxj,ezo
1110145,212,217,220,209,214,pne,ezo,hno,ocv,ega
1110146,220,214,210,203,201,hno,ega,zst,luc,qrt
1110147,220,218,208,206,217,hno,lqi,wxj,gqe,ezo
1110148,201,209,208,206,218,qrt,ocv,wxj,gqe,lqi
1110149,215,203,202,214,205,ila,luc,zrk,ega,udb
1110150,212,219,220,202,204,pne,ipy,hno,zrk,diu
1110151,207,218,204,203,216,puq,lqi,diu,luc,qzx
1110152,215,208,218,207,211,ila,wxj,lqi,puq,ceq
1110153,202,209,218,208,219,zrk,ocv,lqi,wxj,ipy
1110154,204,207,214,201,219,diu,puq,ega,qrt,ipy
1110155,215,211,209,220,219,ila,ceq,ocv,hno,ipy
1110156,217,210,216,218,204,ezo,zst,qzx,lqi,diu
1110157,210,212,211,213,209,zst,pne,ceq,ovf,ocv
1110158,202,220,208,215,218,zrk,hno,wxj,ila,lqi
1110159,209,216,214,211,201,ocv,qzx,ega,ceq,qrt
1110160,207,219,215,204,202,puq,ipy,ila,diu,zrk
1110161,209,201,213,205,220,ocv,qrt,ovf,udb,hno
1110162,213,203,216,217,206,ovf,luc,qzx,ezo,gqe
1110163,211,215,218,207,202,ceq,ila,lqi,puq,zrk
1110164,213,207,204,209,206,ovf,puq,diu,ocv,gqe
1110165,206,219,216,212,214,gqe,ipy,qzx,pne,ega
1110166,204,209,207,213,216,diu,ocv,puq,ovf,qzx
1110167,201,218,208,219,211,qrt,lqi,wxj,ipy,ceq
1110168,207,205,202,219,218,puq,udb,zrk,ipy,lqi
1110169,214,219,215,208,217,ega,ipy,ila,wxj,ezo
1110170,219,210,207,208,211,ipy,zst,puq,wxj,ceq
1110171,206,211,203,218,210,gqe,ceq,luc,lqi,zst
1110172,209,205,214,202,208,ocv,udb,ega,zrk,wxj
1110173,214,211,217,220,202,ega,ceq,ezo,hno,zrk
1110174,206,213,214,210,207,gqe,ovf,ega,zst,puq
1110175,213,216,208,201,219,ovf,qzx,wxj,qrt,ipy
1110176,216,212,219,218,204,qzx,pne,ipy,lqi,diu
1110177,218,202,201,211,206,lqi,zrk,qrt,ceq,gqe
1110178,216,201,212,204,203,qzx,qrt,pne,diu,luc
1110179,209,205,220,219,204,ocv,udb,hno,ipy,diu
1110180,214,211,203,210,206,ega,ceq,luc,zst,gqe
1110181,216,202,214,208,220,qzx,zrk,ega,wxj,hno
1110182,217,208,218,212,205,ezo,wxj,lqi,pne,udb
1110183,216,218,220,212,219,qzx,lqi,hno,pne,ipy
1110184,204,215,207,203,220,diu,ila,puq,luc,hno
1110185,218,220,208,216,215,lqi,hno,wxj,qzx,ila
1110186,216,209,206,219,218,qzx,ocv,gqe,ipy,lqi
1110187,202,219,210,213,217,zrk,ipy,zst,ovf,ezo
1110188,220,218,214,202,209,hno,lqi,ega,zrk,ocv
1110189,212,205,204,206,207,pne,udb,diu,gqe,puq
1110190,201,219,208,214,218,qrt,ipy,wxj,ega,lqi
1110191,208,204,206,220,201,wxj,diu,gqe,hno,qrt
1110192,203,215,216,217,214,luc,ila,qzx,ezo,ega
1110193,218,202,203,213,210,lqi,zrk,luc,ovf,zst
1110194,207,210,205,203,218,puq,zst,udb,luc,lqi
1110195,218,201,204,219,211,lqi,qrt,diu,ipy,ceq
1110196,213,209,205,220,215,ovf,ocv,udb,hno,ila
1110197,213,219,217,204,206,ovf,ipy,ezo,diu,gqe
1110198,219,213,202,218,216,ipy,ovf,zrk,lqi,qzx
1110199,210,214,201,213,203,zst,ega,qrt,ovf,luc
1110200,214,205,219,211,201,ega,udb,ipy,ceq,qrt
1110201,210,207,211,208,204,zst,puq,ceq,wxj,diu
1110202,215,216,212,210,202,ila,qzx,pne,zst,zrk
1110203,217,209,208,219,214,ezo,ocv,wxj,ipy,ega
1110204,203,201,216,202,217,luc,qrt,qzx,zrk,ezo
1110205,202,217,201,203,212,zrk,ezo,qrt,luc,pne
1110206,220,211,201,212,215,hno,ceq,qrt,pne,ila
1110207,214,211,205,209,219,ega,ceq,udb,ocv,ipy
1110208,207,205,202,204,201,puq,udb,zrk,diu,qrt
1110209,214,204,201,211,205,ega,diu,qrt,ceq,udb
1110210,202,208,207,203,209,zrk,wxj,puq,luc,ocv
1110211,213,201,207,209,215,ovf,qrt,puq,ocv,ila
1110212,216,211,202,212,201,qzx,ceq,zrk,pne,qrt
1110213,216,210,211,206,213,qzx,zst,ceq,gqe,ovf
1110214,210,207,212,208,217,zst,puq,pne,wxj,ezo
1110215,203,202,212,210,208,luc,zrk,pne,zst,wxj
1110216,220,205,213,208,214,hno,udb,ovf,wxj,ega
1110217,211,206,218,201,208,ceq,gqe,lqi,qrt,wxj
1110218,211,216,214,203,218,ceq,qzx,ega,luc,lqi
1110219,211,216,213,218,207,ceq,qzx,ovf,lqi,puq
1110220,201,205,202,220,210,qrt,udb,zrk,hno,zst
1110221,201,211,218,213,206,qrt,ceq,lqi,ovf,gqe
1110222,212,207,205,203,219,pne,puq,udb,luc,ipy
1110223,206,210,209,218,215,gqe,zst,ocv,lqi,ila
1110224,203,208,219,218,206,luc,wxj,ipy,lqi,gqe
1110225,214,210,218,203,205,ega,zst,lqi,luc,udb
1110226,214,205,202,213,218,ega,udb,zrk,ovf,lqi
1110227,214,212,220,216,205,ega,pne,hno,qzx,udb
1110228,208,212,207,204,202,wxj,pne,puq,diu,zrk
1110229,217,218,214,205,220,ezo,lqi,ega,udb,hno
1110230,203,213,202,204,217,luc,ovf,zrk,diu,ezo
1110231,218,201,220,207,217,lqi,qrt,hno,puq,ezo
1110232,201,205,219,207,206,qrt,udb,ipy,puq,gqe
1110233,206,218,212,216,217,gqe,lqi,pne,qzx,ezo
1110234,220,219,209,202,210,hno,ipy,ocv,zrk,zst
1110235,208,217,207,206,210,wxj,ezo,puq,gqe,zst
1110236,202,216,213,219,208,zrk,qzx,ovf,ipy,wxj
1110237,205,207,206,211,212,udb,puq,gqe,ceq,pne
1110238,209,217,207,203,201,ocv,ezo,puq,luc,qrt
1110239,218,205,204,202,214,lqi,udb,diu,zrk,ega
1110240,201,213,208,216,210,qrt,ovf,wxj,qzx,zst
1110241,218,204,217,206,202,lqi,diu,ezo,gqe,zrk
1110242,213,201,212,217,208,ovf,qrt,pne,ezo,wxj
1110243,209,212,219,205,216,ocv,pne,ipy,udb,qzx
1110244,206,214,217,216,203,gqe,ega,ezo,qzx,luc
1110245,203,218,213,209,212,luc,lqi,ovf,ocv,pne
1110246,205,214,202,210,216,udb,ega,zrk,zst,qzx
1110247,206,202,213,216,219,gqe,zrk,ovf,qzx,ipy
1110248,202,219,205,216,220,zrk,ipy,udb,qzx,hno
1110249,220,216,219,206,215,hno,qzx,ipy,gqe,ila
1110250,204,211,219,206,205,diu,ceq,ipy,gqe,udb
1110251,219,214,201,211,202,ipy,ega,qrt,ceq,zrk
1110252,206,209,217,208,220,gqe,ocv,ezo,wxj,hno
1110253,204,205,218,215,219,diu,udb,lqi,ila,ipy
1110254,218,216,212,202,205,lqi,qzx,pne,zrk,udb
1110255,205,203,210,218,209,udb,luc,zst,lqi,ocv
1110256,216,215,212,217,201,qzx,ila,pne,ezo,qrt
1110257,201,208,218,216,211,qrt,wxj,lqi,qzx,ceq
1110258,215,201,204,219,202,ila,qrt,diu,ipy,zrk
1110259,205,201,202,206,213,udb,qrt,zrk,gqe,ovf
1110260,202,201,208,214,207,zrk,qrt,wxj,ega,puq
1110261,214,213,207,203,210,ega,ovf,puq,luc,zst
1110262,215,211,201,217,219,ila,ceq,qrt,ezo,ipy
1110263,201,217,202,210,214,qrt,ezo,zrk,zst,ega
1110264,203,208,201,217,213,luc,wxj,qrt,ezo,ovf
1110265,202,210,214,204,207,zrk,zst,ega,diu,puq
1110266,220,207,214,206,209,hno,puq,ega,gqe,ocv
1110267,207,217,216,220,203,puq,ezo,qzx,hno,luc
1110268,217,218,215,205,201,ezo,lqi,ila,udb,qrt
1110269,202,220,201,208,215,zrk,hno,qrt,wxj,ila
1110270,218,206,207,214,202,lqi,gqe,puq,ega,zrk
1110271,202,220,207,219,218,zrk,hno,puq,ipy,lqi
1110272,218,217,214,212,210,lqi,ezo,ega,pne,zst
1110273,204,201,205,208,206,diu,qrt,udb,wxj,gqe
1110274,211,202,207,204,218,ceq,zrk,puq,diu,lqi
1110275,201,206,213,220,209,qrt,gqe,ovf,hno,ocv
1110276,206,201,220,209,218,gqe,qrt,hno,ocv,lqi
1110277,213,217,206,215,207,ovf,ezo,gqe,ila,puq
1110278,215,201,209,205,203,ila,qrt,ocv,udb,luc
1110279,219,217,205,208,220,ipy,ezo,udb,wxj,hno
1110280,209,202,214,219,212,ocv,zrk,ega,ipy,pne
1110281,217,214,207,218,210,ezo,ega,puq,lqi,zst
1110282,219,206,208,218,209,ipy,gqe,wxj,lqi,ocv
1110283,214,208,217,213,212,ega,wxj,ezo,ovf,pne
1110284,207,212,218,217,201,puq,pne,lqi,ezo,qrt
1110285,201,217,202,220,216,qrt,ezo,zrk,hno,qzx
1110286,216,218,209,206,203,qzx,lqi,ocv,gqe,luc
1110287,210,212,205,206,219,zst,pne,udb,gqe,ipy
1110288,213,216,220,217,207,ovf,qzx,hno,ezo,puq
1110289,208,214,212,204,213,wxj,ega,pne,diu,ovf
1110290,209,215,219,207,214,ocv,ila,ipy,puq,ega
1110291,209,218,207,220,206,ocv,lqi,puq,hno,gqe
1110292,216,220,217,218,211,qzx,hno,ezo,lqi,ceq
1110293,204,207,213,218,201,diu,puq,ovf,lqi,qrt
1110294,217,202,205,209,212,ezo,zrk,udb,ocv,pne
1110295,213,212,215,214,205,ovf,pne,ila,ega,udb
1110296,202,219,209,218,212,zrk,ipy,ocv,lqi,pne
1110297,209,206,217,215,207,ocv,gqe,ezo,ila,puq
1110298,204,216,202,218,215,diu,qzx,zrk,lqi,ila
1110299,201,215,203,207,211,qrt,ila,luc,puq,ceq
1110300,210,202,220,214,203,zst,zrk,hno,ega,luc
1110301,205,208,207,206,215,udb,wxj,puq,gqe,ila
1110302,206,205,215,220,204,gqe,udb,ila,hno,diu
1110303,204,209,217,201,203,diu,ocv,ezo,qrt,luc
1110304,203,204,208,215,207,luc,diu,wxj,ila,puq
1110305,201,214,218,215,216,qrt,ega,lqi,ila,qzx
1110306,205,218,208,219,213,udb,lqi,wxj,ipy,ovf
1110307,211,206,209,208,220,ceq,gqe,ocv,wxj,hno
1110308,220,217,207,209,206,hno,ezo,puq,ocv,gqe
1110309,218,203,208,202,207,lqi,luc,wxj,zrk,puq
1110310,206,204,216,207,212,gqe,diu,qzx,puq,pne
1110311,216,203,204,212,219,qzx,luc,diu,pne,ipy
1110312,211,210,209,219,213,ceq,zst,ocv,ipy,ovf
1110313,211,201,206,218,209,ceq,qrt,gqe,lqi,ocv
1110314,210,201,216,209,218,zst,qrt,qzx,ocv,lqi
1110315,207,216,213,205,201,puq,qzx,ovf,udb,qrt
1110316,214,209,205,208,201,ega,ocv,udb,wxj,qrt
1110317,207,219,206,201,220,puq,ipy,gqe,qrt,hno
1110318,205,212,214,215,202,udb,pne,ega,ila,zrk
1110319,204,220,213,219,211,diu,hno,ovf,ipy,ceq
1110320,212,204,213,201,214,pne,diu,ovf,qrt,ega
1110321,209,215,201,214,220,ocv,ila,qrt,ega,hno
1110322,202,210,212,215,219,zrk,zst,pne,ila,ipy
1110323,208,212,201,213,216,wxj,pne,qrt,ovf,qzx
1110324,219,203,204,213,214,ipy,luc,diu,ovf,ega
1110325,211,213,214,201,207,ceq,ovf,ega,qrt,puq
1110326,203,212,215,217,208,luc,pne,ila,ezo,wxj
1110327,216,211,213,203,217,qzx,ceq,ovf,luc,ezo
1110328,210,201,218,208,209,zst,qrt,lqi,wxj,ocv
1110329,202,210,206,220,208,zrk,zst,gqe,hno,wxj
1110330,205,212,209,208,210,udb,pne,ocv,wxj,zst
1110331,214,219,201,202,217,ega,ipy,qrt,zrk,ezo
1110332,212,219,201,202,203,pne,ipy,qrt,zrk,luc
1110333,205,203,215,216,211,udb,luc,ila,qzx,ceq
1110334,201,215,217,202,220,qrt,ila,ezo,zrk,hno
1110335,206,209,207,212,214,gqe,ocv,puq,pne,ega
1110336,205,217,209,202,210,udb,ezo,ocv,zrk,zst
1110337,208,217,218,215,206,wxj,ezo,lqi,ila,gqe
1110338,217,207,211,218,206,ezo,puq,ceq,lqi,gqe
1110339,210,213,216,214,217,zst,ovf,qzx,ega,ezo
1110340,209,217,212,211,206,ocv,ezo,pne,ceq,gqe
1110341,206,216,209,214,217,gqe,qzx,ocv,ega,ezo
1110342,209,208,219,220,213,ocv,wxj,ipy,hno,ovf
1110343,208,217,211,214,206,wxj,ezo,ceq,ega,gqe
1110344,207,208,212,209,203,puq,wxj,pne,ocv,luc
1110345,202,204,211,212,210,zrk,diu,ceq,pne,zst
1110346,207,214,215,206,203,puq,ega,ila,gqe,luc
1110347,211,201,206,203,217,ceq,qrt,gqe,luc,ezo
1110348,201,204,217,220,202,qrt,diu,ezo,hno,zrk
1110349,210,207,205,216,212,zst,puq,udb,qzx,pne
1110350,203,218,204,220,216,luc,lqi,diu,hno,qzx
1110351,217,215,211,219,209,ezo,ila,ceq,ipy,ocv
1110352,220,207,209,216,210,hno,puq,ocv,qzx,zst
1110353,206,210,207,203,211,gqe,zst,puq,luc,ceq
1110354,213,204,219,215,202,ovf,diu,ipy,ila,zrk
1110355,217,220,206,205,215,ezo,hno,gqe,udb,ila
1110356,204,211,201,214,208,diu,ceq,qrt,ega,wxj
1110357,218,206,217,201,207,lqi,gqe,ezo,qrt,puq
1110358,217,203,213,205,206,ezo,luc,ovf,udb,gqe
1110359,217,216,208,205,203,ezo,qzx,wxj,udb,luc
1110360,218,208,212,217,213,lqi,wxj,pne,ezo,ovf
1110361,202,206,205,212,208,zrk,gqe,udb,pne,wxj
1110362,213,214,206,218,203,ovf,ega,gqe,lqi,luc
1110363,214,216,215,212,209,ega,qzx,ila,pne,ocv
1110364,201,218,215,202,214,qrt,lqi,ila,zrk,ega
1110365,213,216,211,219,215,ovf,qzx,ceq,ipy,ila
1110366,212,204,210,201,215,pne,diu,zst,qrt,ila
1110367,205,207,219,216,217,udb,puq,ipy,qzx,ezo
1110368,205,202,215,220,214,udb,zrk,ila,hno,ega
1110369,203,211,212,207,217,luc,ceq,pne,puq,ezo
1110370,215,210,206,204,216,ila,zst,gqe,diu,qzx
1110371,207,215,210,219,217,puq,ila,zst,ipy,ezo
1110372,214,212,208,206,204,ega,pne,wxj,gqe,diu
1110373,214,208,215,207,201,ega,wxj,ila,puq,qrt
1110374,220,217,210,209,213,hno,ezo,zst,ocv,ovf
1110375,220,207,206,213,214,hno,puq,gqe,ovf,ega
1110376,211,217,220,206,213,ceq,ezo,hno,gqe,ovf
1110377,220,218,213,211,201,hno,lqi,ovf,ceq,qrt
1110378,201,212,219,217,211,qrt,pne,ipy,ezo,ceq
1110379,205,219,220,211,216,udb,ipy,hno,ceq,qzx
1110380,218,210,215,213,202,lqi,zst,ila,ovf,zrk
1110381,220,205,213,202,208,hno,udb,ovf,zrk,wxj
1110382,210,215,207,213,214,zst,ila,puq,ovf,ega
1110383,204,206,207,217,220,diu,gqe,puq,ezo,hno
1110384,213,215,208,217,214,ovf,ila,wxj,ezo,ega
1110385,211,220,214,207,218,ceq,hno,ega,puq,lqi
1110386,219,201,214,217,208,ipy,qrt,ega,ezo,wxj
1110387,201,210,211,202,216,qrt,zst,ceq,zrk,qzx
1110388,209,204,216,201,211,ocv,diu,qzx,qrt,ceq
1110389,202,209,217,201,210,zrk,ocv,ezo,qrt,zst
1110390,203,212,216,206,208,luc,pne,qzx,gqe,wxj
1110391,207,206,210,209,211,puq,gqe,zst,ocv,ceq
1110392,212,213,208,209,216,pne,ovf,wxj,ocv,qzx
1110393,218,213,214,207,210,lqi,ovf,ega,puq,zst
1110394,202,212,206,213,211,zrk,pne,gqe,ovf,ceq
1110395,214,205,215,208,203,ega,udb,ila,wxj,luc
1110396,217,209,211,210,213,ezo,ocv,ceq,zst,ovf
1110397,207,206,219,202,205,puq,gqe,ipy,zrk,udb
1110398,207,204,216,212,201,puq,diu,qzx,pne,qrt
1110399,211,210,220,216,212,ceq,zst,hno,qzx,pne
1110400,210,218,206,212,204,zst,lqi,gqe,pne,diu
1110401,202,211,207,220,212,zrk,ceq,puq,hno,pne
1110402,212,206,216,214,213,pne,gqe,qzx,ega,ovf
1110403,210,215,205,209,201,zst,ila,udb,ocv,qrt
1110404,211,208,212,209,201,ceq,wxj,pne,ocv,qrt
1110405,211,213,202,215,218,ceq,ovf,zrk,ila,lqi
1110406,210,211,209,212,207,zst,ceq,ocv,pne,puq
1110407,220,213,217,205,208,hno,ovf,ezo,udb,wxj
1110408,216,202,215,207,219,qzx,zrk,ila,puq,ipy
1110409,214,206,205,209,218,ega,gqe,udb,ocv,lqi
1110410,213,219,212,215,207,ovf,ipy,pne,ila,puq
1110411,209,218,206,211,205,ocv,lqi,gqe,ceq,udb
1110412,209,212,220,210,213,ocv,pne,hno,zst,ovf
1110413,218,210,204,202,203,lqi,zst,diu,zrk,luc
1110414,214,211,204,213,201,ega,ceq,diu,ovf,qrt
1110415,202,220,217,207,206,zrk,hno,ezo,puq,gqe
1110416,219,218,214,210,209,ipy,lqi,ega,zst,ocv
1110417,216,212,220,202,218,qzx,pne,hno,zrk,lqi
1110418,206,201,209,214,211,gqe,qrt,ocv,ega,ceq
1110419,220,202,204,208,215,hno,zrk,diu,wxj,ila
1110420,212,214,211,208,218,pne,ega,ceq,wxj,lqi
1110421,205,211,208,219,202,udb,ceq,wxj,ipy,zrk
1110422,210,206,220,219,218,zst,gqe,hno,ipy,lqi
1110423,210,219,201,203,205,zst,ipy,qrt,luc,udb
1110424,208,214,219,211,201,wxj,ega,ipy,ceq,qrt
1110425,216,206,214,208,204,qzx,gqe,ega,wxj,diu
1110426,210,217,215,218,205,zst,ezo,ila,lqi,udb
1110427,219,203,211,208,209,ipy,luc,ceq,wxj,ocv
1110428,214,216,209,220,203,ega,qzx,ocv,hno,luc
1110429,204,202,217,205,216,diu,zrk,ezo,udb,qzx
1110430,219,218,203,202,201,ipy,lqi,luc,zrk,qrt
1110431,204,211,205,215,216,diu,ceq,udb,ila,qzx
1110432,212,208,206,204,213,pne,wxj,gqe,diu,ovf
1110433,208,201,209,217,215,wxj,qrt,ocv,ezo,ila
1110434,211,218,210,202,217,ceq,lqi,zst,zrk,ezo
1110435,210,204,215,207,203,zst,diu,ila,puq,luc
1110436,218,207,215,203,201,lqi,puq,ila,luc,qrt
1110437,214,201,219,206,215,ega,qrt,ipy,gqe,ila
1110438,202,220,205,218,211,zrk,hno,udb,lqi,ceq
1110439,214,215,203,210,218,ega,ila,luc,zst,lqi
1110440,201,207,202,215,204,qrt,puq,zrk,ila,diu
1110441,220,214,202,205,215,hno,ega,zrk,udb,ila
1110442,218,201,208,212,210,lqi,qrt,wxj,pne,zst
1110443,217,220,219,205,202,ezo,hno,ipy,udb,zrk
1110444,220,203,206,214,211,hno,luc,gqe,ega,ceq
1110445,201,219,203,213,216,qrt,ipy,luc,ovf,qzx
1110446,204,211,203,210,216,diu,ceq,luc,zst,qzx
1110447,217,220,205,212,209,ezo,hno,udb,pne,ocv
1110448,211,216,218,201,209,ceq,qzx,lqi,qrt,ocv
1110449,217,210,212,204,220,ezo,zst,pne,diu,hno
1110450,217,220,218,209,205,ezo,hno,lqi,ocv,udb
1110451,205,210,212,216,219,udb,zst,pne,qzx,ipy
1110452,211,210,206,208,204,ceq,zst,gqe,wxj,diu
1110453,215,212,211,207,208,ila,pne,ceq,puq,wxj
1110454,209,217,206,213,211,ocv,ezo,gqe,ovf,ceq
1110455,211,218,213,208,219,ceq,lqi,ovf,wxj,ipy
1110456,201,202,214,218,209,qrt,zrk,ega,lqi,ocv
1110457,206,217,210,208,204,gqe,ezo,zst,wxj,diu
1110458,220,215,201,216,206,hno,ila,qrt,qzx,gqe
1110459,205,214,204,209,208,udb,ega,diu,ocv,wxj
1110460,204,212,202,214,213,diu,pne,zrk,ega,ovf
1110461,206,212,210,214,207,gqe,pne,zst,ega,puq
1110462,201,213,209,220,202,qrt,ovf,ocv,hno,zrk
1110463,211,204,207,206,220,ceq,diu,puq,gqe,hno
1110464,214,204,206,203,215,ega,diu,gqe,luc,ila
1110465,216,204,203,217,207,qzx,diu,luc,ezo,puq
1110466,214,202,216,215,211,ega,zrk,qzx,ila,ceq
1110467,201,206,209,202,203,qrt,gqe,ocv,zrk,luc
1110468,220,207,209,205,211,hno,puq,ocv,udb,ceq
1110469,206,220,210,209,208,gqe,hno,zst,ocv,wxj
1110470,209,204,211,207,213,ocv,diu,ceq,puq,ovf
1110471,204,216,219,220,201,diu,qzx,ipy,hno,qrt
1110472,218,206,205,212,215,lqi,gqe,udb,pne,ila
1110473,201,219,208,206,205,qrt,ipy,wxj,gqe,udb
1110474,215,203,214,213,219,ila,luc,ega,ovf,ipy
1110475,219,202,210,205,214,ipy,zrk,zst,udb,ega
1110476,217,213,216,206,211,ezo,ovf,qzx,gqe,ceq
1110477,204,202,211,214,209,diu,zrk,ceq,ega,ocv
1110478,217,213,219,214,201,ezo,ovf,ipy,ega,qrt
1110479,209,206,219,203,211,ocv,gqe,ipy,luc,ceq
1110480,209,205,204,213,207,ocv,udb,diu,ovf,puq
1110481,219,201,202,215,206,ipy,qrt,zrk,ila,gqe
1110482,202,210,206,217,215,zrk,zst,gqe,ezo,ila
1110483,202,208,203,212,211,zrk,wxj,luc,pne,ceq
1110484,214,218,213,205,216,ega,lqi,ovf,udb,qzx
1110485,205,217,214,215,201,udb,ezo,ega,ila,qrt
1110486,217,204,220,214,205,ezo,diu,hno,ega,udb
1110487,220,201,209,208,202,hno,qrt,ocv,wxj,zrk
1110488,201,202,218,214,215,qrt,zrk,lqi,ega,ila
1110489,218,201,209,205,211,lqi,qrt,ocv,udb,ceq
1110490,217,220,201,207,210,ezo,hno,qrt,puq,zst
1110491,205,214,220,207,217,udb,ega,hno,puq,ezo
1110492,218,214,203,219,204,lqi,ega,luc,ipy,diu
1110493,209,201,206,207,205,ocv,qrt,gqe,puq,udb
1110494,214,217,216,203,220,ega,ezo,qzx,luc,hno
1110495,204,216,212,205,219,diu,qzx,pne,udb,ipy
1110496,206,210,201,202,212,gqe,zst,qrt,zrk,pne
1110497,206,214,218,220,215,gqe,ega,lqi,hno,ila
1110498,220,218,202,209,213,hno,lqi,zrk,ocv,ovf
1110499,203,207,214,201,211,luc,puq,ega,qrt,ceq
1110500,208,209,201,219,202,wxj,ocv,qrt,ipy,zrk
1110501,207,215,217,203,213,puq,ila,ezo,luc,ovf
1110502,204,219,217,211,203,diu,ipy,ezo,ceq,luc
1110503,214,201,203,209,219,ega,qrt,luc,ocv,ipy
1110504,215,204,209,202,208,ila,diu,ocv,zrk,wxj
1110505,202,216,208,203,220,zrk,qzx,wxj,luc,hno
1110506,214,202,204,209,208,ega,zrk,diu,ocv,wxj
1110507,203,220,216,215,202,luc,hno,qzx,ila,zrk
1110508,213,210,208,206,212,ovf,zst,wxj,gqe,pne
1110509,202,220,214,210,201,zrk,hno,ega,zst,qrt
1110510,218,207,217,212,201,lqi,puq,ezo,pne,qrt
1110511,214,216,209,208,220,ega,qzx,ocv,wxj,hno
1110512,207,208,206,214,218,puq,wxj,gqe,ega,lqi
1110513,201,203,202,211,219,qrt,luc,zrk,ceq,ipy
1110514,211,205,204,208,203,ceq,udb,diu,wxj,luc
1110515,218,214,215,212,211,lqi,ega,ila,pne,ceq
1110516,205,216,212,214,217,udb,qzx,pne,ega,ezo
1110517,212,211,205,214,215,pne,ceq,udb,ega,ila
1110518,204,212,206,214,220,diu,pne,gqe,ega,hno
1110519,205,210,217,201,215,udb,zst,ezo,qrt,ila
1110520,204,211,217,216,207,diu,ceq,ezo,qzx,puq
1110521,217,205,212,201,202,ezo,udb,pne,qrt,zrk
1110522,216,220,202,214,218,qzx,hno,zrk,ega,lqi
1110523,203,209,210,206,204,luc,ocv,zst,gqe,diu
1110524,213,207,210,220,201,ovf,puq,zst,hno,qrt
1110525,210,202,201,207,211,zst,zrk,qrt,puq,ceq
1110526,211,218,202,204,209,ceq,lqi,zrk,diu,ocv
1110527,218,210,202,201,208,lqi,zst,zrk,qrt,wxj
1110528,215,210,205,206,214,ila,zst,udb,gqe,ega
1110529,212,220,201,217,205,pne,hno,qrt,ezo,udb
1110530,202,210,203,218,215,zrk,zst,luc,lqi,ila
1110531,203,202,209,214,207,luc,zrk,ocv,ega,puq
1110532,209,217,207,220,204,ocv,ezo,puq,hno,diu
1110533,219,213,204,218,202,ipy,ovf,diu,lqi,zrk
1110534,218,209,203,204,205,lqi,ocv,luc,diu,udb
1110535,208,218,203,214,219,wxj,lqi,luc,ega,ipy
1110536,206,205,209,213,218,gqe,udb,ocv,ovf,lqi
1110537,206,210,202,212,207,gqe,zst,zrk,pne,puq
1110538,218,220,203,201,205,lqi,hno,luc,qrt,udb
1110539,211,208,217,219,210,ceq,wxj,ezo,ipy,zst
1110540,203,202,209,208,204,luc,zrk,ocv,wxj,diu
1110541,212,210,219,205,216,pne,zst,ipy,udb,qzx
1110542,217,204,207,205,219,ezo,diu,puq,udb,ipy
1110543,209,202,210,217,212,ocv,zrk,zst,ezo,pne
1110544,213,205,206,209,212,ovf,udb,gqe,ocv,pne
1110545,219,201,212,213,202,ipy,qrt,pne,ovf,zrk
1110546,212,220,211,202,216,pne,hno,ceq,zrk,qzx
1110547,210,209,215,217,211,zst,ocv,ila,ezo,ceq
1110548,207,201,209,203,219,puq,qrt,ocv,luc,ipy
1110549,205,214,210,218,208,udb,ega,zst,lqi,wxj
1110550,218,203,208,205,207,lqi,luc,wxj,udb,puq
1110551,218,211,205,202,207,lqi,ceq,udb,zrk,puq
1110552,206,208,209,214,217,gqe,wxj,ocv,ega,ezo
1110553,220,211,206,213,219,hno,ceq,gqe,ovf,ipy
1110554,204,217,206,208,219,diu,ezo,gqe,wxj,ipy
1110555,205,202,210,208,216,udb,zrk,zst,wxj,qzx
1110556,215,209,216,201,214,ila,ocv,qzx,qrt,ega
1110557,202,217,208,214,211,zrk,ezo,wxj,ega,ceq
1110558,215,201,219,210,218,ila,qrt,ipy,zst,lqi
1110559,215,201,202,205,213,ila,qrt,zrk,udb,ovf
1110560,205,212,215,217,214,udb,pne,ila,ezo,ega
1110561,217,219,218,214,206,ezo,ipy,lqi,ega,gqe
1110562,205,204,210,211,217,udb,diu,zst,ceq,ezo
1110563,209,212,219,210,204,ocv,pne,ipy,zst,diu
1110564,208,207,206,202,205,wxj,puq,gqe,zrk,udb
1110565,217,214,211,218,208,ezo,ega,ceq,lqi,wxj
1110566,214,208,213,217,215,ega,wxj,ovf,ezo,ila
1110567,201,208,207,210,211,qrt,wxj,puq,zst,ceq
1110568,220,214,219,207,216,hno,ega,ipy,puq,qzx
1110569,204,206,210,220,219,diu,gqe,zst,hno,ipy
1110570,202,208,201,215,205,zrk,wxj,qrt,ila,udb
1110571,212,215,204,207,208,pne,ila,diu,puq,wxj
1110572,217,210,214,213,201,ezo,zst,ega,ovf,qrt
1110573,219,208,212,210,209,ipy,wxj,pne,zst,ocv
1110574,204,220,201,202,203,diu,hno,qrt,zrk,luc
1110575,219,220,218,209,202,ipy,hno,lqi,ocv,zrk
1110576,212,206,201,209,214,pne,gqe,qrt,ocv,ega
1110577,213,204,201,207,203,ovf,diu,qrt,puq,luc
1110578,217,209,216,215,213,ezo,ocv,qzx,ila,ovf
1110579,219,216,204,201,203,ipy,qzx,diu,qrt,luc
1110580,209,201,207,216,211,ocv,qrt,puq,qzx,ceq
1110581,215,206,202,214,220,ila,gqe,zrk,ega,hno
1110582,203,204,213,211,220,luc,diu,ovf,ceq,hno
1110583,207,214,219,202,204,puq,ega,ipy,zrk,diu
1110584,204,207,202,220,208,diu,puq,zrk,hno,wxj
1110585,203,210,207,208,204,luc,zst,puq,wxj,diu
1110586,207,220,201,215,208,puq,hno,qrt,ila,wxj
1110587,215,217,209,213,201,ila,ezo,ocv,ovf,qrt
1110588,206,204,210,202,205,gqe,diu,zst,zrk,udb
1110589,203,218,214,220,216,luc,lqi,ega,hno,qzx
1110590,203,215,207,212,208,luc,ila,puq,pne,wxj
1110591,201,203,217,204,216,qrt,luc,ezo,diu,qzx
1110592,218,203,209,202,205,lqi,luc,ocv,zrk,udb
1110593,217,205,204,210,209,ezo,udb,diu,zst,ocv
1110594,205,220,215,214,216,udb,hno,ila,ega,qzx
1110595,208,217,220,206,212,wxj,ezo,hno,gqe,pne
1110596,205,202,204,207,206,udb,zrk,diu,puq,gqe
1110597,205,202,218,219,207,udb,zrk,lqi,ipy,puq
1110598,215,209,213,214,205,ila,ocv,ovf,ega,udb
1110599,204,201,209,203,219,diu,qrt,ocv,luc,ipy
1110600,216,211,202,212,219,qzx,ceq,zrk,pne,ipy
1120001,229,237,240,232,233,qls,lqm,hfb,vkj,fza
1120002,225,236,222,231,224,inp,hpi,nym,pqn,jqo
1120003,239,237,226,230,234,jtv,lqm,qvf,qwa,aik
1120004,232,235,225,230,231,vkj,wpk,inp,qwa,pqn
1120005,225,232,236,228,237,inp,vkj,hpi,meh,lqm
1120006,227,225,232,240,237,jmb,inp,vkj,hfb,lqm
1120007,223,229,231,238,221,nxp,qls,pqn,nhf,wfd
1120008,239,232,230,227,240,jtv,vkj,qwa,jmb,hfb
1120009,230,238,224,225,226,qwa,nhf,jqo,inp,qvf
1120010,229,240,230,223,239,qls,hfb,qwa,nxp,jtv
1120011,238,240,233,237,230,nhf,hfb,fza,lqm,qwa
1120012,239,230,227,236,225,jtv,qwa,jmb,hpi,inp
1120013,235,232,223,238,234,wpk,vkj,nxp,nhf,aik
1120014,234,230,223,227,221,aik,qwa,nxp,jmb,wfd
1120015,234,230,226,227,239,aik,qwa,qvf,jmb,jtv
1120016,226,238,222,231,234,qvf,nhf,nym,pqn,aik
1120017,222,226,235,229,232,nym,qvf,wpk,qls,vkj
1120018,234,239,226,222,231,aik,jtv,qvf,nym,pqn
1120019,238,234,228,226,221,nhf,aik,meh,qvf,wfd
1120020,231,234,225,237,221,pqn,aik,inp,lqm,wfd
1120021,223,232,222,225,230,nxp,vkj,nym,inp,qwa
1120022,221,238,239,237,234,wfd,nhf,jtv,lqm,aik
1120023,230,226,236,233,224,qwa,qvf,hpi,fza,jqo
1120024,223,224,238,225,226,nxp,jqo,nhf,inp,qvf
1120025,234,233,240,225,235,aik,fza,hfb,inp,wpk
1120026,229,239,223,226,233,qls,jtv,nxp,qvf,fza
1120027,232,233,222,230,224,vkj,fza,nym,qwa,jqo
1120028,225,224,233,240,235,inp,jqo,fza,hfb,wpk
1120029,222,221,234,233,226,nym,wfd,aik,fza,qvf
1120030,239,233,238,223,234,jtv,fza,nhf,nxp,aik
1120031,231,235,226,237,233,pqn,wpk,qvf,lqm,fza
1120032,232,239,230,236,228,vkj,jtv,qwa,hpi,meh
1120033,227,223,225,230,237,jmb,nxp,inp,qwa,lqm
1120034,227,226,222,230,234,jmb,qvf,nym,qwa,aik
1120035,231,228,240,223,230,pqn,meh,hfb,nxp,qwa
1120036,235,240,223,228,237,wpk,hfb,nxp,meh,lqm
1120037,227,238,224,221,229,jmb,nhf,jqo,wfd,qls
1120038,223,233,230,240,237,nxp,fza,qwa,hfb,lqm
1120039,239,234,228,229,238,jtv,aik,meh,qls,nhf
1120040,237,230,233,235,221,lqm,qwa,fza,wpk,wfd
1120041,221,223,226,229,234,wfd,nxp,qvf,qls,aik
1120042,228,237,224,234,240,meh,lqm,jqo,aik,hfb
1120043,239,229,237,235,231,jtv,qls,lqm,wpk,pqn
1120044,229,225,237,235,226,qls,inp,lqm,wpk,qvf
1120045,221,222,229,235,232,wfd,nym,qls,wpk,vkj
1120046,229,222,236,238,239,qls,nym,hpi,nhf,jtv
1120047,222,236,227,228,234,nym,hpi,jmb,meh,aik
1120048,233,227,237,223,238,fza,jmb,lqm,nxp,nhf
1120049,239,229,223,230,234,jtv,qls,nxp,qwa,aik
1120050,233,221,227,230,226,fza,wfd,jmb,qwa,qvf
1120051,225,223,231,233,224,inp,nxp,pqn,fza,jqo
1120052,233,231,240,230,232,fza,pqn,hfb,qwa,vkj
1120053,226,230,224,232,222,qvf,qwa,jqo,vkj,nym
1120054,236,235,223,240,225,hpi,wpk,nxp,hfb,inp
1120055,223,221,239,231,227,nxp,wfd,jtv,pqn,jmb
1120056,225,222,223,239,236,inp,nym,nxp,jtv,hpi
1120057,240,229,234,236,233,hfb,qls,aik,hpi,fza
1120058,227,230,238,235,225,jmb,qwa,nhf,wpk,inp
1120059,237,231,233,221,239,lqm,pqn,fza,wfd,jtv
1120060,233,222,237,229,225,fza,nym,lqm,qls,inp
1120061,232,223,228,222,240,vkj,nxp,meh,nym,hfb
1120062,230,225,228,238,240,qwa,inp,meh,nhf,hfb
1120063,240,234,224,231,225,hfb,aik,jqo,pqn,inp
1120064,235,234,225,231,224,wpk,aik,inp,pqn,jqo
1120065,227,232,233,225,234,jmb,vkj,fza,inp,aik
1120066,221,222,234,236,223,wfd,nym,aik,hpi,nxp
1120067,234,238,228,225,231,aik,nhf,meh,inp,pqn
1120068,228,240,232,238,226,meh,hfb,vkj,nhf,qvf
1120069,221,236,239,225,229,wfd,hpi,jtv,inp,qls
1120070,238,231,232,234,227,nhf,pqn,vkj,aik,jmb
1120071,237,234,239,231,229,lqm,aik,jtv,pqn,qls
1120072,237,230,229,232,236,lqm,qwa,qls,vkj,hpi
1120073,238,223,225,234,229,nhf,nxp,inp,aik,qls
1120074,230,236,235,229,228,qwa,hpi,wpk,qls,meh
1120075,231,234,227,240,225,pqn,aik,jmb,hfb,inp
1120076,237,221,228,235,222,lqm,wfd,meh,wpk,nym
1120077,240,236,222,237,228,hfb,hpi,nym,lqm,meh
1120078,237,238,231,232,236,lqm,nhf,pqn,vkj,hpi
1120079,239,229,233,230,224,jtv,qls,fza,qwa,jqo
1120080,239,229,236,235,228,jtv,qls,hpi,wpk,meh
1120081,238,233,222,232,224,nhf,fza,nym,vkj,jqo
1120082,225,235,227,231,229,inp,wpk,jmb,pqn,qls
1120083,225,237,232,233,229,inp,lqm,vkj,fza,qls
1120084,238,239,230,223,240,nhf,jtv,qwa,nxp,hfb
1120085,229,234,227,230,240,qls,aik,jmb,qwa,hfb
1120086,222,239,234,240,226,nym,jtv,aik,hfb,qvf
1120087,225,233,230,232,238,inp,fza,qwa,vkj,nhf
1120088,221,234,231,226,230,wfd,aik,pqn,qvf,qwa
1120089,237,232,230,233,240,lqm,vkj,qwa,fza,hfb
1120090,231,232,238,234,223,pqn,vkj,nhf,aik,nxp
1120091,231,230,221,240,236,pqn,qwa,wfd,hfb,hpi
1120092,232,239,228,234,236,vkj,jtv,meh,aik,hpi
1120093,229,240,235,223,228,qls,hfb,wpk,nxp,meh
1120094,240,223,226,229,236,hfb,nxp,qvf,qls,hpi
1120095,231,227,239,228,222,pqn,jmb,jtv,meh,nym
1120096,234,222,227,225,237,aik,nym,jmb,inp,lqm
1120097,238,235,227,224,236,nhf,wpk,jmb,jqo,hpi
1120098,236,224,235,240,229,hpi,jqo,wpk,hfb,qls
1120099,236,233,238,237,235,hpi,fza,nhf,lqm,wpk
1120100,229,222,239,228,237,qls,nym,jtv,meh,lqm
1120101,238,229,228,221,223,nhf,qls,meh,wfd,nxp
1120102,238,229,236,222,225,nhf,qls,hpi,nym,inp
1120103,239,221,229,222,227,jtv,wfd,qls,nym,jmb
1120104,236,228,227,237,234,hpi,meh,jmb,lqm,aik
1120105,231,240,232,239,238,pqn,hfb,vkj,jtv,nhf
1120106,230,233,235,240,225,qwa,fza,wpk,hfb,inp
1120107,239,235,221,236,240,jtv,wpk,wfd,hpi,hfb
1120108,222,238,232,231,233,nym,nhf,vkj,pqn,fza
1120109,227,224,230,238,231,jmb,jqo,qwa,nhf,pqn
1120110,223,236,229,224,237,nxp,hpi,qls,jqo,lqm
1120111,236,232,233,239,227,hpi,vkj,fza,jtv,jmb
1120112,225,238,236,231,227,inp,nhf,hpi,pqn,jmb
1120113,239,227,223,238,236,jtv,jmb,nxp,nhf,hpi
1120114,230,227,226,223,233,qwa,jmb,qvf,nxp,fza
1120115,234,229,240,227,239,aik,qls,hfb,jmb,jtv
1120116,223,227,239,224,222,nxp,jmb,jtv,jqo,nym
1120117,235,240,234,227,237,wpk,hfb,aik,jmb,lqm
1120118,236,225,235,230,227,hpi,inp,wpk,qwa,jmb
1120119,232,228,239,233,221,vkj,meh,jtv,fza,wfd
1120120,235,237,229,239,238,wpk,lqm,qls,jtv,nhf
1120121,233,225,221,224,235,fza,inp,wfd,jqo,wpk
1120122,234,224,235,239,230,aik,jqo,wpk,jtv,qwa
1120123,230,235,232,239,222,qwa,wpk,vkj,jtv,nym
1120124,231,225,230,236,238,pqn,inp,qwa,hpi,nhf
1120125,238,235,239,227,237,nhf,wpk,jtv,jmb,lqm
1120126,226,238,237,228,231,qvf,nhf,lqm,meh,pqn
1120127,234,233,235,232,239,aik,fza,wpk,vkj,jtv
1120128,236,229,225,237,240,hpi,qls,inp,lqm,hfb
1120129,222,225,237,228,223,nym,inp,lqm,meh,nxp
1120130,224,225,232,233,240,jqo,inp,vkj,fza,hfb
1120131,234,233,239,222,238,aik,fza,jtv,nym,nhf
1120132,225,235,230,221,228,inp,wpk,qwa,wfd,meh
1120133,234,227,229,221,230,aik,jmb,qls,wfd,qwa
1120134,240,221,234,238,237,hfb,wfd,aik,nhf,lqm
1120135,237,240,226,236,225,lqm,hfb,qvf,hpi,inp
1120136,229,225,235,227,237,qls,inp,wpk,jmb,lqm
1120137,226,224,233,229,225,qvf,jqo,fza,qls,inp
1120138,233,227,230,228,237,fza,jmb,qwa,meh,lqm
1120139,227,223,224,238,240,jmb,nxp,jqo,nhf,hfb
1120140,225,238,233,227,234,inp,nhf,fza,jmb,aik
1120141,221,224,234,235,238,wfd,jqo,aik,wpk,nhf
1120142,231,230,233,236,225,pqn,qwa,fza,hpi,inp
1120143,225,237,221,226,231,inp,lqm,wfd,qvf,pqn
1120144,235,236,221,228,237,wpk,hpi,wfd,meh,lqm
1120145,232,237,240,229,234,vkj,lqm,hfb,qls,aik
1120146,240,234,230,223,221,hfb,aik,qwa,nxp,wfd
1120147,240,238,228,226,237,hfb,nhf,meh,qvf,lqm
1120148,221,229,228,226,238,wfd,qls,meh,qvf,nhf
1120149,235,223,222,234,225,wpk,nxp,nym,aik,inp
1120150,232,239,240,222,224,vkj,jtv,hfb,nym,jqo
1120151,227,238,224,223,236,jmb,nhf,jqo,nxp,hpi
1120152,235,228,238,227,231,wpk,meh,nhf,jmb,pqn
1120153,222,229,238,228,239,nym,qls,nhf,meh,jtv
1120154,224,227,234,221,239,jqo,jmb,aik,wfd,jtv
1120155,235,231,229,240,239,wpk,pqn,qls,hfb,jtv
1120156,237,230,236,238,224,lqm,qwa,hpi,nhf,jqo
1120157,230,232,231,233,229,qwa,vkj,pqn,fza,qls
1120158,222,240,228,235,238,nym,hfb,meh,wpk,nhf
1120159,229,236,234,231,221,qls,hpi,aik,pqn,wfd
1120160,227,239,235,224,222,jmb,jtv,wpk,jqo,nym
1120161,229,221,233,225,240,qls,wfd,fza,inp,hfb
1120162,233,223,236,237,226,fza,nxp,hpi,lqm,qvf
1120163,231,235,238,227,222,pqn,wpk,nhf,jmb,nym
1120164,233,227,224,229,226,fza,jmb,jqo,qls,qvf
1120165,226,239,236,232,234,qvf,jtv,hpi,vkj,aik
1120166,224,229,227,233,236,jqo,qls,jmb,fza,hpi
1120167,221,238,228,239,231,wfd,nhf,meh,jtv,pqn
1120168,227,225,222,239,238,jmb,inp,nym,jtv,nhf
1120169,234,239,235,228,237,aik,jtv,wpk,meh,lqm
1120170,239,230,227,228,231,jtv,qwa,jmb,meh,pqn
1120171,226,231,223,238,230,qvf,pqn,nxp,nhf,qwa
1120172,229,225,234,222,228,qls,inp,aik,nym,meh
1120173,234,231,237,240,222,aik,pqn,lqm,hfb,nym
1120174,226,233,234,230,227,qvf,fza,aik,qwa,jmb
1120175,233,236,228,221,239,fza,hpi,meh,wfd,jtv
1120176,236,232,239,238,224,hpi,vkj,jtv,nhf,jqo
1120177,238,222,221,231,226,nhf,nym,wfd,pqn,qvf
1120178,236,221,232,224,223,hpi,wfd,vkj,jqo,nxp
1120179,229,225,240,239,224,qls,inp,hfb,jtv,jqo
1120180,234,231,223,230,226,aik,pqn,nxp,qwa,qvf
1120181,236,222,234,228,240,hpi,nym,aik,meh,hfb
1120182,237,228,238,232,225,lqm,meh,nhf,vkj,inp
1120183,236,238,240,232,239,hpi,nhf,hfb,vkj,jtv
1120184,224,235,227,223,240,jqo,wpk,jmb,nxp,hfb
1120185,238,240,228,236,235,nhf,hfb,meh,hpi,wpk
1120186,236,229,226,239,238,hpi,qls,qvf,jtv,nhf
1120187,222,239,230,233,237,nym,jtv,qwa,fza,lqm
1120188,240,238,234,222,229,hfb,nhf,aik,nym,qls
1120189,232,225,224,226,227,vkj,inp,jqo,qvf,jmb
1120190,221,239,228,234,238,wfd,jtv,meh,aik,nhf
1120191,228,224,226,240,221,meh,jqo,qvf,hfb,wfd
1120192,223,235,236,237,234,nxp,wpk,hpi,lqm,aik
1120193,238,222,223,233,230,nhf,nym,nxp,fza,qwa
1120194,227,230,225,223,238,jmb,qwa,inp,nxp,nhf
1120195,238,221,224,239,231,nhf,wfd,jqo,jtv,pqn
1120196,233,229,225,240,235,fza,qls,inp,hfb,wpk
1120197,233,239,237,224,226,fza,jtv,lqm,jqo,qvf
1120198,239,233,222,238,236,jtv,fza,nym,nhf,hpi
1120199,230,234,221,233,223,qwa,aik,wfd,fza,nxp
1120200,234,225,239,231,221,aik,inp,jtv,pqn,wfd
1120201,230,227,231,228,224,qwa,jmb,pqn,meh,jqo
1120202,235,236,232,230,222,wpk,hpi,vkj,qwa,nym
1120203,237,229,228,239,234,lqm,qls,meh,jtv,aik
1120204,223,221,236,222,237,nxp,wfd,hpi,nym,lqm
1120205,222,237,221,223,232,nym,lqm,wfd,nxp,vkj
1120206,240,231,221,232,235,hfb,pqn,wfd,vkj,wpk
1120207,234,231,225,229,239,aik,pqn,inp,qls,jtv
1120208,227,225,222,224,221,jmb,inp,nym,jqo,wfd
1120209,234,224,221,231,225,aik,jqo,wfd,pqn,inp
1120210,222,228,227,223,229,nym,meh,jmb,nxp,qls
1120211,233,221,227,229,235,fza,wfd,jmb,qls,wpk
1120212,236,231,222,232,221,hpi,pqn,nym,vkj,wfd
1120213,236,230,231,226,233,hpi,qwa,pqn,qvf,fza
1120214,230,227,232,228,237,qwa,jmb,vkj,meh,lqm
1120215,223,222,232,230,228,nxp,nym,vkj,qwa,meh
1120216,240,225,233,228,234,hfb,inp,fza,meh,aik
1120217,231,226,238,221,228,pqn,qvf,nhf,wfd,meh
1120218,231,236,234,223,238,pqn,hpi,aik,nxp,nhf
1120219,231,236,233,238,227,pqn,hpi,fza,nhf,jmb
1120220,221,225,222,240,230,wfd,inp,nym,hfb,qwa
1120221,221,231,238,233,226,wfd,pqn,nhf,fza,qvf
1120222,232,227,225,223,239,vkj,jmb,inp,nxp,jtv
1120223,226,230,229,238,235,qvf,qwa,qls,nhf,wpk
1120224,223,228,239,238,226,nxp,meh,jtv,nhf,qvf
1120225,234,230,238,223,225,aik,qwa,nhf,nxp,inp
1120226,234,225,222,233,238,aik,inp,nym,fza,nhf
1120227,234,232,240,236,225,aik,vkj,hfb,hpi,inp
1120228,228,232,227,224,222,meh,vkj,jmb,jqo,nym
1120229,237,238,234,225,240,lqm,nhf,aik,inp,hfb
1120230,223,233,222,224,237,nxp,fza,nym,jqo,lqm
1120231,238,221,240,227,237,nhf,wfd,hfb,jmb,lqm
1120232,221,225,239,227,226,wfd,inp,jtv,jmb,qvf
1120233,226,238,232,236,237,qvf,nhf,vkj,hpi,lqm
1120234,240,239,229,222,230,hfb,jtv,qls,nym,qwa
1120235,228,237,227,226,230,meh,lqm,jmb,qvf,qwa
1120236,222,236,233,239,228,nym,hpi,fza,jtv,meh
1120237,225,227,226,231,232,inp,jmb,qvf,pqn,vkj
1120238,229,237,227,223,221,qls,lqm,jmb,nxp,wfd
1120239,238,225,224,222,234,nhf,inp,jqo,nym,aik
1120240,221,233,228,236,230,wfd,fza,meh,hpi,qwa
1120241,238,224,237,226,222,nhf,jqo,lqm,qvf,nym
1120242,233,221,232,237,228,fza,wfd,vkj,lqm,meh
1120243,229,232,239,225,236,qls,vkj,jtv,inp,hpi
1120244,226,234,237,236,223,qvf,aik,lqm,hpi,nxp
1120245,223,238,233,229,232,nxp,nhf,fza,qls,vkj
1120246,225,234,222,230,236,inp,aik,nym,qwa,hpi
1120247,226,222,233,236,239,qvf,nym,fza,hpi,jtv
1120248,222,239,225,236,240,nym,jtv,inp,hpi,hfb
1120249,240,236,239,226,235,hfb,hpi,jtv,qvf,wpk
1120250,224,231,239,226,225,jqo,pqn,jtv,qvf,inp
1120251,239,234,221,231,222,jtv,aik,wfd,pqn,nym
1120252,226,229,237,228,240,qvf,qls,lqm,meh,hfb
1120253,224,225,238,235,239,jqo,inp,nhf,wpk,jtv
1120254,238,236,232,222,225,nhf,hpi,vkj,nym,inp
1120255,225,223,230,238,229,inp,nxp,qwa,nhf,qls
1120256,236,235,232,237,221,hpi,wpk,vkj,lqm,wfd
1120257,221,228,238,236,231,wfd,meh,nhf,hpi,pqn
1120258,235,221,224,239,222,wpk,wfd,jqo,jtv,nym
1120259,225,221,222,226,233,inp,wfd,nym,qvf,fza
1120260,222,221,228,234,227,nym,wfd,meh,aik,jmb
1120261,234,233,227,223,230,aik,fza,jmb,nxp,qwa
1120262,235,231,221,237,239,wpk,pqn,wfd,lqm,jtv
1120263,221,237,222,230,234,wfd,lqm,nym,qwa,aik
1120264,223,228,221,237,233,nxp,meh,wfd,lqm,fza
1120265,222,230,234,224,227,nym,qwa,aik,jqo,jmb
1120266,240,227,234,226,229,hfb,jmb,aik,qvf,qls
1120267,227,237,236,240,223,jmb,lqm,hpi,hfb,nxp
1120268,237,238,235,225,221,lqm,nhf,wpk,inp,wfd
1120269,222,240,221,228,235,nym,hfb,wfd,meh,wpk
1120270,238,226,227,234,222,nhf,qvf,jmb,aik,nym
1120271,222,240,227,239,238,nym,hfb,jmb,jtv,nhf
1120272,238,237,234,232,230,nhf,lqm,aik,vkj,qwa
1120273,224,221,225,228,226,jqo,wfd,inp,meh,qvf
1120274,231,222,227,224,238,pqn,nym,jmb,jqo,nhf
1120275,221,226,233,240,229,wfd,qvf,fza,hfb,qls
1120276,226,221,240,229,238,qvf,wfd,hfb,qls,nhf
1120277,233,237,226,235,227,fza,lqm,qvf,wpk,jmb
1120278,235,221,229,225,223,wpk,wfd,qls,inp,nxp
1120279,239,237,225,228,240,jtv,lqm,inp,meh,hfb
1120280,229,222,234,239,232,qls,nym,aik,jtv,vkj
1120281,237,234,227,238,230,lqm,aik,jmb,nhf,qwa
1120282,239,226,228,238,229,jtv,qvf,meh,nhf,qls
1120283,234,228,237,233,232,aik,meh,lqm,fza,vkj
1120284,227,232,238,237,221,jmb,vkj,nhf,lqm,wfd
1120285,221,237,222,240,236,wfd,lqm,nym,hfb,hpi
1120286,236,238,229,226,223,hpi,nhf,qls,qvf,nxp
1120287,230,232,225,226,239,qwa,vkj,inp,qvf,jtv
1120288,233,236,240,237,227,fza,hpi,hfb,lqm,jmb
1120289,228,234,232,224,233,meh,aik,vkj,jqo,fza
1120290,229,235,239,227,234,qls,wpk,jtv,jmb,aik
1120291,229,238,227,240,226,qls,nhf,jmb,hfb,qvf
1120292,236,240,237,238,231,hpi,hfb,lqm,nhf,pqn
1120293,224,227,233,238,221,jqo,jmb,fza,nhf,wfd
1120294,237,222,225,229,232,lqm,nym,inp,qls,vkj
1120295,233,232,235,234,225,fza,vkj,wpk,aik,inp
1120296,222,239,229,238,232,nym,jtv,qls,nhf,vkj
1120297,229,226,237,235,227,qls,qvf,lqm,wpk,jmb
1120298,224,236,222,238,235,jqo,hpi,nym,nhf,wpk
1120299,221,235,223,227,231,wfd,wpk,nxp,jmb,pqn
1120300,230,222,240,234,223,qwa,nym,hfb,aik,nxp
1120301,225,228,227,226,235,inp,meh,jmb,qvf,wpk
1120302,226,225,235,240,224,qvf,inp,wpk,hfb,jqo
1120303,224,229,237,221,223,jqo,qls,lqm,wfd,nxp
1120304,223,224,228,235,227,nxp,jqo,meh,wpk,jmb
1120305,221,234,238,235,236,wfd,aik,nhf,wpk,hpi
1120306,225,238,228,239,233,inp,nhf,meh,jtv,fza
1120307,231,226,229,228,240,pqn,qvf,qls,meh,hfb
1120308,240,237,227,229,226,hfb,lqm,jmb,qls,qvf
1120309,238,223,228,222,227,nhf,nxp,meh,nym,jmb
1120310,226,224,236,227,232,qvf,jqo,hpi,jmb,vkj
1120311,236,223,224,232,239,hpi,nxp,jqo,vkj,jtv
1120312,231,230,229,239,233,pqn,qwa,qls,jtv,fza
1120313,231,221,226,238,229,pqn,wfd,qvf,nhf,qls
1120314,230,221,236,229,238,qwa,wfd,hpi,qls,nhf
1120315,227,236,233,225,221,jmb,hpi,fza,inp,wfd
1120316,234,229,225,228,221,aik,qls,inp,meh,wfd
1120317,227,239,226,221,240,jmb,jtv,qvf,wfd,hfb
1120318,225,232,234,235,222,inp,vkj,aik,wpk,nym
1120319,224,240,233,239,231,jqo,hfb,fza,jtv,pqn
1120320,232,224,233,221,234,vkj,jqo,fza,wfd,aik
1120321,229,235,221,234,240,qls,wpk,wfd,aik,hfb
1120322,222,230,232,235,239,nym,qwa,vkj,wpk,jtv
1120323,228,232,221,233,236,meh,vkj,wfd,fza,hpi
1120324,239,223,224,233,234,jtv,nxp,jqo,fza,aik
1120325,231,233,234,221,227,pqn,fza,aik,wfd,jmb
1120326,223,232,235,237,228,nxp,vkj,wpk,lqm,meh
1120327,236,231,233,223,237,hpi,pqn,fza,nxp,lqm
1120328,230,221,238,228,229,qwa,wfd,nhf,meh,qls
1120329,222,230,226,240,228,nym,qwa,qvf,hfb,meh
1120330,225,232,229,228,230,inp,vkj,qls,meh,qwa
1120331,234,239,221,222,237,aik,jtv,wfd,nym,lqm
1120332,232,239,221,222,223,vkj,jtv,wfd,nym,nxp
1120333,225,223,235,236,231,inp,nxp,wpk,hpi,pqn
1120334,221,235,237,222,240,wfd,wpk,lqm,nym,hfb
1120335,226,229,227,232,234,qvf,qls,jmb,vkj,aik
1120336,225,237,229,222,230,inp,lqm,qls,nym,qwa
1120337,228,237,238,235,226,meh,lqm,nhf,wpk,qvf
1120338,237,227,231,238,226,lqm,jmb,pqn,nhf,qvf
1120339,230,233,236,234,237,qwa,fza,hpi,aik,lqm
1120340,229,237,232,231,226,qls,lqm,vkj,pqn,qvf
1120341,226,236,229,234,237,qvf,hpi,qls,aik,lqm
1120342,229,228,239,240,233,qls,meh,jtv,hfb,fza
1120343,228,237,231,234,226,meh,lqm,pqn,aik,qvf
1120344,227,228,232,229,223,jmb,meh,vkj,qls,nxp
1120345,222,224,231,232,230,nym,jqo,pqn,vkj,qwa
1120346,227,234,235,226,223,jmb,aik,wpk,qvf,nxp
1120347,231,221,226,223,237,pqn,wfd,qvf,nxp,lqm
1120348,221,224,237,240,222,wfd,jqo,lqm,hfb,nym
1120349,230,227,225,236,232,qwa,jmb,inp,hpi,vkj
1120350,223,238,224,240,236,nxp,nhf,jqo,hfb,hpi
1120351,237,235,231,239,229,lqm,wpk,pqn,jtv,qls
1120352,240,227,229,236,230,hfb,jmb,qls,hpi,qwa
1120353,226,230,227,223,231,qvf,qwa,jmb,nxp,pqn
1120354,233,224,239,235,222,fza,jqo,jtv,wpk,nym
1120355,237,240,226,225,235,lqm,hfb,qvf,inp,wpk
1120356,224,231,221,234,228,jqo,pqn,wfd,aik,meh
1120357,238,226,237,221,227,nhf,qvf,lqm,wfd,jmb
1120358,237,223,233,225,226,lqm,nxp,fza,inp,qvf
1120359,237,236,228,225,223,lqm,hpi,meh,inp,nxp
1120360,238,228,232,237,233,nhf,meh,vkj,lqm,fza
1120361,222,226,225,232,228,nym,qvf,inp,vkj,meh
1120362,233,234,226,238,223,fza,aik,qvf,nhf,nxp
1120363,234,236,235,232,229,aik,hpi,wpk,vkj,qls
1120364,221,238,235,222,234,wfd,nhf,wpk,nym,aik
1120365,233,236,231,239,235,fza,hpi,pqn,jtv,wpk
1120366,232,224,230,221,235,vkj,jqo,qwa,wfd,wpk
1120367,225,227,239,236,237,inp,jmb,jtv,hpi,lqm
1120368,225,222,235,240,234,inp,nym,wpk,hfb,aik
1120369,223,231,232,227,237,nxp,pqn,vkj,jmb,lqm
1120370,235,230,226,224,236,wpk,qwa,qvf,jqo,hpi
1120371,227,235,230,239,237,jmb,wpk,qwa,jtv,lqm
1120372,234,232,228,226,224,aik,vkj,meh,qvf,jqo
1120373,234,228,235,227,221,aik,meh,wpk,jmb,wfd
1120374,240,237,230,229,233,hfb,lqm,qwa,qls,fza
1120375,240,227,226,233,234,hfb,jmb,qvf,fza,aik
1120376,231,237,240,226,233,pqn,lqm,hfb,qvf,fza
1120377,240,238,233,231,221,hfb,nhf,fza,pqn,wfd
1120378,221,232,239,237,231,wfd,vkj,jtv,lqm,pqn
1120379,225,239,240,231,236,inp,jtv,hfb,pqn,hpi
1120380,238,230,235,233,222,nhf,qwa,wpk,fza,nym
1120381,240,225,233,222,228,hfb,inp,fza,nym,meh
1120382,230,235,227,233,234,qwa,wpk,jmb,fza,aik
1120383,224,226,227,237,240,jqo,qvf,jmb,lqm,hfb
1120384,233,235,228,237,234,fza,wpk,meh,lqm,aik
1120385,231,240,234,227,238,pqn,hfb,aik,jmb,nhf
1120386,239,221,234,237,228,jtv,wfd,aik,lqm,meh
1120387,221,230,231,222,236,wfd,qwa,pqn,nym,hpi
1120388,229,224,236,221,231,qls,jqo,hpi,wfd,pqn
1120389,222,229,237,221,230,nym,qls,lqm,wfd,qwa
1120390,223,232,236,226,228,nxp,vkj,hpi,qvf,meh
1120391,227,226,230,229,231,jmb,qvf,qwa,qls,pqn
1120392,232,233,228,229,236,vkj,fza,meh,qls,hpi
1120393,238,233,234,227,230,nhf,fza,aik,jmb,qwa
1120394,222,232,226,233,231,nym,vkj,qvf,fza,pqn
1120395,234,225,235,228,223,aik,inp,wpk,meh,nxp
1120396,237,229,231,230,233,lqm,qls,pqn,qwa,fza
1120397,227,226,239,222,225,jmb,qvf,jtv,nym,inp
1120398,227,224,236,232,221,jmb,jqo,hpi,vkj,wfd
1120399,231,230,240,236,232,pqn,qwa,hfb,hpi,vkj
1120400,230,238,226,232,224,qwa,nhf,qvf,vkj,jqo
1120401,222,231,227,240,232,nym,pqn,jmb,hfb,vkj
1120402,232,226,236,234,233,vkj,qvf,hpi,aik,fza
1120403,230,235,225,229,221,qwa,wpk,inp,qls,wfd
1120404,231,228,232,229,221,pqn,meh,vkj,qls,wfd
1120405,231,233,222,235,238,pqn,fza,nym,wpk,nhf
1120406,230,231,229,232,227,qwa,pqn,qls,vkj,jmb
1120407,240,233,237,225,228,hfb,fza,lqm,inp,meh
1120408,236,222,235,227,239,hpi,nym,wpk,jmb,jtv
1120409,234,226,225,229,238,aik,qvf,inp,qls,nhf
1120410,233,239,232,235,227,fza,jtv,vkj,wpk,jmb
1120411,229,238,226,231,225,qls,nhf,qvf,pqn,inp
1120412,229,232,240,230,233,qls,vkj,hfb,qwa,fza
1120413,238,230,224,222,223,nhf,qwa,jqo,nym,nxp
1120414,234,231,224,233,221,aik,pqn,jqo,fza,wfd
1120415,222,240,237,227,226,nym,hfb,lqm,jmb,qvf
1120416,239,238,234,230,229,jtv,nhf,aik,qwa,qls
1120417,236,232,240,222,238,hpi,vkj,hfb,nym,nhf
1120418,226,221,229,234,231,qvf,wfd,qls,aik,pqn
1120419,240,222,224,228,235,hfb,nym,jqo,meh,wpk
1120420,232,234,231,228,238,vkj,aik,pqn,meh,nhf
1120421,225,231,228,239,222,inp,pqn,meh,jtv,nym
1120422,230,226,240,239,238,qwa,qvf,hfb,jtv,nhf
1120423,230,239,221,223,225,qwa,jtv,wfd,nxp,inp
1120424,228,234,239,231,221,meh,aik,jtv,pqn,wfd
1120425,236,226,234,228,224,hpi,qvf,aik,meh,jqo
1120426,230,237,235,238,225,qwa,lqm,wpk,nhf,inp
1120427,239,223,231,228,229,jtv,nxp,pqn,meh,qls
1120428,234,236,229,240,223,aik,hpi,qls,hfb,nxp
1120429,224,222,237,225,236,jqo,nym,lqm,inp,hpi
1120430,239,238,223,222,221,jtv,nhf,nxp,nym,wfd
1120431,224,231,225,235,236,jqo,pqn,inp,wpk,hpi
1120432,232,228,226,224,233,vkj,meh,qvf,jqo,fza
1120433,228,221,229,237,235,meh,wfd,qls,lqm,wpk
1120434,231,238,230,222,237,pqn,nhf,qwa,nym,lqm
1120435,230,224,235,227,223,qwa,jqo,wpk,jmb,nxp
1120436,238,227,235,223,221,nhf,jmb,wpk,nxp,wfd
1120437,234,221,239,226,235,aik,wfd,jtv,qvf,wpk
1120438,222,240,225,238,231,nym,hfb,inp,nhf,pqn
1120439,234,235,223,230,238,aik,wpk,nxp,qwa,nhf
1120440,221,227,222,235,224,wfd,jmb,nym,wpk,jqo
1120441,240,234,222,225,235,hfb,aik,nym,inp,wpk
1120442,238,221,228,232,230,nhf,wfd,meh,vkj,qwa
1120443,237,240,239,225,222,lqm,hfb,jtv,inp,nym
1120444,240,223,226,234,231,hfb,nxp,qvf,aik,pqn
1120445,221,239,223,233,236,wfd,jtv,nxp,fza,hpi
1120446,224,231,223,230,236,jqo,pqn,nxp,qwa,hpi
1120447,237,240,225,232,229,lqm,hfb,inp,vkj,qls
1120448,231,236,238,221,229,pqn,hpi,nhf,wfd,qls
1120449,237,230,232,224,240,lqm,qwa,vkj,jqo,hfb
1120450,237,240,238,229,225,lqm,hfb,nhf,qls,inp
1120451,225,230,232,236,239,inp,qwa,vkj,hpi,jtv
1120452,231,230,226,228,224,pqn,qwa,qvf,meh,jqo
1120453,235,232,231,227,228,wpk,vkj,pqn,jmb,meh
1120454,229,237,226,233,231,qls,lqm,qvf,fza,pqn
1120455,231,238,233,228,239,pqn,nhf,fza,meh,jtv
1120456,221,222,234,238,229,wfd,nym,aik,nhf,qls
1120457,226,237,230,228,224,qvf,lqm,qwa,meh,jqo
1120458,240,235,221,236,226,hfb,wpk,wfd,hpi,qvf
1120459,225,234,224,229,228,inp,aik,jqo,qls,meh
1120460,224,232,222,234,233,jqo,vkj,nym,aik,fza
1120461,226,232,230,234,227,qvf,vkj,qwa,aik,jmb
1120462,221,233,229,240,222,wfd,fza,qls,hfb,nym
1120463,231,224,227,226,240,pqn,jqo,jmb,qvf,hfb
1120464,234,224,226,223,235,aik,jqo,qvf,nxp,wpk
1120465,236,224,223,237,227,hpi,jqo,nxp,lqm,jmb
1120466,234,222,236,235,231,aik,nym,hpi,wpk,pqn
1120467,221,226,229,222,223,wfd,qvf,qls,nym,nxp
1120468,240,227,229,225,231,hfb,jmb,qls,inp,pqn
1120469,226,240,230,229,228,qvf,hfb,qwa,qls,meh
1120470,229,224,231,227,233,qls,jqo,pqn,jmb,fza
1120471,224,236,239,240,221,jqo,hpi,jtv,hfb,wfd
1120472,238,226,225,232,235,nhf,qvf,inp,vkj,wpk
1120473,221,239,228,226,225,wfd,jtv,meh,qvf,inp
1120474,235,223,234,233,239,wpk,nxp,aik,fza,jtv
1120475,239,222,230,225,234,jtv,nym,qwa,inp,aik
1120476,237,233,236,226,231,lqm,fza,hpi,qvf,pqn
1120477,224,222,231,234,229,jqo,nym,pqn,aik,qls
1120478,237,233,239,234,221,lqm,fza,jtv,aik,wfd
1120479,229,226,239,223,231,qls,qvf,jtv,nxp,pqn
1120480,229,225,224,233,227,qls,inp,jqo,fza,jmb
1120481,239,221,222,235,226,jtv,wfd,nym,wpk,qvf
1120482,222,230,226,237,235,nym,qwa,qvf,lqm,wpk
1120483,222,228,223,232,231,nym,meh,nxp,vkj,pqn
1120484,234,238,233,225,236,aik,nhf,fza,inp,hpi
1120485,225,237,234,235,221,inp,lqm,aik,wpk,wfd
1120486,237,224,240,234,225,lqm,jqo,hfb,aik,inp
1120487,240,221,229,228,222,hfb,wfd,qls,meh,nym
1120488,221,222,238,234,235,wfd,nym,nhf,aik,wpk
1120489,238,221,229,225,231,nhf,wfd,qls,inp,pqn
1120490,237,240,221,227,230,lqm,hfb,wfd,jmb,qwa
1120491,225,234,240,227,237,inp,aik,hfb,jmb,lqm
1120492,238,234,223,239,224,nhf,aik,nxp,jtv,jqo
1120493,229,221,226,227,225,qls,wfd,qvf,jmb,inp
1120494,234,237,236,223,240,aik,lqm,hpi,nxp,hfb
1120495,224,236,232,225,239,jqo,hpi,vkj,inp,jtv
1120496,226,230,221,222,232,qvf,qwa,wfd,nym,vkj
1120497,226,234,238,240,235,qvf,aik,nhf,hfb,wpk
1120498,240,238,222,229,233,hfb,nhf,nym,qls,fza
1120499,223,227,234,221,231,nxp,jmb,aik,wfd,pqn
1120500,228,229,221,239,222,meh,qls,wfd,jtv,nym
1120501,227,235,237,223,233,jmb,wpk,lqm,nxp,fza
1120502,224,239,237,231,223,jqo,jtv,lqm,pqn,nxp
1120503,234,221,223,229,239,aik,wfd,nxp,qls,jtv
1120504,235,224,229,222,228,wpk,jqo,qls,nym,meh
1120505,222,236,228,223,240,nym,hpi,meh,nxp,hfb
1120506,234,222,224,229,228,aik,nym,jqo,qls,meh
1120507,223,240,236,235,222,nxp,hfb,hpi,wpk,nym
1120508,233,230,228,226,232,fza,qwa,meh,qvf,vkj
1120509,222,240,234,230,221,nym,hfb,aik,qwa,wfd
1120510,238,227,237,232,221,nhf,jmb,lqm,vkj,wfd
1120511,234,236,229,228,240,aik,hpi,qls,meh,hfb
1120512,227,228,226,234,238,jmb,meh,qvf,aik,nhf
1120513,221,223,222,231,239,wfd,nxp,nym,pqn,jtv
1120514,231,225,224,228,223,pqn,inp,jqo,meh,nxp
1120515,238,234,235,232,231,nhf,aik,wpk,vkj,pqn
1120516,225,236,232,234,237,inp,hpi,vkj,aik,lqm
1120517,232,231,225,234,235,vkj,pqn,inp,aik,wpk
1120518,224,232,226,234,240,jqo,vkj,qvf,aik,hfb
1120519,225,230,237,221,235,inp,qwa,lqm,wfd,wpk
1120520,224,231,237,236,227,jqo,pqn,lqm,hpi,jmb
1120521,237,225,232,221,222,lqm,inp,vkj,wfd,nym
1120522,236,240,222,234,238,hpi,hfb,nym,aik,nhf
1120523,223,229,230,226,224,nxp,qls,qwa,qvf,jqo
1120524,233,227,230,240,221,fza,jmb,qwa,hfb,wfd
1120525,230,222,221,227,231,qwa,nym,wfd,jmb,pqn
1120526,231,238,222,224,229,pqn,nhf,nym,jqo,qls
1120527,238,230,222,221,228,nhf,qwa,nym,wfd,meh
1120528,235,230,225,226,234,wpk,qwa,inp,qvf,aik
1120529,232,240,221,237,225,vkj,hfb,wfd,lqm,inp
1120530,222,230,223,238,235,nym,qwa,nxp,nhf,wpk
1120531,223,222,229,234,227,nxp,nym,qls,aik,jmb
1120532,229,237,227,240,224,qls,lqm,jmb,hfb,jqo
1120533,239,233,224,238,222,jtv,fza,jqo,nhf,nym
1120534,238,229,223,224,225,nhf,qls,nxp,jqo,inp
1120535,228,238,223,234,239,meh,nhf,nxp,aik,jtv
1120536,226,225,229,233,238,qvf,inp,qls,fza,nhf
1120537,226,230,222,232,227,qvf,qwa,nym,vkj,jmb
1120538,238,240,223,221,225,nhf,hfb,nxp,wfd,inp
1120539,231,228,237,239,230,pqn,meh,lqm,jtv,qwa
1120540,223,222,229,228,224,nxp,nym,qls,meh,jqo
1120541,232,230,239,225,236,vkj,qwa,jtv,inp,hpi
1120542,237,224,227,225,239,lqm,jqo,jmb,inp,jtv
1120543,229,222,230,237,232,qls,nym,qwa,lqm,vkj
1120544,233,225,226,229,232,fza,inp,qvf,qls,vkj
1120545,239,221,232,233,222,jtv,wfd,vkj,fza,nym
1120546,232,240,231,222,236,vkj,hfb,pqn,nym,hpi
1120547,230,229,235,237,231,qwa,qls,wpk,lqm,pqn
1120548,227,221,229,223,239,jmb,wfd,qls,nxp,jtv
1120549,225,234,230,238,228,inp,aik,qwa,nhf,meh
1120550,238,223,228,225,227,nhf,nxp,meh,inp,jmb
1120551,238,231,225,222,227,nhf,pqn,inp,nym,jmb
1120552,226,228,229,234,237,qvf,meh,qls,aik,lqm
1120553,240,231,226,233,239,hfb,pqn,qvf,fza,jtv
1120554,224,237,226,228,239,jqo,lqm,qvf,meh,jtv
1120555,225,222,230,228,236,inp,nym,qwa,meh,hpi
1120556,235,229,236,221,234,wpk,qls,hpi,wfd,aik
1120557,222,237,228,234,231,nym,lqm,meh,aik,pqn
1120558,235,221,239,230,238,wpk,wfd,jtv,qwa,nhf
1120559,235,221,222,225,233,wpk,wfd,nym,inp,fza
1120560,225,232,235,237,234,inp,vkj,wpk,lqm,aik
1120561,237,239,238,234,226,lqm,jtv,nhf,aik,qvf
1120562,225,224,230,231,237,inp,jqo,qwa,pqn,lqm
1120563,229,232,239,230,224,qls,vkj,jtv,qwa,jqo
1120564,228,227,226,222,225,meh,jmb,qvf,nym,inp
1120565,237,234,231,238,228,lqm,aik,pqn,nhf,meh
1120566,234,228,233,237,235,aik,meh,fza,lqm,wpk
1120567,221,228,227,230,231,wfd,meh,jmb,qwa,pqn
1120568,240,234,239,227,236,hfb,aik,jtv,jmb,hpi
1120569,224,226,230,240,239,jqo,qvf,qwa,hfb,jtv
1120570,222,228,221,235,225,nym,meh,wfd,wpk,inp
1120571,232,235,224,227,228,vkj,wpk,jqo,jmb,meh
1120572,237,230,234,233,221,lqm,qwa,aik,fza,wfd
1120573,239,228,232,230,229,jtv,meh,vkj,qwa,qls
1120574,224,240,221,222,223,jqo,hfb,wfd,nym,nxp
1120575,239,240,238,229,222,jtv,hfb,nhf,qls,nym
1120576,232,226,221,229,234,vkj,qvf,wfd,qls,aik
1120577,233,224,221,227,223,fza,jqo,wfd,jmb,nxp
1120578,237,229,236,235,233,lqm,qls,hpi,wpk,fza
1120579,239,236,224,221,223,jtv,hpi,jqo,wfd,nxp
1120580,229,221,227,236,231,qls,wfd,jmb,hpi,pqn
1120581,235,226,222,234,240,wpk,qvf,nym,aik,hfb
1120582,223,224,233,231,240,nxp,jqo,fza,pqn,hfb
1120583,227,234,239,222,224,jmb,aik,jtv,nym,jqo
1120584,224,227,222,240,228,jqo,jmb,nym,hfb,meh
1120585,223,230,227,228,224,nxp,qwa,jmb,meh,jqo
1120586,227,240,221,235,228,jmb,hfb,wfd,wpk,meh
1120587,235,237,229,233,221,wpk,lqm,qls,fza,wfd
1120588,226,224,230,222,225,qvf,jqo,qwa,nym,inp
1120589,223,238,234,240,236,nxp,nhf,aik,hfb,hpi
1120590,223,235,227,232,228,nxp,wpk,jmb,vkj,meh
1120591,221,223,237,224,236,wfd,nxp,lqm,jqo,hpi
1120592,238,223,229,222,225,nhf,nxp,qls,nym,inp
1120593,237,225,224,230,229,lqm,inp,jqo,qwa,qls
1120594,225,240,235,234,236,inp,hfb,wpk,aik,hpi
1120595,228,237,240,226,232,meh,lqm,hfb,qvf,vkj
1120596,225,222,224,227,226,inp,nym,jqo,jmb,qvf
1120597,225,222,238,239,227,inp,nym,nhf,jtv,jmb
1120598,235,229,233,234,225,wpk,qls,fza,aik,inp
1120599,224,221,229,223,239,jqo,wfd,qls,nxp,jtv
1120600,236,231,222,232,239,hpi,pqn,nym,vkj,jtv
1130001,249,257,260,252,253,ycg,cwm,mrs,hyr,lzg
1130002,245,256,242,251,244,gqp,vmp,xbz,nme,vjz
1130003,259,257,246,250,254,asq,cwm,yof,gla,hrm
1130004,252,255,245,250,251,hyr,nhy,gqp,gla,nme
1130005,245,252,256,248,257,gqp,hyr,vmp,bov,cwm
1130006,247,245,252,260,257,dzt,gqp,hyr,mrs,cwm
1130007,243,249,251,258,241,cfj,ycg,nme,sqo,yrg
1130008,259,252,250,247,260,asq,hyr,gla,dzt,mrs
1130009,250,258,244,245,246,gla,sqo,vjz,gqp,yof
1130010,249,260,250,243,259,ycg,mrs,gla,cfj,asq
1130011,258,260,253,257,250,sqo,mrs,lzg,cwm,gla
1130012,259,250,247,256,245,asq,gla,dzt,vmp,gqp
1130013,255,252,243,258,254,nhy,hyr,cfj,sqo,hrm
1130014,254,250,243,247,241,hrm,gla,cfj,dzt,yrg
1130015,254,250,246,247,259,hrm,gla,yof,dzt,asq
1130016,246,258,242,251,254,yof,sqo,xbz,nme,hrm
1130017,242,246,255,249,252,xbz,yof,nhy,ycg,hyr
1130018,254,259,246,242,251,hrm,asq,yof,xbz,nme
1130019,258,254,248,246,241,sqo,hrm,bov,yof,yrg
1130020,251,254,245,257,241,nme,hrm,gqp,cwm,yrg
1130021,243,252,242,245,250,cfj,hyr,xbz,gqp,gla
1130022,241,258,259,257,254,yrg,sqo,asq,cwm,hrm
1130023,250,246,256,253,244,gla,yof,vmp,lzg,vjz
1130024,243,244,258,245,246,cfj,vjz,sqo,gqp,yof
1130025,254,253,260,245,255,hrm,lzg,mrs,gqp,nhy
1130026,249,259,243,246,253,ycg,asq,cfj,yof,lzg
1130027,252,253,242,250,244,hyr,lzg,xbz,gla,vjz
1130028,245,244,253,260,255,gqp,vjz,lzg,mrs,nhy
1130029,242,241,254,253,246,xbz,yrg,hrm,lzg,yof
1130030,259,253,258,243,254,asq,lzg,sqo,cfj,hrm
1130031,251,255,246,257,253,nme,nhy,yof,cwm,lzg
1130032,252,259,250,256,248,hyr,asq,gla,vmp,bov
1130033,247,243,245,250,257,dzt,cfj,gqp,gla,cwm
1130034,247,246,242,250,254,dzt,yof,xbz,gla,hrm
1130035,251,248,260,243,250,nme,bov,mrs,cfj,gla
1130036,255,260,243,248,257,nhy,mrs,cfj,bov,cwm
1130037,247,258,244,241,249,dzt,sqo,vjz,yrg,ycg
1130038,243,253,250,260,257,cfj,lzg,gla,mrs,cwm
1130039,259,254,248,249,258,asq,hrm,bov,ycg,sqo
1130040,257,250,253,255,241,cwm,gla,lzg,nhy,yrg
1130041,241,243,246,249,254,yrg,cfj,yof,ycg,hrm
1130042,248,257,244,254,260,bov,cwm,vjz,hrm,mrs
1130043,259,249,257,255,251,asq,ycg,cwm,nhy,nme
1130044,249,245,257,255,246,ycg,gqp,cwm,nhy,yof
1130045,241,242,249,255,252,yrg,xbz,ycg,nhy,hyr
1130046,249,242,256,258,259,ycg,xbz,vmp,sqo,asq
1130047,242,256,247,248,254,xbz,vmp,dzt,bov,hrm
1130048,253,247,257,243,258,lzg,dzt,cwm,cfj,sqo
1130049,259,249,243,250,254,asq,ycg,cfj,gla,hrm
1130050,253,241,247,250,246,lzg,yrg,dzt,gla,yof
1130051,245,243,251,253,244,gqp,cfj,nme,lzg,vjz
1130052,253,251,260,250,252,lzg,nme,mrs,gla,hyr
1130053,246,250,244,252,242,yof,gla,vjz,hyr,xbz
1130054,256,255,243,260,245,vmp,nhy,cfj,mrs,gqp
1130055,243,241,259,251,247,cfj,yrg,asq,nme,dzt
1130056,245,242,243,259,256,gqp,xbz,cfj,asq,vmp
1130057,260,249,254,256,253,mrs,ycg,hrm,vmp,lzg
1130058,247,250,258,255,245,dzt,gla,sqo,nhy,gqp
1130059,257,251,253,241,259,cwm,nme,lzg,yrg,asq
1130060,253,242,257,249,245,lzg,xbz,cwm,ycg,gqp
1130061,252,243,248,242,260,hyr,cfj,bov,xbz,mrs
1130062,250,245,248,258,260,gla,gqp,bov,sqo,mrs
1130063,260,254,244,251,245,mrs,hrm,vjz,nme,gqp
1130064,255,254,245,251,244,nhy,hrm,gqp,nme,vjz
1130065,247,252,253,245,254,dzt,hyr,lzg,gqp,hrm
1130066,241,242,254,256,243,yrg,xbz,hrm,vmp,cfj
1130067,254,258,248,245,251,hrm,sqo,bov,gqp,nme
1130068,248,260,252,258,246,bov,mrs,hyr,sqo,yof
1130069,241,256,259,245,249,yrg,vmp,asq,gqp,ycg
1130070,258,251,252,254,247,sqo,nme,hyr,hrm,dzt
1130071,257,254,259,251,249,cwm,hrm,asq,nme,ycg
1130072,257,250,249,252,256,cwm,gla,ycg,hyr,vmp
1130073,258,243,245,254,249,sqo,cfj,gqp,hrm,ycg
1130074,250,256,255,249,248,gla,vmp,nhy,ycg,bov
1130075,251,254,247,260,245,nme,hrm,dzt,mrs,gqp
1130076,257,241,248,255,242,cwm,yrg,bov,nhy,xbz
1130077,260,256,242,257,248,mrs,vmp,xbz,cwm,bov
1130078,257,258,251,252,256,cwm,sqo,nme,hyr,vmp
1130079,259,249,253,250,244,asq,ycg,lzg,gla,vjz
1130080,259,249,256,255,248,asq,ycg,vmp,nhy,bov
1130081,258,253,242,252,244,sqo,lzg,xbz,hyr,vjz
1130082,245,255,247,251,249,gqp,nhy,dzt,nme,ycg
1130083,245,257,252,253,249,gqp,cwm,hyr,lzg,ycg
1130084,258,259,250,243,260,sqo,asq,gla,cfj,mrs
1130085,249,254,247,250,260,ycg,hrm,dzt,gla,mrs
1130086,242,259,254,260,246,xbz,asq,hrm,mrs,yof
1130087,245,253,250,252,258,gqp,lzg,gla,hyr,sqo
1130088,241,254,251,246,250,yrg,hrm,nme,yof,gla
1130089,257,252,250,253,260,cwm,hyr,gla,lzg,mrs
1130090,251,252,258,254,243,nme,hyr,sqo,hrm,cfj
1130091,251,250,241,260,256,nme,gla,yrg,mrs,vmp
1130092,252,259,248,254,256,hyr,asq,bov,hrm,vmp
1130093,249,260,255,243,248,ycg,mrs,nhy,cfj,bov
1130094,260,243,246,249,256,mrs,cfj,yof,ycg,vmp
1130095,251,247,259,248,242,nme,dzt,asq,bov,xbz
1130096,254,242,247,245,257,hrm,xbz,dzt,gqp,cwm
1130097,258,255,247,244,256,sqo,nhy,dzt,vjz,vmp
1130098,256,244,255,260,249,vmp,vjz,nhy,mrs,ycg
1130099,256,253,258,257,255,vmp,lzg,sqo,cwm,nhy
1130100,249,242,259,248,257,ycg,xbz,asq,bov,cwm
1130101,258,249,248,241,243,sqo,ycg,bov,yrg,cfj
1130102,258,249,256,242,245,sqo,ycg,vmp,xbz,gqp
1130103,259,241,249,242,247,asq,yrg,ycg,xbz,dzt
1130104,256,248,247,257,254,vmp,bov,dzt,cwm,hrm
1130105,251,260,252,259,258,nme,mrs,hyr,asq,sqo
1130106,250,253,255,260,245,gla,lzg,nhy,mrs,gqp
1130107,259,255,241,256,260,asq,nhy,yrg,vmp,mrs
1130108,242,258,252,251,253,xbz,sqo,hyr,nme,lzg
1130109,247,244,250,258,251,dzt,vjz,gla,sqo,nme
1130110,243,256,249,244,257,cfj,vmp,ycg,vjz,cwm
1130111,256,252,253,259,247,vmp,hyr,lzg,asq,dzt
1130112,245,258,256,251,247,gqp,sqo,vmp,nme,dzt
1130113,259,247,243,258,256,asq,dzt,cfj,sqo,vmp
1130114,250,247,246,243,253,gla,dzt,yof,cfj,lzg
1130115,254,249,260,247,259,hrm,ycg,mrs,dzt,asq
1130116,243,247,259,244,242,cfj,dzt,asq,vjz,xbz
1130117,255,260,254,247,257,nhy,mrs,hrm,dzt,cwm
1130118,256,245,255,250,247,vmp,gqp,nhy,gla,dzt
1130119,252,248,259,253,241,hyr,bov,asq,lzg,yrg
1130120,255,257,249,259,258,nhy,cwm,ycg,asq,sqo
1130121,253,245,241,244,255,lzg,gqp,yrg,vjz,nhy
1130122,254,244,255,259,250,hrm,vjz,nhy,asq,gla
1130123,250,255,252,259,242,gla,nhy,hyr,asq,xbz
1130124,251,245,250,256,258,nme,gqp,gla,vmp,sqo
1130125,258,255,259,247,257,sqo,nhy,asq,dzt,cwm
1130126,246,258,257,248,251,yof,sqo,cwm,bov,nme
1130127,254,253,255,252,259,hrm,lzg,nhy,hyr,asq
1130128,256,249,245,257,260,vmp,ycg,gqp,cwm,mrs
1130129,242,245,257,248,243,xbz,gqp,cwm,bov,cfj
1130130,244,245,252,253,260,vjz,gqp,hyr,lzg,mrs
1130131,254,253,259,242,258,hrm,lzg,asq,xbz,sqo
1130132,245,255,250,241,248,gqp,nhy,gla,yrg,bov
1130133,254,247,249,241,250,hrm,dzt,ycg,yrg,gla
1130134,260,241,254,258,257,mrs,yrg,hrm,sqo,cwm
1130135,257,260,246,256,245,cwm,mrs,yof,vmp,gqp
1130136,249,245,255,247,257,ycg,gqp,nhy,dzt,cwm
1130137,246,244,253,249,245,yof,vjz,lzg,ycg,gqp
1130138,253,247,250,248,257,lzg,dzt,gla,bov,cwm
1130139,247,243,244,258,260,dzt,cfj,vjz,sqo,mrs
1130140,245,258,253,247,254,gqp,sqo,lzg,dzt,hrm
1130141,241,244,254,255,258,yrg,vjz,hrm,nhy,sqo
1130142,251,250,253,256,245,nme,gla,lzg,vmp,gqp
1130143,245,257,241,246,251,gqp,cwm,yrg,yof,nme
1130144,255,256,241,248,257,nhy,vmp,yrg,bov,cwm
1130145,252,257,260,249,254,hyr,cwm,mrs,ycg,hrm
1130146,260,254,250,243,241,mrs,hrm,gla,cfj,yrg
1130147,260,258,248,246,257,mrs,sqo,bov,yof,cwm
1130148,241,249,248,246,258,yrg,ycg,bov,yof,sqo
1130149,255,243,242,254,245,nhy,cfj,xbz,hrm,gqp
1130150,252,259,260,242,244,hyr,asq,mrs,xbz,vjz
1130151,247,258,244,243,256,dzt,sqo,vjz,cfj,vmp
1130152,255,248,258,247,251,nhy,bov,sqo,dzt,nme
1130153,242,249,258,248,259,xbz,ycg,sqo,bov,asq
1130154,244,247,254,241,259,vjz,dzt,hrm,yrg,asq
1130155,255,251,249,260,259,nhy,nme,ycg,mrs,asq
1130156,257,250,256,258,244,cwm,gla,vmp,sqo,vjz
1130157,250,252,251,253,249,gla,hyr,nme,lzg,ycg
1130158,242,260,248,255,258,xbz,mrs,bov,nhy,sqo
1130159,249,256,254,251,241,ycg,vmp,hrm,nme,yrg
1130160,247,259,255,244,242,dzt,asq,nhy,vjz,xbz
1130161,249,241,253,245,260,ycg,yrg,lzg,gqp,mrs
1130162,253,243,256,257,246,lzg,cfj,vmp,cwm,yof
1130163,251,255,258,247,242,nme,nhy,sqo,dzt,xbz
1130164,253,247,244,249,246,lzg,dzt,vjz,ycg,yof
1130165,246,259,256,252,254,yof,asq,vmp,hyr,hrm
1130166,244,249,247,253,256,vjz,ycg,dzt,lzg,vmp
1130167,241,258,248,259,251,yrg,sqo,bov,asq,nme
1130168,247,245,242,259,258,dzt,gqp,xbz,asq,sqo
1130169,254,259,255,248,257,hrm,asq,nhy,bov,cwm
1130170,259,250,247,248,251,asq,gla,dzt,bov,nme
1130171,246,251,243,258,250,yof,nme,cfj,sqo,gla
1130172,249,245,254,242,248,ycg,gqp,hrm,xbz,bov
1130173,254,251,257,260,242,hrm,nme,cwm,mrs,xbz
1130174,246,253,254,250,247,yof,lzg,hrm,gla,dzt
1130175,253,256,248,241,259,lzg,vmp,bov,yrg,asq
1130176,256,252,259,258,244,vmp,hyr,asq,sqo,vjz
1130177,258,242,241,251,246,sqo,xbz,yrg,nme,yof
1130178,256,241,252,244,243,vmp,yrg,hyr,vjz,cfj
1130179,249,245,260,259,244,ycg,gqp,mrs,asq,vjz
1130180,254,251,243,250,246,hrm,nme,cfj,gla,yof
1130181,256,242,254,248,260,vmp,xbz,hrm,bov,mrs
1130182,257,248,258,252,245,cwm,bov,sqo,hyr,gqp
1130183,256,258,260,252,259,vmp,sqo,mrs,hyr,asq
1130184,244,255,247,243,260,vjz,nhy,dzt,cfj,mrs
1130185,258,260,248,256,255,sqo,mrs,bov,vmp,nhy
1130186,256,249,246,259,258,vmp,ycg,yof,asq,sqo
1130187,242,259,250,253,257,xbz,asq,gla,lzg,cwm
1130188,260,258,254,242,249,mrs,sqo,hrm,xbz,ycg
1130189,252,245,244,246,247,hyr,gqp,vjz,yof,dzt
1130190,241,259,248,254,258,yrg,asq,bov,hrm,sqo
1130191,248,244,246,260,241,bov,vjz,yof,mrs,yrg
1130192,243,255,256,257,254,cfj,nhy,vmp,cwm,hrm
1130193,258,242,243,253,250,sqo,xbz,cfj,lzg,gla
1130194,247,250,245,243,258,dzt,gla,gqp,cfj,sqo
1130195,258,241,244,259,251,sqo,yrg,vjz,asq,nme
1130196,253,249,245,260,255,lzg,ycg,gqp,mrs,nhy
1130197,253,259,257,244,246,lzg,asq,cwm,vjz,yof
1130198,259,253,242,258,256,asq,lzg,xbz,sqo,vmp
1130199,250,254,241,253,243,gla,hrm,yrg,lzg,cfj
1130200,254,245,259,251,241,hrm,gqp,asq,nme,yrg
1130201,250,247,251,248,244,gla,dzt,nme,bov,vjz
1130202,255,256,252,250,242,nhy,vmp,hyr,gla,xbz
1130203,257,249,248,259,254,cwm,ycg,bov,asq,hrm
1130204,243,241,256,242,257,cfj,yrg,vmp,xbz,cwm
1130205,242,257,241,243,252,xbz,cwm,yrg,cfj,hyr
1130206,260,251,241,252,255,mrs,nme,yrg,hyr,nhy
1130207,254,251,245,249,259,hrm,nme,gqp,ycg,asq
1130208,247,245,242,244,241,dzt,gqp,xbz,vjz,yrg
1130209,254,244,241,251,245,hrm,vjz,yrg,nme,gqp
1130210,242,248,247,243,249,xbz,bov,dzt,cfj,ycg
1130211,253,241,247,249,255,lzg,yrg,dzt,ycg,nhy
1130212,256,251,242,252,241,vmp,nme,xbz,hyr,yrg
1130213,256,250,251,246,253,vmp,gla,nme,yof,lzg
1130214,250,247,252,248,257,gla,dzt,hyr,bov,cwm
1130215,243,242,252,250,248,cfj,xbz,hyr,gla,bov
1130216,260,245,253,248,254,mrs,gqp,lzg,bov,hrm
1130217,251,246,258,241,248,nme,yof,sqo,yrg,bov
1130218,251,256,254,243,258,nme,vmp,hrm,cfj,sqo
1130219,251,256,253,258,247,nme,vmp,lzg,sqo,dzt
1130220,241,245,242,260,250,yrg,gqp,xbz,mrs,gla
1130221,241,251,258,253,246,yrg,nme,sqo,lzg,yof
1130222,252,247,245,243,259,hyr,dzt,gqp,cfj,asq
1130223,246,250,249,258,255,yof,gla,ycg,sqo,nhy
1130224,243,248,259,258,246,cfj,bov,asq,sqo,yof
1130225,254,250,258,243,245,hrm,gla,sqo,cfj,gqp
1130226,254,245,242,253,258,hrm,gqp,xbz,lzg,sqo
1130227,254,252,260,256,245,hrm,hyr,mrs,vmp,gqp
1130228,248,252,247,244,242,bov,hyr,dzt,vjz,xbz
1130229,257,258,254,245,260,cwm,sqo,hrm,gqp,mrs
1130230,243,253,242,244,257,cfj,lzg,xbz,vjz,cwm
1130231,258,241,260,247,257,sqo,yrg,mrs,dzt,cwm
1130232,241,245,259,247,246,yrg,gqp,asq,dzt,yof
1130233,246,258,252,256,257,yof,sqo,hyr,vmp,cwm
1130234,260,259,249,242,250,mrs,asq,ycg,xbz,gla
1130235,248,257,247,246,250,bov,cwm,dzt,yof,gla
1130236,242,256,253,259,248,xbz,vmp,lzg,asq,bov
1130237,245,247,246,251,252,gqp,dzt,yof,nme,hyr
1130238,249,257,247,243,241,ycg,cwm,dzt,cfj,yrg
1130239,258,245,244,242,254,sqo,gqp,vjz,xbz,hrm
1130240,241,253,248,256,250,yrg,lzg,bov,vmp,gla
1130241,258,244,257,246,242,sqo,vjz,cwm,yof,xbz
1130242,253,241,252,257,248,lzg,yrg,hyr,cwm,bov
1130243,249,252,259,245,256,ycg,hyr,asq,gqp,vmp
1130244,246,254,257,256,243,yof,hrm,cwm,vmp,cfj
1130245,243,258,253,249,252,cfj,sqo,lzg,ycg,hyr
1130246,245,254,242,250,256,gqp,hrm,xbz,gla,vmp
1130247,246,242,253,256,259,yof,xbz,lzg,vmp,asq
1130248,242,259,245,256,260,xbz,asq,gqp,vmp,mrs
1130249,260,256,259,246,255,mrs,vmp,asq,yof,nhy
1130250,244,251,259,246,245,vjz,nme,asq,yof,gqp
1130251,259,254,241,251,242,asq,hrm,yrg,nme,xbz
1130252,246,249,257,248,260,yof,ycg,cwm,bov,mrs
1130253,244,245,258,255,259,vjz,gqp,sqo,nhy,asq
1130254,258,256,252,242,245,sqo,vmp,hyr,xbz,gqp
1130255,245,243,250,258,249,gqp,cfj,gla,sqo,ycg
1130256,256,255,252,257,241,vmp,nhy,hyr,cwm,yrg
1130257,241,248,258,256,251,yrg,bov,sqo,vmp,nme
1130258,255,241,244,259,242,nhy,yrg,vjz,asq,xbz
1130259,245,241,242,246,253,gqp,yrg,xbz,yof,lzg
1130260,242,241,248,254,247,xbz,yrg,bov,hrm,dzt
1130261,254,253,247,243,250,hrm,lzg,dzt,cfj,gla
1130262,255,251,241,257,259,nhy,nme,yrg,cwm,asq
1130263,241,257,242,250,254,yrg,cwm,xbz,gla,hrm
1130264,243,248,241,257,253,cfj,bov,yrg,cwm,lzg
1130265,242,250,254,244,247,xbz,gla,hrm,vjz,dzt
1130266,260,247,254,246,249,mrs,dzt,hrm,yof,ycg
1130267,247,257,256,260,243,dzt,cwm,vmp,mrs,cfj
1130268,257,258,255,245,241,cwm,sqo,nhy,gqp,yrg
1130269,242,260,241,248,255,xbz,mrs,yrg,bov,nhy
1130270,258,246,247,254,242,sqo,yof,dzt,hrm,xbz
1130271,242,260,247,259,258,xbz,mrs,dzt,asq,sqo
1130272,258,257,254,252,250,sqo,cwm,hrm,hyr,gla
1130273,244,241,245,248,246,vjz,yrg,gqp,bov,yof
1130274,251,242,247,244,258,nme,xbz,dzt,vjz,sqo
1130275,241,246,253,260,249,yrg,yof,lzg,mrs,ycg
1130276,246,241,260,249,258,yof,yrg,mrs,ycg,sqo
1130277,253,257,246,255,247,lzg,cwm,yof,nhy,dzt
1130278,255,241,249,245,243,nhy,yrg,ycg,gqp,cfj
1130279,259,257,245,248,260,asq,cwm,gqp,bov,mrs
1130280,249,242,254,259,252,ycg,xbz,hrm,asq,hyr
1130281,257,254,247,258,250,cwm,hrm,dzt,sqo,gla
1130282,259,246,248,258,249,asq,yof,bov,sqo,ycg
1130283,254,248,257,253,252,hrm,bov,cwm,lzg,hyr
1130284,247,252,258,257,241,dzt,hyr,sqo,cwm,yrg
1130285,241,257,242,260,256,yrg,cwm,xbz,mrs,vmp
1130286,256,258,249,246,243,vmp,sqo,ycg,yof,cfj
1130287,250,252,245,246,259,gla,hyr,gqp,yof,asq
1130288,253,256,260,257,247,lzg,vmp,mrs,cwm,dzt
1130289,248,254,252,244,253,bov,hrm,hyr,vjz,lzg
1130290,249,255,259,247,254,ycg,nhy,asq,dzt,hrm
1130291,249,258,247,260,246,ycg,sqo,dzt,mrs,yof
1130292,256,260,257,258,251,vmp,mrs,cwm,sqo,nme
1130293,244,247,253,258,241,vjz,dzt,lzg,sqo,yrg
1130294,257,242,245,249,252,cwm,xbz,gqp,ycg,hyr
1130295,253,252,255,254,245,lzg,hyr,nhy,hrm,gqp
1130296,242,259,249,258,252,xbz,asq,ycg,sqo,hyr
1130297,249,246,257,255,247,ycg,yof,cwm,nhy,dzt
1130298,244,256,242,258,255,vjz,vmp,xbz,sqo,nhy
1130299,241,255,243,247,251,yrg,nhy,cfj,dzt,nme
1130300,250,242,260,254,243,gla,xbz,mrs,hrm,cfj
1130301,245,248,247,246,255,gqp,bov,dzt,yof,nhy
1130302,246,245,255,260,244,yof,gqp,nhy,mrs,vjz
1130303,244,249,257,241,243,vjz,ycg,cwm,yrg,cfj
1130304,243,244,248,255,247,cfj,vjz,bov,nhy,dzt
1130305,241,254,258,255,256,yrg,hrm,sqo,nhy,vmp
1130306,245,258,248,259,253,gqp,sqo,bov,asq,lzg
1130307,251,246,249,248,260,nme,yof,ycg,bov,mrs
1130308,260,257,247,249,246,mrs,cwm,dzt,ycg,yof
1130309,258,243,248,242,247,sqo,cfj,bov,xbz,dzt
1130310,246,244,256,247,252,yof,vjz,vmp,dzt,hyr
1130311,256,243,244,252,259,vmp,cfj,vjz,hyr,asq
1130312,251,250,249,259,253,nme,gla,ycg,asq,lzg
1130313,251,241,246,258,249,nme,yrg,yof,sqo,ycg
1130314,250,241,256,249,258,gla,yrg,vmp,ycg,sqo
1130315,247,256,253,245,241,dzt,vmp,lzg,gqp,yrg
1130316,254,249,245,248,241,hrm,ycg,gqp,bov,yrg
1130317,247,259,246,241,260,dzt,asq,yof,yrg,mrs
1130318,245,252,254,255,242,gqp,hyr,hrm,nhy,xbz
1130319,244,260,253,259,251,vjz,mrs,lzg,asq,nme
1130320,252,244,253,241,254,hyr,vjz,lzg,yrg,hrm
1130321,249,255,241,254,260,ycg,nhy,yrg,hrm,mrs
1130322,242,250,252,255,259,xbz,gla,hyr,nhy,asq
1130323,248,252,241,253,256,bov,hyr,yrg,lzg,vmp
1130324,259,243,244,253,254,asq,cfj,vjz,lzg,hrm
1130325,251,253,254,241,247,nme,lzg,hrm,yrg,dzt
1130326,243,252,255,257,248,cfj,hyr,nhy,cwm,bov
1130327,256,251,253,243,257,vmp,nme,lzg,cfj,cwm
1130328,250,241,258,248,249,gla,yrg,sqo,bov,ycg
1130329,242,250,246,260,248,xbz,gla,yof,mrs,bov
1130330,245,252,249,248,250,gqp,hyr,ycg,bov,gla
1130331,254,259,241,242,257,hrm,asq,yrg,xbz,cwm
1130332,252,259,241,242,243,hyr,asq,yrg,xbz,cfj
1130333,245,243,255,256,251,gqp,cfj,nhy,vmp,nme
1130334,241,255,257,242,260,yrg,nhy,cwm,xbz,mrs
1130335,246,249,247,252,254,yof,ycg,dzt,hyr,hrm
1130336,245,257,249,242,250,gqp,cwm,ycg,xbz,gla
1130337,248,257,258,255,246,bov,cwm,sqo,nhy,yof
1130338,257,247,251,258,246,cwm,dzt,nme,sqo,yof
1130339,250,253,256,254,257,gla,lzg,vmp,hrm,cwm
1130340,249,257,252,251,246,ycg,cwm,hyr,nme,yof
1130341,246,256,249,254,257,yof,vmp,ycg,hrm,cwm
1130342,249,248,259,260,253,ycg,bov,asq,mrs,lzg
1130343,248,257,251,254,246,bov,cwm,nme,hrm,yof
1130344,247,248,252,249,243,dzt,bov,hyr,ycg,cfj
1130345,242,244,251,252,250,xbz,vjz,nme,hyr,gla
1130346,247,254,255,246,243,dzt,hrm,nhy,yof,cfj
1130347,251,241,246,243,257,nme,yrg,yof,cfj,cwm
1130348,241,244,257,260,242,yrg,vjz,cwm,mrs,xbz
1130349,250,247,245,256,252,gla,dzt,gqp,vmp,hyr
1130350,243,258,244,260,256,cfj,sqo,vjz,mrs,vmp
1130351,257,255,251,259,249,cwm,nhy,nme,asq,ycg
1130352,260,247,249,256,250,mrs,dzt,ycg,vmp,gla
1130353,246,250,247,243,251,yof,gla,dzt,cfj,nme
1130354,253,244,259,255,242,lzg,vjz,asq,nhy,xbz
1130355,257,260,246,245,255,cwm,mrs,yof,gqp,nhy
1130356,244,251,241,254,248,vjz,nme,yrg,hrm,bov
1130357,258,246,257,241,247,sqo,yof,cwm,yrg,dzt
1130358,257,243,253,245,246,cwm,cfj,lzg,gqp,yof
1130359,257,256,248,245,243,cwm,vmp,bov,gqp,cfj
1130360,258,248,252,257,253,sqo,bov,hyr,cwm,lzg
1130361,242,246,245,252,248,xbz,yof,gqp,hyr,bov
1130362,253,254,246,258,243,lzg,hrm,yof,sqo,cfj
1130363,254,256,255,252,249,hrm,vmp,nhy,hyr,ycg
1130364,241,258,255,242,254,yrg,sqo,nhy,xbz,hrm
1130365,253,256,251,259,255,lzg,vmp,nme,asq,nhy
1130366,252,244,250,241,255,hyr,vjz,gla,yrg,nhy
1130367,245,247,259,256,257,gqp,dzt,asq,vmp,cwm
1130368,245,242,255,260,254,gqp,xbz,nhy,mrs,hrm
1130369,243,251,252,247,257,cfj,nme,hyr,dzt,cwm
1130370,255,250,246,244,256,nhy,gla,yof,vjz,vmp
1130371,247,255,250,259,257,dzt,nhy,gla,asq,cwm
1130372,254,252,248,246,244,hrm,hyr,bov,yof,vjz
1130373,254,248,255,247,241,hrm,bov,nhy,dzt,yrg
1130374,260,257,250,249,253,mrs,cwm,gla,ycg,lzg
1130375,260,247,246,253,254,mrs,dzt,yof,lzg,hrm
1130376,251,257,260,246,253,nme,cwm,mrs,yof,lzg
1130377,260,258,253,251,241,mrs,sqo,lzg,nme,yrg
1130378,241,252,259,257,251,yrg,hyr,asq,cwm,nme
1130379,245,259,260,251,256,gqp,asq,mrs,nme,vmp
1130380,258,250,255,253,242,sqo,gla,nhy,lzg,xbz
1130381,260,245,253,242,248,mrs,gqp,lzg,xbz,bov
1130382,250,255,247,253,254,gla,nhy,dzt,lzg,hrm
1130383,244,246,247,257,260,vjz,yof,dzt,cwm,mrs
1130384,253,255,248,257,254,lzg,nhy,bov,cwm,hrm
1130385,251,260,254,247,258,nme,mrs,hrm,dzt,sqo
1130386,259,241,254,257,248,asq,yrg,hrm,cwm,bov
1130387,241,250,251,242,256,yrg,gla,nme,xbz,vmp
1130388,249,244,256,241,251,ycg,vjz,vmp,yrg,nme
1130389,242,249,257,241,250,xbz,ycg,cwm,yrg,gla
1130390,243,252,256,246,248,cfj,hyr,vmp,yof,bov
1130391,247,246,250,249,251,dzt,yof,gla,ycg,nme
1130392,252,253,248,249,256,hyr,lzg,bov,ycg,vmp
1130393,258,253,254,247,250,sqo,lzg,hrm,dzt,gla
1130394,242,252,246,253,251,xbz,hyr,yof,lzg,nme
1130395,254,245,255,248,243,hrm,gqp,nhy,bov,cfj
1130396,257,249,251,250,253,cwm,ycg,nme,gla,lzg
1130397,247,246,259,242,245,dzt,yof,asq,xbz,gqp
1130398,247,244,256,252,241,dzt,vjz,vmp,hyr,yrg
1130399,251,250,260,256,252,nme,gla,mrs,vmp,hyr
1130400,250,258,246,252,244,gla,sqo,yof,hyr,vjz
1130401,242,251,247,260,252,xbz,nme,dzt,mrs,hyr
1130402,252,246,256,254,253,hyr,yof,vmp,hrm,lzg
1130403,250,255,245,249,241,gla,nhy,gqp,ycg,yrg
1130404,251,248,252,249,241,nme,bov,hyr,ycg,yrg
1130405,251,253,242,255,258,nme,lzg,xbz,nhy,sqo
1130406,250,251,249,252,247,gla,nme,ycg,hyr,dzt
1130407,260,253,257,245,248,mrs,lzg,cwm,gqp,bov
1130408,256,242,255,247,259,vmp,xbz,nhy,dzt,asq
1130409,254,246,245,249,258,hrm,yof,gqp,ycg,sqo
1130410,253,259,252,255,247,lzg,asq,hyr,nhy,dzt
1130411,249,258,246,251,245,ycg,sqo,yof,nme,gqp
1130412,249,252,260,250,253,ycg,hyr,mrs,gla,lzg
1130413,258,250,244,242,243,sqo,gla,vjz,xbz,cfj
1130414,254,251,244,253,241,hrm,nme,vjz,lzg,yrg
1130415,242,260,257,247,246,xbz,mrs,cwm,dzt,yof
1130416,259,258,254,250,249,asq,sqo,hrm,gla,ycg
1130417,256,252,260,242,258,vmp,hyr,mrs,xbz,sqo
1130418,246,241,249,254,251,yof,yrg,ycg,hrm,nme
1130419,260,242,244,248,255,mrs,xbz,vjz,bov,nhy
1130420,252,254,251,248,258,hyr,hrm,nme,bov,sqo
1130421,245,251,248,259,242,gqp,nme,bov,asq,xbz
1130422,250,246,260,259,258,gla,yof,mrs,asq,sqo
1130423,250,259,241,243,245,gla,asq,yrg,cfj,gqp
1130424,248,254,259,251,241,bov,hrm,asq,nme,yrg
1130425,256,246,254,248,244,vmp,yof,hrm,bov,vjz
1130426,250,257,255,258,245,gla,cwm,nhy,sqo,gqp
1130427,259,243,251,248,249,asq,cfj,nme,bov,ycg
1130428,254,256,249,260,243,hrm,vmp,ycg,mrs,cfj
1130429,244,242,257,245,256,vjz,xbz,cwm,gqp,vmp
1130430,259,258,243,242,241,asq,sqo,cfj,xbz,yrg
1130431,244,251,245,255,256,vjz,nme,gqp,nhy,vmp
1130432,252,248,246,244,253,hyr,bov,yof,vjz,lzg
1130433,248,241,249,257,255,bov,yrg,ycg,cwm,nhy
1130434,251,258,250,242,257,nme,sqo,gla,xbz,cwm
1130435,250,244,255,247,243,gla,vjz,nhy,dzt,cfj
1130436,258,247,255,243,241,sqo,dzt,nhy,cfj,yrg
1130437,254,241,259,246,255,hrm,yrg,asq,yof,nhy
1130438,242,260,245,258,251,xbz,mrs,gqp,sqo,nme
1130439,254,255,243,250,258,hrm,nhy,cfj,gla,sqo
1130440,241,247,242,255,244,yrg,dzt,xbz,nhy,vjz
1130441,260,254,242,245,255,mrs,hrm,xbz,gqp,nhy
1130442,258,241,248,252,250,sqo,yrg,bov,hyr,gla
1130443,257,260,259,245,242,cwm,mrs,asq,gqp,xbz
1130444,260,243,246,254,251,mrs,cfj,yof,hrm,nme
1130445,241,259,243,253,256,yrg,asq,cfj,lzg,vmp
1130446,244,251,243,250,256,vjz,nme,cfj,gla,vmp
1130447,257,260,245,252,249,cwm,mrs,gqp,hyr,ycg
1130448,251,256,258,241,249,nme,vmp,sqo,yrg,ycg
1130449,257,250,252,244,260,cwm,gla,hyr,vjz,mrs
1130450,257,260,258,249,245,cwm,mrs,sqo,ycg,gqp
1130451,245,250,252,256,259,gqp,gla,hyr,vmp,asq
1130452,251,250,246,248,244,nme,gla,yof,bov,vjz
1130453,255,252,251,247,248,nhy,hyr,nme,dzt,bov
1130454,249,257,246,253,251,ycg,cwm,yof,lzg,nme
1130455,251,258,253,248,259,nme,sqo,lzg,bov,asq
1130456,241,242,254,258,249,yrg,xbz,hrm,sqo,ycg
1130457,246,257,250,248,244,yof,cwm,gla,bov,vjz
1130458,260,255,241,256,246,mrs,nhy,yrg,vmp,yof
1130459,245,254,244,249,248,gqp,hrm,vjz,ycg,bov
1130460,244,252,242,254,253,vjz,hyr,xbz,hrm,lzg
1130461,246,252,250,254,247,yof,hyr,gla,hrm,dzt
1130462,241,253,249,260,242,yrg,lzg,ycg,mrs,xbz
1130463,251,244,247,246,260,nme,vjz,dzt,yof,mrs
1130464,254,244,246,243,255,hrm,vjz,yof,cfj,nhy
1130465,256,244,243,257,247,vmp,vjz,cfj,cwm,dzt
1130466,254,242,256,255,251,hrm,xbz,vmp,nhy,nme
1130467,241,246,249,242,243,yrg,yof,ycg,xbz,cfj
1130468,260,247,249,245,251,mrs,dzt,ycg,gqp,nme
1130469,246,260,250,249,248,yof,mrs,gla,ycg,bov
1130470,249,244,251,247,253,ycg,vjz,nme,dzt,lzg
1130471,244,256,259,260,241,vjz,vmp,asq,mrs,yrg
1130472,258,246,245,252,255,sqo,yof,gqp,hyr,nhy
1130473,241,259,248,246,245,yrg,asq,bov,yof,gqp
1130474,255,243,254,253,259,nhy,cfj,hrm,lzg,asq
1130475,259,242,250,245,254,asq,xbz,gla,gqp,hrm
1130476,257,253,256,246,251,cwm,lzg,vmp,yof,nme
1130477,244,242,251,254,249,vjz,xbz,nme,hrm,ycg
1130478,257,253,259,254,241,cwm,lzg,asq,hrm,yrg
1130479,249,246,259,243,251,ycg,yof,asq,cfj,nme
1130480,249,245,244,253,247,ycg,gqp,vjz,lzg,dzt
1130481,259,241,242,255,246,asq,yrg,xbz,nhy,yof
1130482,242,250,246,257,255,xbz,gla,yof,cwm,nhy
1130483,242,248,243,252,251,xbz,bov,cfj,hyr,nme
1130484,254,258,253,245,256,hrm,sqo,lzg,gqp,vmp
1130485,245,257,254,255,241,gqp,cwm,hrm,nhy,yrg
1130486,257,244,260,254,245,cwm,vjz,mrs,hrm,gqp
1130487,260,241,249,248,242,mrs,yrg,ycg,bov,xbz
1130488,241,242,258,254,255,yrg,xbz,sqo,hrm,nhy
1130489,258,241,249,245,251,sqo,yrg,ycg,gqp,nme
1130490,257,260,241,247,250,cwm,mrs,yrg,dzt,gla
1130491,245,254,260,247,257,gqp,hrm,mrs,dzt,cwm
1130492,258,254,243,259,244,sqo,hrm,cfj,asq,vjz
1130493,249,241,246,247,245,ycg,yrg,yof,dzt,gqp
1130494,254,257,256,243,260,hrm,cwm,vmp,cfj,mrs
1130495,244,256,252,245,259,vjz,vmp,hyr,gqp,asq
1130496,246,250,241,242,252,yof,gla,yrg,xbz,hyr
1130497,246,254,258,260,255,yof,hrm,sqo,mrs,nhy
1130498,260,258,242,249,253,mrs,sqo,xbz,ycg,lzg
1130499,243,247,254,241,251,cfj,dzt,hrm,yrg,nme
1130500,248,249,241,259,242,bov,ycg,yrg,asq,xbz
1130501,247,255,257,243,253,dzt,nhy,cwm,cfj,lzg
1130502,244,259,257,251,243,vjz,asq,cwm,nme,cfj
1130503,254,241,243,249,259,hrm,yrg,cfj,ycg,asq
1130504,255,244,249,242,248,nhy,vjz,ycg,xbz,bov
1130505,242,256,248,243,260,xbz,vmp,bov,cfj,mrs
1130506,254,242,244,249,248,hrm,xbz,vjz,ycg,bov
1130507,243,260,256,255,242,cfj,mrs,vmp,nhy,xbz
1130508,253,250,248,246,252,lzg,gla,bov,yof,hyr
1130509,242,260,254,250,241,xbz,mrs,hrm,gla,yrg
1130510,258,247,257,252,241,sqo,dzt,cwm,hyr,yrg
1130511,254,256,249,248,260,hrm,vmp,ycg,bov,mrs
1130512,247,248,246,254,258,dzt,bov,yof,hrm,sqo
1130513,241,243,242,251,259,yrg,cfj,xbz,nme,asq
1130514,251,245,244,248,243,nme,gqp,vjz,bov,cfj
1130515,258,254,255,252,251,sqo,hrm,nhy,hyr,nme
1130516,245,256,252,254,257,gqp,vmp,hyr,hrm,cwm
1130517,252,251,245,254,255,hyr,nme,gqp,hrm,nhy
1130518,244,252,246,254,260,vjz,hyr,yof,hrm,mrs
1130519,245,250,257,241,255,gqp,gla,cwm,yrg,nhy
1130520,244,251,257,256,247,vjz,nme,cwm,vmp,dzt
1130521,257,245,252,241,242,cwm,gqp,hyr,yrg,xbz
1130522,256,260,242,254,258,vmp,mrs,xbz,hrm,sqo
1130523,243,249,250,246,244,cfj,ycg,gla,yof,vjz
1130524,253,247,250,260,241,lzg,dzt,gla,mrs,yrg
1130525,250,242,241,247,251,gla,xbz,yrg,dzt,nme
1130526,251,258,242,244,249,nme,sqo,xbz,vjz,ycg
1130527,258,250,242,241,248,sqo,gla,xbz,yrg,bov
1130528,255,250,245,246,254,nhy,gla,gqp,yof,hrm
1130529,252,260,241,257,245,hyr,mrs,yrg,cwm,gqp
1130530,242,250,243,258,255,xbz,gla,cfj,sqo,nhy
1130531,243,242,249,254,247,cfj,xbz,ycg,hrm,dzt
1130532,249,257,247,260,244,ycg,cwm,dzt,mrs,vjz
1130533,259,253,244,258,242,asq,lzg,vjz,sqo,xbz
1130534,258,249,243,244,245,sqo,ycg,cfj,vjz,gqp
1130535,248,258,243,254,259,bov,sqo,cfj,hrm,asq
1130536,246,245,249,253,258,yof,gqp,ycg,lzg,sqo
1130537,246,250,242,252,247,yof,gla,xbz,hyr,dzt
1130538,258,260,243,241,245,sqo,mrs,cfj,yrg,gqp
1130539,251,248,257,259,250,nme,bov,cwm,asq,gla
1130540,243,242,249,248,244,cfj,xbz,ycg,bov,vjz
1130541,252,250,259,245,256,hyr,gla,asq,gqp,vmp
1130542,257,244,247,245,259,cwm,vjz,dzt,gqp,asq
1130543,249,242,250,257,252,ycg,xbz,gla,cwm,hyr
1130544,253,245,246,249,252,lzg,gqp,yof,ycg,hyr
1130545,259,241,252,253,242,asq,yrg,hyr,lzg,xbz
1130546,252,260,251,242,256,hyr,mrs,nme,xbz,vmp
1130547,250,249,255,257,251,gla,ycg,nhy,cwm,nme
1130548,247,241,249,243,259,dzt,yrg,ycg,cfj,asq
1130549,245,254,250,258,248,gqp,hrm,gla,sqo,bov
1130550,258,243,248,245,247,sqo,cfj,bov,gqp,dzt
1130551,258,251,245,242,247,sqo,nme,gqp,xbz,dzt
1130552,246,248,249,254,257,yof,bov,ycg,hrm,cwm
1130553,260,251,246,253,259,mrs,nme,yof,lzg,asq
1130554,244,257,246,248,259,vjz,cwm,yof,bov,asq
1130555,245,242,250,248,256,gqp,xbz,gla,bov,vmp
1130556,255,249,256,241,254,nhy,ycg,vmp,yrg,hrm
1130557,242,257,248,254,251,xbz,cwm,bov,hrm,nme
1130558,255,241,259,250,258,nhy,yrg,asq,gla,sqo
1130559,255,241,242,245,253,nhy,yrg,xbz,gqp,lzg
1130560,245,252,255,257,254,gqp,hyr,nhy,cwm,hrm
1130561,257,259,258,254,246,cwm,asq,sqo,hrm,yof
1130562,245,244,250,251,257,gqp,vjz,gla,nme,cwm
1130563,249,252,259,250,244,ycg,hyr,asq,gla,vjz
1130564,248,247,246,242,245,bov,dzt,yof,xbz,gqp
1130565,257,254,251,258,248,cwm,hrm,nme,sqo,bov
1130566,254,248,253,257,255,hrm,bov,lzg,cwm,nhy
1130567,241,248,247,250,251,yrg,bov,dzt,gla,nme
1130568,260,254,259,247,256,mrs,hrm,asq,dzt,vmp
1130569,244,246,250,260,259,vjz,yof,gla,mrs,asq
1130570,242,248,241,255,245,xbz,bov,yrg,nhy,gqp
1130571,252,255,244,247,248,hyr,nhy,vjz,dzt,bov
1130572,257,250,254,253,241,cwm,gla,hrm,lzg,yrg
1130573,259,248,252,250,249,asq,bov,hyr,gla,ycg
1130574,244,260,241,242,243,vjz,mrs,yrg,xbz,cfj
1130575,259,260,258,249,242,asq,mrs,sqo,ycg,xbz
1130576,252,246,241,249,254,hyr,yof,yrg,ycg,hrm
1130577,253,244,241,247,243,lzg,vjz,yrg,dzt,cfj
1130578,257,249,256,255,253,cwm,ycg,vmp,nhy,lzg
1130579,259,256,244,241,243,asq,vmp,vjz,yrg,cfj
1130580,249,241,247,256,251,ycg,yrg,dzt,vmp,nme
1130581,255,246,242,254,260,nhy,yof,xbz,hrm,mrs
1130582,243,244,253,251,260,cfj,vjz,lzg,nme,mrs
1130583,247,254,259,242,244,dzt,hrm,asq,xbz,vjz
1130584,244,247,242,260,248,vjz,dzt,xbz,mrs,bov
1130585,243,250,247,248,244,cfj,gla,dzt,bov,vjz
1130586,247,260,241,255,248,dzt,mrs,yrg,nhy,bov
1130587,255,257,249,253,241,nhy,cwm,ycg,lzg,yrg
1130588,246,244,250,242,245,yof,vjz,gla,xbz,gqp
1130589,243,258,254,260,256,cfj,sqo,hrm,mrs,vmp
1130590,243,255,247,252,248,cfj,nhy,dzt,hyr,bov
1130591,241,243,257,244,256,yrg,cfj,cwm,vjz,vmp
1130592,258,243,249,242,245,sqo,cfj,ycg,xbz,gqp
1130593,257,245,244,250,249,cwm,gqp,vjz,gla,ycg
1130594,245,260,255,254,256,gqp,mrs,nhy,hrm,vmp
1130595,248,257,260,246,252,bov,cwm,mrs,yof,hyr
1130596,245,242,244,247,246,gqp,xbz,vjz,dzt,yof
1130597,245,242,258,259,247,gqp,xbz,sqo,asq,dzt
1130598,255,249,253,254,245,nhy,ycg,lzg,hrm,gqp
1130599,244,241,249,243,259,vjz,yrg,ycg,cfj,asq
1130600,256,251,242,252,259,vmp,nme,xbz,hyr,asq
1140001,269,277,280,272,273,hfo,fsj,yfh,anv,hkw
1140002,265,276,262,271,264,ylf,ypd,wah,zrs,xwt
1140003,279,277,266,270,274,btp,fsj,ohl,tnk,nbf
1140004,272,275,265,270,271,anv,eyu,ylf,tnk,zrs
1140005,265,272,276,268,277,ylf,anv,ypd,jke,fsj
1140006,267,265,272,280,277,etj,ylf,anv,yfh,fsj
1140007,263,269,271,278,261,fda,hfo,zrs,poz,cuw
1140008,279,272,270,267,280,btp,anv,tnk,etj,yfh
1140009,270,278,264,265,266,tnk,poz,xwt,ylf,ohl
1140010,269,280,270,263,279,hfo,yfh,tnk,fda,btp
1140011,278,280,273,277,270,poz,yfh,hkw,fsj,tnk
1140012,279,270,267,276,265,btp,tnk,etj,ypd,ylf
1140013,275,272,263,278,274,eyu,anv,fda,poz,nbf
1140014,274,270,263,267,261,nbf,tnk,fda,etj,cuw
1140015,274,270,266,267,279,nbf,tnk,ohl,etj,btp
1140016,266,278,262,271,274,ohl,poz,wah,zrs,nbf
1140017,262,266,275,269,272,wah,ohl,eyu,hfo,anv
1140018,274,279,266,262,271,nbf,btp,ohl,wah,zrs
1140019,278,274,268,266,261,poz,nbf,jke,ohl,cuw
1140020,271,274,265,277,261,zrs,nbf,ylf,fsj,cuw
1140021,263,272,262,265,270,fda,anv,wah,ylf,tnk
1140022,261,278,279,277,274,cuw,poz,btp,fsj,nbf
1140023,270,266,276,273,264,tnk,ohl,ypd,hkw,xwt
1140024,263,264,278,265,266,fda,xwt,poz,ylf,ohl
1140025,274,273,280,265,275,nbf,hkw,yfh,ylf,eyu
1140026,269,279,263,266,273,hfo,btp,fda,ohl,hkw
1140027,272,273,262,270,264,anv,hkw,wah,tnk,xwt
1140028,265,264,273,280,275,ylf,xwt,hkw,yfh,eyu
1140029,262,261,274,273,266,wah,cuw,nbf,hkw,ohl
1140030,279,273,278,263,274,btp,hkw,poz,fda,nbf
1140031,271,275,266,277,273,zrs,eyu,ohl,fsj,hkw
1140032,272,279,270,276,268,anv,btp,tnk,ypd,jke
1140033,267,263,265,270,277,etj,fda,ylf,tnk,fsj
1140034,267,266,262,270,274,etj,ohl,wah,tnk,nbf
1140035,271,268,280,263,270,zrs,jke,yfh,fda,tnk
1140036,275,280,263,268,277,eyu,yfh,fda,jke,fsj
1140037,267,278,264,261,269,etj,poz,xwt,cuw,hfo
1140038,263,273,270,280,277,fda,hkw,tnk,yfh,fsj
1140039,279,274,268,269,278,btp,nbf,jke,hfo,poz
1140040,277,270,273,275,261,fsj,tnk,hkw,eyu,cuw
1140041,261,263,266,269,274,cuw,fda,ohl,hfo,nbf
1140042,268,277,264,274,280,jke,fsj,xwt,nbf,yfh
1140043,279,269,277,275,271,btp,hfo,fsj,eyu,zrs
1140044,269,265,277,275,266,hfo,ylf,fsj,eyu,ohl
1140045,261,262,269,275,272,cuw,wah,hfo,eyu,anv
1140046,269,262,276,278,279,hfo,wah,ypd,poz,btp
1140047,262,276,267,268,274,wah,ypd,etj,jke,nbf
1140048,273,267,277,263,278,hkw,etj,fsj,fda,poz
1140049,279,269,263,270,274,btp,hfo,fda,tnk,nbf
1140050,273,261,267,270,266,hkw,cuw,etj,tnk,ohl
1140051,265,263,271,273,264,ylf,fda,zrs,hkw,xwt
1140052,273,271,280,270,272,hkw,zrs,yfh,tnk,anv
1140053,266,270,264,272,262,ohl,tnk,xwt,anv,wah
1140054,276,275,263,280,265,ypd,eyu,fda,yfh,ylf
1140055,263,261,279,271,267,fda,cuw,btp,zrs,etj
1140056,265,262,263,279,276,ylf,wah,fda,btp,ypd
1140057,280,269,274,276,273,yfh,hfo,nbf,ypd,hkw
1140058,267,270,278,275,265,etj,tnk,poz,eyu,ylf
1140059,277,271,273,261,279,fsj,zrs,hkw,cuw,btp
1140060,273,262,277,269,265,hkw,wah,fsj,hfo,ylf
1140061,272,263,268,262,280,anv,fda,jke,wah,yfh
1140062,270,265,268,278,280,tnk,ylf,jke,poz,yfh
1140063,280,274,264,271,265,yfh,nbf,xwt,zrs,ylf
1140064,275,274,265,271,264,eyu,nbf,ylf,zrs,xwt
1140065,267,272,273,265,274,etj,anv,hkw,ylf,nbf
1140066,261,262,274,276,263,cuw,wah,nbf,ypd,fda
1140067,274,278,268,265,271,nbf,poz,jke,ylf,zrs
1140068,268,280,272,278,266,jke,yfh,anv,poz,ohl
1140069,261,276,279,265,269,cuw,ypd,btp,ylf,hfo
1140070,278,271,272,274,267,poz,zrs,anv,nbf,etj
1140071,277,274,279,271,269,fsj,nbf,btp,zrs,hfo
1140072,277,270,269,272,276,fsj,tnk,hfo,anv,ypd
1140073,278,263,265,274,269,poz,fda,ylf,nbf,hfo
1140074,270,276,275,269,268,tnk,ypd,eyu,hfo,jke
1140075,271,274,267,280,265,zrs,nbf,etj,yfh,ylf
1140076,277,261,268,275,262,fsj,cuw,jke,eyu,wah
1140077,280,276,262,277,268,yfh,ypd,wah,fsj,jke
1140078,277,278,271,272,276,fsj,poz,zrs,anv,ypd
1140079,279,269,273,270,264,btp,hfo,hkw,tnk,xwt
1140080,279,269,276,275,268,btp,hfo,ypd,eyu,jke
1140081,278,273,262,272,264,poz,hkw,wah,anv,xwt
1140082,265,275,267,271,269,ylf,eyu,etj,zrs,hfo
1140083,265,277,272,273,269,ylf,fsj,anv,hkw,hfo
1140084,278,279,270,263,280,poz,btp,tnk,fda,yfh
1140085,269,274,267,270,280,hfo,nbf,etj,tnk,yfh
1140086,262,279,274,280,266,wah,btp,nbf,yfh,ohl
1140087,265,273,270,272,278,ylf,hkw,tnk,anv,poz
1140088,261,274,271,266,270,cuw,nbf,zrs,ohl,tnk
1140089,277,272,270,273,280,fsj,anv,tnk,hkw,yfh
1140090,271,272,278,274,263,zrs,anv,poz,nbf,fda
1140091,271,270,261,280,276,zrs,tnk,cuw,yfh,ypd
1140092,272,279,268,274,276,anv,btp,jke,nbf,ypd
1140093,269,280,275,263,268,hfo,yfh,eyu,fda,jke
1140094,280,263,266,269,276,yfh,fda,ohl,hfo,ypd
1140095,271,267,279,268,262,zrs,etj,btp,jke,wah
1140096,274,262,267,265,277,nbf,wah,etj,ylf,fsj
1140097,278,275,267,264,276,poz,eyu,etj,xwt,ypd
1140098,276,264,275,280,269,ypd,xwt,eyu,yfh,hfo
1140099,276,273,278,277,275,ypd,hkw,poz,fsj,eyu
1140100,269,262,279,268,277,hfo,wah,btp,jke,fsj
1140101,278,269,268,261,263,poz,hfo,jke,cuw,fda
1140102,278,269,276,262,265,poz,hfo,ypd,wah,ylf
1140103,279,261,269,262,267,btp,cuw,hfo,wah,etj
1140104,276,268,267,277,274,ypd,jke,etj,fsj,nbf
1140105,271,280,272,279,278,zrs,yfh,anv,btp,poz
1140106,270,273,275,280,265,tnk,hkw,eyu,yfh,ylf
1140107,279,275,261,276,280,btp,eyu,cuw,ypd,yfh
1140108,262,278,272,271,273,wah,poz,anv,zrs,hkw
1140109,267,264,270,278,271,etj,xwt,tnk,poz,zrs
1140110,263,276,269,264,277,fda,ypd,hfo,xwt,fsj
1140111,276,272,273,279,267,ypd,anv,hkw,btp,etj
1140112,265,278,276,271,267,ylf,poz,ypd,zrs,etj
1140113,279,267,263,278,276,btp,etj,fda,poz,ypd
1140114,270,267,266,263,273,tnk,etj,ohl,fda,hkw
1140115,274,269,280,267,279,nbf,hfo,yfh,etj,btp
1140116,263,267,279,264,262,fda,etj,btp,xwt,wah
1140117,275,280,274,267,277,eyu,yfh,nbf,etj,fsj
1140118,276,265,275,270,267,ypd,ylf,eyu,tnk,etj
1140119,272,268,279,273,261,anv,jke,btp,hkw,cuw
1140120,275,277,269,279,278,eyu,fsj,hfo,btp,poz
1140121,273,265,261,264,275,hkw,ylf,cuw,xwt,eyu
1140122,274,264,275,279,270,nbf,xwt,eyu,btp,tnk
1140123,270,275,272,279,262,tnk,eyu,anv,btp,wah
1140124,271,265,270,276,278,zrs,ylf,tnk,ypd,poz
1140125,278,275,279,267,277,poz,eyu,btp,etj,fsj
1140126,266,278,277,268,271,ohl,poz,fsj,jke,zrs
1140127,274,273,275,272,279,nbf,hkw,eyu,anv,btp
1140128,276,269,265,277,280,ypd,hfo,ylf,fsj,yfh
1140129,262,265,277,268,263,wah,ylf,fsj,jke,fda
1140130,264,265,272,273,280,xwt,ylf,anv,hkw,yfh
1140131,274,273,279,262,278,nbf,hkw,btp,wah,poz
1140132,265,275,270,261,268,ylf,eyu,tnk,cuw,jke
1140133,274,267,269,261,270,nbf,etj,hfo,cuw,tnk
1140134,280,261,274,278,277,yfh,cuw,nbf,poz,fsj
1140135,277,280,266,276,265,fsj,yfh,ohl,ypd,ylf
1140136,269,265,275,267,277,hfo,ylf,eyu,etj,fsj
1140137,266,264,273,269,265,ohl,xwt,hkw,hfo,ylf
1140138,273,267,270,268,277,hkw,etj,tnk,jke,fsj
1140139,267,263,264,278,280,etj,fda,xwt,poz,yfh
1140140,265,278,273,267,274,ylf,poz,hkw,etj,nbf
1140141,261,264,274,275,278,cuw,xwt,nbf,eyu,poz
1140142,271,270,273,276,265,zrs,tnk,hkw,ypd,ylf
1140143,265,277,261,266,271,ylf,fsj,cuw,ohl,zrs
1140144,275,276,261,268,277,eyu,ypd,cuw,jke,fsj
1140145,272,277,280,269,274,anv,fsj,yfh,hfo,nbf
1140146,280,274,270,263,261,yfh,nbf,tnk,fda,cuw
1140147,280,278,268,266,277,yfh,poz,jke,ohl,fsj
1140148,261,269,268,266,278,cuw,hfo,jke,ohl,poz
1140149,275,263,262,274,265,eyu,fda,wah,nbf,ylf
1140150,272,279,280,262,264,anv,btp,yfh,wah,xwt
1140151,267,278,264,263,276,etj,poz,xwt,fda,ypd
1140152,275,268,278,267,271,eyu,jke,poz,etj,zrs
1140153,262,269,278,268,279,wah,hfo,poz,jke,btp
1140154,264,267,274,261,279,xwt,etj,nbf,cuw,btp
1140155,275,271,269,280,279,eyu,zrs,hfo,yfh,btp
1140156,277,270,276,278,264,fsj,tnk,ypd,poz,xwt
1140157,270,272,271,273,269,tnk,anv,zrs,hkw,hfo
1140158,262,280,268,275,278,wah,yfh,jke,eyu,poz
1140159,269,276,274,271,261,hfo,ypd,nbf,zrs,cuw
1140160,267,279,275,264,262,etj,btp,eyu,xwt,wah
1140161,269,261,273,265,280,hfo,cuw,hkw,ylf,yfh
1140162,273,263,276,277,266,hkw,fda,ypd,fsj,ohl
1140163,271,275,278,267,262,zrs,eyu,poz,etj,wah
1140164,273,267,264,269,266,hkw,etj,xwt,hfo,ohl
1140165,266,279,276,272,274,ohl,btp,ypd,anv,nbf
1140166,264,269,267,273,276,xwt,hfo,etj,hkw,ypd
1140167,261,278,268,279,271,cuw,poz,jke,btp,zrs
1140168,267,265,262,279,278,etj,ylf,wah,btp,poz
1140169,274,279,275,268,277,nbf,btp,eyu,jke,fsj
1140170,279,270,267,268,271,btp,tnk,etj,jke,zrs
1140171,266,271,263,278,270,ohl,zrs,fda,poz,tnk
1140172,269,265,274,262,268,hfo,ylf,nbf,wah,jke
1140173,274,271,277,280,262,nbf,zrs,fsj,yfh,wah
1140174,266,273,274,270,267,ohl,hkw,nbf,tnk,etj
1140175,273,276,268,261,279,hkw,ypd,jke,cuw,btp
1140176,276,272,279,278,264,ypd,anv,btp,poz,xwt
1140177,278,262,261,271,266,poz,wah,cuw,zrs,ohl
1140178,276,261,272,264,263,ypd,cuw,anv,xwt,fda
1140179,269,265,280,279,264,hfo,ylf,yfh,btp,xwt
1140180,274,271,263,270,266,nbf,zrs,fda,tnk,ohl
1140181,276,262,274,268,280,ypd,wah,nbf,jke,yfh
1140182,277,268,278,272,265,fsj,jke,poz,anv,ylf
1140183,276,278,280,272,279,ypd,poz,yfh,anv,btp
1140184,264,275,267,263,280,xwt,eyu,etj,fda,yfh
1140185,278,280,268,276,275,poz,yfh,jke,ypd,eyu
1140186,276,269,266,279,278,ypd,hfo,ohl,btp,poz
1140187,262,279,270,273,277,wah,btp,tnk,hkw,fsj
1140188,280,278,274,262,269,yfh,poz,nbf,wah,hfo
1140189,272,265,264,266,267,anv,ylf,xwt,ohl,etj
1140190,261,279,268,274,278,cuw,btp,jke,nbf,poz
1140191,268,264,266,280,261,jke,xwt,ohl,yfh,cuw
1140192,263,275,276,277,274,fda,eyu,ypd,fsj,nbf
1140193,278,262,263,273,270,poz,wah,fda,hkw,tnk
1140194,267,270,265,263,278,etj,tnk,ylf,fda,poz
1140195,278,261,264,279,271,poz,cuw,xwt,btp,zrs
1140196,273,269,265,280,275,hkw,hfo,ylf,yfh,eyu
1140197,273,279,277,264,266,hkw,btp,fsj,xwt,ohl
1140198,279,273,262,278,276,btp,hkw,wah,poz,ypd
1140199,270,274,261,273,263,tnk,nbf,cuw,hkw,fda
1140200,274,265,279,271,261,nbf,ylf,btp,zrs,cuw
1140201,270,267,271,268,264,tnk,etj,zrs,jke,xwt
1140202,275,276,272,270,262,eyu,ypd,anv,tnk,wah
1140203,277,269,268,279,274,fsj,hfo,jke,btp,nbf
1140204,263,261,276,262,277,fda,cuw,ypd,wah,fsj
1140205,262,277,261,263,272,wah,fsj,cuw,fda,anv
1140206,280,271,261,272,275,yfh,zrs,cuw,anv,eyu
1140207,274,271,265,269,279,nbf,zrs,ylf,hfo,btp
1140208,267,265,262,264,261,etj,ylf,wah,xwt,cuw
1140209,274,264,261,271,265,nbf,xwt,cuw,zrs,ylf
1140210,262,268,267,263,269,wah,jke,etj,fda,hfo
1140211,273,261,267,269,275,hkw,cuw,etj,hfo,eyu
1140212,276,271,262,272,261,ypd,zrs,wah,anv,cuw
1140213,276,270,271,266,273,ypd,tnk,zrs,ohl,hkw
1140214,270,267,272,268,277,tnk,etj,anv,jke,fsj
1140215,263,262,272,270,268,fda,wah,anv,tnk,jke
1140216,280,265,273,268,274,yfh,ylf,hkw,jke,nbf
1140217,271,266,278,261,268,zrs,ohl,poz,cuw,jke
1140218,271,276,274,263,278,zrs,ypd,nbf,fda,poz
1140219,271,276,273,278,267,zrs,ypd,hkw,poz,etj
1140220,261,265,262,280,270,cuw,ylf,wah,yfh,tnk
1140221,261,271,278,273,266,cuw,zrs,poz,hkw,ohl
1140222,272,267,265,263,279,anv,etj,ylf,fda,btp
1140223,266,270,269,278,275,ohl,tnk,hfo,poz,eyu
1140224,263,268,279,278,266,fda,jke,btp,poz,ohl
1140225,274,270,278,263,265,nbf,tnk,poz,fda,ylf
1140226,274,265,262,273,278,nbf,ylf,wah,hkw,poz
1140227,274,272,280,276,265,nbf,anv,yfh,ypd,ylf
1140228,268,272,267,264,262,jke,anv,etj,xwt,wah
1140229,277,278,274,265,280,fsj,poz,nbf,ylf,yfh
1140230,263,273,262,264,277,fda,hkw,wah,xwt,fsj
1140231,278,261,280,267,277,poz,cuw,yfh,etj,fsj
1140232,261,265,279,267,266,cuw,ylf,btp,etj,ohl
1140233,266,278,272,276,277,ohl,poz,anv,ypd,fsj
1140234,280,279,269,262,270,yfh,btp,hfo,wah,tnk
1140235,268,277,267,266,270,jke,fsj,etj,ohl,tnk
1140236,262,276,273,279,268,wah,ypd,hkw,btp,jke
1140237,265,267,266,271,272,ylf,etj,ohl,zrs,anv
1140238,269,277,267,263,261,hfo,fsj,etj,fda,cuw
1140239,278,265,264,262,274,poz,ylf,xwt,wah,nbf
1140240,261,273,268,276,270,cuw,hkw,jke,ypd,tnk
1140241,278,264,277,266,262,poz,xwt,fsj,ohl,wah
1140242,273,261,272,277,268,hkw,cuw,anv,fsj,jke
1140243,269,272,279,265,276,hfo,anv,btp,ylf,ypd
1140244,266,274,277,276,263,ohl,nbf,fsj,ypd,fda
1140245,263,278,273,269,272,fda,poz,hkw,hfo,anv
1140246,265,274,262,270,276,ylf,nbf,wah,tnk,ypd
1140247,266,262,273,276,279,ohl,wah,hkw,ypd,btp
1140248,262,279,265,276,280,wah,btp,ylf,ypd,yfh
1140249,280,276,279,266,275,yfh,ypd,btp,ohl,eyu
1140250,264,271,279,266,265,xwt,zrs,btp,ohl,ylf
1140251,279,274,261,271,262,btp,nbf,cuw,zrs,wah
1140252,266,269,277,268,280,ohl,hfo,fsj,jke,yfh
1140253,264,265,278,275,279,xwt,ylf,poz,eyu,btp
1140254,278,276,272,262,265,poz,ypd,anv,wah,ylf
1140255,265,263,270,278,269,ylf,fda,tnk,poz,hfo
1140256,276,275,272,277,261,ypd,eyu,anv,fsj,cuw
1140257,261,268,278,276,271,cuw,jke,poz,ypd,zrs
1140258,275,261,264,279,262,eyu,cuw,xwt,btp,wah
1140259,265,261,262,266,273,ylf,cuw,wah,ohl,hkw
1140260,262,261,268,274,267,wah,cuw,jke,nbf,etj
1140261,274,273,267,263,270,nbf,hkw,etj,fda,tnk
1140262,275,271,261,277,279,eyu,zrs,cuw,fsj,btp
1140263,261,277,262,270,274,cuw,fsj,wah,tnk,nbf
1140264,263,268,261,277,273,fda,jke,cuw,fsj,hkw
1140265,262,270,274,264,267,wah,tnk,nbf,xwt,etj
1140266,280,267,274,266,269,yfh,etj,nbf,ohl,hfo
1140267,267,277,276,280,263,etj,fsj,ypd,yfh,fda
1140268,277,278,275,265,261,fsj,poz,eyu,ylf,cuw
1140269,262,280,261,268,275,wah,yfh,cuw,jke,eyu
1140270,278,266,267,274,262,poz,ohl,etj,nbf,wah
1140271,262,280,267,279,278,wah,yfh,etj,btp,poz
1140272,278,277,274,272,270,poz,fsj,nbf,anv,tnk
1140273,264,261,265,268,266,xwt,cuw,ylf,jke,ohl
1140274,271,262,267,264,278,zrs,wah,etj,xwt,poz
1140275,261,266,273,280,269,cuw,ohl,hkw,yfh,hfo
1140276,266,261,280,269,278,ohl,cuw,yfh,hfo,poz
1140277,273,277,266,275,267,hkw,fsj,ohl,eyu,etj
1140278,275,261,269,265,263,eyu,cuw,hfo,ylf,fda
1140279,279,277,265,268,280,btp,fsj,ylf,jke,yfh
1140280,269,262,274,279,272,hfo,wah,nbf,btp,anv
1140281,277,274,267,278,270,fsj,nbf,etj,poz,tnk
1140282,279,266,268,278,269,btp,ohl,jke,poz,hfo
1140283,274,268,277,273,272,nbf,jke,fsj,hkw,anv
1140284,267,272,278,277,261,etj,anv,poz,fsj,cuw
1140285,261,277,262,280,276,cuw,fsj,wah,yfh,ypd
1140286,276,278,269,266,263,ypd,poz,hfo,ohl,fda
1140287,270,272,265,266,279,tnk,anv,ylf,ohl,btp
1140288,273,276,280,277,267,hkw,ypd,yfh,fsj,etj
1140289,268,274,272,264,273,jke,nbf,anv,xwt,hkw
1140290,269,275,279,267,274,hfo,eyu,btp,etj,nbf
1140291,269,278,267,280,266,hfo,poz,etj,yfh,ohl
1140292,276,280,277,278,271,ypd,yfh,fsj,poz,zrs
1140293,264,267,273,278,261,xwt,etj,hkw,poz,cuw
1140294,277,262,265,269,272,fsj,wah,ylf,hfo,anv
1140295,273,272,275,274,265,hkw,anv,eyu,nbf,ylf
1140296,262,279,269,278,272,wah,btp,hfo,poz,anv
1140297,269,266,277,275,267,hfo,ohl,fsj,eyu,etj
1140298,264,276,262,278,275,xwt,ypd,wah,poz,eyu
1140299,261,275,263,267,271,cuw,eyu,fda,etj,zrs
1140300,270,262,280,274,263,tnk,wah,yfh,nbf,fda
1140301,265,268,267,266,275,ylf,jke,etj,ohl,eyu
1140302,266,265,275,280,264,ohl,ylf,eyu,yfh,xwt
1140303,264,269,277,261,263,xwt,hfo,fsj,cuw,fda
1140304,263,264,268,275,267,fda,xwt,jke,eyu,etj
1140305,261,274,278,275,276,cuw,nbf,poz,eyu,ypd
1140306,265,278,268,279,273,ylf,poz,jke,btp,hkw
1140307,271,266,269,268,280,zrs,ohl,hfo,jke,yfh
1140308,280,277,267,269,266,yfh,fsj,etj,hfo,ohl
1140309,278,263,268,262,267,poz,fda,jke,wah,etj
1140310,266,264,276,267,272,ohl,xwt,ypd,etj,anv
1140311,276,263,264,272,279,ypd,fda,xwt,anv,btp
1140312,271,270,269,279,273,zrs,tnk,hfo,btp,hkw
1140313,271,261,266,278,269,zrs,cuw,ohl,poz,hfo
1140314,270,261,276,269,278,tnk,cuw,ypd,hfo,poz
1140315,267,276,273,265,261,etj,ypd,hkw,ylf,cuw
1140316,274,269,265,268,261,nbf,hfo,ylf,jke,cuw
1140317,267,279,266,261,280,etj,btp,ohl,cuw,yfh
1140318,265,272,274,275,262,ylf,anv,nbf,eyu,wah
1140319,264,280,273,279,271,xwt,yfh,hkw,btp,zrs
1140320,272,264,273,261,274,anv,xwt,hkw,cuw,nbf
1140321,269,275,261,274,280,hfo,eyu,cuw,nbf,yfh
1140322,262,270,272,275,279,wah,tnk,anv,eyu,btp
1140323,268,272,261,273,276,jke,anv,cuw,hkw,ypd
1140324,279,263,264,273,274,btp,fda,xwt,hkw,nbf
1140325,271,273,274,261,267,zrs,hkw,nbf,cuw,etj
1140326,263,272,275,277,268,fda,anv,eyu,fsj,jke
1140327,276,271,273,263,277,ypd,zrs,hkw,fda,fsj
1140328,270,261,278,268,269,tnk,cuw,poz,jke,hfo
1140329,262,270,266,280,268,wah,tnk,ohl,yfh,jke
1140330,265,272,269,268,270,ylf,anv,hfo,jke,tnk
1140331,274,279,261,262,277,nbf,btp,cuw,wah,fsj
1140332,272,279,261,262,263,anv,btp,cuw,wah,fda
1140333,265,263,275,276,271,ylf,fda,eyu,ypd,zrs
1140334,261,275,277,262,280,cuw,eyu,fsj,wah,yfh
1140335,266,269,267,272,274,ohl,hfo,etj,anv,nbf
1140336,265,277,269,262,270,ylf,fsj,hfo,wah,tnk
1140337,268,277,278,275,266,jke,fsj,poz,eyu,ohl
1140338,277,267,271,278,266,fsj,etj,zrs,poz,ohl
1140339,270,273,276,274,277,tnk,hkw,ypd,nbf,fsj
1140340,269,277,272,271,266,hfo,fsj,anv,zrs,ohl
1140341,266,276,269,274,277,ohl,ypd,hfo,nbf,fsj
1140342,269,268,279,280,273,hfo,jke,btp,yfh,hkw
1140343,268,277,271,274,266,jke,fsj,zrs,nbf,ohl
1140344,267,268,272,269,263,etj,jke,anv,hfo,fda
1140345,262,264,271,272,270,wah,xwt,zrs,anv,tnk
1140346,267,274,275,266,263,etj,nbf,eyu,ohl,fda
1140347,271,261,266,263,277,zrs,cuw,ohl,fda,fsj
1140348,261,264,277,280,262,cuw,xwt,fsj,yfh,wah
1140349,270,267,265,276,272,tnk,etj,ylf,ypd,anv
1140350,263,278,264,280,276,fda,poz,xwt,yfh,ypd
1140351,277,275,271,279,269,fsj,eyu,zrs,btp,hfo
1140352,280,267,269,276,270,yfh,etj,hfo,ypd,tnk
1140353,266,270,267,263,271,ohl,tnk,etj,fda,zrs
1140354,273,264,279,275,262,hkw,xwt,btp,eyu,wah
1140355,277,280,266,265,275,fsj,yfh,ohl,ylf,eyu
1140356,264,271,261,274,268,xwt,zrs,cuw,nbf,jke
1140357,278,266,277,261,267,poz,ohl,fsj,cuw,etj
1140358,277,263,273,265,266,fsj,fda,hkw,ylf,ohl
1140359,277,276,268,265,263,fsj,ypd,jke,ylf,fda
1140360,278,268,272,277,273,poz,jke,anv,fsj,hkw
1140361,262,266,265,272,268,wah,ohl,ylf,anv,jke
1140362,273,274,266,278,263,hkw,nbf,ohl,poz,fda
1140363,274,276,275,272,269,nbf,ypd,eyu,anv,hfo
1140364,261,278,275,262,274,cuw,poz,eyu,wah,nbf
1140365,273,276,271,279,275,hkw,ypd,zrs,btp,eyu
1140366,272,264,270,261,275,anv,xwt,tnk,cuw,eyu
1140367,265,267,279,276,277,ylf,etj,btp,ypd,fsj
1140368,265,262,275,280,274,ylf,wah,eyu,yfh,nbf
1140369,263,271,272,267,277,fda,zrs,anv,etj,fsj
1140370,275,270,266,264,276,eyu,tnk,ohl,xwt,ypd
1140371,267,275,270,279,277,etj,eyu,tnk,btp,fsj
1140372,274,272,268,266,264,nbf,anv,jke,ohl,xwt
1140373,274,268,275,267,261,nbf,jke,eyu,etj,cuw
1140374,280,277,270,269,273,yfh,fsj,tnk,hfo,hkw
1140375,280,267,266,273,274,yfh,etj,ohl,hkw,nbf
1140376,271,277,280,266,273,zrs,fsj,yfh,ohl,hkw
1140377,280,278,273,271,261,yfh,poz,hkw,zrs,cuw
1140378,261,272,279,277,271,cuw,anv,btp,fsj,zrs
1140379,265,279,280,271,276,ylf,btp,yfh,zrs,ypd
1140380,278,270,275,273,262,poz,tnk,eyu,hkw,wah
1140381,280,265,273,262,268,yfh,ylf,hkw,wah,jke
1140382,270,275,267,273,274,tnk,eyu,etj,hkw,nbf
1140383,264,266,267,277,280,xwt,ohl,etj,fsj,yfh
1140384,273,275,268,277,274,hkw,eyu,jke,fsj,nbf
1140385,271,280,274,267,278,zrs,yfh,nbf,etj,poz
1140386,279,261,274,277,268,btp,cuw,nbf,fsj,jke
1140387,261,270,271,262,276,cuw,tnk,zrs,wah,ypd
1140388,269,264,276,261,271,hfo,xwt,ypd,cuw,zrs
1140389,262,269,277,261,270,wah,hfo,fsj,cuw,tnk
1140390,263,272,276,266,268,fda,anv,ypd,ohl,jke
1140391,267,266,270,269,271,etj,ohl,tnk,hfo,zrs
1140392,272,273,268,269,276,anv,hkw,jke,hfo,ypd
1140393,278,273,274,267,270,poz,hkw,nbf,etj,tnk
1140394,262,272,266,273,271,wah,anv,ohl,hkw,zrs
1140395,274,265,275,268,263,nbf,ylf,eyu,jke,fda
1140396,277,269,271,270,273,fsj,hfo,zrs,tnk,hkw
1140397,267,266,279,262,265,etj,ohl,btp,wah,ylf
1140398,267,264,276,272,261,etj,xwt,ypd,anv,cuw
1140399,271,270,280,276,272,zrs,tnk,yfh,ypd,anv
1140400,270,278,266,272,264,tnk,poz,ohl,anv,xwt
1140401,262,271,267,280,272,wah,zrs,etj,yfh,anv
1140402,272,266,276,274,273,anv,ohl,ypd,nbf,hkw
1140403,270,275,265,269,261,tnk,eyu,ylf,hfo,cuw
1140404,271,268,272,269,261,zrs,jke,anv,hfo,cuw
1140405,271,273,262,275,278,zrs,hkw,wah,eyu,poz
1140406,270,271,269,272,267,tnk,zrs,hfo,anv,etj
1140407,280,273,277,265,268,yfh,hkw,fsj,ylf,jke
1140408,276,262,275,267,279,ypd,wah,eyu,etj,btp
1140409,274,266,265,269,278,nbf,ohl,ylf,hfo,poz
1140410,273,279,272,275,267,hkw,btp,anv,eyu,etj
1140411,269,278,266,271,265,hfo,poz,ohl,zrs,ylf
1140412,269,272,280,270,273,hfo,anv,yfh,tnk,hkw
1140413,278,270,264,262,263,poz,tnk,xwt,wah,fda
1140414,274,271,264,273,261,nbf,zrs,xwt,hkw,cuw
1140415,262,280,277,267,266,wah,yfh,fsj,etj,ohl
1140416,279,278,274,270,269,btp,poz,nbf,tnk,hfo
1140417,276,272,280,262,278,ypd,anv,yfh,wah,poz
1140418,266,261,269,274,271,ohl,cuw,hfo,nbf,zrs
1140419,280,262,264,268,275,yfh,wah,xwt,jke,eyu
1140420,272,274,271,268,278,anv,nbf,zrs,jke,poz
1140421,265,271,268,279,262,ylf,zrs,jke,btp,wah
1140422,270,266,280,279,278,tnk,ohl,yfh,btp,poz
1140423,270,279,261,263,265,tnk,btp,cuw,fda,ylf
1140424,268,274,279,271,261,jke,nbf,btp,zrs,cuw
1140425,276,266,274,268,264,ypd,ohl,nbf,jke,xwt
1140426,270,277,275,278,265,tnk,fsj,eyu,poz,ylf
1140427,279,263,271,268,269,btp,fda,zrs,jke,hfo
1140428,274,276,269,280,263,nbf,ypd,hfo,yfh,fda
1140429,264,262,277,265,276,xwt,wah,fsj,ylf,ypd
1140430,279,278,263,262,261,btp,poz,fda,wah,cuw
1140431,264,271,265,275,276,xwt,zrs,ylf,eyu,ypd
1140432,272,268,266,264,273,anv,jke,ohl,xwt,hkw
1140433,268,261,269,277,275,jke,cuw,hfo,fsj,eyu
1140434,271,278,270,262,277,zrs,poz,tnk,wah,fsj
1140435,270,264,275,267,263,tnk,xwt,eyu,etj,fda
1140436,278,267,275,263,261,poz,etj,eyu,fda,cuw
1140437,274,261,279,266,275,nbf,cuw,btp,ohl,eyu
1140438,262,280,265,278,271,wah,yfh,ylf,poz,zrs
1140439,274,275,263,270,278,nbf,eyu,fda,tnk,poz
1140440,261,267,262,275,264,cuw,etj,wah,eyu,xwt
1140441,280,274,262,265,275,yfh,nbf,wah,ylf,eyu
1140442,278,261,268,272,270,poz,cuw,jke,anv,tnk
1140443,277,280,279,265,262,fsj,yfh,btp,ylf,wah
1140444,280,263,266,274,271,yfh,fda,ohl,nbf,zrs
1140445,261,279,263,273,276,cuw,btp,fda,hkw,ypd
1140446,264,271,263,270,276,xwt,zrs,fda,tnk,ypd
1140447,277,280,265,272,269,fsj,yfh,ylf,anv,hfo
1140448,271,276,278,261,269,zrs,ypd,poz,cuw,hfo
1140449,277,270,272,264,280,fsj,tnk,anv,xwt,yfh
1140450,277,280,278,269,265,fsj,yfh,poz,hfo,ylf
1140451,265,270,272,276,279,ylf,tnk,anv,ypd,btp
1140452,271,270,266,268,264,zrs,tnk,ohl,jke,xwt
1140453,275,272,271,267,268,eyu,anv,zrs,etj,jke
1140454,269,277,266,273,271,hfo,fsj,ohl,hkw,zrs
1140455,271,278,273,268,279,zrs,poz,hkw,jke,btp
1140456,261,262,274,278,269,cuw,wah,nbf,poz,hfo
1140457,266,277,270,268,264,ohl,fsj,tnk,jke,xwt
1140458,280,275,261,276,266,yfh,eyu,cuw,ypd,ohl
1140459,265,274,264,269,268,ylf,nbf,xwt,hfo,jke
1140460,264,272,262,274,273,xwt,anv,wah,nbf,hkw
1140461,266,272,270,274,267,ohl,anv,tnk,nbf,etj
1140462,261,273,269,280,262,cuw,hkw,hfo,yfh,wah
1140463,271,264,267,266,280,zrs,xwt,etj,ohl,yfh
1140464,274,264,266,263,275,nbf,xwt,ohl,fda,eyu
1140465,276,264,263,277,267,ypd,xwt,fda,fsj,etj
1140466,274,262,276,275,271,nbf,wah,ypd,eyu,zrs
1140467,261,266,269,262,263,cuw,ohl,hfo,wah,fda
1140468,280,267,269,265,271,yfh,etj,hfo,ylf,zrs
1140469,266,280,270,269,268,ohl,yfh,tnk,hfo,jke
1140470,269,264,271,267,273,hfo,xwt,zrs,etj,hkw
1140471,264,276,279,280,261,xwt,ypd,btp,yfh,cuw
1140472,278,266,265,272,275,poz,ohl,ylf,anv,eyu
1140473,261,279,268,266,265,cuw,btp,jke,ohl,ylf
1140474,275,263,274,273,279,eyu,fda,nbf,hkw,btp
1140475,279,262,270,265,274,btp,wah,tnk,ylf,nbf
1140476,277,273,276,266,271,fsj,hkw,ypd,ohl,zrs
1140477,264,262,271,274,269,xwt,wah,zrs,nbf,hfo
1140478,277,273,279,274,261,fsj,hkw,btp,nbf,cuw
1140479,269,266,279,263,271,hfo,ohl,btp,fda,zrs
1140480,269,265,264,273,267,hfo,ylf,xwt,hkw,etj
1140481,279,261,262,275,266,btp,cuw,wah,eyu,ohl
1140482,262,270,266,277,275,wah,tnk,ohl,fsj,eyu
1140483,262,268,263,272,271,wah,jke,fda,anv,zrs
1140484,274,278,273,265,276,nbf,poz,hkw,ylf,ypd
1140485,265,277,274,275,261,ylf,fsj,nbf,eyu,cuw
1140486,277,264,280,274,265,fsj,xwt,yfh,nbf,ylf
1140487,280,261,269,268,262,yfh,cuw,hfo,jke,wah
1140488,261,262,278,274,275,cuw,wah,poz,nbf,eyu
1140489,278,261,269,265,271,poz,cuw,hfo,ylf,zrs
1140490,277,280,261,267,270,fsj,yfh,cuw,etj,tnk
1140491,265,274,280,267,277,ylf,nbf,yfh,etj,fsj
1140492,278,274,263,279,264,poz,nbf,fda,btp,xwt
1140493,269,261,266,267,265,hfo,cuw,ohl,etj,ylf
1140494,274,277,276,263,280,nbf,fsj,ypd,fda,yfh
1140495,264,276,272,265,279,xwt,ypd,anv,ylf,btp
1140496,266,270,261,262,272,ohl,tnk,cuw,wah,anv
1140497,266,274,278,280,275,ohl,nbf,poz,yfh,eyu
1140498,280,278,262,269,273,yfh,poz,wah,hfo,hkw
1140499,263,267,274,261,271,fda,etj,nbf,cuw,zrs
1140500,268,269,261,279,262,jke,hfo,cuw,btp,wah
1140501,267,275,277,263,273,etj,eyu,fsj,fda,hkw
1140502,264,279,277,271,263,xwt,btp,fsj,zrs,fda
1140503,274,261,263,269,279,nbf,cuw,fda,hfo,btp
1140504,275,264,269,262,268,eyu,xwt,hfo,wah,jke
1140505,262,276,268,263,280,wah,ypd,jke,fda,yfh
1140506,274,262,264,269,268,nbf,wah,xwt,hfo,jke
1140507,263,280,276,275,262,fda,yfh,ypd,eyu,wah
1140508,273,270,268,266,272,hkw,tnk,jke,ohl,anv
1140509,262,280,274,270,261,wah,yfh,nbf,tnk,cuw
1140510,278,267,277,272,261,poz,etj,fsj,anv,cuw
1140511,274,276,269,268,280,nbf,ypd,hfo,jke,yfh
1140512,267,268,266,274,278,etj,jke,ohl,nbf,poz
1140513,261,263,262,271,279,cuw,fda,wah,zrs,btp
1140514,271,265,264,268,263,zrs,ylf,xwt,jke,fda
1140515,278,274,275,272,271,poz,nbf,eyu,anv,zrs
1140516,265,276,272,274,277,ylf,ypd,anv,nbf,fsj
1140517,272,271,265,274,275,anv,zrs,ylf,nbf,eyu
1140518,264,272,266,274,280,xwt,anv,ohl,nbf,yfh
1140519,265,270,277,261,275,ylf,tnk,fsj,cuw,eyu
1140520,264,271,277,276,267,xwt,zrs,fsj,ypd,etj
1140521,277,265,272,261,262,fsj,ylf,anv,cuw,wah
1140522,276,280,262,274,278,ypd,yfh,wah,nbf,poz
1140523,263,269,270,266,264,fda,hfo,tnk,ohl,xwt
1140524,273,267,270,280,261,hkw,etj,tnk,yfh,cuw
1140525,270,262,261,267,271,tnk,wah,cuw,etj,zrs
1140526,271,278,262,264,269,zrs,poz,wah,xwt,hfo
1140527,278,270,262,261,268,poz,tnk,wah,cuw,jke
1140528,275,270,265,266,274,eyu,tnk,ylf,ohl,nbf
1140529,272,280,261,277,265,anv,yfh,cuw,fsj,ylf
1140530,262,270,263,278,275,wah,tnk,fda,poz,eyu
1140531,263,262,269,274,267,fda,wah,hfo,nbf,etj
1140532,269,277,267,280,264,hfo,fsj,etj,yfh,xwt
1140533,279,273,264,278,262,btp,hkw,xwt,poz,wah
1140534,278,269,263,264,265,poz,hfo,fda,xwt,ylf
1140535,268,278,263,274,279,jke,poz,fda,nbf,btp
1140536,266,265,269,273,278,ohl,ylf,hfo,hkw,poz
1140537,266,270,262,272,267,ohl,tnk,wah,anv,etj
1140538,278,280,263,261,265,poz,yfh,fda,cuw,ylf
1140539,271,268,277,279,270,zrs,jke,fsj,btp,tnk
1140540,263,262,269,268,264,fda,wah,hfo,jke,xwt
1140541,272,270,279,265,276,anv,tnk,btp,ylf,ypd
1140542,277,264,267,265,279,fsj,xwt,etj,ylf,btp
1140543,269,262,270,277,272,hfo,wah,tnk,fsj,anv
1140544,273,265,266,269,272,hkw,ylf,ohl,hfo,anv
1140545,279,261,272,273,262,btp,cuw,anv,hkw,wah
1140546,272,280,271,262,276,anv,yfh,zrs,wah,ypd
1140547,270,269,275,277,271,tnk,hfo,eyu,fsj,zrs
1140548,267,261,269,263,279,etj,cuw,hfo,fda,btp
1140549,265,274,270,278,268,ylf,nbf,tnk,poz,jke
1140550,278,263,268,265,267,poz,fda,jke,ylf,etj
1140551,278,271,265,262,267,poz,zrs,ylf,wah,etj
1140552,266,268,269,274,277,ohl,jke,hfo,nbf,fsj
1140553,280,271,266,273,279,yfh,zrs,ohl,hkw,btp
1140554,264,277,266,268,279,xwt,fsj,ohl,jke,btp
1140555,265,262,270,268,276,ylf,wah,tnk,jke,ypd
1140556,275,269,276,261,274,eyu,hfo,ypd,cuw,nbf
1140557,262,277,268,274,271,wah,fsj,jke,nbf,zrs
1140558,275,261,279,270,278,eyu,cuw,btp,tnk,poz
1140559,275,261,262,265,273,eyu,cuw,wah,ylf,hkw
1140560,265,272,275,277,274,ylf,anv,eyu,fsj,nbf
1140561,277,279,278,274,266,fsj,btp,poz,nbf,ohl
1140562,265,264,270,271,277,ylf,xwt,tnk,zrs,fsj
1140563,269,272,279,270,264,hfo,anv,btp,tnk,xwt
1140564,268,267,266,262,265,jke,etj,ohl,wah,ylf
1140565,277,274,271,278,268,fsj,nbf,zrs,poz,jke
1140566,274,268,273,277,275,nbf,jke,hkw,fsj,eyu
1140567,261,268,267,270,271,cuw,jke,etj,tnk,zrs
1140568,280,274,279,267,276,yfh,nbf,btp,etj,ypd
1140569,264,266,270,280,279,xwt,ohl,tnk,yfh,btp
1140570,262,268,261,275,265,wah,jke,cuw,eyu,ylf
1140571,272,275,264,267,268,anv,eyu,xwt,etj,jke
1140572,277,270,274,273,261,fsj,tnk,nbf,hkw,cuw
1140573,279,268,272,270,269,btp,jke,anv,tnk,hfo
1140574,264,280,261,262,263,xwt,yfh,cuw,wah,fda
1140575,279,280,278,269,262,btp,yfh,poz,hfo,wah
1140576,272,266,261,269,274,anv,ohl,cuw,hfo,nbf
1140577,273,264,261,267,263,hkw,xwt,cuw,etj,fda
1140578,277,269,276,275,273,fsj,hfo,ypd,eyu,hkw
1140579,279,276,264,261,263,btp,ypd,xwt,cuw,fda
1140580,269,261,267,276,271,hfo,cuw,etj,ypd,zrs
1140581,275,266,262,274,280,eyu,ohl,wah,nbf,yfh
1140582,263,264,273,271,280,fda,xwt,hkw,zrs,yfh
1140583,267,274,279,262,264,etj,nbf,btp,wah,xwt
1140584,264,267,262,280,268,xwt,etj,wah,yfh,jke
1140585,263,270,267,268,264,fda,tnk,etj,jke,xwt
1140586,267,280,261,275,268,etj,yfh,cuw,eyu,jke
1140587,275,277,269,273,261,eyu,fsj,hfo,hkw,cuw
1140588,266,264,270,262,265,ohl,xwt,tnk,wah,ylf
1140589,263,278,274,280,276,fda,poz,nbf,yfh,ypd
1140590,263,275,267,272,268,fda,eyu,etj,anv,jke
1140591,261,263,277,264,276,cuw,fda,fsj,xwt,ypd
1140592,278,263,269,262,265,poz,fda,hfo,wah,ylf
1140593,277,265,264,270,269,fsj,ylf,xwt,tnk,hfo
1140594,265,280,275,274,276,ylf,yfh,eyu,nbf,ypd
1140595,268,277,280,266,272,jke,fsj,yfh,ohl,anv
1140596,265,262,264,267,266,ylf,wah,xwt,etj,ohl
1140597,265,262,278,279,267,ylf,wah,poz,btp,etj
1140598,275,269,273,274,265,eyu,hfo,hkw,nbf,ylf
1140599,264,261,269,263,279,xwt,cuw,hfo,fda,btp
1140600,276,271,262,272,279,ypd,zrs,wah,anv,btp
1150001,289,297,300,292,293,qia,mtx,smy,fpu,zfc
1150002,285,296,282,291,284,crx,dci,fov,rjp,fob
1150003,299,297,286,290,294,oqp,mtx,wyz,unp,loz
1150004,292,295,285,290,291,fpu,pki,crx,unp,rjp
1150005,285,292,296,288,297,crx,fpu,dci,ing,mtx
1150006,287,285,292,300,297,xng,crx,fpu,smy,mtx
1150007,283,289,291,298,281,xmj,qia,rjp,raw,pbs
1150008,299,292,290,287,300,oqp,fpu,unp,xng,smy
1150009,290,298,284,285,286,unp,raw,fob,crx,wyz
1150010,289,300,290,283,299,qia,smy,unp,xmj,oqp
1150011,298,300,293,297,290,raw,smy,zfc,mtx,unp
1150012,299,290,287,296,285,oqp,unp,xng,dci,crx
1150013,295,292,283,298,294,pki,fpu,xmj,raw,loz
1150014,294,290,283,287,281,loz,unp,xmj,xng,pbs
1150015,294,290,286,287,299,loz,unp,wyz,xng,oqp
1150016,286,298,282,291,294,wyz,raw,fov,rjp,loz
1150017,282,286,295,289,292,fov,wyz,pki,qia,fpu
1150018,294,299,286,282,291,loz,oqp,wyz,fov,rjp
1150019,298,294,288,286,281,raw,loz,ing,wyz,pbs
1150020,291,294,285,297,281,rjp,loz,crx,mtx,pbs
1150021,283,292,282,285,290,xmj,fpu,fov,crx,unp
1150022,281,298,299,297,294,pbs,raw,oqp,mtx,loz
1150023,290,286,296,293,284,unp,wyz,dci,zfc,fob
1150024,283,284,298,285,286,xmj,fob,raw,crx,wyz
1150025,294,293,300,285,295,loz,zfc,smy,crx,pki
1150026,289,299,283,286,293,qia,oqp,xmj,wyz,zfc
1150027,292,293,282,290,284,fpu,zfc,fov,unp,fob
1150028,285,284,293,300,295,crx,fob,zfc,smy,pki
1150029,282,281,294,293,286,fov,pbs,loz,zfc,wyz
1150030,299,293,298,283,294,oqp,zfc,raw,xmj,loz
1150031,291,295,286,297,293,rjp,pki,wyz,mtx,zfc
1150032,292,299,290,296,288,fpu,oqp,unp,dci,ing
1150033,287,283,285,290,297,xng,xmj,crx,unp,mtx
1150034,287,286,282,290,294,xng,wyz,fov,unp,loz
1150035,291,288,300,283,290,rjp,ing,smy,xmj,unp
1150036,295,300,283,288,297,pki,smy,xmj,ing,mtx
1150037,287,298,284,281,289,xng,raw,fob,pbs,qia
1150038,283,293,290,300,297,xmj,zfc,unp,smy,mtx
1150039,299,294,288,289,298,oqp,loz,ing,qia,raw
1150040,297,290,293,295,281,mtx,unp,zfc,pki,pbs
1150041,281,283,286,289,294,pbs,xmj,wyz,qia,loz
1150042,288,297,284,294,300,ing,mtx,fob,loz,smy
1150043,299,289,297,295,291,oqp,qia,mtx,pki,rjp
1150044,289,285,297,295,286,qia,crx,mtx,pki,wyz
1150045,281,282,289,295,292,pbs,fov,qia,pki,fpu
1150046,289,282,296,298,299,qia,fov,dci,raw,oqp
1150047,282,296,287,288,294,fov,dci,xng,ing,loz
1150048,293,287,297,283,298,zfc,xng,mtx,xmj,raw
1150049,299,289,283,290,294,oqp,qia,xmj,unp,loz
1150050,293,281,287,290,286,zfc,pbs,xng,unp,wyz
1150051,285,283,291,293,284,crx,xmj,rjp,zfc,fob
1150052,293,291,300,290,292,zfc,rjp,smy,unp,fpu
1150053,286,290,284,292,282,wyz,unp,fob,fpu,fov
1150054,296,295,283,300,285,dci,pki,xmj,smy,crx
1150055,283,281,299,291,287,xmj,pbs,oqp,rjp,xng
1150056,285,282,283,299,296,crx,fov,xmj,oqp,dci
1150057,300,289,294,296,293,smy,qia,loz,dci,zfc
1150058,287,290,298,295,285,xng,unp,raw,pki,crx
1150059,297,291,293,281,299,mtx,rjp,zfc,pbs,oqp
1150060,293,282,297,289,285,zfc,fov,mtx,qia,crx
1150061,292,283,288,282,300,fpu,xmj,ing,fov,smy
1150062,290,285,288,298,300,unp,crx,ing,raw,smy
1150063,300,294,284,291,285,smy,loz,fob,rjp,crx
1150064,295,294,285,291,284,pki,loz,crx,rjp,fob
1150065,287,292,293,285,294,xng,fpu,zfc,crx,loz
1150066,281,282,294,296,283,pbs,fov,loz,dci,xmj
1150067,294,298,288,285,291,loz,raw,ing,crx,rjp
1150068,288,300,292,298,286,ing,smy,fpu,raw,wyz
1150069,281,296,299,285,289,pbs,dci,oqp,crx,qia
1150070,298,291,292,294,287,raw,rjp,fpu,loz,xng
1150071,297,294,299,291,289,mtx,loz,oqp,rjp,qia
1150072,297,290,289,292,296,mtx,unp,qia,fpu,dci
1150073,298,283,285,294,289,raw,xmj,crx,loz,qia
1150074,290,296,295,289,288,unp,dci,pki,qia,ing
1150075,291,294,287,300,285,rjp,loz,xng,smy,crx
1150076,297,281,288,295,282,mtx,pbs,ing,pki,fov
1150077,300,296,282,297,288,smy,dci,fov,mtx,ing
1150078,297,298,291,292,296,mtx,raw,rjp,fpu,dci
1150079,299,289,293,290,284,oqp,qia,zfc,unp,fob
1150080,299,289,296,295,288,oqp,qia,dci,pki,ing
1150081,298,293,282,292,284,raw,zfc,fov,fpu,fob
1150082,285,295,287,291,289,crx,pki,xng,rjp,qia
1150083,285,297,292,293,289,crx,mtx,fpu,zfc,qia
1150084,298,299,290,283,300,raw,oqp,unp,xmj,smy
1150085,289,294,287,290,300,qia,loz,xng,unp,smy
1150086,282,299,294,300,286,fov,oqp,loz,smy,wyz
1150087,285,293,290,292,298,crx,zfc,unp,fpu,raw
1150088,281,294,291,286,290,pbs,loz,rjp,wyz,unp
1150089,297,292,290,293,300,mtx,fpu,unp,zfc,smy
1150090,291,292,298,294,283,rjp,fpu,raw,loz,xmj
1150091,291,290,281,300,296,rjp,unp,pbs,smy,dci
1150092,292,299,288,294,296,fpu,oqp,ing,loz,dci
1150093,289,300,295,283,288,qia,smy,pki,xmj,ing
1150094,300,283,286,289,296,smy,xmj,wyz,qia,dci
1150095,291,287,299,288,282,rjp,xng,oqp,ing,fov
1150096,294,282,287,285,297,loz,fov,xng,crx,mtx
1150097,298,295,287,284,296,raw,pki,xng,fob,dci
1150098,296,284,295,300,289,dci,fob,pki,smy,qia
1150099,296,293,298,297,295,dci,zfc,raw,mtx,pki
1150100,289,282,299,288,297,qia,fov,oqp,ing,mtx
1150101,298,289,288,281,283,raw,qia,ing,pbs,xmj
1150102,298,289,296,282,285,raw,qia,dci,fov,crx
1150103,299,281,289,282,287,oqp,pbs,qia,fov,xng
1150104,296,288,287,297,294,dci,ing,xng,mtx,loz
1150105,291,300,292,299,298,rjp,smy,fpu,oqp,raw
1150106,290,293,295,300,285,unp,zfc,pki,smy,crx
1150107,299,295,281,296,300,oqp,pki,pbs,dci,smy
1150108,282,298,292,291,293,fov,raw,fpu,rjp,zfc
1150109,287,284,290,298,291,xng,fob,unp,raw,rjp
1150110,283,296,289,284,297,xmj,dci,qia,fob,mtx
1150111,296,292,293,299,287,dci,fpu,zfc,oqp,xng
1150112,285,298,296,291,287,crx,raw,dci,rjp,xng
1150113,299,287,283,298,296,oqp,xng,xmj,raw,dci
1150114,290,287,286,283,293,unp,xng,wyz,xmj,zfc
1150115,294,289,300,287,299,loz,qia,smy,xng,oqp
1150116,283,287,299,284,282,xmj,xng,oqp,fob,fov
1150117,295,300,294,287,297,pki,smy,loz,xng,mtx
1150118,296,285,295,290,287,dci,crx,pki,unp,xng
1150119,292,288,299,293,281,fpu,ing,oqp,zfc,pbs
1150120,295,297,289,299,298,pki,mtx,qia,oqp,raw
1150121,293,285,281,284,295,zfc,crx,pbs,fob,pki
1150122,294,284,295,299,290,loz,fob,pki,oqp,unp
1150123,290,295,292,299,282,unp,pki,fpu,oqp,fov
1150124,291,285,290,296,298,rjp,crx,unp,dci,raw
1150125,298,295,299,287,297,raw,pki,oqp,xng,mtx
1150126,286,298,297,288,291,wyz,raw,mtx,ing,rjp
1150127,294,293,295,292,299,loz,zfc,pki,fpu,oqp
1150128,296,289,285,297,300,dci,qia,crx,mtx,smy
1150129,282,285,297,288,283,fov,crx,mtx,ing,xmj
1150130,284,285,292,293,300,fob,crx,fpu,zfc,smy
1150131,294,293,299,282,298,loz,zfc,oqp,fov,raw
1150132,285,295,290,281,288,crx,pki,unp,pbs,ing
1150133,294,287,289,281,290,loz,xng,qia,pbs,unp
1150134,300,281,294,298,297,smy,pbs,loz,raw,mtx
1150135,297,300,286,296,285,mtx,smy,wyz,dci,crx
1150136,289,285,295,287,297,qia,crx,pki,xng,mtx
1150137,286,284,293,289,285,wyz,fob,zfc,qia,crx
1150138,293,287,290,288,297,zfc,xng,unp,ing,mtx
1150139,287,283,284,298,300,xng,xmj,fob,raw,smy
1150140,285,298,293,287,294,crx,raw,zfc,xng,loz
1150141,281,284,294,295,298,pbs,fob,loz,pki,raw
1150142,291,290,293,296,285,rjp,unp,zfc,dci,crx
1150143,285,297,281,286,291,crx,mtx,pbs,wyz,rjp
1150144,295,296,281,288,297,pki,dci,pbs,ing,mtx
1150145,292,297,300,289,294,fpu,mtx,smy,qia,loz
1150146,300,294,290,283,281,smy,loz,unp,xmj,pbs
1150147,300,298,288,286,297,smy,raw,ing,wyz,mtx
1150148,281,289,288,286,298,pbs,qia,ing,wyz,raw
1150149,295,283,282,294,285,pki,xmj,fov,loz,crx
1150150,292,299,300,282,284,fpu,oqp,smy,fov,fob
1150151,287,298,284,283,296,xng,raw,fob,xmj,dci
1150152,295,288,298,287,291,pki,ing,raw,xng,rjp
1150153,282,289,298,288,299,fov,qia,raw,ing,oqp
1150154,284,287,294,281,299,fob,xng,loz,pbs,oqp
1150155,295,291,289,300,299,pki,rjp,qia,smy,oqp
1150156,297,290,296,298,284,mtx,unp,dci,raw,fob
1150157,290,292,291,293,289,unp,fpu,rjp,zfc,qia
1150158,282,300,288,295,298,fov,smy,ing,pki,raw
1150159,289,296,294,291,281,qia,dci,loz,rjp,pbs
1150160,287,299,295,284,282,xng,oqp,pki,fob,fov
1150161,289,281,293,285,300,qia,pbs,zfc,crx,smy
1150162,293,283,296,297,286,zfc,xmj,dci,mtx,wyz
1150163,291,295,298,287,282,rjp,pki,raw,xng,fov
1150164,293,287,284,289,286,zfc,xng,fob,qia,wyz
1150165,286,299,296,292,294,wyz,oqp,dci,fpu,loz
1150166,284,289,287,293,296,fob,qia,xng,zfc,dci
1150167,281,298,288,299,291,pbs,raw,ing,oqp,rjp
1150168,287,285,282,299,298,xng,crx,fov,oqp,raw
1150169,294,299,295,288,297,loz,oqp,pki,ing,mtx
1150170,299,290,287,288,291,oqp,unp,xng,ing,rjp
1150171,286,291,283,298,290,wyz,rjp,xmj,raw,unp
1150172,289,285,294,282,288,qia,crx,loz,fov,ing
1150173,294,291,297,300,282,loz,rjp,mtx,smy,fov
1150174,286,293,294,290,287,wyz,zfc,loz,unp,xng
1150175,293,296,288,281,299,zfc,dci,ing,pbs,oqp
1150176,296,292,299,298,284,dci,fpu,oqp,raw,fob
1150177,298,282,281,291,286,raw,fov,pbs,rjp,wyz
1150178,296,281,292,284,283,dci,pbs,fpu,fob,xmj
1150179,289,285,300,299,284,qia,crx,smy,oqp,fob
1150180,294,291,283,290,286,loz,rjp,xmj,unp,wyz
1150181,296,282,294,288,300,dci,fov,loz,ing,smy
1150182,297,288,298,292,285,mtx,ing,raw,fpu,crx
1150183,296,298,300,292,299,dci,raw,smy,fpu,oqp
1150184,284,295,287,283,300,fob,pki,xng,xmj,smy
1150185,298,300,288,296,295,raw,smy,ing,dci,pki
1150186,296,289,286,299,298,dci,qia,wyz,oqp,raw
1150187,282,299,290,293,297,fov,oqp,unp,zfc,mtx
1150188,300,298,294,282,289,smy,raw,loz,fov,qia
1150189,292,285,284,286,287,fpu,crx,fob,wyz,xng
1150190,281,299,288,294,298,pbs,oqp,ing,loz,raw
1150191,288,284,286,300,281,ing,fob,wyz,smy,pbs
1150192,283,295,296,297,294,xmj,pki,dci,mtx,loz
1150193,298,282,283,293,290,raw,fov,xmj,zfc,unp
1150194,287,290,285,283,298,xng,unp,crx,xmj,raw
1150195,298,281,284,299,291,raw,pbs,fob,oqp,rjp
1150196,293,289,285,300,295,zfc,qia,crx,smy,pki
1150197,293,299,297,284,286,zfc,oqp,mtx,fob,wyz
1150198,299,293,282,298,296,oqp,zfc,fov,raw,dci
1150199,290,294,281,293,283,unp,loz,pbs,zfc,xmj
1150200,294,285,299,291,281,loz,crx,oqp,rjp,pbs
1150201,290,287,291,288,284,unp,xng,rjp,ing,fob
1150202,295,296,292,290,282,pki,dci,fpu,unp,fov
1150203,297,289,288,299,294,mtx,qia,ing,oqp,loz
1150204,283,281,296,282,297,xmj,pbs,dci,fov,mtx
1150205,282,297,281,283,292,fov,mtx,pbs,xmj,fpu
1150206,300,291,281,292,295,smy,rjp,pbs,fpu,pki
1150207,294,291,285,289,299,loz,rjp,crx,qia,oqp
1150208,287,285,282,284,281,xng,crx,fov,fob,pbs
1150209,294,284,281,291,285,loz,fob,pbs,rjp,crx
1150210,282,288,287,283,289,fov,ing,xng,xmj,qia
1150211,293,281,287,289,295,zfc,pbs,xng,qia,pki
1150212,296,291,282,292,281,dci,rjp,fov,fpu,pbs
1150213,296,290,291,286,293,dci,unp,rjp,wyz,zfc
1150214,290,287,292,288,297,unp,xng,fpu,ing,mtx
1150215,283,282,292,290,288,xmj,fov,fpu,unp,ing
1150216,300,285,293,288,294,smy,crx,zfc,ing,loz
1150217,291,286,298,281,288,rjp,wyz,raw,pbs,ing
1150218,291,296,294,283,298,rjp,dci,loz,xmj,raw
1150219,291,296,293,298,287,rjp,dci,zfc,raw,xng
1150220,281,285,282,300,290,pbs,crx,fov,smy,unp
1150221,281,291,298,293,286,pbs,rjp,raw,zfc,wyz
1150222,292,287,285,283,299,fpu,xng,crx,xmj,oqp
1150223,286,290,289,298,295,wyz,unp,qia,raw,pki
1150224,283,288,299,298,286,xmj,ing,oqp,raw,wyz
1150225,294,290,298,283,285,loz,unp,raw,xmj,crx
1150226,294,285,282,293,298,loz,crx,fov,zfc,raw
1150227,294,292,300,296,285,loz,fpu,smy,dci,crx
1150228,288,292,287,284,282,ing,fpu,xng,fob,fov
1150229,297,298,294,285,300,mtx,raw,loz,crx,smy
1150230,283,293,282,284,297,xmj,zfc,fov,fob,mtx
1150231,298,281,300,287,297,raw,pbs,smy,xng,mtx
1150232,281,285,299,287,286,pbs,crx,oqp,xng,wyz
1150233,286,298,292,296,297,wyz,raw,fpu,dci,mtx
1150234,300,299,289,282,290,smy,oqp,qia,fov,unp
1150235,288,297,287,286,290,ing,mtx,xng,wyz,unp
1150236,282,296,293,299,288,fov,dci,zfc,oqp,ing
1150237,285,287,286,291,292,crx,xng,wyz,rjp,fpu
1150238,289,297,287,283,281,qia,mtx,xng,xmj,pbs
1150239,298,285,284,282,294,raw,crx,fob,fov,loz
1150240,281,293,288,296,290,pbs,zfc,ing,dci,unp
1150241,298,284,297,286,282,raw,fob,mtx,wyz,fov
1150242,293,281,292,297,288,zfc,pbs,fpu,mtx,ing
1150243,289,292,299,285,296,qia,fpu,oqp,crx,dci
1150244,286,294,297,296,283,wyz,loz,mtx,dci,xmj
1150245,283,298,293,289,292,xmj,raw,zfc,qia,fpu
1150246,285,294,282,290,296,crx,loz,fov,unp,dci
1150247,286,282,293,296,299,wyz,fov,zfc,dci,oqp
1150248,282,299,285,296,300,fov,oqp,crx,dci,smy
1150249,300,296,299,286,295,smy,dci,oqp,wyz,pki
1150250,284,291,299,286,285,fob,rjp,oqp,wyz,crx
1150251,299,294,281,291,282,oqp,loz,pbs,rjp,fov
1150252,286,289,297,288,300,wyz,qia,mtx,ing,smy
1150253,284,285,298,295,299,fob,crx,raw,pki,oqp
1150254,298,296,292,282,285,raw,dci,fpu,fov,crx
1150255,285,283,290,298,289,crx,xmj,unp,raw,qia
1150256,296,295,292,297,281,dci,pki,fpu,mtx,pbs
1150257,281,288,298,296,291,pbs,ing,raw,dci,rjp
1150258,295,281,284,299,282,pki,pbs,fob,oqp,fov
1150259,285,281,282,286,293,crx,pbs,fov,wyz,zfc
1150260,282,281,288,294,287,fov,pbs,ing,loz,xng
1150261,294,293,287,283,290,loz,zfc,xng,xmj,unp
1150262,295,291,281,297,299,pki,rjp,pbs,mtx,oqp
1150263,281,297,282,290,294,pbs,mtx,fov,unp,loz
1150264,283,288,281,297,293,xmj,ing,pbs,mtx,zfc
1150265,282,290,294,284,287,fov,unp,loz,fob,xng
1150266,300,287,294,286,289,smy,xng,loz,wyz,qia
1150267,287,297,296,300,283,xng,mtx,dci,smy,xmj
1150268,297,298,295,285,281,mtx,raw,pki,crx,pbs
1150269,282,300,281,288,295,fov,smy,pbs,ing,pki
1150270,298,286,287,294,282,raw,wyz,xng,loz,fov
1150271,282,300,287,299,298,fov,smy,xng,oqp,raw
1150272,298,297,294,292,290,raw,mtx,loz,fpu,unp
1150273,284,281,285,288,286,fob,pbs,crx,ing,wyz
1150274,291,282,287,284,298,rjp,fov,xng,fob,raw
1150275,281,286,293,300,289,pbs,wyz,zfc,smy,qia
1150276,286,281,300,289,298,wyz,pbs,smy,qia,raw
1150277,293,297,286,295,287,zfc,mtx,wyz,pki,xng
1150278,295,281,289,285,283,pki,pbs,qia,crx,xmj
1150279,299,297,285,288,300,oqp,mtx,crx,ing,smy
1150280,289,282,294,299,292,qia,fov,loz,oqp,fpu
1150281,297,294,287,298,290,mtx,loz,xng,raw,unp
1150282,299,286,288,298,289,oqp,wyz,ing,raw,qia
1150283,294,288,297,293,292,loz,ing,mtx,zfc,fpu
1150284,287,292,298,297,281,xng,fpu,raw,mtx,pbs
1150285,281,297,282,300,296,pbs,mtx,fov,smy,dci
1150286,296,298,289,286,283,dci,raw,qia,wyz,xmj
1150287,290,292,285,286,299,unp,fpu,crx,wyz,oqp
1150288,293,296,300,297,287,zfc,dci,smy,mtx,xng
1150289,288,294,292,284,293,ing,loz,fpu,fob,zfc
1150290,289,295,299,287,294,qia,pki,oqp,xng,loz
1150291,289,298,287,300,286,qia,raw,xng,smy,wyz
1150292,296,300,297,298,291,dci,smy,mtx,raw,rjp
1150293,284,287,293,298,281,fob,xng,zfc,raw,pbs
1150294,297,282,285,289,292,mtx,fov,crx,qia,fpu
1150295,293,292,295,294,285,zfc,fpu,pki,loz,crx
1150296,282,299,289,298,292,fov,oqp,qia,raw,fpu
1150297,289,286,297,295,287,qia,wyz,mtx,pki,xng
1150298,284,296,282,298,295,fob,dci,fov,raw,pki
1150299,281,295,283,287,291,pbs,pki,xmj,xng,rjp
1150300,290,282,300,294,283,unp,fov,smy,loz,xmj
1150301,285,288,287,286,295,crx,ing,xng,wyz,pki
1150302,286,285,295,300,284,wyz,crx,pki,smy,fob
1150303,284,289,297,281,283,fob,qia,mtx,pbs,xmj
1150304,283,284,288,295,287,xmj,fob,ing,pki,xng
1150305,281,294,298,295,296,pbs,loz,raw,pki,dci
1150306,285,298,288,299,293,crx,raw,ing,oqp,zfc
1150307,291,286,289,288,300,rjp,wyz,qia,ing,smy
1150308,300,297,287,289,286,smy,mtx,xng,qia,wyz
1150309,298,283,288,282,287,raw,xmj,ing,fov,xng
1150310,286,284,296,287,292,wyz,fob,dci,xng,fpu
1150311,296,283,284,292,299,dci,xmj,fob,fpu,oqp
1150312,291,290,289,299,293,rjp,unp,qia,oqp,zfc
1150313,291,281,286,298,289,rjp,pbs,wyz,raw,qia
1150314,290,281,296,289,298,unp,pbs,dci,qia,raw
1150315,287,296,293,285,281,xng,dci,zfc,crx,pbs
1150316,294,289,285,288,281,loz,qia,crx,ing,pbs
1150317,287,299,286,281,300,xng,oqp,wyz,pbs,smy
1150318,285,292,294,295,282,crx,fpu,loz,pki,fov
1150319,284,300,293,299,291,fob,smy,zfc,oqp,rjp
1150320,292,284,293,281,294,fpu,fob,zfc,pbs,loz
1150321,289,295,281,294,300,qia,pki,pbs,loz,smy
1150322,282,290,292,295,299,fov,unp,fpu,pki,oqp
1150323,288,292,281,293,296,ing,fpu,pbs,zfc,dci
1150324,299,283,284,293,294,oqp,xmj,fob,zfc,loz
1150325,291,293,294,281,287,rjp,zfc,loz,pbs,xng
1150326,283,292,295,297,288,xmj,fpu,pki,mtx,ing
1150327,296,291,293,283,297,dci,rjp,zfc,xmj,mtx
1150328,290,281,298,288,289,unp,pbs,raw,ing,qia
1150329,282,290,286,300,288,fov,unp,wyz,smy,ing
1150330,285,292,289,288,290,crx,fpu,qia,ing,unp
1150331,294,299,281,282,297,loz,oqp,pbs,fov,mtx
1150332,292,299,281,282,283,fpu,oqp,pbs,fov,xmj
1150333,285,283,295,296,291,crx,xmj,pki,dci,rjp
1150334,281,295,297,282,300,pbs,pki,mtx,fov,smy
1150335,286,289,287,292,294,wyz,qia,xng,fpu,loz
1150336,285,297,289,282,290,crx,mtx,qia,fov,unp
1150337,288,297,298,295,286,ing,mtx,raw,pki,wyz
1150338,297,287,291,298,286,mtx,xng,rjp,raw,wyz
1150339,290,293,296,294,297,unp,zfc,dci,loz,mtx
1150340,289,297,292,291,286,qia,mtx,fpu,rjp,wyz
1150341,286,296,289,294,297,wyz,dci,qia,loz,mtx
1150342,289,288,299,300,293,qia,ing,oqp,smy,zfc
1150343,288,297,291,294,286,ing,mtx,rjp,loz,wyz
1150344,287,288,292,289,283,xng,ing,fpu,qia,xmj
1150345,282,284,291,292,290,fov,fob,rjp,fpu,unp
1150346,287,294,295,286,283,xng,loz,pki,wyz,xmj
1150347,291,281,286,283,297,rjp,pbs,wyz,xmj,mtx
1150348,281,284,297,300,282,pbs,fob,mtx,smy,fov
1150349,290,287,285,296,292,unp,xng,crx,dci,fpu
1150350,283,298,284,300,296,xmj,raw,fob,smy,dci
1150351,297,295,291,299,289,mtx,pki,rjp,oqp,qia
1150352,300,287,289,296,290,smy,xng,qia,dci,unp
1150353,286,290,287,283,291,wyz,unp,xng,xmj,rjp
1150354,293,284,299,295,282,zfc,fob,oqp,pki,fov
1150355,297,300,286,285,295,mtx,smy,wyz,crx,pki
1150356,284,291,281,294,288,fob,rjp,pbs,loz,ing
1150357,298,286,297,281,287,raw,wyz,mtx,pbs,xng
1150358,297,283,293,285,286,mtx,xmj,zfc,crx,wyz
1150359,297,296,288,285,283,mtx,dci,ing,crx,xmj
1150360,298,288,292,297,293,raw,ing,fpu,mtx,zfc
1150361,282,286,285,292,288,fov,wyz,crx,fpu,ing
1150362,293,294,286,298,283,zfc,loz,wyz,raw,xmj
1150363,294,296,295,292,289,loz,dci,pki,fpu,qia
1150364,281,298,295,282,294,pbs,raw,pki,fov,loz
1150365,293,296,291,299,295,zfc,dci,rjp,oqp,pki
1150366,292,284,290,281,295,fpu,fob,unp,pbs,pki
1150367,285,287,299,296,297,crx,xng,oqp,dci,mtx
1150368,285,282,295,300,294,crx,fov,pki,smy,loz
1150369,283,291,292,287,297,xmj,rjp,fpu,xng,mtx
1150370,295,290,286,284,296,pki,unp,wyz,fob,dci
1150371,287,295,290,299,297,xng,pki,unp,oqp,mtx
1150372,294,292,288,286,284,loz,fpu,ing,wyz,fob
1150373,294,288,295,287,281,loz,ing,pki,xng,pbs
1150374,300,297,290,289,293,smy,mtx,unp,qia,zfc
1150375,300,287,286,293,294,smy,xng,wyz,zfc,loz
1150376,291,297,300,286,293,rjp,mtx,smy,wyz,zfc
1150377,300,298,293,291,281,smy,raw,zfc,rjp,pbs
1150378,281,292,299,297,291,pbs,fpu,oqp,mtx,rjp
1150379,285,299,300,291,296,crx,oqp,smy,rjp,dci
1150380,298,290,295,293,282,raw,unp,pki,zfc,fov
1150381,300,285,293,282,288,smy,crx,zfc,fov,ing
1150382,290,295,287,293,294,unp,pki,xng,zfc,loz
1150383,284,286,287,297,300,fob,wyz,xng,mtx,smy
1150384,293,295,288,297,294,zfc,pki,ing,mtx,loz
1150385,291,300,294,287,298,rjp,smy,loz,xng,raw
1150386,299,281,294,297,288,oqp,pbs,loz,mtx,ing
1150387,281,290,291,282,296,pbs,unp,rjp,fov,dci
1150388,289,284,296,281,291,qia,fob,dci,pbs,rjp
1150389,282,289,297,281,290,fov,qia,mtx,pbs,unp
1150390,283,292,296,286,288,xmj,fpu,dci,wyz,ing
1150391,287,286,290,289,291,xng,wyz,unp,qia,rjp
1150392,292,293,288,289,296,fpu,zfc,ing,qia,dci
1150393,298,293,294,287,290,raw,zfc,loz,xng,unp
1150394,282,292,286,293,291,fov,fpu,wyz,zfc,rjp
1150395,294,285,295,288,283,loz,crx,pki,ing,xmj
1150396,297,289,291,290,293,mtx,qia,rjp,unp,zfc
1150397,287,286,299,282,285,xng,wyz,oqp,fov,crx
1150398,287,284,296,292,281,xng,fob,dci,fpu,pbs
1150399,291,290,300,296,292,rjp,unp,smy,dci,fpu
1150400,290,298,286,292,284,unp,raw,wyz,fpu,fob
1150401,282,291,287,300,292,fov,rjp,xng,smy,fpu
1150402,292,286,296,294,293,fpu,wyz,dci,loz,zfc
1150403,290,295,285,289,281,unp,pki,crx,qia,pbs
1150404,291,288,292,289,281,rjp,ing,fpu,qia,pbs
1150405,291,293,282,295,298,rjp,zfc,fov,pki,raw
1150406,290,291,289,292,287,unp,rjp,qia,fpu,xng
1150407,300,293,297,285,288,smy,zfc,mtx,crx,ing
1150408,296,282,295,287,299,dci,fov,pki,xng,oqp
1150409,294,286,285,289,298,loz,wyz,crx,qia,raw
1150410,293,299,292,295,287,zfc,oqp,fpu,pki,xng
1150411,289,298,286,291,285,qia,raw,wyz,rjp,crx
1150412,289,292,300,290,293,qia,fpu,smy,unp,zfc
1150413,298,290,284,282,283,raw,unp,fob,fov,xmj
1150414,294,291,284,293,281,loz,rjp,fob,zfc,pbs
1150415,282,300,297,287,286,fov,smy,mtx,xng,wyz
1150416,299,298,294,290,289,oqp,raw,loz,unp,qia
1150417,296,292,300,282,298,dci,fpu,smy,fov,raw
1150418,286,281,289,294,291,wyz,pbs,qia,loz,rjp
1150419,300,282,284,288,295,smy,fov,fob,ing,pki
1150420,292,294,291,288,298,fpu,loz,rjp,ing,raw
1150421,285,291,288,299,282,crx,rjp,ing,oqp,fov
1150422,290,286,300,299,298,unp,wyz,smy,oqp,raw
1150423,290,299,281,283,285,unp,oqp,pbs,xmj,crx
1150424,288,294,299,291,281,ing,loz,oqp,rjp,pbs
1150425,296,286,294,288,284,dci,wyz,loz,ing,fob
1150426,290,297,295,298,285,unp,mtx,pki,raw,crx
1150427,299,283,291,288,289,oqp,xmj,rjp,ing,qia
1150428,294,296,289,300,283,loz,dci,qia,smy,xmj
1150429,284,282,297,285,296,fob,fov,mtx,crx,dci
1150430,299,298,283,282,281,oqp,raw,xmj,fov,pbs
1150431,284,291,285,295,296,fob,rjp,crx,pki,dci
1150432,292,288,286,284,293,fpu,ing,wyz,fob,zfc
1150433,288,281,289,297,295,ing,pbs,qia,mtx,pki
1150434,291,298,290,282,297,rjp,raw,unp,fov,mtx
1150435,290,284,295,287,283,unp,fob,pki,xng,xmj
1150436,298,287,295,283,281,raw,xng,pki,xmj,pbs
1150437,294,281,299,286,295,loz,pbs,oqp,wyz,pki
1150438,282,300,285,298,291,fov,smy,crx,raw,rjp
1150439,294,295,283,290,298,loz,pki,xmj,unp,raw
1150440,281,287,282,295,284,pbs,xng,fov,pki,fob
1150441,300,294,282,285,295,smy,loz,fov,crx,pki
1150442,298,281,288,292,290,raw,pbs,ing,fpu,unp
1150443,297,300,299,285,282,mtx,smy,oqp,crx,fov
1150444,300,283,286,294,291,smy,xmj,wyz,loz,rjp
1150445,281,299,283,293,296,pbs,oqp,xmj,zfc,dci
1150446,284,291,283,290,296,fob,rjp,xmj,unp,dci
1150447,297,300,285,292,289,mtx,smy,crx,fpu,qia
1150448,291,296,298,281,289,rjp,dci,raw,pbs,qia
1150449,297,290,292,284,300,mtx,unp,fpu,fob,smy
1150450,297,300,298,289,285,mtx,smy,raw,qia,crx
1150451,285,290,292,296,299,crx,unp,fpu,dci,oqp
1150452,291,290,286,288,284,rjp,unp,wyz,ing,fob
1150453,295,292,291,287,288,pki,fpu,rjp,xng,ing
1150454,289,297,286,293,291,qia,mtx,wyz,zfc,rjp
1150455,291,298,293,288,299,rjp,raw,zfc,ing,oqp
1150456,281,282,294,298,289,pbs,fov,loz,raw,qia
1150457,286,297,290,288,284,wyz,mtx,unp,ing,fob
1150458,300,295,281,296,286,smy,pki,pbs,dci,wyz
1150459,285,294,284,289,288,crx,loz,fob,qia,ing
1150460,284,292,282,294,293,fob,fpu,fov,loz,zfc
1150461,286,292,290,294,287,wyz,fpu,unp,loz,xng
1150462,281,293,289,300,282,pbs,zfc,qia,smy,fov
1150463,291,284,287,286,300,rjp,fob,xng,wyz,smy
1150464,294,284,286,283,295,loz,fob,wyz,xmj,pki
1150465,296,284,283,297,287,dci,fob,xmj,mtx,xng
1150466,294,282,296,295,291,loz,fov,dci,pki,rjp
1150467,281,286,289,282,283,pbs,wyz,qia,fov,xmj
1150468,300,287,289,285,291,smy,xng,qia,crx,rjp
1150469,286,300,290,289,288,wyz,smy,unp,qia,ing
1150470,289,284,291,287,293,qia,fob,rjp,xng,zfc
1150471,284,296,299,300,281,fob,dci,oqp,smy,pbs
1150472,298,286,285,292,295,raw,wyz,crx,fpu,pki
1150473,281,299,288,286,285,pbs,oqp,ing,wyz,crx
1150474,295,283,294,293,299,pki,xmj,loz,zfc,oqp
1150475,299,282,290,285,294,oqp,fov,unp,crx,loz
1150476,297,293,296,286,291,mtx,zfc,dci,wyz,rjp
1150477,284,282,291,294,289,fob,fov,rjp,loz,qia
1150478,297,293,299,294,281,mtx,zfc,oqp,loz,pbs
1150479,289,286,299,283,291,qia,wyz,oqp,xmj,rjp
1150480,289,285,284,293,287,qia,crx,fob,zfc,xng
1150481,299,281,282,295,286,oqp,pbs,fov,pki,wyz
1150482,282,290,286,297,295,fov,unp,wyz,mtx,pki
1150483,282,288,283,292,291,fov,ing,xmj,fpu,rjp
1150484,294,298,293,285,296,loz,raw,zfc,crx,dci
1150485,285,297,294,295,281,crx,mtx,loz,pki,pbs
1150486,297,284,300,294,285,mtx,fob,smy,loz,crx
1150487,300,281,289,288,282,smy,pbs,qia,ing,fov
1150488,281,282,298,294,295,pbs,fov,raw,loz,pki
1150489,298,281,289,285,291,raw,pbs,qia,crx,rjp
1150490,297,300,281,287,290,mtx,smy,pbs,xng,unp
1150491,285,294,300,287,297,crx,loz,smy,xng,mtx
1150492,298,294,283,299,284,raw,loz,xmj,oqp,fob
1150493,289,281,286,287,285,qia,pbs,wyz,xng,crx
1150494,294,297,296,283,300,loz,mtx,dci,xmj,smy
1150495,284,296,292,285,299,fob,dci,fpu,crx,oqp
1150496,286,290,281,282,292,wyz,unp,pbs,fov,fpu
1150497,286,294,298,300,295,wyz,loz,raw,smy,pki
1150498,300,298,282,289,293,smy,raw,fov,qia,zfc
1150499,283,287,294,281,291,xmj,xng,loz,pbs,rjp
1150500,288,289,281,299,282,ing,qia,pbs,oqp,fov
1150501,287,295,297,283,293,xng,pki,mtx,xmj,zfc
1150502,284,299,297,291,283,fob,oqp,mtx,rjp,xmj
1150503,294,281,283,289,299,loz,pbs,xmj,qia,oqp
1150504,295,284,289,282,288,pki,fob,qia,fov,ing
1150505,282,296,288,283,300,fov,dci,ing,xmj,smy
1150506,294,282,284,289,288,loz,fov,fob,qia,ing
1150507,283,300,296,295,282,xmj,smy,dci,pki,fov
1150508,293,290,288,286,292,zfc,unp,ing,wyz,fpu
1150509,282,300,294,290,281,fov,smy,loz,unp,pbs
1150510,298,287,297,292,281,raw,xng,mtx,fpu,pbs
1150511,294,296,289,288,300,loz,dci,qia,ing,smy
1150512,287,288,286,294,298,xng,ing,wyz,loz,raw
1150513,281,283,282,291,299,pbs,xmj,fov,rjp,oqp
1150514,291,285,284,288,283,rjp,crx,fob,ing,xmj
1150515,298,294,295,292,291,raw,loz,pki,fpu,rjp
1150516,285,296,292,294,297,crx,dci,fpu,loz,mtx
1150517,292,291,285,294,295,fpu,rjp,crx,loz,pki
1150518,284,292,286,294,300,fob,fpu,wyz,loz,smy
1150519,285,290,297,281,295,crx,unp,mtx,pbs,pki
1150520,284,291,297,296,287,fob,rjp,mtx,dci,xng
1150521,297,285,292,281,282,mtx,crx,fpu,pbs,fov
1150522,296,300,282,294,298,dci,smy,fov,loz,raw
1150523,283,289,290,286,284,xmj,qia,unp,wyz,fob
1150524,293,287,290,300,281,zfc,xng,unp,smy,pbs
1150525,290,282,281,287,291,unp,fov,pbs,xng,rjp
1150526,291,298,282,284,289,rjp,raw,fov,fob,qia
1150527,298,290,282,281,288,raw,unp,fov,pbs,ing
1150528,295,290,285,286,294,pki,unp,crx,wyz,loz
1150529,292,300,281,297,285,fpu,smy,pbs,mtx,crx
1150530,282,290,283,298,295,fov,unp,xmj,raw,pki
1150531,283,282,289,294,287,xmj,fov,qia,loz,xng
1150532,289,297,287,300,284,qia,mtx,xng,smy,fob
1150533,299,293,284,298,282,oqp,zfc,fob,raw,fov
1150534,298,289,283,284,285,raw,qia,xmj,fob,crx
1150535,288,298,283,294,299,ing,raw,xmj,loz,oqp
1150536,286,285,289,293,298,wyz,crx,qia,zfc,raw
1150537,286,290,282,292,287,wyz,unp,fov,fpu,xng
1150538,298,300,283,281,285,raw,smy,xmj,pbs,crx
1150539,291,288,297,299,290,rjp,ing,mtx,oqp,unp
1150540,283,282,289,288,284,xmj,fov,qia,ing,fob
1150541,292,290,299,285,296,fpu,unp,oqp,crx,dci
1150542,297,284,287,285,299,mtx,fob,xng,crx,oqp
1150543,289,282,290,297,292,qia,fov,unp,mtx,fpu
1150544,293,285,286,289,292,zfc,crx,wyz,qia,fpu
1150545,299,281,292,293,282,oqp,pbs,fpu,zfc,fov
1150546,292,300,291,282,296,fpu,smy,rjp,fov,dci
1150547,290,289,295,297,291,unp,qia,pki,mtx,rjp
1150548,287,281,289,283,299,xng,pbs,qia,xmj,oqp
1150549,285,294,290,298,288,crx,loz,unp,raw,ing
1150550,298,283,288,285,287,raw,xmj,ing,crx,xng
1150551,298,291,285,282,287,raw,rjp,crx,fov,xng
1150552,286,288,289,294,297,wyz,ing,qia,loz,mtx
1150553,300,291,286,293,299,smy,rjp,wyz,zfc,oqp
1150554,284,297,286,288,299,fob,mtx,wyz,ing,oqp
1150555,285,282,290,288,296,crx,fov,unp,ing,dci
1150556,295,289,296,281,294,pki,qia,dci,pbs,loz
1150557,282,297,288,294,291,fov,mtx,ing,loz,rjp
1150558,295,281,299,290,298,pki,pbs,oqp,unp,raw
1150559,295,281,282,285,293,pki,pbs,fov,crx,zfc
1150560,285,292,295,297,294,crx,fpu,pki,mtx,loz
1150561,297,299,298,294,286,mtx,oqp,raw,loz,wyz
1150562,285,284,290,291,297,crx,fob,unp,rjp,mtx
1150563,289,292,299,290,284,qia,fpu,oqp,unp,fob
1150564,288,287,286,282,285,ing,xng,wyz,fov,crx
1150565,297,294,291,298,288,mtx,loz,rjp,raw,ing
1150566,294,288,293,297,295,loz,ing,zfc,mtx,pki
1150567,281,288,287,290,291,pbs,ing,xng,unp,rjp
1150568,300,294,299,287,296,smy,loz,oqp,xng,dci
1150569,284,286,290,300,299,fob,wyz,unp,smy,oqp
1150570,282,288,281,295,285,fov,ing,pbs,pki,crx
1150571,292,295,284,287,288,fpu,pki,fob,xng,ing
1150572,297,290,294,293,281,mtx,unp,loz,zfc,pbs
1150573,299,288,292,290,289,oqp,ing,fpu,unp,qia
1150574,284,300,281,282,283,fob,smy,pbs,fov,xmj
1150575,299,300,298,289,282,oqp,smy,raw,qia,fov
1150576,292,286,281,289,294,fpu,wyz,pbs,qia,loz
1150577,293,284,281,287,283,zfc,fob,pbs,xng,xmj
1150578,297,289,296,295,293,mtx,qia,dci,pki,zfc
1150579,299,296,284,281,283,oqp,dci,fob,pbs,xmj
1150580,289,281,287,296,291,qia,pbs,xng,dci,rjp
1150581,295,286,282,294,300,pki,wyz,fov,loz,smy
1150582,283,284,293,291,300,xmj,fob,zfc,rjp,smy
1150583,287,294,299,282,284,xng,loz,oqp,fov,fob
1150584,284,287,282,300,288,fob,xng,fov,smy,ing
1150585,283,290,287,288,284,xmj,unp,xng,ing,fob
1150586,287,300,281,295,288,xng,smy,pbs,pki,ing
1150587,295,297,289,293,281,pki,mtx,qia,zfc,pbs
1150588,286,284,290,282,285,wyz,fob,unp,fov,crx
1150589,283,298,294,300,296,xmj,raw,loz,smy,dci
1150590,283,295,287,292,288,xmj,pki,xng,fpu,ing
1150591,281,283,297,284,296,pbs,xmj,mtx,fob,dci
1150592,298,283,289,282,285,raw,xmj,qia,fov,crx
1150593,297,285,284,290,289,mtx,crx,fob,unp,qia
1150594,285,300,295,294,296,crx,smy,pki,loz,dci
1150595,288,297,300,286,292,ing,mtx,smy,wyz,fpu
1150596,285,282,284,287,286,crx,fov,fob,xng,wyz
1150597,285,282,298,299,287,crx,fov,raw,oqp,xng
1150598,295,289,293,294,285,pki,qia,zfc,loz,crx
1150599,284,281,289,283,299,fob,pbs,qia,xmj,oqp
1150600,296,291,282,292,299,dci,rjp,fov,fpu,oqp
1160001,309,317,320,312,313,odk,nlg,akn,clr,gvi
1160002,305,316,302,311,304,lab,hcd,qzd,rsf,amx
1160003,319,317,306,310,314,ajr,nlg,tyc,qkg,zky
1160004,312,315,305,310,311,clr,zms,lab,qkg,rsf
1160005,305,312,316,308,317,lab,clr,hcd,wsl,nlg
1160006,307,305,312,320,317,tri,lab,clr,akn,nlg
1160007,303,309,311,318,301,acx,odk,rsf,itc,wju
1160008,319,312,310,307,320,ajr,clr,qkg,tri,akn
1160009,310,318,304,305,306,qkg,itc,amx,lab,tyc
1160010,309,320,310,303,319,odk,akn,qkg,acx,ajr
1160011,318,320,313,317,310,itc,akn,gvi,nlg,qkg
1160012,319,310,307,316,305,ajr,qkg,tri,hcd,lab
1160013,315,312,303,318,314,zms,clr,acx,itc,zky
1160014,314,310,303,307,301,zky,qkg,acx,tri,wju
1160015,314,310,306,307,319,zky,qkg,tyc,tri,ajr
1160016,306,318,302,311,314,tyc,itc,qzd,rsf,zky
1160017,302,306,315,309,312,qzd,tyc,zms,odk,clr
1160018,314,319,306,302,311,zky,ajr,tyc,qzd,rsf
1160019,318,314,308,306,301,itc,zky,wsl,tyc,wju
1160020,311,314,305,317,301,rsf,zky,lab,nlg,wju
1160021,303,312,302,305,310,acx,clr,qzd,lab,qkg
1160022,301,318,319,317,314,wju,itc,ajr,nlg,zky
1160023,310,306,316,313,304,qkg,tyc,hcd,gvi,amx
1160024,303,304,318,305,306,acx,amx,itc,lab,tyc
1160025,314,313,320,305,315,zky,gvi,akn,lab,zms
1160026,309,319,303,306,313,odk,ajr,acx,tyc,gvi
1160027,312,313,302,310,304,clr,gvi,qzd,qkg,amx
1160028,305,304,313,320,315,lab,amx,gvi,akn,zms
1160029,302,301,314,313,306,qzd,wju,zky,gvi,tyc
1160030,319,313,318,303,314,ajr,gvi,itc,acx,zky
1160031,311,315,306,317,313,rsf,zms,tyc,nlg,gvi
1160032,312,319,310,316,308,clr,ajr,qkg,hcd,wsl
1160033,307,303,305,310,317,tri,acx,lab,qkg,nlg
1160034,307,306,302,310,314,tri,tyc,qzd,qkg,zky
1160035,311,308,320,303,310,rsf,wsl,akn,acx,qkg
1160036,315,320,303,308,317,zms,akn,acx,wsl,nlg
1160037,307,318,304,301,309,tri,itc,amx,wju,odk
1160038,303,313,310,320,317,acx,gvi,qkg,akn,nlg
1160039,319,314,308,309,318,ajr,zky,wsl,odk,itc
1160040,317,310,313,315,301,nlg,qkg,gvi,zms,wju
1160041,301,303,306,309,314,wju,acx,tyc,odk,zky
1160042,308,317,304,314,320,wsl,nlg,amx,zky,akn
1160043,319,309,317,315,311,ajr,odk,nlg,zms,rsf
1160044,309,305,317,315,306,odk,lab,nlg,zms,tyc
1160045,301,302,309,315,312,wju,qzd,odk,zms,clr
1160046,309,302,316,318,319,odk,qzd,hcd,itc,ajr
1160047,302,316,307,308,314,qzd,hcd,tri,wsl,zky
1160048,313,307,317,303,318,gvi,tri,nlg,acx,itc
1160049,319,309,303,310,314,ajr,odk,acx,qkg,zky
1160050,313,301,307,310,306,gvi,wju,tri,qkg,tyc
1160051,305,303,311,313,304,lab,acx,rsf,gvi,amx
1160052,313,311,320,310,312,gvi,rsf,akn,qkg,clr
1160053,306,310,304,312,302,tyc,qkg,amx,clr,qzd
1160054,316,315,303,320,305,hcd,zms,acx,akn,lab
1160055,303,301,319,311,307,acx,wju,ajr,rsf,tri
1160056,305,302,303,319,316,lab,qzd,acx,ajr,hcd
1160057,320,309,314,316,313,akn,odk,zky,hcd,gvi
1160058,307,310,318,315,305,tri,qkg,itc,zms,lab
1160059,317,311,313,301,319,nlg,rsf,gvi,wju,ajr
1160060,313,302,317,309,305,gvi,qzd,nlg,odk,lab
1160061,312,303,308,302,320,clr,acx,wsl,qzd,akn
1160062,310,305,308,318,320,qkg,lab,wsl,itc,akn
1160063,320,314,304,311,305,akn,zky,amx,rsf,lab
1160064,315,314,305,311,304,zms,zky,lab,rsf,amx
1160065,307,312,313,305,314,tri,clr,gvi,lab,zky
1160066,301,302,314,316,303,wju,qzd,zky,hcd,acx
1160067,314,318,308,305,311,zky,itc,wsl,lab,rsf
1160068,308,320,312,318,306,wsl,akn,clr,itc,tyc
1160069,301,316,319,305,309,wju,hcd,ajr,lab,odk
1160070,318,311,312,314,307,itc,rsf,clr,zky,tri
1160071,317,314,319,311,309,nlg,zky,ajr,rsf,odk
1160072,317,310,309,312,316,nlg,qkg,odk,clr,hcd
1160073,318,303,305,314,309,itc,acx,lab,zky,odk
1160074,310,316,315,309,308,qkg,hcd,zms,odk,wsl
1160075,311,314,307,320,305,rsf,zky,tri,akn,lab
1160076,317,301,308,315,302,nlg,wju,wsl,zms,qzd
1160077,320,316,302,317,308,akn,hcd,qzd,nlg,wsl
1160078,317,318,311,312,316,nlg,itc,rsf,clr,hcd
1160079,319,309,313,310,304,ajr,odk,gvi,qkg,amx
1160080,319,309,316,315,308,ajr,odk,hcd,zms,wsl
1160081,318,313,302,312,304,itc,gvi,qzd,clr,amx
1160082,305,315,307,311,309,lab,zms,tri,rsf,odk
1160083,305,317,312,313,309,lab,nlg,clr,gvi,odk
1160084,318,319,310,303,320,itc,ajr,qkg,acx,akn
1160085,309,314,307,310,320,odk,zky,tri,qkg,akn
1160086,302,319,314,320,306,qzd,ajr,zky,akn,tyc
1160087,305,313,310,312,318,lab,gvi,qkg,clr,itc
1160088,301,314,311,306,310,wju,zky,rsf,tyc,qkg
1160089,317,312,310,313,320,nlg,clr,qkg,gvi,akn
1160090,311,312,318,314,303,rsf,clr,itc,zky,acx
1160091,311,310,301,320,316,rsf,qkg,wju,akn,hcd
1160092,312,319,308,314,316,clr,ajr,wsl,zky,hcd
1160093,309,320,315,303,308,odk,akn,zms,acx,wsl
1160094,320,303,306,309,316,akn,acx,tyc,odk,hcd
1160095,311,307,319,308,302,rsf,tri,ajr,wsl,qzd
1160096,314,302,307,305,317,zky,qzd,tri,lab,nlg
1160097,318,315,307,304,316,itc,zms,tri,amx,hcd
1160098,316,304,315,320,309,hcd,amx,zms,akn,odk
1160099,316,313,318,317,315,hcd,gvi,itc,nlg,zms
1160100,309,302,319,308,317,odk,qzd,ajr,wsl,nlg
1160101,318,309,308,301,303,itc,odk,wsl,wju,acx
1160102,318,309,316,302,305,itc,odk,hcd,qzd,lab
1160103,319,301,309,302,307,ajr,wju,odk,qzd,tri
1160104,316,308,307,317,314,hcd,wsl,tri,nlg,zky
1160105,311,320,312,319,318,rsf,akn,clr,ajr,itc
1160106,310,313,315,320,305,qkg,gvi,zms,akn,lab
1160107,319,315,301,316,320,ajr,zms,wju,hcd,akn
1160108,302,318,312,311,313,qzd,itc,clr,rsf,gvi
1160109,307,304,310,318,311,tri,amx,qkg,itc,rsf
1160110,303,316,309,304,317,acx,hcd,odk,amx,nlg
1160111,316,312,313,319,307,hcd,clr,gvi,ajr,tri
1160112,305,318,316,311,307,lab,itc,hcd,rsf,tri
1160113,319,307,303,318,316,ajr,tri,acx,itc,hcd
1160114,310,307,306,303,313,qkg,tri,tyc,acx,gvi
1160115,314,309,320,307,319,zky,odk,akn,tri,ajr
1160116,303,307,319,304,302,acx,tri,ajr,amx,qzd
1160117,315,320,314,307,317,zms,akn,zky,tri,nlg
1160118,316,305,315,310,307,hcd,lab,zms,qkg,tri
1160119,312,308,319,313,301,clr,wsl,ajr,gvi,wju
1160120,315,317,309,319,318,zms,nlg,odk,ajr,itc
1160121,313,305,301,304,315,gvi,lab,wju,amx,zms
1160122,314,304,315,319,310,zky,amx,zms,ajr,qkg
1160123,310,315,312,319,302,qkg,zms,clr,ajr,qzd
1160124,311,305,310,316,318,rsf,lab,qkg,hcd,itc
1160125,318,315,319,307,317,itc,zms,ajr,tri,nlg
1160126,306,318,317,308,311,tyc,itc,nlg,wsl,rsf
1160127,314,313,315,312,319,zky,gvi,zms,clr,ajr
1160128,316,309,305,317,320,hcd,odk,lab,nlg,akn
1160129,302,305,317,308,303,qzd,lab,nlg,wsl,acx
1160130,304,305,312,313,320,amx,lab,clr,gvi,akn
1160131,314,313,319,302,318,zky,gvi,ajr,qzd,itc
1160132,305,315,310,301,308,lab,zms,qkg,wju,wsl
1160133,314,307,309,301,310,zky,tri,odk,wju,qkg
1160134,320,301,314,318,317,akn,wju,zky,itc,nlg
1160135,317,320,306,316,305,nlg,akn,tyc,hcd,lab
1160136,309,305,315,307,317,odk,lab,zms,tri,nlg
1160137,306,304,313,309,305,tyc,amx,gvi,odk,lab
1160138,313,307,310,308,317,gvi,tri,qkg,wsl,nlg
1160139,307,303,304,318,320,tri,acx,amx,itc,akn
1160140,305,318,313,307,314,lab,itc,gvi,tri,zky
1160141,301,304,314,315,318,wju,amx,zky,zms,itc
1160142,311,310,313,316,305,rsf,qkg,gvi,hcd,lab
1160143,305,317,301,306,311,lab,nlg,wju,tyc,rsf
1160144,315,316,301,308,317,zms,hcd,wju,wsl,nlg
1160145,312,317,320,309,314,clr,nlg,akn,odk,zky
1160146,320,314,310,303,301,akn,zky,qkg,acx,wju
1160147,320,318,308,306,317,akn,itc,wsl,tyc,nlg
1160148,301,309,308,306,318,wju,odk,wsl,tyc,itc
1160149,315,303,302,314,305,zms,acx,qzd,zky,lab
1160150,312,319,320,302,304,clr,ajr,akn,qzd,amx
1160151,307,318,304,303,316,tri,itc,amx,acx,hcd
1160152,315,308,318,307,311,zms,wsl,itc,tri,rsf
1160153,302,309,318,308,319,qzd,odk,itc,wsl,ajr
1160154,304,307,314,301,319,amx,tri,zky,wju,ajr
1160155,315,311,309,320,319,zms,rsf,odk,akn,ajr
1160156,317,310,316,318,304,nlg,qkg,hcd,itc,amx
1160157,310,312,311,313,309,qkg,clr,rsf,gvi,odk
1160158,302,320,308,315,318,qzd,akn,wsl,zms,itc
1160159,309,316,314,311,301,odk,hcd,zky,rsf,wju
1160160,307,319,315,304,302,tri,ajr,zms,amx,qzd
1160161,309,301,313,305,320,odk,wju,gvi,lab,akn
1160162,313,303,316,317,306,gvi,acx,hcd,nlg,tyc
1160163,311,315,318,307,302,rsf,zms,itc,tri,qzd
1160164,313,307,304,309,306,gvi,tri,amx,odk,tyc
1160165,306,319,316,312,314,tyc,ajr,hcd,clr,zky
1160166,304,309,307,313,316,amx,odk,tri,gvi,hcd
1160167,301,318,308,319,311,wju,itc,wsl,ajr,rsf
1160168,307,305,302,319,318,tri,lab,qzd,ajr,itc
1160169,314,319,315,308,317,zky,ajr,zms,wsl,nlg
1160170,319,310,307,308,311,ajr,qkg,tri,wsl,rsf
1160171,306,311,303,318,310,tyc,rsf,acx,itc,qkg
1160172,309,305,314,302,308,odk,lab,zky,qzd,wsl
1160173,314,311,317,320,302,zky,rsf,nlg,akn,qzd
1160174,306,313,314,310,307,tyc,gvi,zky,qkg,tri
1160175,313,316,308,301,319,gvi,hcd,wsl,wju,ajr
1160176,316,312,319,318,304,hcd,clr,ajr,itc,amx
1160177,318,302,301,311,306,itc,qzd,wju,rsf,tyc
1160178,316,301,312,304,303,hcd,wju,clr,amx,acx
1160179,309,305,320,319,304,odk,lab,akn,ajr,amx
1160180,314,311,303,310,306,zky,rsf,acx,qkg,tyc
1160181,316,302,314,308,320,hcd,qzd,zky,wsl,akn
1160182,317,308,318,312,305,nlg,wsl,itc,clr,lab
1160183,316,318,320,312,319,hcd,itc,akn,clr,ajr
1160184,304,315,307,303,320,amx,zms,tri,acx,akn
1160185,318,320,308,316,315,itc,akn,wsl,hcd,zms
1160186,316,309,306,319,318,hcd,odk,tyc,ajr,itc
1160187,302,319,310,313,317,qzd,ajr,qkg,gvi,nlg
1160188,320,318,314,302,309,akn,itc,zky,qzd,odk
1160189,312,305,304,306,307,clr,lab,amx,tyc,tri
1160190,301,319,308,314,318,wju,ajr,wsl,zky,itc
1160191,308,304,306,320,301,wsl,amx,tyc,akn,wju
1160192,303,315,316,317,314,acx,zms,hcd,nlg,zky
1160193,318,302,303,313,310,itc,qzd,acx,gvi,qkg
1160194,307,310,305,303,318,tri,qkg,lab,acx,itc
1160195,318,301,304,319,311,itc,wju,amx,ajr,rsf
1160196,313,309,305,320,315,gvi,odk,lab,akn,zms
1160197,313,319,317,304,306,gvi,ajr,nlg,amx,tyc
1160198,319,313,302,318,316,ajr,gvi,qzd,itc,hcd
1160199,310,314,301,313,303,qkg,zky,wju,gvi,acx
1160200,314,305,319,311,301,zky,lab,ajr,rsf,wju
1160201,310,307,311,308,304,qkg,tri,rsf,wsl,amx
1160202,315,316,312,310,302,zms,hcd,clr,qkg,qzd
1160203,317,309,308,319,314,nlg,odk,wsl,ajr,zky
1160204,303,301,316,302,317,acx,wju,hcd,qzd,nlg
1160205,302,317,301,303,312,qzd,nlg,wju,acx,clr
1160206,320,311,301,312,315,akn,rsf,wju,clr,zms
1160207,314,311,305,309,319,zky,rsf,lab,odk,ajr
1160208,307,305,302,304,301,tri,lab,qzd,amx,wju
1160209,314,304,301,311,305,zky,amx,wju,rsf,lab
1160210,302,308,307,303,309,qzd,wsl,tri,acx,odk
1160211,313,301,307,309,315,gvi,wju,tri,odk,zms
1160212,316,311,302,312,301,hcd,rsf,qzd,clr,wju
1160213,316,310,311,306,313,hcd,qkg,rsf,tyc,gvi
1160214,310,307,312,308,317,qkg,tri,clr,wsl,nlg
1160215,303,302,312,310,308,acx,qzd,clr,qkg,wsl
1160216,320,305,313,308,314,akn,lab,gvi,wsl,zky
1160217,311,306,318,301,308,rsf,tyc,itc,wju,wsl
1160218,311,316,314,303,318,rsf,hcd,zky,acx,itc
1160219,311,316,313,318,307,rsf,hcd,gvi,itc,tri
1160220,301,305,302,320,310,wju,lab,qzd,akn,qkg
1160221,301,311,318,313,306,wju,rsf,itc,gvi,tyc
1160222,312,307,305,303,319,clr,tri,lab,acx,ajr
1160223,306,310,309,318,315,tyc,qkg,odk,itc,zms
1160224,303,308,319,318,306,acx,wsl,ajr,itc,tyc
1160225,314,310,318,303,305,zky,qkg,itc,acx,lab
1160226,314,305,302,313,318,zky,lab,qzd,gvi,itc
1160227,314,312,320,316,305,zky,clr,akn,hcd,lab
1160228,308,312,307,304,302,wsl,clr,tri,amx,qzd
1160229,317,318,314,305,320,nlg,itc,zky,lab,akn
1160230,303,313,302,304,317,acx,gvi,qzd,amx,nlg
1160231,318,301,320,307,317,itc,wju,akn,tri,nlg
1160232,301,305,319,307,306,wju,lab,ajr,tri,tyc
1160233,306,318,312,316,317,tyc,itc,clr,hcd,nlg
1160234,320,319,309,302,310,akn,ajr,odk,qzd,qkg
1160235,308,317,307,306,310,wsl,nlg,tri,tyc,qkg
1160236,302,316,313,319,308,qzd,hcd,gvi,ajr,wsl
1160237,305,307,306,311,312,lab,tri,tyc,rsf,clr
1160238,309,317,307,303,301,odk,nlg,tri,acx,wju
1160239,318,305,304,302,314,itc,lab,amx,qzd,zky
1160240,301,313,308,316,310,wju,gvi,wsl,hcd,qkg
1160241,318,304,317,306,302,itc,amx,nlg,tyc,qzd
1160242,313,301,312,317,308,gvi,wju,clr,nlg,wsl
1160243,309,312,319,305,316,odk,clr,ajr,lab,hcd
1160244,306,314,317,316,303,tyc,zky,nlg,hcd,acx
1160245,303,318,313,309,312,acx,itc,gvi,odk,clr
1160246,305,314,302,310,316,lab,zky,qzd,qkg,hcd
1160247,306,302,313,316,319,tyc,qzd,gvi,hcd,ajr
1160248,302,319,305,316,320,qzd,ajr,lab,hcd,akn
1160249,320,316,319,306,315,akn,hcd,ajr,tyc,zms
1160250,304,311,319,306,305,amx,rsf,ajr,tyc,lab
1160251,319,314,301,311,302,ajr,zky,wju,rsf,qzd
1160252,306,309,317,308,320,tyc,odk,nlg,wsl,akn
1160253,304,305,318,315,319,amx,lab,itc,zms,ajr
1160254,318,316,312,302,305,itc,hcd,clr,qzd,lab
1160255,305,303,310,318,309,lab,acx,qkg,itc,odk
1160256,316,315,312,317,301,hcd,zms,clr,nlg,wju
1160257,301,308,318,316,311,wju,wsl,itc,hcd,rsf
1160258,315,301,304,319,302,zms,wju,amx,ajr,qzd
1160259,305,301,302,306,313,lab,wju,qzd,tyc,gvi
1160260,302,301,308,314,307,qzd,wju,wsl,zky,tri
1160261,314,313,307,303,310,zky,gvi,tri,acx,qkg
1160262,315,311,301,317,319,zms,rsf,wju,nlg,ajr
1160263,301,317,302,310,314,wju,nlg,qzd,qkg,zky
1160264,303,308,301,317,313,acx,wsl,wju,nlg,gvi
1160265,302,310,314,304,307,qzd,qkg,zky,amx,tri
1160266,320,307,314,306,309,akn,tri,zky,tyc,odk
1160267,307,317,316,320,303,tri,nlg,hcd,akn,acx
1160268,317,318,315,305,301,nlg,itc,zms,lab,wju
1160269,302,320,301,308,315,qzd,akn,wju,wsl,zms
1160270,318,306,307,314,302,itc,tyc,tri,zky,qzd
1160271,302,320,307,319,318,qzd,akn,tri,ajr,itc
1160272,318,317,314,312,310,itc,nlg,zky,clr,qkg
1160273,304,301,305,308,306,amx,wju,lab,wsl,tyc
1160274,311,302,307,304,318,rsf,qzd,tri,amx,itc
1160275,301,306,313,320,309,wju,tyc,gvi,akn,odk
1160276,306,301,320,309,318,tyc,wju,akn,odk,itc
1160277,313,317,306,315,307,gvi,nlg,tyc,zms,tri
1160278,315,301,309,305,303,zms,wju,odk,lab,acx
1160279,319,317,305,308,320,ajr,nlg,lab,wsl,akn
1160280,309,302,314,319,312,odk,qzd,zky,ajr,clr
1160281,317,314,307,318,310,nlg,zky,tri,itc,qkg
1160282,319,306,308,318,309,ajr,tyc,wsl,itc,odk
1160283,314,308,317,313,312,zky,wsl,nlg,gvi,clr
1160284,307,312,318,317,301,tri,clr,itc,nlg,wju
1160285,301,317,302,320,316,wju,nlg,qzd,akn,hcd
1160286,316,318,309,306,303,hcd,itc,odk,tyc,acx
1160287,310,312,305,306,319,qkg,clr,lab,tyc,ajr
1160288,313,316,320,317,307,gvi,hcd,akn,nlg,tri
1160289,308,314,312,304,313,wsl,zky,clr,amx,gvi
1160290,309,315,319,307,314,odk,zms,ajr,tri,zky
1160291,309,318,307,320,306,odk,itc,tri,akn,tyc
1160292,316,320,317,318,311,hcd,akn,nlg,itc,rsf
1160293,304,307,313,318,301,amx,tri,gvi,itc,wju
1160294,317,302,305,309,312,nlg,qzd,lab,odk,clr
1160295,313,312,315,314,305,gvi,clr,zms,zky,lab
1160296,302,319,309,318,312,qzd,ajr,odk,itc,clr
1160297,309,306,317,315,307,odk,tyc,nlg,zms,tri
1160298,304,316,302,318,315,amx,hcd,qzd,itc,zms
1160299,301,315,303,307,311,wju,zms,acx,tri,rsf
1160300,310,302,320,314,303,qkg,qzd,akn,zky,acx
1160301,305,308,307,306,315,lab,wsl,tri,tyc,zms
1160302,306,305,315,320,304,tyc,lab,zms,akn,amx
1160303,304,309,317,301,303,amx,odk,nlg,wju,acx
1160304,303,304,308,315,307,acx,amx,wsl,zms,tri
1160305,301,314,318,315,316,wju,zky,itc,zms,hcd
1160306,305,318,308,319,313,lab,itc,wsl,ajr,gvi
1160307,311,306,309,308,320,rsf,tyc,odk,wsl,akn
1160308,320,317,307,309,306,akn,nlg,tri,odk,tyc
1160309,318,303,308,302,307,itc,acx,wsl,qzd,tri
1160310,306,304,316,307,312,tyc,amx,hcd,tri,clr
1160311,316,303,304,312,319,hcd,acx,amx,clr,ajr
1160312,311,310,309,319,313,rsf,qkg,odk,ajr,gvi
1160313,311,301,306,318,309,rsf,wju,tyc,itc,odk
1160314,310,301,316,309,318,qkg,wju,hcd,odk,itc
1160315,307,316,313,305,301,tri,hcd,gvi,lab,wju
1160316,314,309,305,308,301,zky,odk,lab,wsl,wju
1160317,307,319,306,301,320,tri,ajr,tyc,wju,akn
1160318,305,312,314,315,302,lab,clr,zky,zms,qzd
1160319,304,320,313,319,311,amx,akn,gvi,ajr,rsf
1160320,312,304,313,301,314,clr,amx,gvi,wju,zky
1160321,309,315,301,314,320,odk,zms,wju,zky,akn
1160322,302,310,312,315,319,qzd,qkg,clr,zms,ajr
1160323,308,312,301,313,316,wsl,clr,wju,gvi,hcd
1160324,319,303,304,313,314,ajr,acx,amx,gvi,zky
1160325,311,313,314,301,307,rsf,gvi,zky,wju,tri
1160326,303,312,315,317,308,acx,clr,zms,nlg,wsl
1160327,316,311,313,303,317,hcd,rsf,gvi,acx,nlg
1160328,310,301,318,308,309,qkg,wju,itc,wsl,odk
1160329,302,310,306,320,308,qzd,qkg,tyc,akn,wsl
1160330,305,312,309,308,310,lab,clr,odk,wsl,qkg
1160331,314,319,301,302,317,zky,ajr,wju,qzd,nlg
1160332,312,319,301,302,303,clr,ajr,wju,qzd,acx
1160333,305,303,315,316,311,lab,acx,zms,hcd,rsf
1160334,301,315,317,302,320,wju,zms,nlg,qzd,akn
1160335,306,309,307,312,314,tyc,odk,tri,clr,zky
1160336,305,317,309,302,310,lab,nlg,odk,qzd,qkg
1160337,308,317,318,315,306,wsl,nlg,itc,zms,tyc
1160338,317,307,311,318,306,nlg,tri,rsf,itc,tyc
1160339,310,313,316,314,317,qkg,gvi,hcd,zky,nlg
1160340,309,317,312,311,306,odk,nlg,clr,rsf,tyc
1160341,306,316,309,314,317,tyc,hcd,odk,zky,nlg
1160342,309,308,319,320,313,odk,wsl,ajr,akn,gvi
1160343,308,317,311,314,306,wsl,nlg,rsf,zky,tyc
1160344,307,308,312,309,303,tri,wsl,clr,odk,acx
1160345,302,304,311,312,310,qzd,amx,rsf,clr,qkg
1160346,307,314,315,306,303,tri,zky,zms,tyc,acx
1160347,311,301,306,303,317,rsf,wju,tyc,acx,nlg
1160348,301,304,317,320,302,wju,amx,nlg,akn,qzd
1160349,310,307,305,316,312,qkg,tri,lab,hcd,clr
1160350,303,318,304,320,316,acx,itc,amx,akn,hcd
1160351,317,315,311,319,309,nlg,zms,rsf,ajr,odk
1160352,320,307,309,316,310,akn,tri,odk,hcd,qkg
1160353,306,310,307,303,311,tyc,qkg,tri,acx,rsf
1160354,313,304,319,315,302,gvi,amx,ajr,zms,qzd
1160355,317,320,306,305,315,nlg,akn,tyc,lab,zms
1160356,304,311,301,314,308,amx,rsf,wju,zky,wsl
1160357,318,306,317,301,307,itc,tyc,nlg,wju,tri
1160358,317,303,313,305,306,nlg,acx,gvi,lab,tyc
1160359,317,316,308,305,303,nlg,hcd,wsl,lab,acx
1160360,318,308,312,317,313,itc,wsl,clr,nlg,gvi
1160361,302,306,305,312,308,qzd,tyc,lab,clr,wsl
1160362,313,314,306,318,303,gvi,zky,tyc,itc,acx
1160363,314,316,315,312,309,zky,hcd,zms,clr,odk
1160364,301,318,315,302,314,wju,itc,zms,qzd,zky
1160365,313,316,311,319,315,gvi,hcd,rsf,ajr,zms
1160366,312,304,310,301,315,clr,amx,qkg,wju,zms
1160367,305,307,319,316,317,lab,tri,ajr,hcd,nlg
1160368,305,302,315,320,314,lab,qzd,zms,akn,zky
1160369,303,311,312,307,317,acx,rsf,clr,tri,nlg
1160370,315,310,306,304,316,zms,qkg,tyc,amx,hcd
1160371,307,315,310,319,317,tri,zms,qkg,ajr,nlg
1160372,314,312,308,306,304,zky,clr,wsl,tyc,amx
1160373,314,308,315,307,301,zky,wsl,zms,tri,wju
1160374,320,317,310,309,313,akn,nlg,qkg,odk,gvi
1160375,320,307,306,313,314,akn,tri,tyc,gvi,zky
1160376,311,317,320,306,313,rsf,nlg,akn,tyc,gvi
1160377,320,318,313,311,301,akn,itc,gvi,rsf,wju
1160378,301,312,319,317,311,wju,clr,ajr,nlg,rsf
1160379,305,319,320,311,316,lab,ajr,akn,rsf,hcd
1160380,318,310,315,313,302,itc,qkg,zms,gvi,qzd
1160381,320,305,313,302,308,akn,lab,gvi,qzd,wsl
1160382,310,315,307,313,314,qkg,zms,tri,gvi,zky
1160383,304,306,307,317,320,amx,tyc,tri,nlg,akn
1160384,313,315,308,317,314,gvi,zms,wsl,nlg,zky
1160385,311,320,314,307,318,rsf,akn,zky,tri,itc
1160386,319,301,314,317,308,ajr,wju,zky,nlg,wsl
1160387,301,310,311,302,316,wju,qkg,rsf,qzd,hcd
1160388,309,304,316,301,311,odk,amx,hcd,wju,rsf
1160389,302,309,317,301,310,qzd,odk,nlg,wju,qkg
1160390,303,312,316,306,308,acx,clr,hcd,tyc,wsl
1160391,307,306,310,309,311,tri,tyc,qkg,odk,rsf
1160392,312,313,308,309,316,clr,gvi,wsl,odk,hcd
1160393,318,313,314,307,310,itc,gvi,zky,tri,qkg
1160394,302,312,306,313,311,qzd,clr,tyc,gvi,rsf
1160395,314,305,315,308,303,zky,lab,zms,wsl,acx
1160396,317,309,311,310,313,nlg,odk,rsf,qkg,gvi
1160397,307,306,319,302,305,tri,tyc,ajr,qzd,lab
1160398,307,304,316,312,301,tri,amx,hcd,clr,wju
1160399,311,310,320,316,312,rsf,qkg,akn,hcd,clr
1160400,310,318,306,312,304,qkg,itc,tyc,clr,amx
1160401,302,311,307,320,312,qzd,rsf,tri,akn,clr
1160402,312,306,316,314,313,clr,tyc,hcd,zky,gvi
1160403,310,315,305,309,301,qkg,zms,lab,odk,wju
1160404,311,308,312,309,301,rsf,wsl,clr,odk,wju
1160405,311,313,302,315,318,rsf,gvi,qzd,zms,itc
1160406,310,311,309,312,307,qkg,rsf,odk,clr,tri
1160407,320,313,317,305,308,akn,gvi,nlg,lab,wsl
1160408,316,302,315,307,319,hcd,qzd,zms,tri,ajr
1160409,314,306,305,309,318,zky,tyc,lab,odk,itc
1160410,313,319,312,315,307,gvi,ajr,clr,zms,tri
1160411,309,318,306,311,305,odk,itc,tyc,rsf,lab
1160412,309,312,320,310,313,odk,clr,akn,qkg,gvi
1160413,318,310,304,302,303,itc,qkg,amx,qzd,acx
1160414,314,311,304,313,301,zky,rsf,amx,gvi,wju
1160415,302,320,317,307,306,qzd,akn,nlg,tri,tyc
1160416,319,318,314,310,309,ajr,itc,zky,qkg,odk
1160417,316,312,320,302,318,hcd,clr,akn,qzd,itc
1160418,306,301,309,314,311,tyc,wju,odk,zky,rsf
1160419,320,302,304,308,315,akn,qzd,amx,wsl,zms
1160420,312,314,311,308,318,clr,zky,rsf,wsl,itc
1160421,305,311,308,319,302,lab,rsf,wsl,ajr,qzd
1160422,310,306,320,319,318,qkg,tyc,akn,ajr,itc
1160423,310,319,301,303,305,qkg,ajr,wju,acx,lab
1160424,308,314,319,311,301,wsl,zky,ajr,rsf,wju
1160425,316,306,314,308,304,hcd,tyc,zky,wsl,amx
1160426,310,317,315,318,305,qkg,nlg,zms,itc,lab
1160427,319,303,311,308,309,ajr,acx,rsf,wsl,odk
1160428,314,316,309,320,303,zky,hcd,odk,akn,acx
1160429,304,302,317,305,316,amx,qzd,nlg,lab,hcd
1160430,319,318,303,302,301,ajr,itc,acx,qzd,wju
1160431,304,311,305,315,316,amx,rsf,lab,zms,hcd
1160432,312,308,306,304,313,clr,wsl,tyc,amx,gvi
1160433,308,301,309,317,315,wsl,wju,odk,nlg,zms
1160434,311,318,310,302,317,rsf,itc,qkg,qzd,nlg
1160435,310,304,315,307,303,qkg,amx,zms,tri,acx
1160436,318,307,315,303,301,itc,tri,zms,acx,wju
1160437,314,301,319,306,315,zky,wju,ajr,tyc,zms
1160438,302,320,305,318,311,qzd,akn,lab,itc,rsf
1160439,314,315,303,310,318,zky,zms,acx,qkg,itc
1160440,301,307,302,315,304,wju,tri,qzd,zms,amx
1160441,320,314,302,305,315,akn,zky,qzd,lab,zms
1160442,318,301,308,312,310,itc,wju,wsl,clr,qkg
1160443,317,320,319,305,302,nlg,akn,ajr,lab,qzd
1160444,320,303,306,314,311,akn,acx,tyc,zky,rsf
1160445,301,319,303,313,316,wju,ajr,acx,gvi,hcd
1160446,304,311,303,310,316,amx,rsf,acx,qkg,hcd
1160447,317,320,305,312,309,nlg,akn,lab,clr,odk
1160448,311,316,318,301,309,rsf,hcd,itc,wju,odk
1160449,317,310,312,304,320,nlg,qkg,clr,amx,akn
1160450,317,320,318,309,305,nlg,akn,itc,odk,lab
1160451,305,310,312,316,319,lab,qkg,clr,hcd,ajr
1160452,311,310,306,308,304,rsf,qkg,tyc,wsl,amx
1160453,315,312,311,307,308,zms,clr,rsf,tri,wsl
1160454,309,317,306,313,311,odk,nlg,tyc,gvi,rsf
1160455,311,318,313,308,319,rsf,itc,gvi,wsl,ajr
1160456,301,302,314,318,309,wju,qzd,zky,itc,odk
1160457,306,317,310,308,304,tyc,nlg,qkg,wsl,amx
1160458,320,315,301,316,306,akn,zms,wju,hcd,tyc
1160459,305,314,304,309,308,lab,zky,amx,odk,wsl
1160460,304,312,302,314,313,amx,clr,qzd,zky,gvi
1160461,306,312,310,314,307,tyc,clr,qkg,zky,tri
1160462,301,313,309,320,302,wju,gvi,odk,akn,qzd
1160463,311,304,307,306,320,rsf,amx,tri,tyc,akn
1160464,314,304,306,303,315,zky,amx,tyc,acx,zms
1160465,316,304,303,317,307,hcd,amx,acx,nlg,tri
1160466,314,302,316,315,311,zky,qzd,hcd,zms,rsf
1160467,301,306,309,302,303,wju,tyc,odk,qzd,acx
1160468,320,307,309,305,311,akn,tri,odk,lab,rsf
1160469,306,320,310,309,308,tyc,akn,qkg,odk,wsl
1160470,309,304,311,307,313,odk,amx,rsf,tri,gvi
1160471,304,316,319,320,301,amx,hcd,ajr,akn,wju
1160472,318,306,305,312,315,itc,tyc,lab,clr,zms
1160473,301,319,308,306,305,wju,ajr,wsl,tyc,lab
1160474,315,303,314,313,319,zms,acx,zky,gvi,ajr
1160475,319,302,310,305,314,ajr,qzd,qkg,lab,zky
1160476,317,313,316,306,311,nlg,gvi,hcd,tyc,rsf
1160477,304,302,311,314,309,amx,qzd,rsf,zky,odk
1160478,317,313,319,314,301,nlg,gvi,ajr,zky,wju
1160479,309,306,319,303,311,odk,tyc,ajr,acx,rsf
1160480,309,305,304,313,307,odk,lab,amx,gvi,tri
1160481,319,301,302,315,306,ajr,wju,qzd,zms,tyc
1160482,302,310,306,317,315,qzd,qkg,tyc,nlg,zms
1160483,302,308,303,312,311,qzd,wsl,acx,clr,rsf
1160484,314,318,313,305,316,zky,itc,gvi,lab,hcd
1160485,305,317,314,315,301,lab,nlg,zky,zms,wju
1160486,317,304,320,314,305,nlg,amx,akn,zky,lab
1160487,320,301,309,308,302,akn,wju,odk,wsl,qzd
1160488,301,302,318,314,315,wju,qzd,itc,zky,zms
1160489,318,301,309,305,311,itc,wju,odk,lab,rsf
1160490,317,320,301,307,310,nlg,akn,wju,tri,qkg
1160491,305,314,320,307,317,lab,zky,akn,tri,nlg
1160492,318,314,303,319,304,itc,zky,acx,ajr,amx
1160493,309,301,306,307,305,odk,wju,tyc,tri,lab
1160494,314,317,316,303,320,zky,nlg,hcd,acx,akn
1160495,304,316,312,305,319,amx,hcd,clr,lab,ajr
1160496,306,310,301,302,312,tyc,qkg,wju,qzd,clr
1160497,306,314,318,320,315,tyc,zky,itc,akn,zms
1160498,320,318,302,309,313,akn,itc,qzd,odk,gvi
1160499,303,307,314,301,311,acx,tri,zky,wju,rsf
1160500,308,309,301,319,302,wsl,odk,wju,ajr,qzd
1160501,307,315,317,303,313,tri,zms,nlg,acx,gvi
1160502,304,319,317,311,303,amx,ajr,nlg,rsf,acx
1160503,314,301,303,309,319,zky,wju,acx,odk,ajr
1160504,315,304,309,302,308,zms,amx,odk,qzd,wsl
1160505,302,316,308,303,320,qzd,hcd,wsl,acx,akn
1160506,314,302,304,309,308,zky,qzd,amx,odk,wsl
1160507,303,320,316,315,302,acx,akn,hcd,zms,qzd
1160508,313,310,308,306,312,gvi,qkg,wsl,tyc,clr
1160509,302,320,314,310,301,qzd,akn,zky,qkg,wju
1160510,318,307,317,312,301,itc,tri,nlg,clr,wju
1160511,314,316,309,308,320,zky,hcd,odk,wsl,akn
1160512,307,308,306,314,318,tri,wsl,tyc,zky,itc
1160513,301,303,302,311,319,wju,acx,qzd,rsf,ajr
1160514,311,305,304,308,303,rsf,lab,amx,wsl,acx
1160515,318,314,315,312,311,itc,zky,zms,clr,rsf
1160516,305,316,312,314,317,lab,hcd,clr,zky,nlg
1160517,312,311,305,314,315,clr,rsf,lab,zky,zms
1160518,304,312,306,314,320,amx,clr,tyc,zky,akn
1160519,305,310,317,301,315,lab,qkg,nlg,wju,zms
1160520,304,311,317,316,307,amx,rsf,nlg,hcd,tri
1160521,317,305,312,301,302,nlg,lab,clr,wju,qzd
1160522,316,320,302,314,318,hcd,akn,qzd,zky,itc
1160523,303,309,310,306,304,acx,odk,qkg,tyc,amx
1160524,313,307,310,320,301,gvi,tri,qkg,akn,wju
1160525,310,302,301,307,311,qkg,qzd,wju,tri,rsf
1160526,311,318,302,304,309,rsf,itc,qzd,amx,odk
1160527,318,310,302,301,308,itc,qkg,qzd,wju,wsl
1160528,315,310,305,306,314,zms,qkg,lab,tyc,zky
1160529,312,320,301,317,305,clr,akn,wju,nlg,lab
1160530,302,310,303,318,315,qzd,qkg,acx,itc,zms
1160531,303,302,309,314,307,acx,qzd,odk,zky,tri
1160532,309,317,307,320,304,odk,nlg,tri,akn,amx
1160533,319,313,304,318,302,ajr,gvi,amx,itc,qzd
1160534,318,309,303,304,305,itc,odk,acx,amx,lab
1160535,308,318,303,314,319,wsl,itc,acx,zky,ajr
1160536,306,305,309,313,318,tyc,lab,odk,gvi,itc
1160537,306,310,302,312,307,tyc,qkg,qzd,clr,tri
1160538,318,320,303,301,305,itc,akn,acx,wju,lab
1160539,311,308,317,319,310,rsf,wsl,nlg,ajr,qkg
1160540,303,302,309,308,304,acx,qzd,odk,wsl,amx
1160541,312,310,319,305,316,clr,qkg,ajr,lab,hcd
1160542,317,304,307,305,319,nlg,amx,tri,lab,ajr
1160543,309,302,310,317,312,odk,qzd,qkg,nlg,clr
1160544,313,305,306,309,312,gvi,lab,tyc,odk,clr
1160545,319,301,312,313,302,ajr,wju,clr,gvi,qzd
1160546,312,320,311,302,316,clr,akn,rsf,qzd,hcd
1160547,310,309,315,317,311,qkg,odk,zms,nlg,rsf
1160548,307,301,309,303,319,tri,wju,odk,acx,ajr
1160549,305,314,310,318,308,lab,zky,qkg,itc,wsl
1160550,318,303,308,305,307,itc,acx,wsl,lab,tri
1160551,318,311,305,302,307,itc,rsf,lab,qzd,tri
1160552,306,308,309,314,317,tyc,wsl,odk,zky,nlg
1160553,320,311,306,313,319,akn,rsf,tyc,gvi,ajr
1160554,304,317,306,308,319,amx,nlg,tyc,wsl,ajr
1160555,305,302,310,308,316,lab,qzd,qkg,wsl,hcd
1160556,315,309,316,301,314,zms,odk,hcd,wju,zky
1160557,302,317,308,314,311,qzd,nlg,wsl,zky,rsf
1160558,315,301,319,310,318,zms,wju,ajr,qkg,itc
1160559,315,301,302,305,313,zms,wju,qzd,lab,gvi
1160560,305,312,315,317,314,lab,clr,zms,nlg,zky
1160561,317,319,318,314,306,nlg,ajr,itc,zky,tyc
1160562,305,304,310,311,317,lab,amx,qkg,rsf,nlg
1160563,309,312,319,310,304,odk,clr,ajr,qkg,amx
1160564,308,307,306,302,305,wsl,tri,tyc,qzd,lab
1160565,317,314,311,318,308,nlg,zky,rsf,itc,wsl
1160566,314,308,313,317,315,zky,wsl,gvi,nlg,zms
1160567,301,308,307,310,311,wju,wsl,tri,qkg,rsf
1160568,320,314,319,307,316,akn,zky,ajr,tri,hcd
1160569,304,306,310,320,319,amx,tyc,qkg,akn,ajr
1160570,302,308,301,315,305,qzd,wsl,wju,zms,lab
1160571,312,315,304,307,308,clr,zms,amx,tri,wsl
1160572,317,310,314,313,301,nlg,qkg,zky,gvi,wju
1160573,319,308,312,310,309,ajr,wsl,clr,qkg,odk
1160574,304,320,301,302,303,amx,akn,wju,qzd,acx
1160575,319,320,318,309,302,ajr,akn,itc,odk,qzd
1160576,312,306,301,309,314,clr,tyc,wju,odk,zky
1160577,313,304,301,307,303,gvi,amx,wju,tri,acx
1160578,317,309,316,315,313,nlg,odk,hcd,zms,gvi
1160579,319,316,304,301,303,ajr,hcd,amx,wju,acx
1160580,309,301,307,316,311,odk,wju,tri,hcd,rsf
1160581,315,306,302,314,320,zms,tyc,qzd,zky,akn
1160582,303,304,313,311,320,acx,amx,gvi,rsf,akn
1160583,307,314,319,302,304,tri,zky,ajr,qzd,amx
1160584,304,307,302,320,308,amx,tri,qzd,akn,wsl
1160585,303,310,307,308,304,acx,qkg,tri,wsl,amx
1160586,307,320,301,315,308,tri,akn,wju,zms,wsl
1160587,315,317,309,313,301,zms,nlg,odk,gvi,wju
1160588,306,304,310,302,305,tyc,amx,qkg,qzd,lab
1160589,303,318,314,320,316,acx,itc,zky,akn,hcd
1160590,303,315,307,312,308,acx,zms,tri,clr,wsl
1160591,301,303,317,304,316,wju,acx,nlg,amx,hcd
1160592,318,303,309,302,305,itc,acx,odk,qzd,lab
1160593,317,305,304,310,309,nlg,lab,amx,qkg,odk
1160594,305,320,315,314,316,lab,akn,zms,zky,hcd
1160595,308,317,320,306,312,wsl,nlg,akn,tyc,clr
1160596,305,302,304,307,306,lab,qzd,amx,tri,tyc
1160597,305,302,318,319,307,lab,qzd,itc,ajr,tri
1160598,315,309,313,314,305,zms,odk,gvi,zky,lab
1160599,304,301,309,303,319,amx,wju,odk,acx,ajr
1160600,316,311,302,312,319,hcd,rsf,qzd,clr,ajr
1170001,329,337,340,332,333,xsk,bws,bwz,rhk,nzm
1170002,325,336,322,331,324,ekg,eby,tln,shm,gli
1170003,339,337,326,330,334,dhp,bws,ckj,yjw,yjm
1170004,332,335,325,330,331,rhk,vjx,ekg,yjw,shm
1170005,325,332,336,328,337,ekg,rhk,eby,mby,bws
1170006,327,325,332,340,337,hbe,ekg,rhk,bwz,bws
1170007,323,329,331,338,321,uvx,xsk,shm,nwr,ogq
1170008,339,332,330,327,340,dhp,rhk,yjw,hbe,bwz
1170009,330,338,324,325,326,yjw,nwr,gli,ekg,ckj
1170010,329,340,330,323,339,xsk,bwz,yjw,uvx,dhp
1170011,338,340,333,337,330,nwr,bwz,nzm,bws,yjw
1170012,339,330,327,336,325,dhp,yjw,hbe,eby,ekg
1170013,335,332,323,338,334,vjx,rhk,uvx,nwr,yjm
1170014,334,330,323,327,321,yjm,yjw,uvx,hbe,ogq
1170015,334,330,326,327,339,yjm,yjw,ckj,hbe,dhp
1170016,326,338,322,331,334,ckj,nwr,tln,shm,yjm
1170017,322,326,335,329,332,tln,ckj,vjx,xsk,rhk
1170018,334,339,326,322,331,yjm,dhp,ckj,tln,shm
1170019,338,334,328,326,321,nwr,yjm,mby,ckj,ogq
1170020,331,334,325,337,321,shm,yjm,ekg,bws,ogq
1170021,323,332,322,325,330,uvx,rhk,tln,ekg,yjw
1170022,321,338,339,337,334,ogq,nwr,dhp,bws,yjm
1170023,330,326,336,333,324,yjw,ckj,eby,nzm,gli
1170024,323,324,338,325,326,uvx,gli,nwr,ekg,ckj
1170025,334,333,340,325,335,yjm,nzm,bwz,ekg,vjx
1170026,329,339,323,326,333,xsk,dhp,uvx,ckj,nzm
1170027,332,333,322,330,324,rhk,nzm,tln,yjw,gli
1170028,325,324,333,340,335,ekg,gli,nzm,bwz,vjx
1170029,322,321,334,333,326,tln,ogq,yjm,nzm,ckj
1170030,339,333,338,323,334,dhp,nzm,nwr,uvx,yjm
1170031,331,335,326,337,333,shm,vjx,ckj,bws,nzm
1170032,332,339,330,336,328,rhk,dhp,yjw,eby,mby
1170033,327,323,325,330,337,hbe,uvx,ekg,yjw,bws
1170034,327,326,322,330,334,hbe,ckj,tln,yjw,yjm
1170035,331,328,340,323,330,shm,mby,bwz,uvx,yjw
1170036,335,340,323,328,337,vjx,bwz,uvx,mby,bws
1170037,327,338,324,321,329,hbe,nwr,gli,ogq,xsk
1170038,323,333,330,340,337,uvx,nzm,yjw,bwz,bws
1170039,339,334,328,329,338,dhp,yjm,mby,xsk,nwr
1170040,337,330,333,335,321,bws,yjw,nzm,vjx,ogq
1170041,321,323,326,329,334,ogq,uvx,ckj,xsk,yjm
1170042,328,337,324,334,340,mby,bws,gli,yjm,bwz
1170043,339,329,337,335,331,dhp,xsk,bws,vjx,shm
1170044,329,325,337,335,326,xsk,ekg,bws,vjx,ckj
1170045,321,322,329,335,332,ogq,tln,xsk,vjx,rhk
1170046,329,322,336,338,339,xsk,tln,eby,nwr,dhp
1170047,322,336,327,328,334,tln,eby,hbe,mby,yjm
1170048,333,327,337,323,338,nzm,hbe,bws,uvx,nwr
1170049,339,329,323,330,334,dhp,xsk,uvx,yjw,yjm
1170050,333,321,327,330,326,nzm,ogq,hbe,yjw,ckj
1170051,325,323,331,333,324,ekg,uvx,shm,nzm,gli
1170052,333,331,340,330,332,nzm,shm,bwz,yjw,rhk
1170053,326,330,324,332,322,ckj,yjw,gli,rhk,tln
1170054,336,335,323,340,325,eby,vjx,uvx,bwz,ekg
1170055,323,321,339,331,327,uvx,ogq,dhp,shm,hbe
1170056,325,322,323,339,336,ekg,tln,uvx,dhp,eby
1170057,340,329,334,336,333,bwz,xsk,yjm,eby,nzm
1170058,327,330,338,335,325,hbe,yjw,nwr,vjx,ekg
1170059,337,331,333,321,339,bws,shm,nzm,ogq,dhp
1170060,333,322,337,329,325,nzm,tln,bws,xsk,ekg
1170061,332,323,328,322,340,rhk,uvx,mby,tln,bwz
1170062,330,325,328,338,340,yjw,ekg,mby,nwr,bwz
1170063,340,334,324,331,325,bwz,yjm,gli,shm,ekg
1170064,335,334,325,331,324,vjx,yjm,ekg,shm,gli
1170065,327,332,333,325,334,hbe,rhk,nzm,ekg,yjm
1170066,321,322,334,336,323,ogq,tln,yjm,eby,uvx
1170067,334,338,328,325,331,yjm,nwr,mby,ekg,shm
1170068,328,340,332,338,326,mby,bwz,rhk,nwr,ckj
1170069,321,336,339,325,329,ogq,eby,dhp,ekg,xsk
1170070,338,331,332,334,327,nwr,shm,rhk,yjm,hbe
1170071,337,334,339,331,329,bws,yjm,dhp,shm,xsk
1170072,337,330,329,332,336,bws,yjw,xsk,rhk,eby
1170073,338,323,325,334,329,nwr,uvx,ekg,yjm,xsk
1170074,330,336,335,329,328,yjw,eby,vjx,xsk,mby
1170075,331,334,327,340,325,shm,yjm,hbe,bwz,ekg
1170076,337,321,328,335,322,bws,ogq,mby,vjx,tln
1170077,340,336,322,337,328,bwz,eby,tln,bws,mby
1170078,337,338,331,332,336,bws,nwr,shm,rhk,eby
1170079,339,329,333,330,324,dhp,xsk,nzm,yjw,gli
1170080,339,329,336,335,328,dhp,xsk,eby,vjx,mby
1170081,338,333,322,332,324,nwr,nzm,tln,rhk,gli
1170082,325,335,327,331,329,ekg,vjx,hbe,shm,xsk
1170083,325,337,332,333,329,ekg,bws,rhk,nzm,xsk
1170084,338,339,330,323,340,nwr,dhp,yjw,uvx,bwz
1170085,329,334,327,330,340,xsk,yjm,hbe,yjw,bwz
1170086,322,339,334,340,326,tln,dhp,yjm,bwz,ckj
1170087,325,333,330,332,338,ekg,nzm,yjw,rhk,nwr
1170088,321,334,331,326,330,ogq,yjm,shm,ckj,yjw
1170089,337,332,330,333,340,bws,rhk,yjw,nzm,bwz
1170090,331,332,338,334,323,shm,rhk,nwr,yjm,uvx
1170091,331,330,321,340,336,shm,yjw,ogq,bwz,eby
1170092,332,339,328,334,336,rhk,dhp,mby,yjm,eby
1170093,329,340,335,323,328,xsk,bwz,vjx,uvx,mby
1170094,340,323,326,329,336,bwz,uvx,ckj,xsk,eby
1170095,331,327,339,328,322,shm,hbe,dhp,mby,tln
1170096,334,322,327,325,337,yjm,tln,hbe,ekg,bws
1170097,338,335,327,324,336,nwr,vjx,hbe,gli,eby
1170098,336,324,335,340,329,eby,gli,vjx,bwz,xsk
1170099,336,333,338,337,335,eby,nzm,nwr,bws,vjx
1170100,329,322,339,328,337,xsk,tln,dhp,mby,bws
1170101,338,329,328,321,323,nwr,xsk,mby,ogq,uvx
1170102,338,329,336,322,325,nwr,xsk,eby,tln,ekg
1170103,339,321,329,322,327,dhp,ogq,xsk,tln,hbe
1170104,336,328,327,337,334,eby,mby,hbe,bws,yjm
1170105,331,340,332,339,338,shm,bwz,rhk,dhp,nwr
1170106,330,333,335,340,325,yjw,nzm,vjx,bwz,ekg
1170107,339,335,321,336,340,dhp,vjx,ogq,eby,bwz
1170108,322,338,332,331,333,tln,nwr,rhk,shm,nzm
1170109,327,324,330,338,331,hbe,gli,yjw,nwr,shm
1170110,323,336,329,324,337,uvx,eby,xsk,gli,bws
1170111,336,332,333,339,327,eby,rhk,nzm,dhp,hbe
1170112,325,338,336,331,327,ekg,nwr,eby,shm,hbe
1170113,339,327,323,338,336,dhp,hbe,uvx,nwr,eby
1170114,330,327,326,323,333,yjw,hbe,ckj,uvx,nzm
1170115,334,329,340,327,339,yjm,xsk,bwz,hbe,dhp
1170116,323,327,339,324,322,uvx,hbe,dhp,gli,tln
1170117,335,340,334,327,337,vjx,bwz,yjm,hbe,bws
1170118,336,325,335,330,327,eby,ekg,vjx,yjw,hbe
1170119,332,328,339,333,321,rhk,mby,dhp,nzm,ogq
1170120,335,337,329,339,338,vjx,bws,xsk,dhp,nwr
1170121,333,325,321,324,335,nzm,ekg,ogq,gli,vjx
1170122,334,324,335,339,330,yjm,gli,vjx,dhp,yjw
1170123,330,335,332,339,322,yjw,vjx,rhk,dhp,tln
1170124,331,325,330,336,338,shm,ekg,yjw,eby,nwr
1170125,338,335,339,327,337,nwr,vjx,dhp,hbe,bws
1170126,326,338,337,328,331,ckj,nwr,bws,mby,shm
1170127,334,333,335,332,339,yjm,nzm,vjx,rhk,dhp
1170128,336,329,325,337,340,eby,xsk,ekg,bws,bwz
1170129,322,325,337,328,323,tln,ekg,bws,mby,uvx
1170130,324,325,332,333,340,gli,ekg,rhk,nzm,bwz
1170131,334,333,339,322,338,yjm,nzm,dhp,tln,nwr
1170132,325,335,330,321,328,ekg,vjx,yjw,ogq,mby
1170133,334,327,329,321,330,yjm,hbe,xsk,ogq,yjw
1170134,340,321,334,338,337,bwz,ogq,yjm,nwr,bws
1170135,337,340,326,336,325,bws,bwz,ckj,eby,ekg
1170136,329,325,335,327,337,xsk,ekg,vjx,hbe,bws
1170137,326,324,333,329,325,ckj,gli,nzm,xsk,ekg
1170138,333,327,330,328,337,nzm,hbe,yjw,mby,bws
1170139,327,323,324,338,340,hbe,uvx,gli,nwr,bwz
1170140,325,338,333,327,334,ekg,nwr,nzm,hbe,yjm
1170141,321,324,334,335,338,ogq,gli,yjm,vjx,nwr
1170142,331,330,333,336,325,shm,yjw,nzm,eby,ekg
1170143,325,337,321,326,331,ekg,bws,ogq,ckj,shm
1170144,335,336,321,328,337,vjx,eby,ogq,mby,bws
1170145,332,337,340,329,334,rhk,bws,bwz,xsk,yjm
1170146,340,334,330,323,321,bwz,yjm,yjw,uvx,ogq
1170147,340,338,328,326,337,bwz,nwr,mby,ckj,bws
1170148,321,329,328,326,338,ogq,xsk,mby,ckj,nwr
1170149,335,323,322,334,325,vjx,uvx,tln,yjm,ekg
1170150,332,339,340,322,324,rhk,dhp,bwz,tln,gli
1170151,327,338,324,323,336,hbe,nwr,gli,uvx,eby
1170152,335,328,338,327,331,vjx,mby,nwr,hbe,shm
1170153,322,329,338,328,339,tln,xsk,nwr,mby,dhp
1170154,324,327,334,321,339,gli,hbe,yjm,ogq,dhp
1170155,335,331,329,340,339,vjx,shm,xsk,bwz,dhp
1170156,337,330,336,338,324,bws,yjw,eby,nwr,gli
1170157,330,332,331,333,329,yjw,rhk,shm,nzm,xsk
1170158,322,340,328,335,338,tln,bwz,mby,vjx,nwr
1170159,329,336,334,331,321,xsk,eby,yjm,shm,ogq
1170160,327,339,335,324,322,hbe,dhp,vjx,gli,tln
1170161,329,321,333,325,340,xsk,ogq,nzm,ekg,bwz
1170162,333,323,336,337,326,nzm,uvx,eby,bws,ckj
1170163,331,335,338,327,322,shm,vjx,nwr,hbe,tln
1170164,333,327,324,329,326,nzm,hbe,gli,xsk,ckj
1170165,326,339,336,332,334,ckj,dhp,eby,rhk,yjm
1170166,324,329,327,333,336,gli,xsk,hbe,nzm,eby
1170167,321,338,328,339,331,ogq,nwr,mby,dhp,shm
1170168,327,325,322,339,338,hbe,ekg,tln,dhp,nwr
1170169,334,339,335,328,337,yjm,dhp,vjx,mby,bws
1170170,339,330,327,328,331,dhp,yjw,hbe,mby,shm
1170171,326,331,323,338,330,ckj,shm,uvx,nwr,yjw
1170172,329,325,334,322,328,xsk,ekg,yjm,tln,mby
1170173,334,331,337,340,322,yjm,shm,bws,bwz,tln
1170174,326,333,334,330,327,ckj,nzm,yjm,yjw,hbe
1170175,333,336,328,321,339,nzm,eby,mby,ogq,dhp
1170176,336,332,339,338,324,eby,rhk,dhp,nwr,gli
1170177,338,322,321,331,326,nwr,tln,ogq,shm,ckj
1170178,336,321,332,324,323,eby,ogq,rhk,gli,uvx
1170179,329,325,340,339,324,xsk,ekg,bwz,dhp,gli
1170180,334,331,323,330,326,yjm,shm,uvx,yjw,ckj
1170181,336,322,334,328,340,eby,tln,yjm,mby,bwz
1170182,337,328,338,332,325,bws,mby,nwr,rhk,ekg
1170183,336,338,340,332,339,eby,nwr,bwz,rhk,dhp
1170184,324,335,327,323,340,gli,vjx,hbe,uvx,bwz
1170185,338,340,328,336,335,nwr,bwz,mby,eby,vjx
1170186,336,329,326,339,338,eby,xsk,ckj,dhp,nwr
1170187,322,339,330,333,337,tln,dhp,yjw,nzm,bws
1170188,340,338,334,322,329,bwz,nwr,yjm,tln,xsk
1170189,332,325,324,326,327,rhk,ekg,gli,ckj,hbe
1170190,321,339,328,334,338,ogq,dhp,mby,yjm,nwr
1170191,328,324,326,340,321,mby,gli,ckj,bwz,ogq
1170192,323,335,336,337,334,uvx,vjx,eby,bws,yjm
1170193,338,322,323,333,330,nwr,tln,uvx,nzm,yjw
1170194,327,330,325,323,338,hbe,yjw,ekg,uvx,nwr
1170195,338,321,324,339,331,nwr,ogq,gli,dhp,shm
1170196,333,329,325,340,335,nzm,xsk,ekg,bwz,vjx
1170197,333,339,337,324,326,nzm,dhp,bws,gli,ckj
1170198,339,333,322,338,336,dhp,nzm,tln,nwr,eby
1170199,330,334,321,333,323,yjw,yjm,ogq,nzm,uvx
1170200,334,325,339,331,321,yjm,ekg,dhp,shm,ogq
1170201,330,327,331,328,324,yjw,hbe,shm,mby,gli
1170202,335,336,332,330,322,vjx,eby,rhk,yjw,tln
1170203,337,329,328,339,334,bws,xsk,mby,dhp,yjm
1170204,323,321,336,322,337,uvx,ogq,eby,tln,bws
1170205,322,337,321,323,332,tln,bws,ogq,uvx,rhk
1170206,340,331,321,332,335,bwz,shm,ogq,rhk,vjx
1170207,334,331,325,329,339,yjm,shm,ekg,xsk,dhp
1170208,327,325,322,324,321,hbe,ekg,tln,gli,ogq
1170209,334,324,321,331,325,yjm,gli,ogq,shm,ekg
1170210,322,328,327,323,329,tln,mby,hbe,uvx,xsk
1170211,333,321,327,329,335,nzm,ogq,hbe,xsk,vjx
1170212,336,331,322,332,321,eby,shm,tln,rhk,ogq
1170213,336,330,331,326,333,eby,yjw,shm,ckj,nzm
1170214,330,327,332,328,337,yjw,hbe,rhk,mby,bws
1170215,323,322,332,330,328,uvx,tln,rhk,yjw,mby
1170216,340,325,333,328,334,bwz,ekg,nzm,mby,yjm
1170217,331,326,338,321,328,shm,ckj,nwr,ogq,mby
1170218,331,336,334,323,338,shm,eby,yjm,uvx,nwr
1170219,331,336,333,338,327,shm,eby,nzm,nwr,hbe
1170220,321,325,322,340,330,ogq,ekg,tln,bwz,yjw
1170221,321,331,338,333,326,ogq,shm,nwr,nzm,ckj
1170222,332,327,325,323,339,rhk,hbe,ekg,uvx,dhp
1170223,326,330,329,338,335,ckj,yjw,xsk,nwr,vjx
1170224,323,328,339,338,326,uvx,mby,dhp,nwr,ckj
1170225,334,330,338,323,325,yjm,yjw,nwr,uvx,ekg
1170226,334,325,322,333,338,yjm,ekg,tln,nzm,nwr
1170227,334,332,340,336,325,yjm,rhk,bwz,eby,ekg
1170228,328,332,327,324,322,mby,rhk,hbe,gli,tln
1170229,337,338,334,325,340,bws,nwr,yjm,ekg,bwz
1170230,323,333,322,324,337,uvx,nzm,tln,gli,bws
1170231,338,321,340,327,337,nwr,ogq,bwz,hbe,bws
1170232,321,325,339,327,326,ogq,ekg,dhp,hbe,ckj
1170233,326,338,332,336,337,ckj,nwr,rhk,eby,bws
1170234,340,339,329,322,330,bwz,dhp,xsk,tln,yjw
1170235,328,337,327,326,330,mby,bws,hbe,ckj,yjw
1170236,322,336,333,339,328,tln,eby,nzm,dhp,mby
1170237,325,327,326,331,332,ekg,hbe,ckj,shm,rhk
1170238,329,337,327,323,321,xsk,bws,hbe,uvx,ogq
1170239,338,325,324,322,334,nwr,ekg,gli,tln,yjm
1170240,321,333,328,336,330,ogq,nzm,mby,eby,yjw
1170241,338,324,337,326,322,nwr,gli,bws,ckj,tln
1170242,333,321,332,337,328,nzm,ogq,rhk,bws,mby
1170243,329,332,339,325,336,xsk,rhk,dhp,ekg,eby
1170244,326,334,337,336,323,ckj,yjm,bws,eby,uvx
1170245,323,338,333,329,332,uvx,nwr,nzm,xsk,rhk
1170246,325,334,322,330,336,ekg,yjm,tln,yjw,eby
1170247,326,322,333,336,339,ckj,tln,nzm,eby,dhp
1170248,322,339,325,336,340,tln,dhp,ekg,eby,bwz
1170249,340,336,339,326,335,bwz,eby,dhp,ckj,vjx
1170250,324,331,339,326,325,gli,shm,dhp,ckj,ekg
1170251,339,334,321,331,322,dhp,yjm,ogq,shm,tln
1170252,326,329,337,328,340,ckj,xsk,bws,mby,bwz
1170253,324,325,338,335,339,gli,ekg,nwr,vjx,dhp
1170254,338,336,332,322,325,nwr,eby,rhk,tln,ekg
1170255,325,323,330,338,329,ekg,uvx,yjw,nwr,xsk
1170256,336,335,332,337,321,eby,vjx,rhk,bws,ogq
1170257,321,328,338,336,331,ogq,mby,nwr,eby,shm
1170258,335,321,324,339,322,vjx,ogq,gli,dhp,tln
1170259,325,321,322,326,333,ekg,ogq,tln,ckj,nzm
1170260,322,321,328,334,327,tln,ogq,mby,yjm,hbe
1170261,334,333,327,323,330,yjm,nzm,hbe,uvx,yjw
1170262,335,331,321,337,339,vjx,shm,ogq,bws,dhp
1170263,321,337,322,330,334,ogq,bws,tln,yjw,yjm
1170264,323,328,321,337,333,uvx,mby,ogq,bws,nzm
1170265,322,330,334,324,327,tln,yjw,yjm,gli,hbe
1170266,340,327,334,326,329,bwz,hbe,yjm,ckj,xsk
1170267,327,337,336,340,323,hbe,bws,eby,bwz,uvx
1170268,337,338,335,325,321,bws,nwr,vjx,ekg,ogq
1170269,322,340,321,328,335,tln,bwz,ogq,mby,vjx
1170270,338,326,327,334,322,nwr,ckj,hbe,yjm,tln
1170271,322,340,327,339,338,tln,bwz,hbe,dhp,nwr
1170272,338,337,334,332,330,nwr,bws,yjm,rhk,yjw
1170273,324,321,325,328,326,gli,ogq,ekg,mby,ckj
1170274,331,322,327,324,338,shm,tln,hbe,gli,nwr
1170275,321,326,333,340,329,ogq,ckj,nzm,bwz,xsk
1170276,326,321,340,329,338,ckj,ogq,bwz,xsk,nwr
1170277,333,337,326,335,327,nzm,bws,ckj,vjx,hbe
1170278,335,321,329,325,323,vjx,ogq,xsk,ekg,uvx
1170279,339,337,325,328,340,dhp,bws,ekg,mby,bwz
1170280,329,322,334,339,332,xsk,tln,yjm,dhp,rhk
1170281,337,334,327,338,330,bws,yjm,hbe,nwr,yjw
1170282,339,326,328,338,329,dhp,ckj,mby,nwr,xsk
1170283,334,328,337,333,332,yjm,mby,bws,nzm,rhk
1170284,327,332,338,337,321,hbe,rhk,nwr,bws,ogq
1170285,321,337,322,340,336,ogq,bws,tln,bwz,eby
1170286,336,338,329,326,323,eby,nwr,xsk,ckj,uvx
1170287,330,332,325,326,339,yjw,rhk,ekg,ckj,dhp
1170288,333,336,340,337,327,nzm,eby,bwz,bws,hbe
1170289,328,334,332,324,333,mby,yjm,rhk,gli,nzm
1170290,329,335,339,327,334,xsk,vjx,dhp,hbe,yjm
1170291,329,338,327,340,326,xsk,nwr,hbe,bwz,ckj
1170292,336,340,337,338,331,eby,bwz,bws,nwr,shm
1170293,324,327,333,338,321,gli,hbe,nzm,nwr,ogq
1170294,337,322,325,329,332,bws,tln,ekg,xsk,rhk
1170295,333,332,335,334,325,nzm,rhk,vjx,yjm,ekg
1170296,322,339,329,338,332,tln,dhp,xsk,nwr,rhk
1170297,329,326,337,335,327,xsk,ckj,bws,vjx,hbe
1170298,324,336,322,338,335,gli,eby,tln,nwr,vjx
1170299,321,335,323,327,331,ogq,vjx,uvx,hbe,shm
1170300,330,322,340,334,323,yjw,tln,bwz,yjm,uvx
1170301,325,328,327,326,335,ekg,mby,hbe,ckj,vjx
1170302,326,325,335,340,324,ckj,ekg,vjx,bwz,gli
1170303,324,329,337,321,323,gli,xsk,bws,ogq,uvx
1170304,323,324,328,335,327,uvx,gli,mby,vjx,hbe
1170305,321,334,338,335,336,ogq,yjm,nwr,vjx,eby
1170306,325,338,328,339,333,ekg,nwr,mby,dhp,nzm
1170307,331,326,329,328,340,shm,ckj,xsk,mby,bwz
1170308,340,337,327,329,326,bwz,bws,hbe,xsk,ckj
1170309,338,323,328,322,327,nwr,uvx,mby,tln,hbe
1170310,326,324,336,327,332,ckj,gli,eby,hbe,rhk
1170311,336,323,324,332,339,eby,uvx,gli,rhk,dhp
1170312,331,330,329,339,333,shm,yjw,xsk,dhp,nzm
1170313,331,321,326,338,329,shm,ogq,ckj,nwr,xsk
1170314,330,321,336,329,338,yjw,ogq,eby,xsk,nwr
1170315,327,336,333,325,321,hbe,eby,nzm,ekg,ogq
1170316,334,329,325,328,321,yjm,xsk,ekg,mby,ogq
1170317,327,339,326,321,340,hbe,dhp,ckj,ogq,bwz
1170318,325,332,334,335,322,ekg,rhk,yjm,vjx,tln
1170319,324,340,333,339,331,gli,bwz,nzm,dhp,shm
1170320,332,324,333,321,334,rhk,gli,nzm,ogq,yjm
1170321,329,335,321,334,340,xsk,vjx,ogq,yjm,bwz
1170322,322,330,332,335,339,tln,yjw,rhk,vjx,dhp
1170323,328,332,321,333,336,mby,rhk,ogq,nzm,eby
1170324,339,323,324,333,334,dhp,uvx,gli,nzm,yjm
1170325,331,333,334,321,327,shm,nzm,yjm,ogq,hbe
1170326,323,332,335,337,328,uvx,rhk,vjx,bws,mby
1170327,336,331,333,323,337,eby,shm,nzm,uvx,bws
1170328,330,321,338,328,329,yjw,ogq,nwr,mby,xsk
1170329,322,330,326,340,328,tln,yjw,ckj,bwz,mby
1170330,325,332,329,328,330,ekg,rhk,xsk,mby,yjw
1170331,334,339,321,322,337,yjm,dhp,ogq,tln,bws
1170332,332,339,321,322,323,rhk,dhp,ogq,tln,uvx
1170333,325,323,335,336,331,ekg,uvx,vjx,eby,shm
1170334,321,335,337,322,340,ogq,vjx,bws,tln,bwz
1170335,326,329,327,332,334,ckj,xsk,hbe,rhk,yjm
1170336,325,337,329,322,330,ekg,bws,xsk,tln,yjw
1170337,328,337,338,335,326,mby,bws,nwr,vjx,ckj
1170338,337,327,331,338,326,bws,hbe,shm,nwr,ckj
1170339,330,333,336,334,337,yjw,nzm,eby,yjm,bws
1170340,329,337,332,331,326,xsk,bws,rhk,shm,ckj
1170341,326,336,329,334,337,ckj,eby,xsk,yjm,bws
1170342,329,328,339,340,333,xsk,mby,dhp,bwz,nzm
1170343,328,337,331,334,326,mby,bws,shm,yjm,ckj
1170344,327,328,332,329,323,hbe,mby,rhk,xsk,uvx
1170345,322,324,331,332,330,tln,gli,shm,rhk,yjw
1170346,327,334,335,326,323,hbe,yjm,vjx,ckj,uvx
1170347,331,321,326,323,337,shm,ogq,ckj,uvx,bws
1170348,321,324,337,340,322,ogq,gli,bws,bwz,tln
1170349,330,327,325,336,332,yjw,hbe,ekg,eby,rhk
1170350,323,338,324,340,336,uvx,nwr,gli,bwz,eby
1170351,337,335,331,339,329,bws,vjx,shm,dhp,xsk
1170352,340,327,329,336,330,bwz,hbe,xsk,eby,yjw
1170353,326,330,327,323,331,ckj,yjw,hbe,uvx,shm
1170354,333,324,339,335,322,nzm,gli,dhp,vjx,tln
1170355,337,340,326,325,335,bws,bwz,ckj,ekg,vjx
1170356,324,331,321,334,328,gli,shm,ogq,yjm,mby
1170357,338,326,337,321,327,nwr,ckj,bws,ogq,hbe
1170358,337,323,333,325,326,bws,uvx,nzm,ekg,ckj
1170359,337,336,328,325,323,bws,eby,mby,ekg,uvx
1170360,338,328,332,337,333,nwr,mby,rhk,bws,nzm
1170361,322,326,325,332,328,tln,ckj,ekg,rhk,mby
1170362,333,334,326,338,323,nzm,yjm,ckj,nwr,uvx
1170363,334,336,335,332,329,yjm,eby,vjx,rhk,xsk
1170364,321,338,335,322,334,ogq,nwr,vjx,tln,yjm
1170365,333,336,331,339,335,nzm,eby,shm,dhp,vjx
1170366,332,324,330,321,335,rhk,gli,yjw,ogq,vjx
1170367,325,327,339,336,337,ekg,hbe,dhp,eby,bws
1170368,325,322,335,340,334,ekg,tln,vjx,bwz,yjm
1170369,323,331,332,327,337,uvx,shm,rhk,hbe,bws
1170370,335,330,326,324,336,vjx,yjw,ckj,gli,eby
1170371,327,335,330,339,337,hbe,vjx,yjw,dhp,bws
1170372,334,332,328,326,324,yjm,rhk,mby,ckj,gli
1170373,334,328,335,327,321,yjm,mby,vjx,hbe,ogq
1170374,340,337,330,329,333,bwz,bws,yjw,xsk,nzm
1170375,340,327,326,333,334,bwz,hbe,ckj,nzm,yjm
1170376,331,337,340,326,333,shm,bws,bwz,ckj,nzm
1170377,340,338,333,331,321,bwz,nwr,nzm,shm,ogq
1170378,321,332,339,337,331,ogq,rhk,dhp,bws,shm
1170379,325,339,340,331,336,ekg,dhp,bwz,shm,eby
1170380,338,330,335,333,322,nwr,yjw,vjx,nzm,tln
1170381,340,325,333,322,328,bwz,ekg,nzm,tln,mby
1170382,330,335,327,333,334,yjw,vjx,hbe,nzm,yjm
1170383,324,326,327,337,340,gli,ckj,hbe,bws,bwz
1170384,333,335,328,337,334,nzm,vjx,mby,bws,yjm
1170385,331,340,334,327,338,shm,bwz,yjm,hbe,nwr
1170386,339,321,334,337,328,dhp,ogq,yjm,bws,mby
1170387,321,330,331,322,336,ogq,yjw,shm,tln,eby
1170388,329,324,336,321,331,xsk,gli,eby,ogq,shm
1170389,322,329,337,321,330,tln,xsk,bws,ogq,yjw
1170390,323,332,336,326,328,uvx,rhk,eby,ckj,mby
1170391,327,326,330,329,331,hbe,ckj,yjw,xsk,shm
1170392,332,333,328,329,336,rhk,nzm,mby,xsk,eby
1170393,338,333,334,327,330,nwr,nzm,yjm,hbe,yjw
1170394,322,332,326,333,331,tln,rhk,ckj,nzm,shm
1170395,334,325,335,328,323,yjm,ekg,vjx,mby,uvx
1170396,337,329,331,330,333,bws,xsk,shm,yjw,nzm
1170397,327,326,339,322,325,hbe,ckj,dhp,tln,ekg
1170398,327,324,336,332,321,hbe,gli,eby,rhk,ogq
1170399,331,330,340,336,332,shm,yjw,bwz,eby,rhk
1170400,330,338,326,332,324,yjw,nwr,ckj,rhk,gli
1170401,322,331,327,340,332,tln,shm,hbe,bwz,rhk
1170402,332,326,336,334,333,rhk,ckj,eby,yjm,nzm
1170403,330,335,325,329,321,yjw,vjx,ekg,xsk,ogq
1170404,331,328,332,329,321,shm,mby,rhk,xsk,ogq
1170405,331,333,322,335,338,shm,nzm,tln,vjx,nwr
1170406,330,331,329,332,327,yjw,shm,xsk,rhk,hbe
1170407,340,333,337,325,328,bwz,nzm,bws,ekg,mby
1170408,336,322,335,327,339,eby,tln,vjx,hbe,dhp
1170409,334,326,325,329,338,yjm,ckj,ekg,xsk,nwr
1170410,333,339,332,335,327,nzm,dhp,rhk,vjx,hbe
1170411,329,338,326,331,325,xsk,nwr,ckj,shm,ekg
1170412,329,332,340,330,333,xsk,rhk,bwz,yjw,nzm
1170413,338,330,324,322,323,nwr,yjw,gli,tln,uvx
1170414,334,331,324,333,321,yjm,shm,gli,nzm,ogq
1170415,322,340,337,327,326,tln,bwz,bws,hbe,ckj
1170416,339,338,334,330,329,dhp,nwr,yjm,yjw,xsk
1170417,336,332,340,322,338,eby,rhk,bwz,tln,nwr
1170418,326,321,329,334,331,ckj,ogq,xsk,yjm,shm
1170419,340,322,324,328,335,bwz,tln,gli,mby,vjx
1170420,332,334,331,328,338,rhk,yjm,shm,mby,nwr
1170421,325,331,328,339,322,ekg,shm,mby,dhp,tln
1170422,330,326,340,339,338,yjw,ckj,bwz,dhp,nwr
1170423,330,339,321,323,325,yjw,dhp,ogq,uvx,ekg
1170424,328,334,339,331,321,mby,yjm,dhp,shm,ogq
1170425,336,326,334,328,324,eby,ckj,yjm,mby,gli
1170426,330,337,335,338,325,yjw,bws,vjx,nwr,ekg
1170427,339,323,331,328,329,dhp,uvx,shm,mby,xsk
1170428,334,336,329,340,323,yjm,eby,xsk,bwz,uvx
1170429,324,322,337,325,336,gli,tln,bws,ekg,eby
1170430,339,338,323,322,321,dhp,nwr,uvx,tln,ogq
1170431,324,331,325,335,336,gli,shm,ekg,vjx,eby
1170432,332,328,326,324,333,rhk,mby,ckj,gli,nzm
1170433,328,321,329,337,335,mby,ogq,xsk,bws,vjx
1170434,331,338,330,322,337,shm,nwr,yjw,tln,bws
1170435,330,324,335,327,323,yjw,gli,vjx,hbe,uvx
1170436,338,327,335,323,321,nwr,hbe,vjx,uvx,ogq
1170437,334,321,339,326,335,yjm,ogq,dhp,ckj,vjx
1170438,322,340,325,338,331,tln,bwz,ekg,nwr,shm
1170439,334,335,323,330,338,yjm,vjx,uvx,yjw,nwr
1170440,321,327,322,335,324,ogq,hbe,tln,vjx,gli
1170441,340,334,322,325,335,bwz,yjm,tln,ekg,vjx
1170442,338,321,328,332,330,nwr,ogq,mby,rhk,yjw
1170443,337,340,339,325,322,bws,bwz,dhp,ekg,tln
1170444,340,323,326,334,331,bwz,uvx,ckj,yjm,shm
1170445,321,339,323,333,336,ogq,dhp,uvx,nzm,eby
1170446,324,331,323,330,336,gli,shm,uvx,yjw,eby
1170447,337,340,325,332,329,bws,bwz,ekg,rhk,xsk
1170448,331,336,338,321,329,shm,eby,nwr,ogq,xsk
1170449,337,330,332,324,340,bws,yjw,rhk,gli,bwz
1170450,337,340,338,329,325,bws,bwz,nwr,xsk,ekg
1170451,325,330,332,336,339,ekg,yjw,rhk,eby,dhp
1170452,331,330,326,328,324,shm,yjw,ckj,mby,gli
1170453,335,332,331,327,328,vjx,rhk,shm,hbe,mby
1170454,329,337,326,333,331,xsk,bws,ckj,nzm,shm
1170455,331,338,333,328,339,shm,nwr,nzm,mby,dhp
1170456,321,322,334,338,329,ogq,tln,yjm,nwr,xsk
1170457,326,337,330,328,324,ckj,bws,yjw,mby,gli
1170458,340,335,321,336,326,bwz,vjx,ogq,eby,ckj
1170459,325,334,324,329,328,ekg,yjm,gli,xsk,mby
1170460,324,332,322,334,333,gli,rhk,tln,yjm,nzm
1170461,326,332,330,334,327,ckj,rhk,yjw,yjm,hbe
1170462,321,333,329,340,322,ogq,nzm,xsk,bwz,tln
1170463,331,324,327,326,340,shm,gli,hbe,ckj,bwz
1170464,334,324,326,323,335,yjm,gli,ckj,uvx,vjx
1170465,336,324,323,337,327,eby,gli,uvx,bws,hbe
1170466,334,322,336,335,331,yjm,tln,eby,vjx,shm
1170467,321,326,329,322,323,ogq,ckj,xsk,tln,uvx
1170468,340,327,329,325,331,bwz,hbe,xsk,ekg,shm
1170469,326,340,330,329,328,ckj,bwz,yjw,xsk,mby
1170470,329,324,331,327,333,xsk,gli,shm,hbe,nzm
1170471,324,336,339,340,321,gli,eby,dhp,bwz,ogq
1170472,338,326,325,332,335,nwr,ckj,ekg,rhk,vjx
1170473,321,339,328,326,325,ogq,dhp,mby,ckj,ekg
1170474,335,323,334,333,339,vjx,uvx,yjm,nzm,dhp
1170475,339,322,330,325,334,dhp,tln,yjw,ekg,yjm
1170476,337,333,336,326,331,bws,nzm,eby,ckj,shm
1170477,324,322,331,334,329,gli,tln,shm,yjm,xsk
1170478,337,333,339,334,321,bws,nzm,dhp,yjm,ogq
1170479,329,326,339,323,331,xsk,ckj,dhp,uvx,shm
1170480,329,325,324,333,327,xsk,ekg,gli,nzm,hbe
1170481,339,321,322,335,326,dhp,ogq,tln,vjx,ckj
1170482,322,330,326,337,335,tln,yjw,ckj,bws,vjx
1170483,322,328,323,332,331,tln,mby,uvx,rhk,shm
1170484,334,338,333,325,336,yjm,nwr,nzm,ekg,eby
1170485,325,337,334,335,321,ekg,bws,yjm,vjx,ogq
1170486,337,324,340,334,325,bws,gli,bwz,yjm,ekg
1170487,340,321,329,328,322,bwz,ogq,xsk,mby,tln
1170488,321,322,338,334,335,ogq,tln,nwr,yjm,vjx
1170489,338,321,329,325,331,nwr,ogq,xsk,ekg,shm
1170490,337,340,321,327,330,bws,bwz,ogq,hbe,yjw
1170491,325,334,340,327,337,ekg,yjm,bwz,hbe,bws
1170492,338,334,323,339,324,nwr,yjm,uvx,dhp,gli
1170493,329,321,326,327,325,xsk,ogq,ckj,hbe,ekg
1170494,334,337,336,323,340,yjm,bws,eby,uvx,bwz
1170495,324,336,332,325,339,gli,eby,rhk,ekg,dhp
1170496,326,330,321,322,332,ckj,yjw,ogq,tln,rhk
1170497,326,334,338,340,335,ckj,yjm,nwr,bwz,vjx
1170498,340,338,322,329,333,bwz,nwr,tln,xsk,nzm
1170499,323,327,334,321,331,uvx,hbe,yjm,ogq,shm
1170500,328,329,321,339,322,mby,xsk,ogq,dhp,tln
1170501,327,335,337,323,333,hbe,vjx,bws,uvx,nzm
1170502,324,339,337,331,323,gli,dhp,bws,shm,uvx
1170503,334,321,323,329,339,yjm,ogq,uvx,xsk,dhp
1170504,335,324,329,322,328,vjx,gli,xsk,tln,mby
1170505,322,336,328,323,340,tln,eby,mby,uvx,bwz
1170506,334,322,324,329,328,yjm,tln,gli,xsk,mby
1170507,323,340,336,335,322,uvx,bwz,eby,vjx,tln
1170508,333,330,328,326,332,nzm,yjw,mby,ckj,rhk
1170509,322,340,334,330,321,tln,bwz,yjm,yjw,ogq
1170510,338,327,337,332,321,nwr,hbe,bws,rhk,ogq
1170511,334,336,329,328,340,yjm,eby,xsk,mby,bwz
1170512,327,328,326,334,338,hbe,mby,ckj,yjm,nwr
1170513,321,323,322,331,339,ogq,uvx,tln,shm,dhp
1170514,331,325,324,328,323,shm,ekg,gli,mby,uvx
1170515,338,334,335,332,331,nwr,yjm,vjx,rhk,shm
1170516,325,336,332,334,337,ekg,eby,rhk,yjm,bws
1170517,332,331,325,334,335,rhk,shm,ekg,yjm,vjx
1170518,324,332,326,334,340,gli,rhk,ckj,yjm,bwz
1170519,325,330,337,321,335,ekg,yjw,bws,ogq,vjx
1170520,324,331,337,336,327,gli,shm,bws,eby,hbe
1170521,337,325,332,321,322,bws,ekg,rhk,ogq,tln
1170522,336,340,322,334,338,eby,bwz,tln,yjm,nwr
1170523,323,329,330,326,324,uvx,xsk,yjw,ckj,gli
1170524,333,327,330,340,321,nzm,hbe,yjw,bwz,ogq
1170525,330,322,321,327,331,yjw,tln,ogq,hbe,shm
1170526,331,338,322,324,329,shm,nwr,tln,gli,xsk
1170527,338,330,322,321,328,nwr,yjw,tln,ogq,mby
1170528,335,330,325,326,334,vjx,yjw,ekg,ckj,yjm
1170529,332,340,321,337,325,rhk,bwz,ogq,bws,ekg
1170530,322,330,323,338,335,tln,yjw,uvx,nwr,vjx
1170531,323,322,329,334,327,uvx,tln,xsk,yjm,hbe
1170532,329,337,327,340,324,xsk,bws,hbe,bwz,gli
1170533,339,333,324,338,322,dhp,nzm,gli,nwr,tln
1170534,338,329,323,324,325,nwr,xsk,uvx,gli,ekg
1170535,328,338,323,334,339,mby,nwr,uvx,yjm,dhp
1170536,326,325,329,333,338,ckj,ekg,xsk,nzm,nwr
1170537,326,330,322,332,327,ckj,yjw,tln,rhk,hbe
1170538,338,340,323,321,325,nwr,bwz,uvx,ogq,ekg
1170539,331,328,337,339,330,shm,mby,bws,dhp,yjw
1170540,323,322,329,328,324,uvx,tln,xsk,mby,gli
1170541,332,330,339,325,336,rhk,yjw,dhp,ekg,eby
1170542,337,324,327,325,339,bws,gli,hbe,ekg,dhp
1170543,329,322,330,337,332,xsk,tln,yjw,bws,rhk
1170544,333,325,326,329,332,nzm,ekg,ckj,xsk,rhk
1170545,339,321,332,333,322,dhp,ogq,rhk,nzm,tln
1170546,332,340,331,322,336,rhk,bwz,shm,tln,eby
1170547,330,329,335,337,331,yjw,xsk,vjx,bws,shm
1170548,327,321,329,323,339,hbe,ogq,xsk,uvx,dhp
1170549,325,334,330,338,328,ekg,yjm,yjw,nwr,mby
1170550,338,323,328,325,327,nwr,uvx,mby,ekg,hbe
1170551,338,331,325,322,327,nwr,shm,ekg,tln,hbe
1170552,326,328,329,334,337,ckj,mby,xsk,yjm,bws
1170553,340,331,326,333,339,bwz,shm,ckj,nzm,dhp
1170554,324,337,326,328,339,gli,bws,ckj,mby,dhp
1170555,325,322,330,328,336,ekg,tln,yjw,mby,eby
1170556,335,329,336,321,334,vjx,xsk,eby,ogq,yjm
1170557,322,337,328,334,331,tln,bws,mby,yjm,shm
1170558,335,321,339,330,338,vjx,ogq,dhp,yjw,nwr
1170559,335,321,322,325,333,vjx,ogq,tln,ekg,nzm
1170560,325,332,335,337,334,ekg,rhk,vjx,bws,yjm
1170561,337,339,338,334,326,bws,dhp,nwr,yjm,ckj
1170562,325,324,330,331,337,ekg,gli,yjw,shm,bws
1170563,329,332,339,330,324,xsk,rhk,dhp,yjw,gli
1170564,328,327,326,322,325,mby,hbe,ckj,tln,ekg
1170565,337,334,331,338,328,bws,yjm,shm,nwr,mby
1170566,334,328,333,337,335,yjm,mby,nzm,bws,vjx
1170567,321,328,327,330,331,ogq,mby,hbe,yjw,shm
1170568,340,334,339,327,336,bwz,yjm,dhp,hbe,eby
1170569,324,326,330,340,339,gli,ckj,yjw,bwz,dhp
1170570,322,328,321,335,325,tln,mby,ogq,vjx,ekg
1170571,332,335,324,327,328,rhk,vjx,gli,hbe,mby
1170572,337,330,334,333,321,bws,yjw,yjm,nzm,ogq
1170573,339,328,332,330,329,dhp,mby,rhk,yjw,xsk
1170574,324,340,321,322,323,gli,bwz,ogq,tln,uvx
1170575,339,340,338,329,322,dhp,bwz,nwr,xsk,tln
1170576,332,326,321,329,334,rhk,ckj,ogq,xsk,yjm
1170577,333,324,321,327,323,nzm,gli,ogq,hbe,uvx
1170578,337,329,336,335,333,bws,xsk,eby,vjx,nzm
1170579,339,336,324,321,323,dhp,eby,gli,ogq,uvx
1170580,329,321,327,336,331,xsk,ogq,hbe,eby,shm
1170581,335,326,322,334,340,vjx,ckj,tln,yjm,bwz
1170582,323,324,333,331,340,uvx,gli,nzm,shm,bwz
1170583,327,334,339,322,324,hbe,yjm,dhp,tln,gli
1170584,324,327,322,340,328,gli,hbe,tln,bwz,mby
1170585,323,330,327,328,324,uvx,yjw,hbe,mby,gli
1170586,327,340,321,335,328,hbe,bwz,ogq,vjx,mby
1170587,335,337,329,333,321,vjx,bws,xsk,nzm,ogq
1170588,326,324,330,322,325,ckj,gli,yjw,tln,ekg
1170589,323,338,334,340,336,uvx,nwr,yjm,bwz,eby
1170590,323,335,327,332,328,uvx,vjx,hbe,rhk,mby
1170591,321,323,337,324,336,ogq,uvx,bws,gli,eby
1170592,338,323,329,322,325,nwr,uvx,xsk,tln,ekg
1170593,337,325,324,330,329,bws,ekg,gli,yjw,xsk
1170594,325,340,335,334,336,ekg,bwz,vjx,yjm,eby
1170595,328,337,340,326,332,mby,bws,bwz,ckj,rhk
1170596,325,322,324,327,326,ekg,tln,gli,hbe,ckj
1170597,325,322,338,339,327,ekg,tln,nwr,dhp,hbe
1170598,335,329,333,334,325,vjx,xsk,nzm,yjm,ekg
1170599,324,321,329,323,339,gli,ogq,xsk,uvx,dhp
1170600,336,331,322,332,339,eby,shm,tln,rhk,dhp
1180001,349,357,360,352,353,utb,kei,gdm,wmz,get
1180002,345,356,342,351,344,zvg,zrh,ryd,wnp,gwq
1180003,359,357,346,350,354,dwv,kei,nwm,ghp,omv
1180004,352,355,345,350,351,wmz,mqy,zvg,ghp,wnp
1180005,345,352,356,348,357,zvg,wmz,zrh,wcz,kei
1180006,347,345,352,360,357,ehd,zvg,wmz,gdm,kei
1180007,343,349,351,358,341,ykn,utb,wnp,fid,zap
1180008,359,352,350,347,360,dwv,wmz,ghp,ehd,gdm
1180009,350,358,344,345,346,ghp,fid,gwq,zvg,nwm
1180010,349,360,350,343,359,utb,gdm,ghp,ykn,dwv
1180011,358,360,353,357,350,fid,gdm,get,kei,ghp
1180012,359,350,347,356,345,dwv,ghp,ehd,zrh,zvg
1180013,355,352,343,358,354,mqy,wmz,ykn,fid,omv
1180014,354,350,343,347,341,omv,ghp,ykn,ehd,zap
1180015,354,350,346,347,359,omv,ghp,nwm,ehd,dwv
1180016,346,358,342,351,354,nwm,fid,ryd,wnp,omv
1180017,342,346,355,349,352,ryd,nwm,mqy,utb,wmz
1180018,354,359,346,342,351,omv,dwv,nwm,ryd,wnp
1180019,358,354,348,346,341,fid,omv,wcz,nwm,zap
1180020,351,354,345,357,341,wnp,omv,zvg,kei,zap
1180021,343,352,342,345,350,ykn,wmz,ryd,zvg,ghp
1180022,341,358,359,357,354,zap,fid,dwv,kei,omv
1180023,350,346,356,353,344,ghp,nwm,zrh,get,gwq
1180024,343,344,358,345,346,ykn,gwq,fid,zvg,nwm
1180025,354,353,360,345,355,omv,get,gdm,zvg,mqy
1180026,349,359,343,346,353,utb,dwv,ykn,nwm,get
1180027,352,353,342,350,344,wmz,get,ryd,ghp,gwq
1180028,345,344,353,360,355,zvg,gwq,get,gdm,mqy
1180029,342,341,354,353,346,ryd,zap,omv,get,nwm
1180030,359,353,358,343,354,dwv,get,fid,ykn,omv
1180031,351,355,346,357,353,wnp,mqy,nwm,kei,get
1180032,352,359,350,356,348,wmz,dwv,ghp,zrh,wcz
1180033,347,343,345,350,357,ehd,ykn,zvg,ghp,kei
1180034,347,346,342,350,354,ehd,nwm,ryd,ghp,omv
1180035,351,348,360,343,350,wnp,wcz,gdm,ykn,ghp
1180036,355,360,343,348,357,mqy,gdm,ykn,wcz,kei
1180037,347,358,344,341,349,ehd,fid,gwq,zap,utb
1180038,343,353,350,360,357,ykn,get,ghp,gdm,kei
1180039,359,354,348,349,358,dwv,omv,wcz,utb,fid
1180040,357,350,353,355,341,kei,ghp,get,mqy,zap
1180041,341,343,346,349,354,zap,ykn,nwm,utb,omv
1180042,348,357,344,354,360,wcz,kei,gwq,omv,gdm
1180043,359,349,357,355,351,dwv,utb,kei,mqy,wnp
1180044,349,345,357,355,346,utb,zvg,kei,mqy,nwm
1180045,341,342,349,355,352,zap,ryd,utb,mqy,wmz
1180046,349,342,356,358,359,utb,ryd,zrh,fid,dwv
1180047,342,356,347,348,354,ryd,zrh,ehd,wcz,omv
1180048,353,347,357,343,358,get,ehd,kei,ykn,fid
1180049,359,349,343,350,354,dwv,utb,ykn,ghp,omv
1180050,353,341,347,350,346,get,zap,ehd,ghp,nwm
1180051,345,343,351,353,344,zvg,ykn,wnp,get,gwq
1180052,353,351,360,350,352,get,wnp,gdm,ghp,wmz
1180053,346,350,344,352,342,nwm,ghp,gwq,wmz,ryd
1180054,356,355,343,360,345,zrh,mqy,ykn,gdm,zvg
1180055,343,341,359,351,347,ykn,zap,dwv,wnp,ehd
1180056,345,342,343,359,356,zvg,ryd,ykn,dwv,zrh
1180057,360,349,354,356,353,gdm,utb,omv,zrh,get
1180058,347,350,358,355,345,ehd,ghp,fid,mqy,zvg
1180059,357,351,353,341,359,kei,wnp,get,zap,dwv
1180060,353,342,357,349,345,get,ryd,kei,utb,zvg
1180061,352,343,348,342,360,wmz,ykn,wcz,ryd,gdm
1180062,350,345,348,358,360,ghp,zvg,wcz,fid,gdm
1180063,360,354,344,351,345,gdm,omv,gwq,wnp,zvg
1180064,355,354,345,351,344,mqy,omv,zvg,wnp,gwq
1180065,347,352,353,345,354,ehd,wmz,get,zvg,omv
1180066,341,342,354,356,343,zap,ryd,omv,zrh,ykn
1180067,354,358,348,345,351,omv,fid,wcz,zvg,wnp
1180068,348,360,352,358,346,wcz,gdm,wmz,fid,nwm
1180069,341,356,359,345,349,zap,zrh,dwv,zvg,utb
1180070,358,351,352,354,347,fid,wnp,wmz,omv,ehd
1180071,357,354,359,351,349,kei,omv,dwv,wnp,utb
1180072,357,350,349,352,356,kei,ghp,utb,wmz,zrh
1180073,358,343,345,354,349,fid,ykn,zvg,omv,utb
1180074,350,356,355,349,348,ghp,zrh,mqy,utb,wcz
1180075,351,354,347,360,345,wnp,omv,ehd,gdm,zvg
1180076,357,341,348,355,342,kei,zap,wcz,mqy,ryd
1180077,360,356,342,357,348,gdm,zrh,ryd,kei,wcz
1180078,357,358,351,352,356,kei,fid,wnp,wmz,zrh
1180079,359,349,353,350,344,dwv,utb,get,ghp,gwq
1180080,359,349,356,355,348,dwv,utb,zrh,mqy,wcz
1180081,358,353,342,352,344,fid,get,ryd,wmz,gwq
1180082,345,355,347,351,349,zvg,mqy,ehd,wnp,utb
1180083,345,357,352,353,349,zvg,kei,wmz,get,utb
1180084,358,359,350,343,360,fid,dwv,ghp,ykn,gdm
1180085,349,354,347,350,360,utb,omv,ehd,ghp,gdm
1180086,342,359,354,360,346,ryd,dwv,omv,gdm,nwm
1180087,345,353,350,352,358,zvg,get,ghp,wmz,fid
1180088,341,354,351,346,350,zap,omv,wnp,nwm,ghp
1180089,357,352,350,353,360,kei,wmz,ghp,get,gdm
1180090,351,352,358,354,343,wnp,wmz,fid,omv,ykn
1180091,351,350,341,360,356,wnp,ghp,zap,gdm,zrh
1180092,352,359,348,354,356,wmz,dwv,wcz,omv,zrh
1180093,349,360,355,343,348,utb,gdm,mqy,ykn,wcz
1180094,360,343,346,349,356,gdm,ykn,nwm,utb,zrh
1180095,351,347,359,348,342,wnp,ehd,dwv,wcz,ryd
1180096,354,342,347,345,357,omv,ryd,ehd,zvg,kei
1180097,358,355,347,344,356,fid,mqy,ehd,gwq,zrh
1180098,356,344,355,360,349,zrh,gwq,mqy,gdm,utb
1180099,356,353,358,357,355,zrh,get,fid,kei,mqy
1180100,349,342,359,348,357,utb,ryd,dwv,wcz,kei
1180101,358,349,348,341,343,fid,utb,wcz,zap,ykn
1180102,358,349,356,342,345,fid,utb,zrh,ryd,zvg
1180103,359,341,349,342,347,dwv,zap,utb,ryd,ehd
1180104,356,348,347,357,354,zrh,wcz,ehd,kei,omv
1180105,351,360,352,359,358,wnp,gdm,wmz,dwv,fid
1180106,350,353,355,360,345,ghp,get,mqy,gdm,zvg
1180107,359,355,341,356,360,dwv,mqy,zap,zrh,gdm
1180108,342,358,352,351,353,ryd,fid,wmz,wnp,get
1180109,347,344,350,358,351,ehd,gwq,ghp,fid,wnp
1180110,343,356,349,344,357,ykn,zrh,utb,gwq,kei
1180111,356,352,353,359,347,zrh,wmz,get,dwv,ehd
1180112,345,358,356,351,347,zvg,fid,zrh,wnp,ehd
1180113,359,347,343,358,356,dwv,ehd,ykn,fid,zrh
1180114,350,347,346,343,353,ghp,ehd,nwm,ykn,get
1180115,354,349,360,347,359,omv,utb,gdm,ehd,dwv
1180116,343,347,359,344,342,ykn,ehd,dwv,gwq,ryd
1180117,355,360,354,347,357,mqy,gdm,omv,ehd,kei
1180118,356,345,355,350,347,zrh,zvg,mqy,ghp,ehd
1180119,352,348,359,353,341,wmz,wcz,dwv,get,zap
1180120,355,357,349,359,358,mqy,kei,utb,dwv,fid
1180121,353,345,341,344,355,get,zvg,zap,gwq,mqy
1180122,354,344,355,359,350,omv,gwq,mqy,dwv,ghp
1180123,350,355,352,359,342,ghp,mqy,wmz,dwv,ryd
1180124,351,345,350,356,358,wnp,zvg,ghp,zrh,fid
1180125,358,355,359,347,357,fid,mqy,dwv,ehd,kei
1180126,346,358,357,348,351,nwm,fid,kei,wcz,wnp
1180127,354,353,355,352,359,omv,get,mqy,wmz,dwv
1180128,356,349,345,357,360,zrh,utb,zvg,kei,gdm
1180129,342,345,357,348,343,ryd,zvg,kei,wcz,ykn
1180130,344,345,352,353,360,gwq,zvg,wmz,get,gdm
1180131,354,353,359,342,358,omv,get,dwv,ryd,fid
1180132,345,355,350,341,348,zvg,mqy,ghp,zap,wcz
1180133,354,347,349,341,350,omv,ehd,utb,zap,ghp
1180134,360,341,354,358,357,gdm,zap,omv,fid,kei
1180135,357,360,346,356,345,kei,gdm,nwm,zrh,zvg
1180136,349,345,355,347,357,utb,zvg,mqy,ehd,kei
1180137,346,344,353,349,345,nwm,gwq,get,utb,zvg
1180138,353,347,350,348,357,get,ehd,ghp,wcz,kei
1180139,347,343,344,358,360,ehd,ykn,gwq,fid,gdm
1180140,345,358,353,347,354,zvg,fid,get,ehd,omv
1180141,341,344,354,355,358,zap,gwq,omv,mqy,fid
1180142,351,350,353,356,345,wnp,ghp,get,zrh,zvg
1180143,345,357,341,346,351,zvg,kei,zap,nwm,wnp
1180144,355,356,341,348,357,mqy,zrh,zap,wcz,kei
1180145,352,357,360,349,354,wmz,kei,gdm,utb,omv
1180146,360,354,350,343,341,gdm,omv,ghp,ykn,zap
1180147,360,358,348,346,357,gdm,fid,wcz,nwm,kei
1180148,341,349,348,346,358,zap,utb,wcz,nwm,fid
1180149,355,343,342,354,345,mqy,ykn,ryd,omv,zvg
1180150,352,359,360,342,344,wmz,dwv,gdm,ryd,gwq
1180151,347,358,344,343,356,ehd,fid,gwq,ykn,zrh
1180152,355,348,358,347,351,mqy,wcz,fid,ehd,wnp
1180153,342,349,358,348,359,ryd,utb,fid,wcz,dwv
1180154,344,347,354,341,359,gwq,ehd,omv,zap,dwv
1180155,355,351,349,360,359,mqy,wnp,utb,gdm,dwv
1180156,357,350,356,358,344,kei,ghp,zrh,fid,gwq
1180157,350,352,351,353,349,ghp,wmz,wnp,get,utb
1180158,342,360,348,355,358,ryd,gdm,wcz,mqy,fid
1180159,349,356,354,351,341,utb,zrh,omv,wnp,zap
1180160,347,359,355,344,342,ehd,dwv,mqy,gwq,ryd
1180161,349,341,353,345,360,utb,zap,get,zvg,gdm
1180162,353,343,356,357,346,get,ykn,zrh,kei,nwm
1180163,351,355,358,347,342,wnp,mqy,fid,ehd,ryd
1180164,353,347,344,349,346,get,ehd,gwq,utb,nwm
1180165,346,359,356,352,354,nwm,dwv,zrh,wmz,omv
1180166,344,349,347,353,356,gwq,utb,ehd,get,zrh
1180167,341,358,348,359,351,zap,fid,wcz,dwv,wnp
1180168,347,345,342,359,358,ehd,zvg,ryd,dwv,fid
1180169,354,359,355,348,357,omv,dwv,mqy,wcz,kei
1180170,359,350,347,348,351,dwv,ghp,ehd,wcz,wnp
1180171,346,351,343,358,350,nwm,wnp,ykn,fid,ghp
1180172,349,345,354,342,348,utb,zvg,omv,ryd,wcz
1180173,354,351,357,360,342,omv,wnp,kei,gdm,ryd
1180174,346,353,354,350,347,nwm,get,omv,ghp,ehd
1180175,353,356,348,341,359,get,zrh,wcz,zap,dwv
1180176,356,352,359,358,344,zrh,wmz,dwv,fid,gwq
1180177,358,342,341,351,346,fid,ryd,zap,wnp,nwm
1180178,356,341,352,344,343,zrh,zap,wmz,gwq,ykn
1180179,349,345,360,359,344,utb,zvg,gdm,dwv,gwq
1180180,354,351,343,350,346,omv,wnp,ykn,ghp,nwm
1180181,356,342,354,348,360,zrh,ryd,omv,wcz,gdm
1180182,357,348,358,352,345,kei,wcz,fid,wmz,zvg
1180183,356,358,360,352,359,zrh,fid,gdm,wmz,dwv
1180184,344,355,347,343,360,gwq,mqy,ehd,ykn,gdm
1180185,358,360,348,356,355,fid,gdm,wcz,zrh,mqy
1180186,356,349,346,359,358,zrh,utb,nwm,dwv,fid
1180187,342,359,350,353,357,ryd,dwv,ghp,get,kei
1180188,360,358,354,342,349,gdm,fid,omv,ryd,utb
1180189,352,345,344,346,347,wmz,zvg,gwq,nwm,ehd
1180190,341,359,348,354,358,zap,dwv,wcz,omv,fid
1180191,348,344,346,360,341,wcz,gwq,nwm,gdm,zap
1180192,343,355,356,357,354,ykn,mqy,zrh,kei,omv
1180193,358,342,343,353,350,fid,ryd,ykn,get,ghp
1180194,347,350,345,343,358,ehd,ghp,zvg,ykn,fid
1180195,358,341,344,359,351,fid,zap,gwq,dwv,wnp
1180196,353,349,345,360,355,get,utb,zvg,gdm,mqy
1180197,353,359,357,344,346,get,dwv,kei,gwq,nwm
1180198,359,353,342,358,356,dwv,get,ryd,fid,zrh
1180199,350,354,341,353,343,ghp,omv,zap,get,ykn
1180200,354,345,359,351,341,omv,zvg,dwv,wnp,zap
1180201,350,347,351,348,344,ghp,ehd,wnp,wcz,gwq
1180202,355,356,352,350,342,mqy,zrh,wmz,ghp,ryd
1180203,357,349,348,359,354,kei,utb,wcz,dwv,omv
1180204,343,341,356,342,357,ykn,zap,zrh,ryd,kei
1180205,342,357,341,343,352,ryd,kei,zap,ykn,wmz
1180206,360,351,341,352,355,gdm,wnp,zap,wmz,mqy
1180207,354,351,345,349,359,omv,wnp,zvg,utb,dwv
1180208,347,345,342,344,341,ehd,zvg,ryd,gwq,zap
1180209,354,344,341,351,345,omv,gwq,zap,wnp,zvg
1180210,342,348,347,343,349,ryd,wcz,ehd,ykn,utb
1180211,353,341,347,349,355,get,zap,ehd,utb,mqy
1180212,356,351,342,352,341,zrh,wnp,ryd,wmz,zap
1180213,356,350,351,346,353,zrh,ghp,wnp,nwm,get
1180214,350,347,352,348,357,ghp,ehd,wmz,wcz,kei
1180215,343,342,352,350,348,ykn,ryd,wmz,ghp,wcz
1180216,360,345,353,348,354,gdm,zvg,get,wcz,omv
1180217,351,346,358,341,348,wnp,nwm,fid,zap,wcz
1180218,351,356,354,343,358,wnp,zrh,omv,ykn,fid
1180219,351,356,353,358,347,wnp,zrh,get,fid,ehd
1180220,341,345,342,360,350,zap,zvg,ryd,gdm,ghp
1180221,341,351,358,353,346,zap,wnp,fid,get,nwm
1180222,352,347,345,343,359,wmz,ehd,zvg,ykn,dwv
1180223,346,350,349,358,355,nwm,ghp,utb,fid,mqy
1180224,343,348,359,358,346,ykn,wcz,dwv,fid,nwm
1180225,354,350,358,343,345,omv,ghp,fid,ykn,zvg
1180226,354,345,342,353,358,omv,zvg,ryd,get,fid
1180227,354,352,360,356,345,omv,wmz,gdm,zrh,zvg
1180228,348,352,347,344,342,wcz,wmz,ehd,gwq,ryd
1180229,357,358,354,345,360,kei,fid,omv,zvg,gdm
1180230,343,353,342,344,357,ykn,get,ryd,gwq,kei
1180231,358,341,360,347,357,fid,zap,gdm,ehd,kei
1180232,341,345,359,347,346,zap,zvg,dwv,ehd,nwm
1180233,346,358,352,356,357,nwm,fid,wmz,zrh,kei
1180234,360,359,349,342,350,gdm,dwv,utb,ryd,ghp
1180235,348,357,347,346,350,wcz,kei,ehd,nwm,ghp
1180236,342,356,353,359,348,ryd,zrh,get,dwv,wcz
1180237,345,347,346,351,352,zvg,ehd,nwm,wnp,wmz
1180238,349,357,347,343,341,utb,kei,ehd,ykn,zap
1180239,358,345,344,342,354,fid,zvg,gwq,ryd,omv
1180240,341,353,348,356,350,zap,get,wcz,zrh,ghp
1180241,358,344,357,346,342,fid,gwq,kei,nwm,ryd
1180242,353,341,352,357,348,get,zap,wmz,kei,wcz
1180243,349,352,359,345,356,utb,wmz,dwv,zvg,zrh
1180244,346,354,357,356,343,nwm,omv,kei,zrh,ykn
1180245,343,358,353,349,352,ykn,fid,get,utb,wmz
1180246,345,354,342,350,356,zvg,omv,ryd,ghp,zrh
1180247,346,342,353,356,359,nwm,ryd,get,zrh,dwv
1180248,342,359,345,356,360,ryd,dwv,zvg,zrh,gdm
1180249,360,356,359,346,355,gdm,zrh,dwv,nwm,mqy
1180250,344,351,359,346,345,gwq,wnp,dwv,nwm,zvg
1180251,359,354,341,351,342,dwv,omv,zap,wnp,ryd
1180252,346,349,357,348,360,nwm,utb,kei,wcz,gdm
1180253,344,345,358,355,359,gwq,zvg,fid,mqy,dwv
1180254,358,356,352,342,345,fid,zrh,wmz,ryd,zvg
1180255,345,343,350,358,349,zvg,ykn,ghp,fid,utb
1180256,356,355,352,357,341,zrh,mqy,wmz,kei,zap
1180257,341,348,358,356,351,zap,wcz,fid,zrh,wnp
1180258,355,341,344,359,342,mqy,zap,gwq,dwv,ryd
1180259,345,341,342,346,353,zvg,zap,ryd,nwm,get
1180260,342,341,348,354,347,ryd,zap,wcz,omv,ehd
1180261,354,353,347,343,350,omv,get,ehd,ykn,ghp
1180262,355,351,341,357,359,mqy,wnp,zap,kei,dwv
1180263,341,357,342,350,354,zap,kei,ryd,ghp,omv
1180264,343,348,341,357,353,ykn,wcz,zap,kei,get
1180265,342,350,354,344,347,ryd,ghp,omv,gwq,ehd
1180266,360,347,354,346,349,gdm,ehd,omv,nwm,utb
1180267,347,357,356,360,343,ehd,kei,zrh,gdm,ykn
1180268,357,358,355,345,341,kei,fid,mqy,zvg,zap
1180269,342,360,341,348,355,ryd,gdm,zap,wcz,mqy
1180270,358,346,347,354,342,fid,nwm,ehd,omv,ryd
1180271,342,360,347,359,358,ryd,gdm,ehd,dwv,fid
1180272,358,357,354,352,350,fid,kei,omv,wmz,ghp
1180273,344,341,345,348,346,gwq,zap,zvg,wcz,nwm
1180274,351,342,347,344,358,wnp,ryd,ehd,gwq,fid
1180275,341,346,353,360,349,zap,nwm,get,gdm,utb
1180276,346,341,360,349,358,nwm,zap,gdm,utb,fid
1180277,353,357,346,355,347,get,kei,nwm,mqy,ehd
1180278,355,341,349,345,343,mqy,zap,utb,zvg,ykn
1180279,359,357,345,348,360,dwv,kei,zvg,wcz,gdm
1180280,349,342,354,359,352,utb,ryd,omv,dwv,wmz
1180281,357,354,347,358,350,kei,omv,ehd,fid,ghp
1180282,359,346,348,358,349,dwv,nwm,wcz,fid,utb
1180283,354,348,357,353,352,omv,wcz,kei,get,wmz
1180284,347,352,358,357,341,ehd,wmz,fid,kei,zap
1180285,341,357,342,360,356,zap,kei,ryd,gdm,zrh
1180286,356,358,349,346,343,zrh,fid,utb,nwm,ykn
1180287,350,352,345,346,359,ghp,wmz,zvg,nwm,dwv
1180288,353,356,360,357,347,get,zrh,gdm,kei,ehd
1180289,348,354,352,344,353,wcz,omv,wmz,gwq,get
1180290,349,355,359,347,354,utb,mqy,dwv,ehd,omv
1180291,349,358,347,360,346,utb,fid,ehd,gdm,nwm
1180292,356,360,357,358,351,zrh,gdm,kei,fid,wnp
1180293,344,347,353,358,341,gwq,ehd,get,fid,zap
1180294,357,342,345,349,352,kei,ryd,zvg,utb,wmz
1180295,353,352,355,354,345,get,wmz,mqy,omv,zvg
1180296,342,359,349,358,352,ryd,dwv,utb,fid,wmz
1180297,349,346,357,355,347,utb,nwm,kei,mqy,ehd
1180298,344,356,342,358,355,gwq,zrh,ryd,fid,mqy
1180299,341,355,343,347,351,zap,mqy,ykn,ehd,wnp
1180300,350,342,360,354,343,ghp,ryd,gdm,omv,ykn
1180301,345,348,347,346,355,zvg,wcz,ehd,nwm,mqy
1180302,346,345,355,360,344,nwm,zvg,mqy,gdm,gwq
1180303,344,349,357,341,343,gwq,utb,kei,zap,ykn
1180304,343,344,348,355,347,ykn,gwq,wcz,mqy,ehd
1180305,341,354,358,355,356,zap,omv,fid,mqy,zrh
1180306,345,358,348,359,353,zvg,fid,wcz,dwv,get
1180307,351,346,349,348,360,wnp,nwm,utb,wcz,gdm
1180308,360,357,347,349,346,gdm,kei,ehd,utb,nwm
1180309,358,343,348,342,347,fid,ykn,wcz,ryd,ehd
1180310,346,344,356,347,352,nwm,gwq,zrh,ehd,wmz
1180311,356,343,344,352,359,zrh,ykn,gwq,wmz,dwv
1180312,351,350,349,359,353,wnp,ghp,utb,dwv,get
1180313,351,341,346,358,349,wnp,zap,nwm,fid,utb
1180314,350,341,356,349,358,ghp,zap,zrh,utb,fid
1180315,347,356,353,345,341,ehd,zrh,get,zvg,zap
1180316,354,349,345,348,341,omv,utb,zvg,wcz,zap
1180317,347,359,346,341,360,ehd,dwv,nwm,zap,gdm
1180318,345,352,354,355,342,zvg,wmz,omv,mqy,ryd
1180319,344,360,353,359,351,gwq,gdm,get,dwv,wnp
1180320,352,344,353,341,354,wmz,gwq,get,zap,omv
1180321,349,355,341,354,360,utb,mqy,zap,omv,gdm
1180322,342,350,352,355,359,ryd,ghp,wmz,mqy,dwv
1180323,348,352,341,353,356,wcz,wmz,zap,get,zrh
1180324,359,343,344,353,354,dwv,ykn,gwq,get,omv
1180325,351,353,354,341,347,wnp,get,omv,zap,ehd
1180326,343,352,355,357,348,ykn,wmz,mqy,kei,wcz
1180327,356,351,353,343,357,zrh,wnp,get,ykn,kei
1180328,350,341,358,348,349,ghp,zap,fid,wcz,utb
1180329,342,350,346,360,348,ryd,ghp,nwm,gdm,wcz
1180330,345,352,349,348,350,zvg,wmz,utb,wcz,ghp
1180331,354,359,341,342,357,omv,dwv,zap,ryd,kei
1180332,352,359,341,342,343,wmz,dwv,zap,ryd,ykn
1180333,345,343,355,356,351,zvg,ykn,mqy,zrh,wnp
1180334,341,355,357,342,360,zap,mqy,kei,ryd,gdm
1180335,346,349,347,352,354,nwm,utb,ehd,wmz,omv
1180336,345,357,349,342,350,zvg,kei,utb,ryd,ghp
1180337,348,357,358,355,346,wcz,kei,fid,mqy,nwm
1180338,357,347,351,358,346,kei,ehd,wnp,fid,nwm
1180339,350,353,356,354,357,ghp,get,zrh,omv,kei
1180340,349,357,352,351,346,utb,kei,wmz,wnp,nwm
1180341,346,356,349,354,357,nwm,zrh,utb,omv,kei
1180342,349,348,359,360,353,utb,wcz,dwv,gdm,get
1180343,348,357,351,354,346,wcz,kei,wnp,omv,nwm
1180344,347,348,352,349,343,ehd,wcz,wmz,utb,ykn
1180345,342,344,351,352,350,ryd,gwq,wnp,wmz,ghp
1180346,347,354,355,346,343,ehd,omv,mqy,nwm,ykn
1180347,351,341,346,343,357,wnp,zap,nwm,ykn,kei
1180348,341,344,357,360,342,zap,gwq,kei,gdm,ryd
1180349,350,347,345,356,352,ghp,ehd,zvg,zrh,wmz
1180350,343,358,344,360,356,ykn,fid,gwq,gdm,zrh
1180351,357,355,351,359,349,kei,mqy,wnp,dwv,utb
1180352,360,347,349,356,350,gdm,ehd,utb,zrh,ghp
1180353,346,350,347,343,351,nwm,ghp,ehd,ykn,wnp
1180354,353,344,359,355,342,get,gwq,dwv,mqy,ryd
1180355,357,360,346,345,355,kei,gdm,nwm,zvg,mqy
1180356,344,351,341,354,348,gwq,wnp,zap,omv,wcz
1180357,358,346,357,341,347,fid,nwm,kei,zap,ehd
1180358,357,343,353,345,346,kei,ykn,get,zvg,nwm
1180359,357,356,348,345,343,kei,zrh,wcz,zvg,ykn
1180360,358,348,352,357,353,fid,wcz,wmz,kei,get
1180361,342,346,345,352,348,ryd,nwm,zvg,wmz,wcz
1180362,353,354,346,358,343,get,omv,nwm,fid,ykn
1180363,354,356,355,352,349,omv,zrh,mqy,wmz,utb
1180364,341,358,355,342,354,zap,fid,mqy,ryd,omv
1180365,353,356,351,359,355,get,zrh,wnp,dwv,mqy
1180366,352,344,350,341,355,wmz,gwq,ghp,zap,mqy
1180367,345,347,359,356,357,zvg,ehd,dwv,zrh,kei
1180368,345,342,355,360,354,zvg,ryd,mqy,gdm,omv
1180369,343,351,352,347,357,ykn,wnp,wmz,ehd,kei
1180370,355,350,346,344,356,mqy,ghp,nwm,gwq,zrh
1180371,347,355,350,359,357,ehd,mqy,ghp,dwv,kei
1180372,354,352,348,346,344,omv,wmz,wcz,nwm,gwq
1180373,354,348,355,347,341,omv,wcz,mqy,ehd,zap
1180374,360,357,350,349,353,gdm,kei,ghp,utb,get
1180375,360,347,346,353,354,gdm,ehd,nwm,get,omv
1180376,351,357,360,346,353,wnp,kei,gdm,nwm,get
1180377,360,358,353,351,341,gdm,fid,get,wnp,zap
1180378,341,352,359,357,351,zap,wmz,dwv,kei,wnp
1180379,345,359,360,351,356,zvg,dwv,gdm,wnp,zrh
1180380,358,350,355,353,342,fid,ghp,mqy,get,ryd
1180381,360,345,353,342,348,gdm,zvg,get,ryd,wcz
1180382,350,355,347,353,354,ghp,mqy,ehd,get,omv
1180383,344,346,347,357,360,gwq,nwm,ehd,kei,gdm
1180384,353,355,348,357,354,get,mqy,wcz,kei,omv
1180385,351,360,354,347,358,wnp,gdm,omv,ehd,fid
1180386,359,341,354,357,348,dwv,zap,omv,kei,wcz
1180387,341,350,351,342,356,zap,ghp,wnp,ryd,zrh
1180388,349,344,356,341,351,utb,gwq,zrh,zap,wnp
1180389,342,349,357,341,350,ryd,utb,kei,zap,ghp
1180390,343,352,356,346,348,ykn,wmz,zrh,nwm,wcz
1180391,347,346,350,349,351,ehd,nwm,ghp,utb,wnp
1180392,352,353,348,349,356,wmz,get,wcz,utb,zrh
1180393,358,353,354,347,350,fid,get,omv,ehd,ghp
1180394,342,352,346,353,351,ryd,wmz,nwm,get,wnp
1180395,354,345,355,348,343,omv,zvg,mqy,wcz,ykn
1180396,357,349,351,350,353,kei,utb,wnp,ghp,get
1180397,347,346,359,342,345,ehd,nwm,dwv,ryd,zvg
1180398,347,344,356,352,341,ehd,gwq,zrh,wmz,zap
1180399,351,350,360,356,352,wnp,ghp,gdm,zrh,wmz
1180400,350,358,346,352,344,ghp,fid,nwm,wmz,gwq
1180401,342,351,347,360,352,ryd,wnp,ehd,gdm,wmz
1180402,352,346,356,354,353,wmz,nwm,zrh,omv,get
1180403,350,355,345,349,341,ghp,mqy,zvg,utb,zap
1180404,351,348,352,349,341,wnp,wcz,wmz,utb,zap
1180405,351,353,342,355,358,wnp,get,ryd,mqy,fid
1180406,350,351,349,352,347,ghp,wnp,utb,wmz,ehd
1180407,360,353,357,345,348,gdm,get,kei,zvg,wcz
1180408,356,342,355,347,359,zrh,ryd,mqy,ehd,dwv
1180409,354,346,345,349,358,omv,nwm,zvg,utb,fid
1180410,353,359,352,355,347,get,dwv,wmz,mqy,ehd
1180411,349,358,346,351,345,utb,fid,nwm,wnp,zvg
1180412,349,352,360,350,353,utb,wmz,gdm,ghp,get
1180413,358,350,344,342,343,fid,ghp,gwq,ryd,ykn
1180414,354,351,344,353,341,omv,wnp,gwq,get,zap
1180415,342,360,357,347,346,ryd,gdm,kei,ehd,nwm
1180416,359,358,354,350,349,dwv,fid,omv,ghp,utb
1180417,356,352,360,342,358,zrh,wmz,gdm,ryd,fid
1180418,346,341,349,354,351,nwm,zap,utb,omv,wnp
1180419,360,342,344,348,355,gdm,ryd,gwq,wcz,mqy
1180420,352,354,351,348,358,wmz,omv,wnp,wcz,fid
1180421,345,351,348,359,342,zvg,wnp,wcz,dwv,ryd
1180422,350,346,360,359,358,ghp,nwm,gdm,dwv,fid
1180423,350,359,341,343,345,ghp,dwv,zap,ykn,zvg
1180424,348,354,359,351,341,wcz,omv,dwv,wnp,zap
1180425,356,346,354,348,344,zrh,nwm,omv,wcz,gwq
1180426,350,357,355,358,345,ghp,kei,mqy,fid,zvg
1180427,359,343,351,348,349,dwv,ykn,wnp,wcz,utb
1180428,354,356,349,360,343,omv,zrh,utb,gdm,ykn
1180429,344,342,357,345,356,gwq,ryd,kei,zvg,zrh
1180430,359,358,343,342,341,dwv,fid,ykn,ryd,zap
1180431,344,351,345,355,356,gwq,wnp,zvg,mqy,zrh
1180432,352,348,346,344,353,wmz,wcz,nwm,gwq,get
1180433,348,341,349,357,355,wcz,zap,utb,kei,mqy
1180434,351,358,350,342,357,wnp,fid,ghp,ryd,kei
1180435,350,344,355,347,343,ghp,gwq,mqy,ehd,ykn
1180436,358,347,355,343,341,fid,ehd,mqy,ykn,zap
1180437,354,341,359,346,355,omv,zap,dwv,nwm,mqy
1180438,342,360,345,358,351,ryd,gdm,zvg,fid,wnp
1180439,354,355,343,350,358,omv,mqy,ykn,ghp,fid
1180440,341,347,342,355,344,zap,ehd,ryd,mqy,gwq
1180441,360,354,342,345,355,gdm,omv,ryd,zvg,mqy
1180442,358,341,348,352,350,fid,zap,wcz,wmz,ghp
1180443,357,360,359,345,342,kei,gdm,dwv,zvg,ryd
1180444,360,343,346,354,351,gdm,ykn,nwm,omv,wnp
1180445,341,359,343,353,356,zap,dwv,ykn,get,zrh
1180446,344,351,343,350,356,gwq,wnp,ykn,ghp,zrh
1180447,357,360,345,352,349,kei,gdm,zvg,wmz,utb
1180448,351,356,358,341,349,wnp,zrh,fid,zap,utb
1180449,357,350,352,344,360,kei,ghp,wmz,gwq,gdm
1180450,357,360,358,349,345,kei,gdm,fid,utb,zvg
1180451,345,350,352,356,359,zvg,ghp,wmz,zrh,dwv
1180452,351,350,346,348,344,wnp,ghp,nwm,wcz,gwq
1180453,355,352,351,347,348,mqy,wmz,wnp,ehd,wcz
1180454,349,357,346,353,351,utb,kei,nwm,get,wnp
1180455,351,358,353,348,359,wnp,fid,get,wcz,dwv
1180456,341,342,354,358,349,zap,ryd,omv,fid,utb
1180457,346,357,350,348,344,nwm,kei,ghp,wcz,gwq
1180458,360,355,341,356,346,gdm,mqy,zap,zrh,nwm
1180459,345,354,344,349,348,zvg,omv,gwq,utb,wcz
1180460,344,352,342,354,353,gwq,wmz,ryd,omv,get
1180461,346,352,350,354,347,nwm,wmz,ghp,omv,ehd
1180462,341,353,349,360,342,zap,get,utb,gdm,ryd
1180463,351,344,347,346,360,wnp,gwq,ehd,nwm,gdm
1180464,354,344,346,343,355,omv,gwq,nwm,ykn,mqy
1180465,356,344,343,357,347,zrh,gwq,ykn,kei,ehd
1180466,354,342,356,355,351,omv,ryd,zrh,mqy,wnp
1180467,341,346,349,342,343,zap,nwm,utb,ryd,ykn
1180468,360,347,349,345,351,gdm,ehd,utb,zvg,wnp
1180469,346,360,350,349,348,nwm,gdm,ghp,utb,wcz
1180470,349,344,351,347,353,utb,gwq,wnp,ehd,get
1180471,344,356,359,360,341,gwq,zrh,dwv,gdm,zap
1180472,358,346,345,352,355,fid,nwm,zvg,wmz,mqy
1180473,341,359,348,346,345,zap,dwv,wcz,nwm,zvg
1180474,355,343,354,353,359,mqy,ykn,omv,get,dwv
1180475,359,342,350,345,354,dwv,ryd,ghp,zvg,omv
1180476,357,353,356,346,351,kei,get,zrh,nwm,wnp
1180477,344,342,351,354,349,gwq,ryd,wnp,omv,utb
1180478,357,353,359,354,341,kei,get,dwv,omv,zap
1180479,349,346,359,343,351,utb,nwm,dwv,ykn,wnp
1180480,349,345,344,353,347,utb,zvg,gwq,get,ehd
1180481,359,341,342,355,346,dwv,zap,ryd,mqy,nwm
1180482,342,350,346,357,355,ryd,ghp,nwm,kei,mqy
1180483,342,348,343,352,351,ryd,wcz,ykn,wmz,wnp
1180484,354,358,353,345,356,omv,fid,get,zvg,zrh
1180485,345,357,354,355,341,zvg,kei,omv,mqy,zap
1180486,357,344,360,354,345,kei,gwq,gdm,omv,zvg
1180487,360,341,349,348,342,gdm,zap,utb,wcz,ryd
1180488,341,342,358,354,355,zap,ryd,fid,omv,mqy
1180489,358,341,349,345,351,fid,zap,utb,zvg,wnp
1180490,357,360,341,347,350,kei,gdm,zap,ehd,ghp
1180491,345,354,360,347,357,zvg,omv,gdm,ehd,kei
1180492,358,354,343,359,344,fid,omv,ykn,dwv,gwq
1180493,349,341,346,347,345,utb,zap,nwm,ehd,zvg
1180494,354,357,356,343,360,omv,kei,zrh,ykn,gdm
1180495,344,356,352,345,359,gwq,zrh,wmz,zvg,dwv
1180496,346,350,341,342,352,nwm,ghp,zap,ryd,wmz
1180497,346,354,358,360,355,nwm,omv,fid,gdm,mqy
1180498,360,358,342,349,353,gdm,fid,ryd,utb,get
1180499,343,347,354,341,351,ykn,ehd,omv,zap,wnp
1180500,348,349,341,359,342,wcz,utb,zap,dwv,ryd
1180501,347,355,357,343,353,ehd,mqy,kei,ykn,get
1180502,344,359,357,351,343,gwq,dwv,kei,wnp,ykn
1180503,354,341,343,349,359,omv,zap,ykn,utb,dwv
1180504,355,344,349,342,348,mqy,gwq,utb,ryd,wcz
1180505,342,356,348,343,360,ryd,zrh,wcz,ykn,gdm
1180506,354,342,344,349,348,omv,ryd,gwq,utb,wcz
1180507,343,360,356,355,342,ykn,gdm,zrh,mqy,ryd
1180508,353,350,348,346,352,get,ghp,wcz,nwm,wmz
1180509,342,360,354,350,341,ryd,gdm,omv,ghp,zap
1180510,358,347,357,352,341,fid,ehd,kei,wmz,zap
1180511,354,356,349,348,360,omv,zrh,utb,wcz,gdm
1180512,347,348,346,354,358,ehd,wcz,nwm,omv,fid
1180513,341,343,342,351,359,zap,ykn,ryd,wnp,dwv
1180514,351,345,344,348,343,wnp,zvg,gwq,wcz,ykn
1180515,358,354,355,352,351,fid,omv,mqy,wmz,wnp
1180516,345,356,352,354,357,zvg,zrh,wmz,omv,kei
1180517,352,351,345,354,355,wmz,wnp,zvg,omv,mqy
1180518,344,352,346,354,360,gwq,wmz,nwm,omv,gdm
1180519,345,350,357,341,355,zvg,ghp,kei,zap,mqy
1180520,344,351,357,356,347,gwq,wnp,kei,zrh,ehd
1180521,357,345,352,341,342,kei,zvg,wmz,zap,ryd
1180522,356,360,342,354,358,zrh,gdm,ryd,omv,fid
1180523,343,349,350,346,344,ykn,utb,ghp,nwm,gwq
1180524,353,347,350,360,341,get,ehd,ghp,gdm,zap
1180525,350,342,341,347,351,ghp,ryd,zap,ehd,wnp
1180526,351,358,342,344,349,wnp,fid,ryd,gwq,utb
1180527,358,350,342,341,348,fid,ghp,ryd,zap,wcz
1180528,355,350,345,346,354,mqy,ghp,zvg,nwm,omv
1180529,352,360,341,357,345,wmz,gdm,zap,kei,zvg
1180530,342,350,343,358,355,ryd,ghp,ykn,fid,mqy
1180531,343,342,349,354,347,ykn,ryd,utb,omv,ehd
1180532,349,357,347,360,344,utb,kei,ehd,gdm,gwq
1180533,359,353,344,358,342,dwv,get,gwq,fid,ryd
1180534,358,349,343,344,345,fid,utb,ykn,gwq,zvg
1180535,348,358,343,354,359,wcz,fid,ykn,omv,dwv
1180536,346,345,349,353,358,nwm,zvg,utb,get,fid
1180537,346,350,342,352,347,nwm,ghp,ryd,wmz,ehd
1180538,358,360,343,341,345,fid,gdm,ykn,zap,zvg
1180539,351,348,357,359,350,wnp,wcz,kei,dwv,ghp
1180540,343,342,349,348,344,ykn,ryd,utb,wcz,gwq
1180541,352,350,359,345,356,wmz,ghp,dwv,zvg,zrh
1180542,357,344,347,345,359,kei,gwq,ehd,zvg,dwv
1180543,349,342,350,357,352,utb,ryd,ghp,kei,wmz
1180544,353,345,346,349,352,get,zvg,nwm,utb,wmz
1180545,359,341,352,353,342,dwv,zap,wmz,get,ryd
1180546,352,360,351,342,356,wmz,gdm,wnp,ryd,zrh
1180547,350,349,355,357,351,ghp,utb,mqy,kei,wnp
1180548,347,341,349,343,359,ehd,zap,utb,ykn,dwv
1180549,345,354,350,358,348,zvg,omv,ghp,fid,wcz
1180550,358,343,348,345,347,fid,ykn,wcz,zvg,ehd
1180551,358,351,345,342,347,fid,wnp,zvg,ryd,ehd
1180552,346,348,349,354,357,nwm,wcz,utb,omv,kei
1180553,360,351,346,353,359,gdm,wnp,nwm,get,dwv
1180554,344,357,346,348,359,gwq,kei,nwm,wcz,dwv
1180555,345,342,350,348,356,zvg,ryd,ghp,wcz,zrh
1180556,355,349,356,341,354,mqy,utb,zrh,zap,omv
1180557,342,357,348,354,351,ryd,kei,wcz,omv,wnp
1180558,355,341,359,350,358,mqy,zap,dwv,ghp,fid
1180559,355,341,342,345,353,mqy,zap,ryd,zvg,get
1180560,345,352,355,357,354,zvg,wmz,mqy,kei,omv
1180561,357,359,358,354,346,kei,dwv,fid,omv,nwm
1180562,345,344,350,351,357,zvg,gwq,ghp,wnp,kei
1180563,349,352,359,350,344,utb,wmz,dwv,ghp,gwq
1180564,348,347,346,342,345,wcz,ehd,nwm,ryd,zvg
1180565,357,354,351,358,348,kei,omv,wnp,fid,wcz
1180566,354,348,353,357,355,omv,wcz,get,kei,mqy
1180567,341,348,347,350,351,zap,wcz,ehd,ghp,wnp
1180568,360,354,359,347,356,gdm,omv,dwv,ehd,zrh
1180569,344,346,350,360,359,gwq,nwm,ghp,gdm,dwv
1180570,342,348,341,355,345,ryd,wcz,zap,mqy,zvg
1180571,352,355,344,347,348,wmz,mqy,gwq,ehd,wcz
1180572,357,350,354,353,341,kei,ghp,omv,get,zap
1180573,359,348,352,350,349,dwv,wcz,wmz,ghp,utb
1180574,344,360,341,342,343,gwq,gdm,zap,ryd,ykn
1180575,359,360,358,349,342,dwv,gdm,fid,utb,ryd
1180576,352,346,341,349,354,wmz,nwm,zap,utb,omv
1180577,353,344,341,347,343,get,gwq,zap,ehd,ykn
1180578,357,349,356,355,353,kei,utb,zrh,mqy,get
1180579,359,356,344,341,343,dwv,zrh,gwq,zap,ykn
1180580,349,341,347,356,351,utb,zap,ehd,zrh,wnp
1180581,355,346,342,354,360,mqy,nwm,ryd,omv,gdm
1180582,343,344,353,351,360,ykn,gwq,get,wnp,gdm
1180583,347,354,359,342,344,ehd,omv,dwv,ryd,gwq
1180584,344,347,342,360,348,gwq,ehd,ryd,gdm,wcz
1180585,343,350,347,348,344,ykn,ghp,ehd,wcz,gwq
1180586,347,360,341,355,348,ehd,gdm,zap,mqy,wcz
1180587,355,357,349,353,341,mqy,kei,utb,get,zap
1180588,346,344,350,342,345,nwm,gwq,ghp,ryd,zvg
1180589,343,358,354,360,356,ykn,fid,omv,gdm,zrh
1180590,343,355,347,352,348,ykn,mqy,ehd,wmz,wcz
1180591,341,343,357,344,356,zap,ykn,kei,gwq,zrh
1180592,358,343,349,342,345,fid,ykn,utb,ryd,zvg
1180593,357,345,344,350,349,kei,zvg,gwq,ghp,utb
1180594,345,360,355,354,356,zvg,gdm,mqy,omv,zrh
1180595,348,357,360,346,352,wcz,kei,gdm,nwm,wmz
1180596,345,342,344,347,346,zvg,ryd,gwq,ehd,nwm
1180597,345,342,358,359,347,zvg,ryd,fid,dwv,ehd
1180598,355,349,353,354,345,mqy,utb,get,omv,zvg
1180599,344,341,349,343,359,gwq,zap,utb,ykn,dwv
1180600,356,351,342,352,359,zrh,wnp,ryd,wmz,dwv
1190001,369,377,380,372,373,jqt,zet,wmv,zcj,ubt
1190002,365,376,362,371,364,bor,znp,otq,hzo,vns
1190003,379,377,366,370,374,exy,zet,fva,hjf,dpe
1190004,372,375,365,370,371,zcj,bsa,bor,hjf,hzo
1190005,365,372,376,368,377,bor,zcj,znp,wzi,zet
1190006,367,365,372,380,377,qut,bor,zcj,wmv,zet
1190007,363,369,371,378,361,ohf,jqt,hzo,kaq,rst
1190008,379,372,370,367,380,exy,zcj,hjf,qut,wmv
1190009,370,378,364,365,366,hjf,kaq,vns,bor,fva
1190010,369,380,370,363,379,jqt,wmv,hjf,ohf,exy
1190011,378,380,373,377,370,kaq,wmv,ubt,zet,hjf
1190012,379,370,367,376,365,exy,hjf,qut,znp,bor
1190013,375,372,363,378,374,bsa,zcj,ohf,kaq,dpe
1190014,374,370,363,367,361,dpe,hjf,ohf,qut,rst
1190015,374,370,366,367,379,dpe,hjf,fva,qut,exy
1190016,366,378,362,371,374,fva,kaq,otq,hzo,dpe
1190017,362,366,375,369,372,otq,fva,bsa,jqt,zcj
1190018,374,379,366,362,371,dpe,exy,fva,otq,hzo
1190019,378,374,368,366,361,kaq,dpe,wzi,fva,rst
1190020,371,374,365,377,361,hzo,dpe,bor,zet,rst
1190021,363,372,362,365,370,ohf,zcj,otq,bor,hjf
1190022,361,378,379,377,374,rst,kaq,exy,zet,dpe
1190023,370,366,376,373,364,hjf,fva,znp,ubt,vns
1190024,363,364,378,365,366,ohf,vns,kaq,bor,fva
1190025,374,373,380,365,375,dpe,ubt,wmv,bor,bsa
1190026,369,379,363,366,373,jqt,exy,ohf,fva,ubt
1190027,372,373,362,370,364,zcj,ubt,otq,hjf,vns
1190028,365,364,373,380,375,bor,vns,ubt,wmv,bsa
1190029,362,361,374,373,366,otq,rst,dpe,ubt,fva
1190030,379,373,378,363,374,exy,ubt,kaq,ohf,dpe
1190031,371,375,366,377,373,hzo,bsa,fva,zet,ubt
1190032,372,379,370,376,368,zcj,exy,hjf,znp,wzi
1190033,367,363,365,370,377,qut,ohf,bor,hjf,zet
1190034,367,366,362,370,374,qut,fva,otq,hjf,dpe
1190035,371,368,380,363,370,hzo,wzi,wmv,ohf,hjf
1190036,375,380,363,368,377,bsa,wmv,ohf,wzi,zet
1190037,367,378,364,361,369,qut,kaq,vns,rst,jqt
1190038,363,373,370,380,377,ohf,ubt,hjf,wmv,zet
1190039,379,374,368,369,378,exy,dpe,wzi,jqt,kaq
1190040,377,370,373,375,361,zet,hjf,ubt,bsa,rst
1190041,361,363,366,369,374,rst,ohf,fva,jqt,dpe
1190042,368,377,364,374,380,wzi,zet,vns,dpe,wmv
1190043,379,369,377,375,371,exy,jqt,zet,bsa,hzo
1190044,369,365,377,375,366,jqt,bor,zet,bsa,fva
1190045,361,362,369,375,372,rst,otq,jqt,bsa,zcj
1190046,369,362,376,378,379,jqt,otq,znp,kaq,exy
1190047,362,376,367,368,374,otq,znp,qut,wzi,dpe
1190048,373,367,377,363,378,ubt,qut,zet,ohf,kaq
1190049,379,369,363,370,374,exy,jqt,ohf,hjf,dpe
1190050,373,361,367,370,366,ubt,rst,qut,hjf,fva
1190051,365,363,371,373,364,bor,ohf,hzo,ubt,vns
1190052,373,371,380,370,372,ubt,hzo,wmv,hjf,zcj
1190053,366,370,364,372,362,fva,hjf,vns,zcj,otq
1190054,376,375,363,380,365,znp,bsa,ohf,wmv,bor
1190055,363,361,379,371,367,ohf,rst,exy,hzo,qut
1190056,365,362,363,379,376,bor,otq,ohf,exy,znp
1190057,380,369,374,376,373,wmv,jqt,dpe,znp,ubt
1190058,367,370,378,375,365,qut,hjf,kaq,bsa,bor
1190059,377,371,373,361,379,zet,hzo,ubt,rst,exy
1190060,373,362,377,369,365,ubt,otq,zet,jqt,bor
1190061,372,363,368,362,380,zcj,ohf,wzi,otq,wmv
1190062,370,365,368,378,380,hjf,bor,wzi,kaq,wmv
1190063,380,374,364,371,365,wmv,dpe,vns,hzo,bor
1190064,375,374,365,371,364,bsa,dpe,bor,hzo,vns
1190065,367,372,373,365,374,qut,zcj,ubt,bor,dpe
1190066,361,362,374,376,363,rst,otq,dpe,znp,ohf
1190067,374,378,368,365,371,dpe,kaq,wzi,bor,hzo
1190068,368,380,372,378,366,wzi,wmv,zcj,kaq,fva
1190069,361,376,379,365,369,rst,znp,exy,bor,jqt
1190070,378,371,372,374,367,kaq,hzo,zcj,dpe,qut
1190071,377,374,379,371,369,zet,dpe,exy,hzo,jqt
1190072,377,370,369,372,376,zet,hjf,jqt,zcj,znp
1190073,378,363,365,374,369,kaq,ohf,bor,dpe,jqt
1190074,370,376,375,369,368,hjf,znp,bsa,jqt,wzi
1190075,371,374,367,380,365,hzo,dpe,qut,wmv,bor
1190076,377,361,368,375,362,zet,rst,wzi,bsa,otq
1190077,380,376,362,377,368,wmv,znp,otq,zet,wzi
1190078,377,378,371,372,376,zet,kaq,hzo,zcj,znp
1190079,379,369,373,370,364,exy,jqt,ubt,hjf,vns
1190080,379,369,376,375,368,exy,jqt,znp,bsa,wzi
1190081,378,373,362,372,364,kaq,ubt,otq,zcj,vns
1190082,365,375,367,371,369,bor,bsa,qut,hzo,jqt
1190083,365,377,372,373,369,bor,zet,zcj,ubt,jqt
1190084,378,379,370,363,380,kaq,exy,hjf,ohf,wmv
1190085,369,374,367,370,380,jqt,dpe,qut,hjf,wmv
1190086,362,379,374,380,366,otq,exy,dpe,wmv,fva
1190087,365,373,370,372,378,bor,ubt,hjf,zcj,kaq
1190088,361,374,371,366,370,rst,dpe,hzo,fva,hjf
1190089,377,372,370,373,380,zet,zcj,hjf,ubt,wmv
1190090,371,372,378,374,363,hzo,zcj,kaq,dpe,ohf
1190091,371,370,361,380,376,hzo,hjf,rst,wmv,znp
1190092,372,379,368,374,376,zcj,exy,wzi,dpe,znp
1190093,369,380,375,363,368,jqt,wmv,bsa,ohf,wzi
1190094,380,363,366,369,376,wmv,ohf,fva,jqt,znp
1190095,371,367,379,368,362,hzo,qut,exy,wzi,otq
1190096,374,362,367,365,377,dpe,otq,qut,bor,zet
1190097,378,375,367,364,376,kaq,bsa,qut,vns,znp
1190098,376,364,375,380,369,znp,vns,bsa,wmv,jqt
1190099,376,373,378,377,375,znp,ubt,kaq,zet,bsa
1190100,369,362,379,368,377,jqt,otq,exy,wzi,zet
1190101,378,369,368,361,363,kaq,jqt,wzi,rst,ohf
1190102,378,369,376,362,365,kaq,jqt,znp,otq,bor
1190103,379,361,369,362,367,exy,rst,jqt,otq,qut
1190104,376,368,367,377,374,znp,wzi,qut,zet,dpe
1190105,371,380,372,379,378,hzo,wmv,zcj,exy,kaq
1190106,370,373,375,380,365,hjf,ubt,bsa,wmv,bor
1190107,379,375,361,376,380,exy,bsa,rst,znp,wmv
1190108,362,378,372,371,373,otq,kaq,zcj,hzo,ubt
1190109,367,364,370,378,371,qut,vns,hjf,kaq,hzo
1190110,363,376,369,364,377,ohf,znp,jqt,vns,zet
1190111,376,372,373,379,367,znp,zcj,ubt,exy,qut
1190112,365,378,376,371,367,bor,kaq,znp,hzo,qut
1190113,379,367,363,378,376,exy,qut,ohf,kaq,znp
1190114,370,367,366,363,373,hjf,qut,fva,ohf,ubt
1190115,374,369,380,367,379,dpe,jqt,wmv,qut,exy
1190116,363,367,379,364,362,ohf,qut,exy,vns,otq
1190117,375,380,374,367,377,bsa,wmv,dpe,qut,zet
1190118,376,365,375,370,367,znp,bor,bsa,hjf,qut
1190119,372,368,379,373,361,zcj,wzi,exy,ubt,rst
1190120,375,377,369,379,378,bsa,zet,jqt,exy,kaq
1190121,373,365,361,364,375,ubt,bor,rst,vns,bsa
1190122,374,364,375,379,370,dpe,vns,bsa,exy,hjf
1190123,370,375,372,379,362,hjf,bsa,zcj,exy,otq
1190124,371,365,370,376,378,hzo,bor,hjf,znp,kaq
1190125,378,375,379,367,377,kaq,bsa,exy,qut,zet
1190126,366,378,377,368,371,fva,kaq,zet,wzi,hzo
1190127,374,373,375,372,379,dpe,ubt,bsa,zcj,exy
1190128,376,369,365,377,380,znp,jqt,bor,zet,wmv
1190129,362,365,377,368,363,otq,bor,zet,wzi,ohf
1190130,364,365,372,373,380,vns,bor,zcj,ubt,wmv
1190131,374,373,379,362,378,dpe,ubt,exy,otq,kaq
1190132,365,375,370,361,368,bor,bsa,hjf,rst,wzi
1190133,374,367,369,361,370,dpe,qut,jqt,rst,hjf
1190134,380,361,374,378,377,wmv,rst,dpe,kaq,zet
1190135,377,380,366,376,365,zet,wmv,fva,znp,bor
1190136,369,365,375,367,377,jqt,bor,bsa,qut,zet
1190137,366,364,373,369,365,fva,vns,ubt,jqt,bor
1190138,373,367,370,368,377,ubt,qut,hjf,wzi,zet
1190139,367,363,364,378,380,qut,ohf,vns,kaq,wmv
1190140,365,378,373,367,374,bor,kaq,ubt,qut,dpe
1190141,361,364,374,375,378,rst,vns,dpe,bsa,kaq
1190142,371,370,373,376,365,hzo,hjf,ubt,znp,bor
1190143,365,377,361,366,371,bor,zet,rst,fva,hzo
1190144,375,376,361,368,377,bsa,znp,rst,wzi,zet
1190145,372,377,380,369,374,zcj,zet,wmv,jqt,dpe
1190146,380,374,370,363,361,wmv,dpe,hjf,ohf,rst
1190147,380,378,368,366,377,wmv,kaq,wzi,fva,zet
1190148,361,369,368,366,378,rst,jqt,wzi,fva,kaq
1190149,375,363,362,374,365,bsa,ohf,otq,dpe,bor
1190150,372,379,380,362,364,zcj,exy,wmv,otq,vns
1190151,367,378,364,363,376,qut,kaq,vns,ohf,znp
1190152,375,368,378,367,371,bsa,wzi,kaq,qut,hzo
1190153,362,369,378,368,379,otq,jqt,kaq,wzi,exy
1190154,364,367,374,361,379,vns,qut,dpe,rst,exy
1190155,375,371,369,380,379,bsa,hzo,jqt,wmv,exy
1190156,377,370,376,378,364,zet,hjf,znp,kaq,vns
1190157,370,372,371,373,369,hjf,zcj,hzo,ubt,jqt
1190158,362,380,368,375,378,otq,wmv,wzi,bsa,kaq
1190159,369,376,374,371,361,jqt,znp,dpe,hzo,rst
1190160,367,379,375,364,362,qut,exy,bsa,vns,otq
1190161,369,361,373,365,380,jqt,rst,ubt,bor,wmv
1190162,373,363,376,377,366,ubt,ohf,znp,zet,fva
1190163,371,375,378,367,362,hzo,bsa,kaq,qut,otq
1190164,373,367,364,369,366,ubt,qut,vns,jqt,fva
1190165,366,379,376,372,374,fva,exy,znp,zcj,dpe
1190166,364,369,367,373,376,vns,jqt,qut,ubt,znp
1190167,361,378,368,379,371,rst,kaq,wzi,exy,hzo
1190168,367,365,362,379,378,qut,bor,otq,exy,kaq
1190169,374,379,375,368,377,dpe,exy,bsa,wzi,zet
1190170,379,370,367,368,371,exy,hjf,qut,wzi,hzo
1190171,366,371,363,378,370,fva,hzo,ohf,kaq,hjf
1190172,369,365,374,362,368,jqt,bor,dpe,otq,wzi
1190173,374,371,377,380,362,dpe,hzo,zet,wmv,otq
1190174,366,373,374,370,367,fva,ubt,dpe,hjf,qut
1190175,373,376,368,361,379,ubt,znp,wzi,rst,exy
1190176,376,372,379,378,364,znp,zcj,exy,kaq,vns
1190177,378,362,361,371,366,kaq,otq,rst,hzo,fva
1190178,376,361,372,364,363,znp,rst,zcj,vns,ohf
1190179,369,365,380,379,364,jqt,bor,wmv,exy,vns
1190180,374,371,363,370,366,dpe,hzo,ohf,hjf,fva
1190181,376,362,374,368,380,znp,otq,dpe,wzi,wmv
1190182,377,368,378,372,365,zet,wzi,kaq,zcj,bor
1190183,376,378,380,372,379,znp,kaq,wmv,zcj,exy
1190184,364,375,367,363,380,vns,bsa,qut,ohf,wmv
1190185,378,380,368,376,375,kaq,wmv,wzi,znp,bsa
1190186,376,369,366,379,378,znp,jqt,fva,exy,kaq
1190187,362,379,370,373,377,otq,exy,hjf,ubt,zet
1190188,380,378,374,362,369,wmv,kaq,dpe,otq,jqt
1190189,372,365,364,366,367,zcj,bor,vns,fva,qut
1190190,361,379,368,374,378,rst,exy,wzi,dpe,kaq
1190191,368,364,366,380,361,wzi,vns,fva,wmv,rst
1190192,363,375,376,377,374,ohf,bsa,znp,zet,dpe
1190193,378,362,363,373,370,kaq,otq,ohf,ubt,hjf
1190194,367,370,365,363,378,qut,hjf,bor,ohf,kaq
1190195,378,361,364,379,371,kaq,rst,vns,exy,hzo
1190196,373,369,365,380,375,ubt,jqt,bor,wmv,bsa
1190197,373,379,377,364,366,ubt,exy,zet,vns,fva
1190198,379,373,362,378,376,exy,ubt,otq,kaq,znp
1190199,370,374,361,373,363,hjf,dpe,rst,ubt,ohf
1190200,374,365,379,371,361,dpe,bor,exy,hzo,rst
1190201,370,367,371,368,364,hjf,qut,hzo,wzi,vns
1190202,375,376,372,370,362,bsa,znp,zcj,hjf,otq
1190203,377,369,368,379,374,zet,jqt,wzi,exy,dpe
1190204,363,361,376,362,377,ohf,rst,znp,otq,zet
1190205,362,377,361,363,372,otq,zet,rst,ohf,zcj
1190206,380,371,361,372,375,wmv,hzo,rst,zcj,bsa
1190207,374,371,365,369,379,dpe,hzo,bor,jqt,exy
1190208,367,365,362,364,361,qut,bor,otq,vns,rst
1190209,374,364,361,371,365,dpe,vns,rst,hzo,bor
1190210,362,368,367,363,369,otq,wzi,qut,ohf,jqt
1190211,373,361,367,369,375,ubt,rst,qut,jqt,bsa
1190212,376,371,362,372,361,znp,hzo,otq,zcj,rst
1190213,376,370,371,366,373,znp,hjf,hzo,fva,ubt
1190214,370,367,372,368,377,hjf,qut,zcj,wzi,zet
1190215,363,362,372,370,368,ohf,otq,zcj,hjf,wzi
1190216,380,365,373,368,374,wmv,bor,ubt,wzi,dpe
1190217,371,366,378,361,368,hzo,fva,kaq,rst,wzi
1190218,371,376,374,363,378,hzo,znp,dpe,ohf,kaq
1190219,371,376,373,378,367,hzo,znp,ubt,kaq,qut
1190220,361,365,362,380,370,rst,bor,otq,wmv,hjf
1190221,361,371,378,373,366,rst,hzo,kaq,ubt,fva
1190222,372,367,365,363,379,zcj,qut,bor,ohf,exy
1190223,366,370,369,378,375,fva,hjf,jqt,kaq,bsa
1190224,363,368,379,378,366,ohf,wzi,exy,kaq,fva
1190225,374,370,378,363,365,dpe,hjf,kaq,ohf,bor
1190226,374,365,362,373,378,dpe,bor,otq,ubt,kaq
1190227,374,372,380,376,365,dpe,zcj,wmv,znp,bor
1190228,368,372,367,364,362,wzi,zcj,qut,vns,otq
1190229,377,378,374,365,380,zet,kaq,dpe,bor,wmv
1190230,363,373,362,364,377,ohf,ubt,otq,vns,zet
1190231,378,361,380,367,377,kaq,rst,wmv,qut,zet
1190232,361,365,379,367,366,rst,bor,exy,qut,fva
1190233,366,378,372,376,377,fva,kaq,zcj,znp,zet
1190234,380,379,369,362,370,wmv,exy,jqt,otq,hjf
1190235,368,377,367,366,370,wzi,zet,qut,fva,hjf
1190236,362,376,373,379,368,otq,znp,ubt,exy,wzi
1190237,365,367,366,371,372,bor,qut,fva,hzo,zcj
1190238,369,377,367,363,361,jqt,zet,qut,ohf,rst
1190239,378,365,364,362,374,kaq,bor,vns,otq,dpe
1190240,361,373,368,376,370,rst,ubt,wzi,znp,hjf
1190241,378,364,377,366,362,kaq,vns,zet,fva,otq
1190242,373,361,372,377,368,ubt,rst,zcj,zet,wzi
1190243,369,372,379,365,376,jqt,zcj,exy,bor,znp
1190244,366,374,377,376,363,fva,dpe,zet,znp,ohf
1190245,363,378,373,369,372,ohf,kaq,ubt,jqt,zcj
1190246,365,374,362,370,376,bor,dpe,otq,hjf,znp
1190247,366,362,373,376,379,fva,otq,ubt,znp,exy
1190248,362,379,365,376,380,otq,exy,bor,znp,wmv
1190249,380,376,379,366,375,wmv,znp,exy,fva,bsa
1190250,364,371,379,366,365,vns,hzo,exy,fva,bor
1190251,379,374,361,371,362,exy,dpe,rst,hzo,otq
1190252,366,369,377,368,380,fva,jqt,zet,wzi,wmv
1190253,364,365,378,375,379,vns,bor,kaq,bsa,exy
1190254,378,376,372,362,365,kaq,znp,zcj,otq,bor
1190255,365,363,370,378,369,bor,ohf,hjf,kaq,jqt
1190256,376,375,372,377,361,znp,bsa,zcj,zet,rst
1190257,361,368,378,376,371,rst,wzi,kaq,znp,hzo
1190258,375,361,364,379,362,bsa,rst,vns,exy,otq
1190259,365,361,362,366,373,bor,rst,otq,fva,ubt
1190260,362,361,368,374,367,otq,rst,wzi,dpe,qut
1190261,374,373,367,363,370,dpe,ubt,qut,ohf,hjf
1190262,375,371,361,377,379,bsa,hzo,rst,zet,exy
1190263,361,377,362,370,374,rst,zet,otq,hjf,dpe
1190264,363,368,361,377,373,ohf,wzi,rst,zet,ubt
1190265,362,370,374,364,367,otq,hjf,dpe,vns,qut
1190266,380,367,374,366,369,wmv,qut,dpe,fva,jqt
1190267,367,377,376,380,363,qut,zet,znp,wmv,ohf
1190268,377,378,375,365,361,zet,kaq,bsa,bor,rst
1190269,362,380,361,368,375,otq,wmv,rst,wzi,bsa
1190270,378,366,367,374,362,kaq,fva,qut,dpe,otq
1190271,362,380,367,379,378,otq,wmv,qut,exy,kaq
1190272,378,377,374,372,370,kaq,zet,dpe,zcj,hjf
1190273,364,361,365,368,366,vns,rst,bor,wzi,fva
1190274,371,362,367,364,378,hzo,otq,qut,vns,kaq
1190275,361,366,373,380,369,rst,fva,ubt,wmv,jqt
1190276,366,361,380,369,378,fva,rst,wmv,jqt,kaq
1190277,373,377,366,375,367,ubt,zet,fva,bsa,qut
1190278,375,361,369,365,363,bsa,rst,jqt,bor,ohf
1190279,379,377,365,368,380,exy,zet,bor,wzi,wmv
1190280,369,362,374,379,372,jqt,otq,dpe,exy,zcj
1190281,377,374,367,378,370,zet,dpe,qut,kaq,hjf
1190282,379,366,368,378,369,exy,fva,wzi,kaq,jqt
1190283,374,368,377,373,372,dpe,wzi,zet,ubt,zcj
1190284,367,372,378,377,361,qut,zcj,kaq,zet,rst
1190285,361,377,362,380,376,rst,zet,otq,wmv,znp
1190286,376,378,369,366,363,znp,kaq,jqt,fva,ohf
1190287,370,372,365,366,379,hjf,zcj,bor,fva,exy
1190288,373,376,380,377,367,ubt,znp,wmv,zet,qut
1190289,368,374,372,364,373,wzi,dpe,zcj,vns,ubt
1190290,369,375,379,367,374,jqt,bsa,exy,qut,dpe
1190291,369,378,367,380,366,jqt,kaq,qut,wmv,fva
1190292,376,380,377,378,371,znp,wmv,zet,kaq,hzo
1190293,364,367,373,378,361,vns,qut,ubt,kaq,rst
1190294,377,362,365,369,372,zet,otq,bor,jqt,zcj
1190295,373,372,375,374,365,ubt,zcj,bsa,dpe,bor
1190296,362,379,369,378,372,otq,exy,jqt,kaq,zcj
1190297,369,366,377,375,367,jqt,fva,zet,bsa,qut
1190298,364,376,362,378,375,vns,znp,otq,kaq,bsa
1190299,361,375,363,367,371,rst,bsa,ohf,qut,hzo
1190300,370,362,380,374,363,hjf,otq,wmv,dpe,ohf
1190301,365,368,367,366,375,bor,wzi,qut,fva,bsa
1190302,366,365,375,380,364,fva,bor,bsa,wmv,vns
1190303,364,369,377,361,363,vns,jqt,zet,rst,ohf
1190304,363,364,368,375,367,ohf,vns,wzi,bsa,qut
1190305,361,374,378,375,376,rst,dpe,kaq,bsa,znp
1190306,365,378,368,379,373,bor,kaq,wzi,exy,ubt
1190307,371,366,369,368,380,hzo,fva,jqt,wzi,wmv
1190308,380,377,367,369,366,wmv,zet,qut,jqt,fva
1190309,378,363,368,362,367,kaq,ohf,wzi,otq,qut
1190310,366,364,376,367,372,fva,vns,znp,qut,zcj
1190311,376,363,364,372,379,znp,ohf,vns,zcj,exy
1190312,371,370,369,379,373,hzo,hjf,jqt,exy,ubt
1190313,371,361,366,378,369,hzo,rst,fva,kaq,jqt
1190314,370,361,376,369,378,hjf,rst,znp,jqt,kaq
1190315,367,376,373,365,361,qut,znp,ubt,bor,rst
1190316,374,369,365,368,361,dpe,jqt,bor,wzi,rst
1190317,367,379,366,361,380,qut,exy,fva,rst,wmv
1190318,365,372,374,375,362,bor,zcj,dpe,bsa,otq
1190319,364,380,373,379,371,vns,wmv,ubt,exy,hzo
1190320,372,364,373,361,374,zcj,vns,ubt,rst,dpe
1190321,369,375,361,374,380,jqt,bsa,rst,dpe,wmv
1190322,362,370,372,375,379,otq,hjf,zcj,bsa,exy
1190323,368,372,361,373,376,wzi,zcj,rst,ubt,znp
1190324,379,363,364,373,374,exy,ohf,vns,ubt,dpe
1190325,371,373,374,361,367,hzo,ubt,dpe,rst,qut
1190326,363,372,375,377,368,ohf,zcj,bsa,zet,wzi
1190327,376,371,373,363,377,znp,hzo,ubt,ohf,zet
1190328,370,361,378,368,369,hjf,rst,kaq,wzi,jqt
1190329,362,370,366,380,368,otq,hjf,fva,wmv,wzi
1190330,365,372,369,368,370,bor,zcj,jqt,wzi,hjf
1190331,374,379,361,362,377,dpe,exy,rst,otq,zet
1190332,372,379,361,362,363,zcj,exy,rst,otq,ohf
1190333,365,363,375,376,371,bor,ohf,bsa,znp,hzo
1190334,361,375,377,362,380,rst,bsa,zet,otq,wmv
1190335,366,369,367,372,374,fva,jqt,qut,zcj,dpe
1190336,365,377,369,362,370,bor,zet,jqt,otq,hjf
1190337,368,377,378,375,366,wzi,zet,kaq,bsa,fva
1190338,377,367,371,378,366,zet,qut,hzo,kaq,fva
1190339,370,373,376,374,377,hjf,ubt,znp,dpe,zet
1190340,369,377,372,371,366,jqt,zet,zcj,hzo,fva
1190341,366,376,369,374,377,fva,znp,jqt,dpe,zet
1190342,369,368,379,380,373,jqt,wzi,exy,wmv,ubt
1190343,368,377,371,374,366,wzi,zet,hzo,dpe,fva
1190344,367,368,372,369,363,qut,wzi,zcj,jqt,ohf
1190345,362,364,371,372,370,otq,vns,hzo,zcj,hjf
1190346,367,374,375,366,363,qut,dpe,bsa,fva,ohf
1190347,371,361,366,363,377,hzo,rst,fva,ohf,zet
1190348,361,364,377,380,362,rst,vns,zet,wmv,otq
1190349,370,367,365,376,372,hjf,qut,bor,znp,zcj
1190350,363,378,364,380,376,ohf,kaq,vns,wmv,znp
1190351,377,375,371,379,369,zet,bsa,hzo,exy,jqt
1190352,380,367,369,376,370,wmv,qut,jqt,znp,hjf
1190353,366,370,367,363,371,fva,hjf,qut,ohf,hzo
1190354,373,364,379,375,362,ubt,vns,exy,bsa,otq
1190355,377,380,366,365,375,zet,wmv,fva,bor,bsa
1190356,364,371,361,374,368,vns,hzo,rst,dpe,wzi
1190357,378,366,377,361,367,kaq,fva,zet,rst,qut
1190358,377,363,373,365,366,zet,ohf,ubt,bor,fva
1190359,377,376,368,365,363,zet,znp,wzi,bor,ohf
1190360,378,368,372,377,373,kaq,wzi,zcj,zet,ubt
1190361,362,366,365,372,368,otq,fva,bor,zcj,wzi
1190362,373,374,366,378,363,ubt,dpe,fva,kaq,ohf
1190363,374,376,375,372,369,dpe,znp,bsa,zcj,jqt
1190364,361,378,375,362,374,rst,kaq,bsa,otq,dpe
1190365,373,376,371,379,375,ubt,znp,hzo,exy,bsa
1190366,372,364,370,361,375,zcj,vns,hjf,rst,bsa
1190367,365,367,379,376,377,bor,qut,exy,znp,zet
1190368,365,362,375,380,374,bor,otq,bsa,wmv,dpe
1190369,363,371,372,367,377,ohf,hzo,zcj,qut,zet
1190370,375,370,366,364,376,bsa,hjf,fva,vns,znp
1190371,367,375,370,379,377,qut,bsa,hjf,exy,zet
1190372,374,372,368,366,364,dpe,zcj,wzi,fva,vns
1190373,374,368,375,367,361,dpe,wzi,bsa,qut,rst
1190374,380,377,370,369,373,wmv,zet,hjf,jqt,ubt
1190375,380,367,366,373,374,wmv,qut,fva,ubt,dpe
1190376,371,377,380,366,373,hzo,zet,wmv,fva,ubt
1190377,380,378,373,371,361,wmv,kaq,ubt,hzo,rst
1190378,361,372,379,377,371,rst,zcj,exy,zet,hzo
1190379,365,379,380,371,376,bor,exy,wmv,hzo,znp
1190380,378,370,375,373,362,kaq,hjf,bsa,ubt,otq
1190381,380,365,373,362,368,wmv,bor,ubt,otq,wzi
1190382,370,375,367,373,374,hjf,bsa,qut,ubt,dpe
1190383,364,366,367,377,380,vns,fva,qut,zet,wmv
1190384,373,375,368,377,374,ubt,bsa,wzi,zet,dpe
1190385,371,380,374,367,378,hzo,wmv,dpe,qut,kaq
1190386,379,361,374,377,368,exy,rst,dpe,zet,wzi
1190387,361,370,371,362,376,rst,hjf,hzo,otq,znp
1190388,369,364,376,361,371,jqt,vns,znp,rst,hzo
1190389,362,369,377,361,370,otq,jqt,zet,rst,hjf
1190390,363,372,376,366,368,ohf,zcj,znp,fva,wzi
1190391,367,366,370,369,371,qut,fva,hjf,jqt,hzo
1190392,372,373,368,369,376,zcj,ubt,wzi,jqt,znp
1190393,378,373,374,367,370,kaq,ubt,dpe,qut,hjf
1190394,362,372,366,373,371,otq,zcj,fva,ubt,hzo
1190395,374,365,375,368,363,dpe,bor,bsa,wzi,ohf
1190396,377,369,371,370,373,zet,jqt,hzo,hjf,ubt
1190397,367,366,379,362,365,qut,fva,exy,otq,bor
1190398,367,364,376,372,361,qut,vns,znp,zcj,rst
1190399,371,370,380,376,372,hzo,hjf,wmv,znp,zcj
1190400,370,378,366,372,364,hjf,kaq,fva,zcj,vns
1190401,362,371,367,380,372,otq,hzo,qut,wmv,zcj
1190402,372,366,376,374,373,zcj,fva,znp,dpe,ubt
1190403,370,375,365,369,361,hjf,bsa,bor,jqt,rst
1190404,371,368,372,369,361,hzo,wzi,zcj,jqt,rst
1190405,371,373,362,375,378,hzo,ubt,otq,bsa,kaq
1190406,370,371,369,372,367,hjf,hzo,jqt,zcj,qut
1190407,380,373,377,365,368,wmv,ubt,zet,bor,wzi
1190408,376,362,375,367,379,znp,otq,bsa,qut,exy
1190409,374,366,365,369,378,dpe,fva,bor,jqt,kaq
1190410,373,379,372,375,367,ubt,exy,zcj,bsa,qut
1190411,369,378,366,371,365,jqt,kaq,fva,hzo,bor
1190412,369,372,380,370,373,jqt,zcj,wmv,hjf,ubt
1190413,378,370,364,362,363,kaq,hjf,vns,otq,ohf
1190414,374,371,364,373,361,dpe,hzo,vns,ubt,rst
1190415,362,380,377,367,366,otq,wmv,zet,qut,fva
1190416,379,378,374,370,369,exy,kaq,dpe,hjf,jqt
1190417,376,372,380,362,378,znp,zcj,wmv,otq,kaq
1190418,366,361,369,374,371,fva,rst,jqt,dpe,hzo
1190419,380,362,364,368,375,wmv,otq,vns,wzi,bsa
1190420,372,374,371,368,378,zcj,dpe,hzo,wzi,kaq
1190421,365,371,368,379,362,bor,hzo,wzi,exy,otq
1190422,370,366,380,379,378,hjf,fva,wmv,exy,kaq
1190423,370,379,361,363,365,hjf,exy,rst,ohf,bor
1190424,368,374,379,371,361,wzi,dpe,exy,hzo,rst
1190425,376,366,374,368,364,znp,fva,dpe,wzi,vns
1190426,370,377,375,378,365,hjf,zet,bsa,kaq,bor
1190427,379,363,371,368,369,exy,ohf,hzo,wzi,jqt
1190428,374,376,369,380,363,dpe,znp,jqt,wmv,ohf
1190429,364,362,377,365,376,vns,otq,zet,bor,znp
1190430,379,378,363,362,361,exy,kaq,ohf,otq,rst
1190431,364,371,365,375,376,vns,hzo,bor,bsa,znp
1190432,372,368,366,364,373,zcj,wzi,fva,vns,ubt
1190433,368,361,369,377,375,wzi,rst,jqt,zet,bsa
1190434,371,378,370,362,377,hzo,kaq,hjf,otq,zet
1190435,370,364,375,367,363,hjf,vns,bsa,qut,ohf
1190436,378,367,375,363,361,kaq,qut,bsa,ohf,rst
1190437,374,361,379,366,375,dpe,rst,exy,fva,bsa
1190438,362,380,365,378,371,otq,wmv,bor,kaq,hzo
1190439,374,375,363,370,378,dpe,bsa,ohf,hjf,kaq
1190440,361,367,362,375,364,rst,qut,otq,bsa,vns
1190441,380,374,362,365,375,wmv,dpe,otq,bor,bsa
1190442,378,361,368,372,370,kaq,rst,wzi,zcj,hjf
1190443,377,380,379,365,362,zet,wmv,exy,bor,otq
1190444,380,363,366,374,371,wmv,ohf,fva,dpe,hzo
1190445,361,379,363,373,376,rst,exy,ohf,ubt,znp
1190446,364,371,363,370,376,vns,hzo,ohf,hjf,znp
1190447,377,380,365,372,369,zet,wmv,bor,zcj,jqt
1190448,371,376,378,361,369,hzo,znp,kaq,rst,jqt
1190449,377,370,372,364,380,zet,hjf,zcj,vns,wmv
1190450,377,380,378,369,365,zet,wmv,kaq,jqt,bor
1190451,365,370,372,376,379,bor,hjf,zcj,znp,exy
1190452,371,370,366,368,364,hzo,hjf,fva,wzi,vns
1190453,375,372,371,367,368,bsa,zcj,hzo,qut,wzi
1190454,369,377,366,373,371,jqt,zet,fva,ubt,hzo
1190455,371,378,373,368,379,hzo,kaq,ubt,wzi,exy
1190456,361,362,374,378,369,rst,otq,dpe,kaq,jqt
1190457,366,377,370,368,364,fva,zet,hjf,wzi,vns
1190458,380,375,361,376,366,wmv,bsa,rst,znp,fva
1190459,365,374,364,369,368,bor,dpe,vns,jqt,wzi
1190460,364,372,362,374,373,vns,zcj,otq,dpe,ubt
1190461,366,372,370,374,367,fva,zcj,hjf,dpe,qut
1190462,361,373,369,380,362,rst,ubt,jqt,wmv,otq
1190463,371,364,367,366,380,hzo,vns,qut,fva,wmv
1190464,374,364,366,363,375,dpe,vns,fva,ohf,bsa
1190465,376,364,363,377,367,znp,vns,ohf,zet,qut
1190466,374,362,376,375,371,dpe,otq,znp,bsa,hzo
1190467,361,366,369,362,363,rst,fva,jqt,otq,ohf
1190468,380,367,369,365,371,wmv,qut,jqt,bor,hzo
1190469,366,380,370,369,368,fva,wmv,hjf,jqt,wzi
1190470,369,364,371,367,373,jqt,vns,hzo,qut,ubt
1190471,364,376,379,380,361,vns,znp,exy,wmv,rst
1190472,378,366,365,372,375,kaq,fva,bor,zcj,bsa
1190473,361,379,368,366,365,rst,exy,wzi,fva,bor
1190474,375,363,374,373,379,bsa,ohf,dpe,ubt,exy
1190475,379,362,370,365,374,exy,otq,hjf,bor,dpe
1190476,377,373,376,366,371,zet,ubt,znp,fva,hzo
1190477,364,362,371,374,369,vns,otq,hzo,dpe,jqt
1190478,377,373,379,374,361,zet,ubt,exy,dpe,rst
1190479,369,366,379,363,371,jqt,fva,exy,ohf,hzo
1190480,369,365,364,373,367,jqt,bor,vns,ubt,qut
1190481,379,361,362,375,366,exy,rst,otq,bsa,fva
1190482,362,370,366,377,375,otq,hjf,fva,zet,bsa
1190483,362,368,363,372,371,otq,wzi,ohf,zcj,hzo
1190484,374,378,373,365,376,dpe,kaq,ubt,bor,znp
1190485,365,377,374,375,361,bor,zet,dpe,bsa,rst
1190486,377,364,380,374,365,zet,vns,wmv,dpe,bor
1190487,380,361,369,368,362,wmv,rst,jqt,wzi,otq
1190488,361,362,378,374,375,rst,otq,kaq,dpe,bsa
1190489,378,361,369,365,371,kaq,rst,jqt,bor,hzo
1190490,377,380,361,367,370,zet,wmv,rst,qut,hjf
1190491,365,374,380,367,377,bor,dpe,wmv,qut,zet
1190492,378,374,363,379,364,kaq,dpe,ohf,exy,vns
1190493,369,361,366,367,365,jqt,rst,fva,qut,bor
1190494,374,377,376,363,380,dpe,zet,znp,ohf,wmv
1190495,364,376,372,365,379,vns,znp,zcj,bor,exy
1190496,366,370,361,362,372,fva,hjf,rst,otq,zcj
1190497,366,374,378,380,375,fva,dpe,kaq,wmv,bsa
1190498,380,378,362,369,373,wmv,kaq,otq,jqt,ubt
1190499,363,367,374,361,371,ohf,qut,dpe,rst,hzo
1190500,368,369,361,379,362,wzi,jqt,rst,exy,otq
1190501,367,375,377,363,373,qut,bsa,zet,ohf,ubt
1190502,364,379,377,371,363,vns,exy,zet,hzo,ohf
1190503,374,361,363,369,379,dpe,rst,ohf,jqt,exy
1190504,375,364,369,362,368,bsa,vns,jqt,otq,wzi
1190505,362,376,368,363,380,otq,znp,wzi,ohf,wmv
1190506,374,362,364,369,368,dpe,otq,vns,jqt,wzi
1190507,363,380,376,375,362,ohf,wmv,znp,bsa,otq
1190508,373,370,368,366,372,ubt,hjf,wzi,fva,zcj
1190509,362,380,374,370,361,otq,wmv,dpe,hjf,rst
1190510,378,367,377,372,361,kaq,qut,zet,zcj,rst
1190511,374,376,369,368,380,dpe,znp,jqt,wzi,wmv
1190512,367,368,366,374,378,qut,wzi,fva,dpe,kaq
1190513,361,363,362,371,379,rst,ohf,otq,hzo,exy
1190514,371,365,364,368,363,hzo,bor,vns,wzi,ohf
1190515,378,374,375,372,371,kaq,dpe,bsa,zcj,hzo
1190516,365,376,372,374,377,bor,znp,zcj,dpe,zet
1190517,372,371,365,374,375,zcj,hzo,bor,dpe,bsa
1190518,364,372,366,374,380,vns,zcj,fva,dpe,wmv
1190519,365,370,377,361,375,bor,hjf,zet,rst,bsa
1190520,364,371,377,376,367,vns,hzo,zet,znp,qut
1190521,377,365,372,361,362,zet,bor,zcj,rst,otq
1190522,376,380,362,374,378,znp,wmv,otq,dpe,kaq
1190523,363,369,370,366,364,ohf,jqt,hjf,fva,vns
1190524,373,367,370,380,361,ubt,qut,hjf,wmv,rst
1190525,370,362,361,367,371,hjf,otq,rst,qut,hzo
1190526,371,378,362,364,369,hzo,kaq,otq,vns,jqt
1190527,378,370,362,361,368,kaq,hjf,otq,rst,wzi
1190528,375,370,365,366,374,bsa,hjf,bor,fva,dpe
1190529,372,380,361,377,365,zcj,wmv,rst,zet,bor
1190530,362,370,363,378,375,otq,hjf,ohf,kaq,bsa
1190531,363,362,369,374,367,ohf,otq,jqt,dpe,qut
1190532,369,377,367,380,364,jqt,zet,qut,wmv,vns
1190533,379,373,364,378,362,exy,ubt,vns,kaq,otq
1190534,378,369,363,364,365,kaq,jqt,ohf,vns,bor
1190535,368,378,363,374,379,wzi,kaq,ohf,dpe,exy
1190536,366,365,369,373,378,fva,bor,jqt,ubt,kaq
1190537,366,370,362,372,367,fva,hjf,otq,zcj,qut
1190538,378,380,363,361,365,kaq,wmv,ohf,rst,bor
1190539,371,368,377,379,370,hzo,wzi,zet,exy,hjf
1190540,363,362,369,368,364,ohf,otq,jqt,wzi,vns
1190541,372,370,379,365,376,zcj,hjf,exy,bor,znp
1190542,377,364,367,365,379,zet,vns,qut,bor,exy
1190543,369,362,370,377,372,jqt,otq,hjf,zet,zcj
1190544,373,365,366,369,372,ubt,bor,fva,jqt,zcj
1190545,379,361,372,373,362,exy,rst,zcj,ubt,otq
1190546,372,380,371,362,376,zcj,wmv,hzo,otq,znp
1190547,370,369,375,377,371,hjf,jqt,bsa,zet,hzo
1190548,367,361,369,363,379,qut,rst,jqt,ohf,exy
1190549,365,374,370,378,368,bor,dpe,hjf,kaq,wzi
1190550,378,363,368,365,367,kaq,ohf,wzi,bor,qut
1190551,378,371,365,362,367,kaq,hzo,bor,otq,qut
1190552,366,368,369,374,377,fva,wzi,jqt,dpe,zet
1190553,380,371,366,373,379,wmv,hzo,fva,ubt,exy
1190554,364,377,366,368,379,vns,zet,fva,wzi,exy
1190555,365,362,370,368,376,bor,otq,hjf,wzi,znp
1190556,375,369,376,361,374,bsa,jqt,znp,rst,dpe
1190557,362,377,368,374,371,otq,zet,wzi,dpe,hzo
1190558,375,361,379,370,378,bsa,rst,exy,hjf,kaq
1190559,375,361,362,365,373,bsa,rst,otq,bor,ubt
1190560,365,372,375,377,374,bor,zcj,bsa,zet,dpe
1190561,377,379,378,374,366,zet,exy,kaq,dpe,fva
1190562,365,364,370,371,377,bor,vns,hjf,hzo,zet
1190563,369,372,379,370,364,jqt,zcj,exy,hjf,vns
1190564,368,367,366,362,365,wzi,qut,fva,otq,bor
1190565,377,374,371,378,368,zet,dpe,hzo,kaq,wzi
1190566,374,368,373,377,375,dpe,wzi,ubt,zet,bsa
1190567,361,368,367,370,371,rst,wzi,qut,hjf,hzo
1190568,380,374,379,367,376,wmv,dpe,exy,qut,znp
1190569,364,366,370,380,379,vns,fva,hjf,wmv,exy
1190570,362,368,361,375,365,otq,wzi,rst,bsa,bor
1190571,372,375,364,367,368,zcj,bsa,vns,qut,wzi
1190572,377,370,374,373,361,zet,hjf,dpe,ubt,rst
1190573,379,368,372,370,369,exy,wzi,zcj,hjf,jqt
1190574,364,380,361,362,363,vns,wmv,rst,otq,ohf
1190575,379,380,378,369,362,exy,wmv,kaq,jqt,otq
1190576,372,366,361,369,374,zcj,fva,rst,jqt,dpe
1190577,373,364,361,367,363,ubt,vns,rst,qut,ohf
1190578,377,369,376,375,373,zet,jqt,znp,bsa,ubt
1190579,379,376,364,361,363,exy,znp,vns,rst,ohf
1190580,369,361,367,376,371,jqt,rst,qut,znp,hzo
1190581,375,366,362,374,380,bsa,fva,otq,dpe,wmv
1190582,363,364,373,371,380,ohf,vns,ubt,hzo,wmv
1190583,367,374,379,362,364,qut,dpe,exy,otq,vns
1190584,364,367,362,380,368,vns,qut,otq,wmv,wzi
1190585,363,370,367,368,364,ohf,hjf,qut,wzi,vns
1190586,367,380,361,375,368,qut,wmv,rst,bsa,wzi
1190587,375,377,369,373,361,bsa,zet,jqt,ubt,rst
1190588,366,364,370,362,365,fva,vns,hjf,otq,bor
1190589,363,378,374,380,376,ohf,kaq,dpe,wmv,znp
1190590,363,375,367,372,368,ohf,bsa,qut,zcj,wzi
1190591,361,363,377,364,376,rst,ohf,zet,vns,znp
1190592,378,363,369,362,365,kaq,ohf,jqt,otq,bor
1190593,377,365,364,370,369,zet,bor,vns,hjf,jqt
1190594,365,380,375,374,376,bor,wmv,bsa,dpe,znp
1190595,368,377,380,366,372,wzi,zet,wmv,fva,zcj
1190596,365,362,364,367,366,bor,otq,vns,qut,fva
1190597,365,362,378,379,367,bor,otq,kaq,exy,qut
1190598,375,369,373,374,365,bsa,jqt,ubt,dpe,bor
1190599,364,361,369,363,379,vns,rst,jqt,ohf,exy
1190600,376,371,362,372,379,znp,hzo,otq,zcj,exy
1200001,389,397,400,392,393,rjw,ksv,csi,dfs,vrm
1200002,385,396,382,391,384,qhu,snt,xzw,duf,edc
1200003,399,397,386,390,394,yvl,ksv,dum,mwc,jal
1200004,392,395,385,390,391,dfs,mfv,qhu,mwc,duf
1200005,385,392,396,388,397,qhu,dfs,snt,nei,ksv
1200006,387,385,392,400,397,jeu,qhu,dfs,csi,ksv
1200007,383,389,391,398,381,jgk,rjw,duf,ayi,hoi
1200008,399,392,390,387,400,yvl,dfs,mwc,jeu,csi
1200009,390,398,384,385,386,mwc,ayi,edc,qhu,dum
1200010,389,400,390,383,399,rjw,csi,mwc,jgk,yvl
1200011,398,400,393,397,390,ayi,csi,vrm,ksv,mwc
1200012,399,390,387,396,385,yvl,mwc,jeu,snt,qhu
1200013,395,392,383,398,394,mfv,dfs,jgk,ayi,jal
1200014,394,390,383,387,381,jal,mwc,jgk,jeu,hoi
1200015,394,390,386,387,399,jal,mwc,dum,jeu,yvl
1200016,386,398,382,391,394,dum,ayi,xzw,duf,jal
1200017,382,386,395,389,392,xzw,dum,mfv,rjw,dfs
1200018,394,399,386,382,391,jal,yvl,dum,xzw,duf
1200019,398,394,388,386,381,ayi,jal,nei,dum,hoi
1200020,391,394,385,397,381,duf,jal,qhu,ksv,hoi
1200021,383,392,382,385,390,jgk,dfs,xzw,qhu,mwc
1200022,381,398,399,397,394,hoi,ayi,yvl,ksv,jal
1200023,390,386,396,393,384,mwc,dum,snt,vrm,edc
1200024,383,384,398,385,386,jgk,edc,ayi,qhu,dum
1200025,394,393,400,385,395,jal,vrm,csi,qhu,mfv
1200026,389,399,383,386,393,rjw,yvl,jgk,dum,vrm
1200027,392,393,382,390,384,dfs,vrm,xzw,mwc,edc
1200028,385,384,393,400,395,qhu,edc,vrm,csi,mfv
1200029,382,381,394,393,386,xzw,hoi,jal,vrm,dum
1200030,399,393,398,383,394,yvl,vrm,ayi,jgk,jal
1200031,391,395,386,397,393,duf,mfv,dum,ksv,vrm
1200032,392,399,390,396,388,dfs,yvl,mwc,snt,nei
1200033,387,383,385,390,397,jeu,jgk,qhu,mwc,ksv
1200034,387,386,382,390,394,jeu,dum,xzw,mwc,jal
1200035,391,388,400,383,390,duf,nei,csi,jgk,mwc
1200036,395,400,383,388,397,mfv,csi,jgk,nei,ksv
1200037,387,398,384,381,389,jeu,ayi,edc,hoi,rjw
1200038,383,393,390,400,397,jgk,vrm,mwc,csi,ksv
1200039,399,394,388,389,398,yvl,jal,nei,rjw,ayi
1200040,397,390,393,395,381,ksv,mwc,vrm,mfv,hoi
1200041,381,383,386,389,394,hoi,jgk,dum,rjw,jal
1200042,388,397,384,394,400,nei,ksv,edc,jal,csi
1200043,399,389,397,395,391,yvl,rjw,ksv,mfv,duf
1200044,389,385,397,395,386,rjw,qhu,ksv,mfv,dum
1200045,381,382,389,395,392,hoi,xzw,rjw,mfv,dfs
1200046,389,382,396,398,399,rjw,xzw,snt,ayi,yvl
1200047,382,396,387,388,394,xzw,snt,jeu,nei,jal
1200048,393,387,397,383,398,vrm,jeu,ksv,jgk,ayi
1200049,399,389,383,390,394,yvl,rjw,jgk,mwc,jal
1200050,393,381,387,390,386,vrm,hoi,jeu,mwc,dum
1200051,385,383,391,393,384,qhu,jgk,duf,vrm,edc
1200052,393,391,400,390,392,vrm,duf,csi,mwc,dfs
1200053,386,390,384,392,382,dum,mwc,edc,dfs,xzw
1200054,396,395,383,400,385,snt,mfv,jgk,csi,qhu
1200055,383,381,399,391,387,jgk,hoi,yvl,duf,jeu
1200056,385,382,383,399,396,qhu,xzw,jgk,yvl,snt
1200057,400,389,394,396,393,csi,rjw,jal,snt,vrm
1200058,387,390,398,395,385,jeu,mwc,ayi,mfv,qhu
1200059,397,391,393,381,399,ksv,duf,vrm,hoi,yvl
1200060,393,382,397,389,385,vrm,xzw,ksv,rjw,qhu
1200061,392,383,388,382,400,dfs,jgk,nei,xzw,csi
1200062,390,385,388,398,400,mwc,qhu,nei,ayi,csi
1200063,400,394,384,391,385,csi,jal,edc,duf,qhu
1200064,395,394,385,391,384,mfv,jal,qhu,duf,edc
1200065,387,392,393,385,394,jeu,dfs,vrm,qhu,jal
1200066,381,382,394,396,383,hoi,xzw,jal,snt,jgk
1200067,394,398,388,385,391,jal,ayi,nei,qhu,duf
1200068,388,400,392,398,386,nei,csi,dfs,ayi,dum
1200069,381,396,399,385,389,hoi,snt,yvl,qhu,rjw
1200070,398,391,392,394,387,ayi,duf,dfs,jal,jeu
1200071,397,394,399,391,389,ksv,jal,yvl,duf,rjw
1200072,397,390,389,392,396,ksv,mwc,rjw,dfs,snt
1200073,398,383,385,394,389,ayi,jgk,qhu,jal,rjw
1200074,390,396,395,389,388,mwc,snt,mfv,rjw,nei
1200075,391,394,387,400,385,duf,jal,jeu,csi,qhu
1200076,397,381,388,395,382,ksv,hoi,nei,mfv,xzw
1200077,400,396,382,397,388,csi,snt,xzw,ksv,nei
1200078,397,398,391,392,396,ksv,ayi,duf,dfs,snt
1200079,399,389,393,390,384,yvl,rjw,vrm,mwc,edc
1200080,399,389,396,395,388,yvl,rjw,snt,mfv,nei
1200081,398,393,382,392,384,ayi,vrm,xzw,dfs,edc
1200082,385,395,387,391,389,qhu,mfv,jeu,duf,rjw
1200083,385,397,392,393,389,qhu,ksv,dfs,vrm,rjw
1200084,398,399,390,383,400,ayi,yvl,mwc,jgk,csi
1200085,389,394,387,390,400,rjw,jal,jeu,mwc,csi
1200086,382,399,394,400,386,xzw,yvl,jal,csi,dum
1200087,385,393,390,392,398,qhu,vrm,mwc,dfs,ayi
1200088,381,394,391,386,390,hoi,jal,duf,dum,mwc
1200089,397,392,390,393,400,ksv,dfs,mwc,vrm,csi
1200090,391,392,398,394,383,duf,dfs,ayi,jal,jgk
1200091,391,390,381,400,396,duf,mwc,hoi,csi,snt
1200092,392,399,388,394,396,dfs,yvl,nei,jal,snt
1200093,389,400,395,383,388,rjw,csi,mfv,jgk,nei
1200094,400,383,386,389,396,csi,jgk,dum,rjw,snt
1200095,391,387,399,388,382,duf,jeu,yvl,nei,xzw
1200096,394,382,387,385,397,jal,xzw,jeu,qhu,ksv
1200097,398,395,387,384,396,ayi,mfv,jeu,edc,snt
1200098,396,384,395,400,389,snt,edc,mfv,csi,rjw
1200099,396,393,398,397,395,snt,vrm,ayi,ksv,mfv
1200100,389,382,399,388,397,rjw,xzw,yvl,nei,ksv
1200101,398,389,388,381,383,ayi,rjw,nei,hoi,jgk
1200102,398,389,396,382,385,ayi,rjw,snt,xzw,qhu
1200103,399,381,389,382,387,yvl,hoi,rjw,xzw,jeu
1200104,396,388,387,397,394,snt,nei,jeu,ksv,jal
1200105,391,400,392,399,398,duf,csi,dfs,yvl,ayi
1200106,390,393,395,400,385,mwc,vrm,mfv,csi,qhu
1200107,399,395,381,396,400,yvl,mfv,hoi,snt,csi
1200108,382,398,392,391,393,xzw,ayi,dfs,duf,vrm
1200109,387,384,390,398,391,jeu,edc,mwc,ayi,duf
1200110,383,396,389,384,397,jgk,snt,rjw,edc,ksv
1200111,396,392,393,399,387,snt,dfs,vrm,yvl,jeu
1200112,385,398,396,391,387,qhu,ayi,snt,duf,jeu
1200113,399,387,383,398,396,yvl,jeu,jgk,ayi,snt
1200114,390,387,386,383,393,mwc,jeu,dum,jgk,vrm
1200115,394,389,400,387,399,jal,rjw,csi,jeu,yvl
1200116,383,387,399,384,382,jgk,jeu,yvl,edc,xzw
1200117,395,400,394,387,397,mfv,csi,jal,jeu,ksv
1200118,396,385,395,390,387,snt,qhu,mfv,mwc,jeu
1200119,392,388,399,393,381,dfs,nei,yvl,vrm,hoi
1200120,395,397,389,399,398,mfv,ksv,rjw,yvl,ayi
1200121,393,385,381,384,395,vrm,qhu,hoi,edc,mfv
1200122,394,384,395,399,390,jal,edc,mfv,yvl,mwc
1200123,390,395,392,399,382,mwc,mfv,dfs,yvl,xzw
1200124,391,385,390,396,398,duf,qhu,mwc,snt,ayi
1200125,398,395,399,387,397,ayi,mfv,yvl,jeu,ksv
1200126,386,398,397,388,391,dum,ayi,ksv,nei,duf
1200127,394,393,395,392,399,jal,vrm,mfv,dfs,yvl
1200128,396,389,385,397,400,snt,rjw,qhu,ksv,csi
1200129,382,385,397,388,383,xzw,qhu,ksv,nei,jgk
1200130,384,385,392,393,400,edc,qhu,dfs,vrm,csi
1200131,394,393,399,382,398,jal,vrm,yvl,xzw,ayi
1200132,385,395,390,381,388,qhu,mfv,mwc,hoi,nei
1200133,394,387,389,381,390,jal,jeu,rjw,hoi,mwc
1200134,400,381,394,398,397,csi,hoi,jal,ayi,ksv
1200135,397,400,386,396,385,ksv,csi,dum,snt,qhu
1200136,389,385,395,387,397,rjw,qhu,mfv,jeu,ksv
1200137,386,384,393,389,385,dum,edc,vrm,rjw,qhu
1200138,393,387,390,388,397,vrm,jeu,mwc,nei,ksv
1200139,387,383,384,398,400,jeu,jgk,edc,ayi,csi
1200140,385,398,393,387,394,qhu,ayi,vrm,jeu,jal
1200141,381,384,394,395,398,hoi,edc,jal,mfv,ayi
1200142,391,390,393,396,385,duf,mwc,vrm,snt,qhu
1200143,385,397,381,386,391,qhu,ksv,hoi,dum,duf
1200144,395,396,381,388,397,mfv,snt,hoi,nei,ksv
1200145,392,397,400,389,394,dfs,ksv,csi,rjw,jal
1200146,400,394,390,383,381,csi,jal,mwc,jgk,hoi
1200147,400,398,388,386,397,csi,ayi,nei,dum,ksv
1200148,381,389,388,386,398,hoi,rjw,nei,dum,ayi
1200149,395,383,382,394,385,mfv,jgk,xzw,jal,qhu
1200150,392,399,400,382,384,dfs,yvl,csi,xzw,edc
1200151,387,398,384,383,396,jeu,ayi,edc,jgk,snt
1200152,395,388,398,387,391,mfv,nei,ayi,jeu,duf
1200153,382,389,398,388,399,xzw,rjw,ayi,nei,yvl
1200154,384,387,394,381,399,edc,jeu,jal,hoi,yvl
1200155,395,391,389,400,399,mfv,duf,rjw,csi,yvl
1200156,397,390,396,398,384,ksv,mwc,snt,ayi,edc
1200157,390,392,391,393,389,mwc,dfs,duf,vrm,rjw
1200158,382,400,388,395,398,xzw,csi,nei,mfv,ayi
1200159,389,396,394,391,381,rjw,snt,jal,duf,hoi
1200160,387,399,395,384,382,jeu,yvl,mfv,edc,xzw
1200161,389,381,393,385,400,rjw,hoi,vrm,qhu,csi
1200162,393,383,396,397,386,vrm,jgk,snt,ksv,dum
1200163,391,395,398,387,382,duf,mfv,ayi,jeu,xzw
1200164,393,387,384,389,386,vrm,jeu,edc,rjw,dum
1200165,386,399,396,392,394,dum,yvl,snt,dfs,jal
1200166,384,389,387,393,396,edc,rjw,jeu,vrm,snt
1200167,381,398,388,399,391,hoi,ayi,nei,yvl,duf
1200168,387,385,382,399,398,jeu,qhu,xzw,yvl,ayi
1200169,394,399,395,388,397,jal,yvl,mfv,nei,ksv
1200170,399,390,387,388,391,yvl,mwc,jeu,nei,duf
1200171,386,391,383,398,390,dum,duf,jgk,ayi,mwc
1200172,389,385,394,382,388,rjw,qhu,jal,xzw,nei
1200173,394,391,397,400,382,jal,duf,ksv,csi,xzw
1200174,386,393,394,390,387,dum,vrm,jal,mwc,jeu
1200175,393,396,388,381,399,vrm,snt,nei,hoi,yvl
1200176,396,392,399,398,384,snt,dfs,yvl,ayi,edc
1200177,398,382,381,391,386,ayi,xzw,hoi,duf,dum
1200178,396,381,392,384,383,snt,hoi,dfs,edc,jgk
1200179,389,385,400,399,384,rjw,qhu,csi,yvl,edc
1200180,394,391,383,390,386,jal,duf,jgk,mwc,dum
1200181,396,382,394,388,400,snt,xzw,jal,nei,csi
1200182,397,388,398,392,385,ksv,nei,ayi,dfs,qhu
1200183,396,398,400,392,399,snt,ayi,csi,dfs,yvl
1200184,384,395,387,383,400,edc,mfv,jeu,jgk,csi
1200185,398,400,388,396,395,ayi,csi,nei,snt,mfv
1200186,396,389,386,399,398,snt,rjw,dum,yvl,ayi
1200187,382,399,390,393,397,xzw,yvl,mwc,vrm,ksv
1200188,400,398,394,382,389,csi,ayi,jal,xzw,rjw
1200189,392,385,384,386,387,dfs,qhu,edc,dum,jeu
1200190,381,399,388,394,398,hoi,yvl,nei,jal,ayi
1200191,388,384,386,400,381,nei,edc,dum,csi,hoi
1200192,383,395,396,397,394,jgk,mfv,snt,ksv,jal
1200193,398,382,383,393,390,ayi,xzw,jgk,vrm,mwc
1200194,387,390,385,383,398,jeu,mwc,qhu,jgk,ayi
1200195,398,381,384,399,391,ayi,hoi,edc,yvl,duf
1200196,393,389,385,400,395,vrm,rjw,qhu,csi,mfv
1200197,393,399,397,384,386,vrm,yvl,ksv,edc,dum
1200198,399,393,382,398,396,yvl,vrm,xzw,ayi,snt
1200199,390,394,381,393,383,mwc,jal,hoi,vrm,jgk
1200200,394,385,399,391,381,jal,qhu,yvl,duf,hoi
1200201,390,387,391,388,384,mwc,jeu,duf,nei,edc
1200202,395,396,392,390,382,mfv,snt,dfs,mwc,xzw
1200203,397,389,388,399,394,ksv,rjw,nei,yvl,jal
1200204,383,381,396,382,397,jgk,hoi,snt,xzw,ksv
1200205,382,397,381,383,392,xzw,ksv,hoi,jgk,dfs
1200206,400,391,381,392,395,csi,duf,hoi,dfs,mfv
1200207,394,391,385,389,399,jal,duf,qhu,rjw,yvl
1200208,387,385,382,384,381,jeu,qhu,xzw,edc,hoi
1200209,394,384,381,391,385,jal,edc,hoi,duf,qhu
1200210,382,388,387,383,389,xzw,nei,jeu,jgk,rjw
1200211,393,381,387,389,395,vrm,hoi,jeu,rjw,mfv
1200212,396,391,382,392,381,snt,duf,xzw,dfs,hoi
1200213,396,390,391,386,393,snt,mwc,duf,dum,vrm
1200214,390,387,392,388,397,mwc,jeu,dfs,nei,ksv
1200215,383,382,392,390,388,jgk,xzw,dfs,mwc,nei
1200216,400,385,393,388,394,csi,qhu,vrm,nei,jal
1200217,391,386,398,381,388,duf,dum,ayi,hoi,nei
1200218,391,396,394,383,398,duf,snt,jal,jgk,ayi
1200219,391,396,393,398,387,duf,snt,vrm,ayi,jeu
1200220,381,385,382,400,390,hoi,qhu,xzw,csi,mwc
1200221,381,391,398,393,386,hoi,duf,ayi,vrm,dum
1200222,392,387,385,383,399,dfs,jeu,qhu,jgk,yvl
1200223,386,390,389,398,395,dum,mwc,rjw,ayi,mfv
1200224,383,388,399,398,386,jgk,nei,yvl,ayi,dum
1200225,394,390,398,383,385,jal,mwc,ayi,jgk,qhu
1200226,394,385,382,393,398,jal,qhu,xzw,vrm,ayi
1200227,394,392,400,396,385,jal,dfs,csi,snt,qhu
1200228,388,392,387,384,382,nei,dfs,jeu,edc,xzw
1200229,397,398,394,385,400,ksv,ayi,jal,qhu,csi
1200230,383,393,382,384,397,jgk,vrm,xzw,edc,ksv
1200231,398,381,400,387,397,ayi,hoi,csi,jeu,ksv
1200232,381,385,399,387,386,hoi,qhu,yvl,jeu,dum
1200233,386,398,392,396,397,dum,ayi,dfs,snt,ksv
1200234,400,399,389,382,390,csi,yvl,rjw,xzw,mwc
1200235,388,397,387,386,390,nei,ksv,jeu,dum,mwc
1200236,382,396,393,399,388,xzw,snt,vrm,yvl,nei
1200237,385,387,386,391,392,qhu,jeu,dum,duf,dfs
1200238,389,397,387,383,381,rjw,ksv,jeu,jgk,hoi
1200239,398,385,384,382,394,ayi,qhu,edc,xzw,jal
1200240,381,393,388,396,390,hoi,vrm,nei,snt,mwc
1200241,398,384,397,386,382,ayi,edc,ksv,dum,xzw
1200242,393,381,392,397,388,vrm,hoi,dfs,ksv,nei
1200243,389,392,399,385,396,rjw,dfs,yvl,qhu,snt
1200244,386,394,397,396,383,dum,jal,ksv,snt,jgk
1200245,383,398,393,389,392,jgk,ayi,vrm,rjw,dfs
1200246,385,394,382,390,396,qhu,jal,xzw,mwc,snt
1200247,386,382,393,396,399,dum,xzw,vrm,snt,yvl
1200248,382,399,385,396,400,xzw,yvl,qhu,snt,csi
1200249,400,396,399,386,395,csi,snt,yvl,dum,mfv
1200250,384,391,399,386,385,edc,duf,yvl,dum,qhu
1200251,399,394,381,391,382,yvl,jal,hoi,duf,xzw
1200252,386,389,397,388,400,dum,rjw,ksv,nei,csi
1200253,384,385,398,395,399,edc,qhu,ayi,mfv,yvl
1200254,398,396,392,382,385,ayi,snt,dfs,xzw,qhu
1200255,385,383,390,398,389,qhu,jgk,mwc,ayi,rjw
1200256,396,395,392,397,381,snt,mfv,dfs,ksv,hoi
1200257,381,388,398,396,391,hoi,nei,ayi,snt,duf
1200258,395,381,384,399,382,mfv,hoi,edc,yvl,xzw
1200259,385,381,382,386,393,qhu,hoi,xzw,dum,vrm
1200260,382,381,388,394,387,xzw,hoi,nei,jal,jeu
1200261,394,393,387,383,390,jal,vrm,jeu,jgk,mwc
1200262,395,391,381,397,399,mfv,duf,hoi,ksv,yvl
1200263,381,397,382,390,394,hoi,ksv,xzw,mwc,jal
1200264,383,388,381,397,393,jgk,nei,hoi,ksv,vrm
1200265,382,390,394,384,387,xzw,mwc,jal,edc,jeu
1200266,400,387,394,386,389,csi,jeu,jal,dum,rjw
1200267,387,397,396,400,383,jeu,ksv,snt,csi,jgk
1200268,397,398,395,385,381,ksv,ayi,mfv,qhu,hoi
1200269,382,400,381,388,395,xzw,csi,hoi,nei,mfv
1200270,398,386,387,394,382,ayi,dum,jeu,jal,xzw
1200271,382,400,387,399,398,xzw,csi,jeu,yvl,ayi
1200272,398,397,394,392,390,ayi,ksv,jal,dfs,mwc
1200273,384,381,385,388,386,edc,hoi,qhu,nei,dum
1200274,391,382,387,384,398,duf,xzw,jeu,edc,ayi
1200275,381,386,393,400,389,hoi,dum,vrm,csi,rjw
1200276,386,381,400,389,398,dum,hoi,csi,rjw,ayi
1200277,393,397,386,395,387,vrm,ksv,dum,mfv,jeu
1200278,395,381,389,385,383,mfv,hoi,rjw,qhu,jgk
1200279,399,397,385,388,400,yvl,ksv,qhu,nei,csi
1200280,389,382,394,399,392,rjw,xzw,jal,yvl,dfs
1200281,397,394,387,398,390,ksv,jal,jeu,ayi,mwc
1200282,399,386,388,398,389,yvl,dum,nei,ayi,rjw
1200283,394,388,397,393,392,jal,nei,ksv,vrm,dfs
1200284,387,392,398,397,381,jeu,dfs,ayi,ksv,hoi
1200285,381,397,382,400,396,hoi,ksv,xzw,csi,snt
1200286,396,398,389,386,383,snt,ayi,rjw,dum,jgk
1200287,390,392,385,386,399,mwc,dfs,qhu,dum,yvl
1200288,393,396,400,397,387,vrm,snt,csi,ksv,jeu
1200289,388,394,392,384,393,nei,jal,dfs,edc,vrm
1200290,389,395,399,387,394,rjw,mfv,yvl,jeu,jal
1200291,389,398,387,400,386,rjw,ayi,jeu,csi,dum
1200292,396,400,397,398,391,snt,csi,ksv,ayi,duf
1200293,384,387,393,398,381,edc,jeu,vrm,ayi,hoi
1200294,397,382,385,389,392,ksv,xzw,qhu,rjw,dfs
1200295,393,392,395,394,385,vrm,dfs,mfv,jal,qhu
1200296,382,399,389,398,392,xzw,yvl,rjw,ayi,dfs
1200297,389,386,397,395,387,rjw,dum,ksv,mfv,jeu
1200298,384,396,382,398,395,edc,snt,xzw,ayi,mfv
1200299,381,395,383,387,391,hoi,mfv,jgk,jeu,duf
1200300,390,382,400,394,383,mwc,xzw,csi,jal,jgk
1200301,385,388,387,386,395,qhu,nei,jeu,dum,mfv
1200302,386,385,395,400,384,dum,qhu,mfv,csi,edc
1200303,384,389,397,381,383,edc,rjw,ksv,hoi,jgk
1200304,383,384,388,395,387,jgk,edc,nei,mfv,jeu
1200305,381,394,398,395,396,hoi,jal,ayi,mfv,snt
1200306,385,398,388,399,393,qhu,ayi,nei,yvl,vrm
1200307,391,386,389,388,400,duf,dum,rjw,nei,csi
1200308,400,397,387,389,386,csi,ksv,jeu,rjw,dum
1200309,398,383,388,382,387,ayi,jgk,nei,xzw,jeu
1200310,386,384,396,387,392,dum,edc,snt,jeu,dfs
1200311,396,383,384,392,399,snt,jgk,edc,dfs,yvl
1200312,391,390,389,399,393,duf,mwc,rjw,yvl,vrm
1200313,391,381,386,398,389,duf,hoi,dum,ayi,rjw
1200314,390,381,396,389,398,mwc,hoi,snt,rjw,ayi
1200315,387,396,393,385,381,jeu,snt,vrm,qhu,hoi
1200316,394,389,385,388,381,jal,rjw,qhu,nei,hoi
1200317,387,399,386,381,400,jeu,yvl,dum,hoi,csi
1200318,385,392,394,395,382,qhu,dfs,jal,mfv,xzw
1200319,384,400,393,399,391,edc,csi,vrm,yvl,duf
1200320,392,384,393,381,394,dfs,edc,vrm,hoi,jal
1200321,389,395,381,394,400,rjw,mfv,hoi,jal,csi
1200322,382,390,392,395,399,xzw,mwc,dfs,mfv,yvl
1200323,388,392,381,393,396,nei,dfs,hoi,vrm,snt
1200324,399,383,384,393,394,yvl,jgk,edc,vrm,jal
1200325,391,393,394,381,387,duf,vrm,jal,hoi,jeu
1200326,383,392,395,397,388,jgk,dfs,mfv,ksv,nei
1200327,396,391,393,383,397,snt,duf,vrm,jgk,ksv
1200328,390,381,398,388,389,mwc,hoi,ayi,nei,rjw
1200329,382,390,386,400,388,xzw,mwc,dum,csi,nei
1200330,385,392,389,388,390,qhu,dfs,rjw,nei,mwc
1200331,394,399,381,382,397,jal,yvl,hoi,xzw,ksv
1200332,392,399,381,382,383,dfs,yvl,hoi,xzw,jgk
1200333,385,383,395,396,391,qhu,jgk,mfv,snt,duf
1200334,381,395,397,382,400,hoi,mfv,ksv,xzw,csi
1200335,386,389,387,392,394,dum,rjw,jeu,dfs,jal
1200336,385,397,389,382,390,qhu,ksv,rjw,xzw,mwc
1200337,388,397,398,395,386,nei,ksv,ayi,mfv,dum
1200338,397,387,391,398,386,ksv,jeu,duf,ayi,dum
1200339,390,393,396,394,397,mwc,vrm,snt,jal,ksv
1200340,389,397,392,391,386,rjw,ksv,dfs,duf,dum
1200341,386,396,389,394,397,dum,snt,rjw,jal,ksv
1200342,389,388,399,400,393,rjw,nei,yvl,csi,vrm
1200343,388,397,391,394,386,nei,ksv,duf,jal,dum
1200344,387,388,392,389,383,jeu,nei,dfs,rjw,jgk
1200345,382,384,391,392,390,xzw,edc,duf,dfs,mwc
1200346,387,394,395,386,383,jeu,jal,mfv,dum,jgk
1200347,391,381,386,383,397,duf,hoi,dum,jgk,ksv
1200348,381,384,397,400,382,hoi,edc,ksv,csi,xzw
1200349,390,387,385,396,392,mwc,jeu,qhu,snt,dfs
1200350,383,398,384,400,396,jgk,ayi,edc,csi,snt
1200351,397,395,391,399,389,ksv,mfv,duf,yvl,rjw
1200352,400,387,389,396,390,csi,jeu,rjw,snt,mwc
1200353,386,390,387,383,391,dum,mwc,jeu,jgk,duf
1200354,393,384,399,395,382,vrm,edc,yvl,mfv,xzw
1200355,397,400,386,385,395,ksv,csi,dum,qhu,mfv
1200356,384,391,381,394,388,edc,duf,hoi,jal,nei
1200357,398,386,397,381,387,ayi,dum,ksv,hoi,jeu
1200358,397,383,393,385,386,ksv,jgk,vrm,qhu,dum
1200359,397,396,388,385,383,ksv,snt,nei,qhu,jgk
1200360,398,388,392,397,393,ayi,nei,dfs,ksv,vrm
1200361,382,386,385,392,388,xzw,dum,qhu,dfs,nei
1200362,393,394,386,398,383,vrm,jal,dum,ayi,jgk
1200363,394,396,395,392,389,jal,snt,mfv,dfs,rjw
1200364,381,398,395,382,394,hoi,ayi,mfv,xzw,jal
1200365,393,396,391,399,395,vrm,snt,duf,yvl,mfv
1200366,392,384,390,381,395,dfs,edc,mwc,hoi,mfv
1200367,385,387,399,396,397,qhu,jeu,yvl,snt,ksv
1200368,385,382,395,400,394,qhu,xzw,mfv,csi,jal
1200369,383,391,392,387,397,jgk,duf,dfs,jeu,ksv
1200370,395,390,386,384,396,mfv,mwc,dum,edc,snt
1200371,387,395,390,399,397,jeu,mfv,mwc,yvl,ksv
1200372,394,392,388,386,384,jal,dfs,nei,dum,edc
1200373,394,388,395,387,381,jal,nei,mfv,jeu,hoi
1200374,400,397,390,389,393,csi,ksv,mwc,rjw,vrm
1200375,400,387,386,393,394,csi,jeu,dum,vrm,jal
1200376,391,397,400,386,393,duf,ksv,csi,dum,vrm
1200377,400,398,393,391,381,csi,ayi,vrm,duf,hoi
1200378,381,392,399,397,391,hoi,dfs,yvl,ksv,duf
1200379,385,399,400,391,396,qhu,yvl,csi,duf,snt
1200380,398,390,395,393,382,ayi,mwc,mfv,vrm,xzw
1200381,400,385,393,382,388,csi,qhu,vrm,xzw,nei
1200382,390,395,387,393,394,mwc,mfv,jeu,vrm,jal
1200383,384,386,387,397,400,edc,dum,jeu,ksv,csi
1200384,393,395,388,397,394,vrm,mfv,nei,ksv,jal
1200385,391,400,394,387,398,duf,csi,jal,jeu,ayi
1200386,399,381,394,397,388,yvl,hoi,jal,ksv,nei
1200387,381,390,391,382,396,hoi,mwc,duf,xzw,snt
1200388,389,384,396,381,391,rjw,edc,snt,hoi,duf
1200389,382,389,397,381,390,xzw,rjw,ksv,hoi,mwc
1200390,383,392,396,386,388,jgk,dfs,snt,dum,nei
1200391,387,386,390,389,391,jeu,dum,mwc,rjw,duf
1200392,392,393,388,389,396,dfs,vrm,nei,rjw,snt
1200393,398,393,394,387,390,ayi,vrm,jal,jeu,mwc
1200394,382,392,386,393,391,xzw,dfs,dum,vrm,duf
1200395,394,385,395,388,383,jal,qhu,mfv,nei,jgk
1200396,397,389,391,390,393,ksv,rjw,duf,mwc,vrm
1200397,387,386,399,382,385,jeu,dum,yvl,xzw,qhu
1200398,387,384,396,392,381,jeu,edc,snt,dfs,hoi
1200399,391,390,400,396,392,duf,mwc,csi,snt,dfs
1200400,390,398,386,392,384,mwc,ayi,dum,dfs,edc
1200401,382,391,387,400,392,xzw,duf,jeu,csi,dfs
1200402,392,386,396,394,393,dfs,dum,snt,jal,vrm
1200403,390,395,385,389,381,mwc,mfv,qhu,rjw,hoi
1200404,391,388,392,389,381,duf,nei,dfs,rjw,hoi
1200405,391,393,382,395,398,duf,vrm,xzw,mfv,ayi
1200406,390,391,389,392,387,mwc,duf,rjw,dfs,jeu
1200407,400,393,397,385,388,csi,vrm,ksv,qhu,nei
1200408,396,382,395,387,399,snt,xzw,mfv,jeu,yvl
1200409,394,386,385,389,398,jal,dum,qhu,rjw,ayi
1200410,393,399,392,395,387,vrm,yvl,dfs,mfv,jeu
1200411,389,398,386,391,385,rjw,ayi,dum,duf,qhu
1200412,389,392,400,390,393,rjw,dfs,csi,mwc,vrm
1200413,398,390,384,382,383,ayi,mwc,edc,xzw,jgk
1200414,394,391,384,393,381,jal,duf,edc,vrm,hoi
1200415,382,400,397,387,386,xzw,csi,ksv,jeu,dum
1200416,399,398,394,390,389,yvl,ayi,jal,mwc,rjw
1200417,396,392,400,382,398,snt,dfs,csi,xzw,ayi
1200418,386,381,389,394,391,dum,hoi,rjw,jal,duf
1200419,400,382,384,388,395,csi,xzw,edc,nei,mfv
1200420,392,394,391,388,398,dfs,jal,duf,nei,ayi
1200421,385,391,388,399,382,qhu,duf,nei,yvl,xzw
1200422,390,386,400,399,398,mwc,dum,csi,yvl,ayi
1200423,390,399,381,383,385,mwc,yvl,hoi,jgk,qhu
1200424,388,394,399,391,381,nei,jal,yvl,duf,hoi
1200425,396,386,394,388,384,snt,dum,jal,nei,edc
1200426,390,397,395,398,385,mwc,ksv,mfv,ayi,qhu
1200427,399,383,391,388,389,yvl,jgk,duf,nei,rjw
1200428,394,396,389,400,383,jal,snt,rjw,csi,jgk
1200429,384,382,397,385,396,edc,xzw,ksv,qhu,snt
1200430,399,398,383,382,381,yvl,ayi,jgk,xzw,hoi
1200431,384,391,385,395,396,edc,duf,qhu,mfv,snt
1200432,392,388,386,384,393,dfs,nei,dum,edc,vrm
1200433,388,381,389,397,395,nei,hoi,rjw,ksv,mfv
1200434,391,398,390,382,397,duf,ayi,mwc,xzw,ksv
1200435,390,384,395,387,383,mwc,edc,mfv,jeu,jgk
1200436,398,387,395,383,381,ayi,jeu,mfv,jgk,hoi
1200437,394,381,399,386,395,jal,hoi,yvl,dum,mfv
1200438,382,400,385,398,391,xzw,csi,qhu,ayi,duf
1200439,394,395,383,390,398,jal,mfv,jgk,mwc,ayi
1200440,381,387,382,395,384,hoi,jeu,xzw,mfv,edc
1200441,400,394,382,385,395,csi,jal,xzw,qhu,mfv
1200442,398,381,388,392,390,ayi,hoi,nei,dfs,mwc
1200443,397,400,399,385,382,ksv,csi,yvl,qhu,xzw
1200444,400,383,386,394,391,csi,jgk,dum,jal,duf
1200445,381,399,383,393,396,hoi,yvl,jgk,vrm,snt
1200446,384,391,383,390,396,edc,duf,jgk,mwc,snt
1200447,397,400,385,392,389,ksv,csi,qhu,dfs,rjw
1200448,391,396,398,381,389,duf,snt,ayi,hoi,rjw
1200449,397,390,392,384,400,ksv,mwc,dfs,edc,csi
1200450,397,400,398,389,385,ksv,csi,ayi,rjw,qhu
1200451,385,390,392,396,399,qhu,mwc,dfs,snt,yvl
1200452,391,390,386,388,384,duf,mwc,dum,nei,edc
1200453,395,392,391,387,388,mfv,dfs,duf,jeu,nei
1200454,389,397,386,393,391,rjw,ksv,dum,vrm,duf
1200455,391,398,393,388,399,duf,ayi,vrm,nei,yvl
1200456,381,382,394,398,389,hoi,xzw,jal,ayi,rjw
1200457,386,397,390,388,384,dum,ksv,mwc,nei,edc
1200458,400,395,381,396,386,csi,mfv,hoi,snt,dum
1200459,385,394,384,389,388,qhu,jal,edc,rjw,nei
1200460,384,392,382,394,393,edc,dfs,xzw,jal,vrm
1200461,386,392,390,394,387,dum,dfs,mwc,jal,jeu
1200462,381,393,389,400,382,hoi,vrm,rjw,csi,xzw
1200463,391,384,387,386,400,duf,edc,jeu,dum,csi
1200464,394,384,386,383,395,jal,edc,dum,jgk,mfv
1200465,396,384,383,397,387,snt,edc,jgk,ksv,jeu
1200466,394,382,396,395,391,jal,xzw,snt,mfv,duf
1200467,381,386,389,382,383,hoi,dum,rjw,xzw,jgk
1200468,400,387,389,385,391,csi,jeu,rjw,qhu,duf
1200469,386,400,390,389,388,dum,csi,mwc,rjw,nei
1200470,389,384,391,387,393,rjw,edc,duf,jeu,vrm
1200471,384,396,399,400,381,edc,snt,yvl,csi,hoi
1200472,398,386,385,392,395,ayi,dum,qhu,dfs,mfv
1200473,381,399,388,386,385,hoi,yvl,nei,dum,qhu
1200474,395,383,394,393,399,mfv,jgk,jal,vrm,yvl
1200475,399,382,390,385,394,yvl,xzw,mwc,qhu,jal
1200476,397,393,396,386,391,ksv,vrm,snt,dum,duf
1200477,384,382,391,394,389,edc,xzw,duf,jal,rjw
1200478,397,393,399,394,381,ksv,vrm,yvl,jal,hoi
1200479,389,386,399,383,391,rjw,dum,yvl,jgk,duf
1200480,389,385,384,393,387,rjw,qhu,edc,vrm,jeu
1200481,399,381,382,395,386,yvl,hoi,xzw,mfv,dum
1200482,382,390,386,397,395,xzw,mwc,dum,ksv,mfv
1200483,382,388,383,392,391,xzw,nei,jgk,dfs,duf
1200484,394,398,393,385,396,jal,ayi,vrm,qhu,snt
1200485,385,397,394,395,381,qhu,ksv,jal,mfv,hoi
1200486,397,384,400,394,385,ksv,edc,csi,jal,qhu
1200487,400,381,389,388,382,csi,hoi,rjw,nei,xzw
1200488,381,382,398,394,395,hoi,xzw,ayi,jal,mfv
1200489,398,381,389,385,391,ayi,hoi,rjw,qhu,duf
1200490,397,400,381,387,390,ksv,csi,hoi,jeu,mwc
1200491,385,394,400,387,397,qhu,jal,csi,jeu,ksv
1200492,398,394,383,399,384,ayi,jal,jgk,yvl,edc
1200493,389,381,386,387,385,rjw,hoi,dum,jeu,qhu
1200494,394,397,396,383,400,jal,ksv,snt,jgk,csi
1200495,384,396,392,385,399,edc,snt,dfs,qhu,yvl
1200496,386,390,381,382,392,dum,mwc,hoi,xzw,dfs
1200497,386,394,398,400,395,dum,jal,ayi,csi,mfv
1200498,400,398,382,389,393,csi,ayi,xzw,rjw,vrm
1200499,383,387,394,381,391,jgk,jeu,jal,hoi,duf
1200500,388,389,381,399,382,nei,rjw,hoi,yvl,xzw
1200501,387,395,397,383,393,jeu,mfv,ksv,jgk,vrm
1200502,384,399,397,391,383,edc,yvl,ksv,duf,jgk
1200503,394,381,383,389,399,jal,hoi,jgk,rjw,yvl
1200504,395,384,389,382,388,mfv,edc,rjw,xzw,nei
1200505,382,396,388,383,400,xzw,snt,nei,jgk,csi
1200506,394,382,384,389,388,jal,xzw,edc,rjw,nei
1200507,383,400,396,395,382,jgk,csi,snt,mfv,xzw
1200508,393,390,388,386,392,vrm,mwc,nei,dum,dfs
1200509,382,400,394,390,381,xzw,csi,jal,mwc,hoi
1200510,398,387,397,392,381,ayi,jeu,ksv,dfs,hoi
1200511,394,396,389,388,400,jal,snt,rjw,nei,csi
1200512,387,388,386,394,398,jeu,nei,dum,jal,ayi
1200513,381,383,382,391,399,hoi,jgk,xzw,duf,yvl
1200514,391,385,384,388,383,duf,qhu,edc,nei,jgk
1200515,398,394,395,392,391,ayi,jal,mfv,dfs,duf
1200516,385,396,392,394,397,qhu,snt,dfs,jal,ksv
1200517,392,391,385,394,395,dfs,duf,qhu,jal,mfv
1200518,384,392,386,394,400,edc,dfs,dum,jal,csi
1200519,385,390,397,381,395,qhu,mwc,ksv,hoi,mfv
1200520,384,391,397,396,387,edc,duf,ksv,snt,jeu
1200521,397,385,392,381,382,ksv,qhu,dfs,hoi,xzw
1200522,396,400,382,394,398,snt,csi,xzw,jal,ayi
1200523,383,389,390,386,384,jgk,rjw,mwc,dum,edc
1200524,393,387,390,400,381,vrm,jeu,mwc,csi,hoi
1200525,390,382,381,387,391,mwc,xzw,hoi,jeu,duf
1200526,391,398,382,384,389,duf,ayi,xzw,edc,rjw
1200527,398,390,382,381,388,ayi,mwc,xzw,hoi,nei
1200528,395,390,385,386,394,mfv,mwc,qhu,dum,jal
1200529,392,400,381,397,385,dfs,csi,hoi,ksv,qhu
1200530,382,390,383,398,395,xzw,mwc,jgk,ayi,mfv
1200531,383,382,389,394,387,jgk,xzw,rjw,jal,jeu
1200532,389,397,387,400,384,rjw,ksv,jeu,csi,edc
1200533,399,393,384,398,382,yvl,vrm,edc,ayi,xzw
1200534,398,389,383,384,385,ayi,rjw,jgk,edc,qhu
1200535,388,398,383,394,399,nei,ayi,jgk,jal,yvl
1200536,386,385,389,393,398,dum,qhu,rjw,vrm,ayi
1200537,386,390,382,392,387,dum,mwc,xzw,dfs,jeu
1200538,398,400,383,381,385,ayi,csi,jgk,hoi,qhu
1200539,391,388,397,399,390,duf,nei,ksv,yvl,mwc
1200540,383,382,389,388,384,jgk,xzw,rjw,nei,edc
1200541,392,390,399,385,396,dfs,mwc,yvl,qhu,snt
1200542,397,384,387,385,399,ksv,edc,jeu,qhu,yvl
1200543,389,382,390,397,392,rjw,xzw,mwc,ksv,dfs
1200544,393,385,386,389,392,vrm,qhu,dum,rjw,dfs
1200545,399,381,392,393,382,yvl,hoi,dfs,vrm,xzw
1200546,392,400,391,382,396,dfs,csi,duf,xzw,snt
1200547,390,389,395,397,391,mwc,rjw,mfv,ksv,duf
1200548,387,381,389,383,399,jeu,hoi,rjw,jgk,yvl
1200549,385,394,390,398,388,qhu,jal,mwc,ayi,nei
1200550,398,383,388,385,387,ayi,jgk,nei,qhu,jeu
1200551,398,391,385,382,387,ayi,duf,qhu,xzw,jeu
1200552,386,388,389,394,397,dum,nei,rjw,jal,ksv
1200553,400,391,386,393,399,csi,duf,dum,vrm,yvl
1200554,384,397,386,388,399,edc,ksv,dum,nei,yvl
1200555,385,382,390,388,396,qhu,xzw,mwc,nei,snt
1200556,395,389,396,381,394,mfv,rjw,snt,hoi,jal
1200557,382,397,388,394,391,xzw,ksv,nei,jal,duf
1200558,395,381,399,390,398,mfv,hoi,yvl,mwc,ayi
1200559,395,381,382,385,393,mfv,hoi,xzw,qhu,vrm
1200560,385,392,395,397,394,qhu,dfs,mfv,ksv,jal
1200561,397,399,398,394,386,ksv,yvl,ayi,jal,dum
1200562,385,384,390,391,397,qhu,edc,mwc,duf,ksv
1200563,389,392,399,390,384,rjw,dfs,yvl,mwc,edc
1200564,388,387,386,382,385,nei,jeu,dum,xzw,qhu
1200565,397,394,391,398,388,ksv,jal,duf,ayi,nei
1200566,394,388,393,397,395,jal,nei,vrm,ksv,mfv
1200567,381,388,387,390,391,hoi,nei,jeu,mwc,duf
1200568,400,394,399,387,396,csi,jal,yvl,jeu,snt
1200569,384,386,390,400,399,edc,dum,mwc,csi,yvl
1200570,382,388,381,395,385,xzw,nei,hoi,mfv,qhu
1200571,392,395,384,387,388,dfs,mfv,edc,jeu,nei
1200572,397,390,394,393,381,ksv,mwc,jal,vrm,hoi
1200573,399,388,392,390,389,yvl,nei,dfs,mwc,rjw
1200574,384,400,381,382,383,edc,csi,hoi,xzw,jgk
1200575,399,400,398,389,382,yvl,csi,ayi,rjw,xzw
1200576,392,386,381,389,394,dfs,dum,hoi,rjw,jal
1200577,393,384,381,387,383,vrm,edc,hoi,jeu,jgk
1200578,397,389,396,395,393,ksv,rjw,snt,mfv,vrm
1200579,399,396,384,381,383,yvl,snt,edc,hoi,jgk
1200580,389,381,387,396,391,rjw,hoi,jeu,snt,duf
1200581,395,386,382,394,400,mfv,dum,xzw,jal,csi
1200582,383,384,393,391,400,jgk,edc,vrm,duf,csi
1200583,387,394,399,382,384,jeu,jal,yvl,xzw,edc
1200584,384,387,382,400,388,edc,jeu,xzw,csi,nei
1200585,383,390,387,388,384,jgk,mwc,jeu,nei,edc
1200586,387,400,381,395,388,jeu,csi,hoi,mfv,nei
1200587,395,397,389,393,381,mfv,ksv,rjw,vrm,hoi
1200588,386,384,390,382,385,dum,edc,mwc,xzw,qhu
1200589,383,398,394,400,396,jgk,ayi,jal,csi,snt
1200590,383,395,387,392,388,jgk,mfv,jeu,dfs,nei
1200591,381,383,397,384,396,hoi,jgk,ksv,edc,snt
1200592,398,383,389,382,385,ayi,jgk,rjw,xzw,qhu
1200593,397,385,384,390,389,ksv,qhu,edc,mwc,rjw
1200594,385,400,395,394,396,qhu,csi,mfv,jal,snt
1200595,388,397,400,386,392,nei,ksv,csi,dum,dfs
1200596,385,382,384,387,386,qhu,xzw,edc,jeu,dum
1200597,385,382,398,399,387,qhu,xzw,ayi,yvl,jeu
1200598,395,389,393,394,385,mfv,rjw,vrm,jal,qhu
1200599,384,381,389,383,399,edc,hoi,rjw,jgk,yvl
1200600,396,391,382,392,399,snt,duf,xzw,dfs,yvl
