id,cons_frac_pre,earnings_scale_pre,bad_earnings_scale_pre,time_self_pre,time_share_pre,earnings_share_pre,bad_share_pre,cons_frac,earnings_scale,bad_earnings_scale,time_self,time_share,earnings_share,bad_share,start_time,end_time,today,device_id,imei,Selectyourtheenumeratornam,Enterthehouseholdnumberfort,Selectthevillageyouarein,INSTRUCTIONSTOYOUWILLBEIN,age,Weregoingtousethewordhou,Yourhouseholdincludeshowmany,Adultmalesover60,Adultfemalesover60,Adultmales1460,Adultfemales1460,Malechildrenunder14,Femalechildrenunder14,Haveyoueverheldanyofthese,U,V,W,X,Y,Z,AA,AB,AC,AD,AE,AF,Nextwedliketoknowhowmany,Cattle,Donkeys,SheepandGoats,Pigs,Poultry,Otherbirds,Rabbits,Fishponds,Beehives,Doyougrowanycrops,Abouthowmuchlanddoyouculti,units,Forthenextcoupleofquestions,Letsthinkaboutallofthatti,Wevemarked10boxesonthissh,Helprespondenttoselectandp,Timespentdoingfarmingforsel,Timespentdoingfarmingforsha,Timespentdoingallotherthing,Nowthatwevethoughtabouthow,FirstcouldyouestimateinKsh,Nextforallthatyouproduceo,Nextcouldyouestimatetheval,Lastcouldyouestimatetheval,earnings,OkThatworksouttoearning,ThankyouNowIdliketokno,Firstcouldyouestimatehowmu,Nextforallthatyouproduced,BK,BL,bad_earnings,OkThatworksouttobad_ear,ThankyouNowIhaveonelast,cons_label,GreatthankyouNowtosummar,Beforewetakeabreakandmove,Inthesequestionsweusethet,ThankyouforthisWedliken,round_earnings,spacer,herd_unit,hhID,Inallofthefollowingchoices,set1,set1_code,OPENTOSETset1ANDENTERT,INTRODUCEBOTHHYPOTHETICALOPT,set2,set2_code,OPENTOSETset2ANDENTERT,CM,set3,set3_code,OPENTOSETset3ANDENTERT,CQ,set4,set4_code,OPENTOSETset4ANDENTERT,CU,Thankyoufortakingtimetothi,Doyousellanyofyourcropsat,CX,CY,CZ,_id,_uuid,_submission_time,_validation_status,_notes,_status,_submitted_by,__version__,_tags,_index,group,location,gender,Wedliketoknowabitaboutth,Asbeforewedlikeyoutotell,ThankyouNowwewillmakeaf,AG,belief_animals_post,belief_landuse_post,belief_invest_post,belief_manage_post,belief_markets_post,_merge,worksize,depsize,edu_n,edu,site,gender_n,earn_n,bad_n,belief_animals,belief_landuse,belief_invest,belief_manage,belief_markets,land,diff_cons,diff_earn,diff_bad,diff_self,diff_share,earn_gap,ms_share_gap
1010102,2.539101569048809,25.6544403673444,33.45564659128166,-2.211700274266882,3.354739031289839,8.682983383306237,-30.89916379705398,.6868164995317417,34.19335351588972,25.09292035075093,-.8693695166160336,1.740884864354867,2.744613219291335,-30.20835157587108,08apr2024,09apr2024,08apr2024,collect:PUVmXuVGNiQzddX1,collect:PUVmXuVGNiQzddX1,Carolyne,102,Agoro East,,70,,,1,0,0,3,0,1,Village elders Committee or group leader Church leadership,0,0,1,0,0,0,1,1,0,0,,,,3,0,0,0,10,0,0,0,0,Yes,.3,acres,,,,,3,4,3,,0,12000,3000,1500,7500,,,0,3000,1500,0,1500,,a quarter,a quarter,Yes,,,,10,1000,20,2-3-102,,16,wpl,wpl,Option 2,20,ray,ray,Option 1,1,hxm,hxm,Option 2,2,qfj,qfj,Option 2,,,,,,328311095,69060691-dfcf-49a8-8dc6-1e07cc149de8,09apr2024,,,submitted_via_web,farm_squares,vLex4PnJZm3v574Etkmj8D,,62,3,Agoro East ,M,,,,Option 2,3,1,2,2,2,3,3,2,2,5,1,1,103,63,4,1,1,1,1,.12145749,-1.852285,8.5389128,-8.3627262,1.3423308,3.9525852,9.1004333,.19129692
1010104,2.051660374619776,20.3183888327841,25.37419914813467,1.007176428587994,.6721661472554115,3.102179488351969,-30.87204448945156,.5277047196240631,40.9150254202702,16.50765831145918,-.4124231099612107,1.900543110328297,2.976066435709393,-24.67438920451775,08apr2024,09apr2024,08apr2024,collect:PUVmXuVGNiQzddX1,collect:PUVmXuVGNiQzddX1,Carolyne,104,Agoro East,,43,,,0,0,1,1,0,2,None of the above,0,0,0,0,0,0,0,0,0,1,,,,0,0,6,0,10,0,0,0,0,Yes,1,acres,,,,,4,4,2,,7500,7500,7000,0,8000,,,0,7000,6000,0,1000,,a quarter,a quarter,Yes,,,,10,1000,20,2-3-104,,9,qlg,qlg,Option 1,7,bon,bon,Option 1,1,hxm,hxm,Option 2,5,exd,exd,Option 1,,,,,,328266911,17ec18fa-16ae-447e-992c-e52a5f9d214e,08apr2024,,,submitted_via_web,farm_squares,vLex4PnJZm3v574Etkmj8D,,60,4,Agoro East ,M,,,,Option 1,4,2,1,1,1,3,2,2,1,3,1,1,109,51,2,2,2,2,2,.40485829,-1.5239557,20.596636,-8.8665409,-1.4195995,.89336669,24.407368,.077867597
1010201,5.587437893155932,9.69845025791891,23.85385490406905,-1.441320891764761,.8026775472773444,.8726496435798555,-30.98725587366713,2.213037687212788,19.45163267418306,17.53112664054425,-.024868122273886,-1.046481536556237,3.05470274945295,-24.04314192054558,08apr2024,08apr2024,08apr2024,collect:6Nk0OyKCn2nzY2x6,collect:6Nk0OyKCn2nzY2x6,Nelson,201,Agoro East,,60,,,0,1,0,3,1,0,None of the above,0,0,0,0,0,0,0,0,0,1,,,,1,2,0,0,2,0,0,0,0,Yes,.2,acres,,,,,3,3,4,,2000,10000,5000,3000,4000,,,0,2500,5000,7000,-9500,,a half,a half,Yes,,,,10,1000,20,2-4-201,,20,ray,ray,Option 2,15,zam,zam,Option 2,8,ubn,ubn,Status Quo,19,ikc,ikc,Option 2,,,,,,328235382,aa40fa0f-a43d-431a-a94f-b2c27aca143f,08apr2024,,,submitted_via_web,farm_squares,vLex4PnJZm3v574Etkmj8D,,37,2,Agoro East ,W,,,,Option 2,3,2,1,1,1,3,3,2,5,2,1,2,73,49,3,2,1,1,1,.080971658,-3.3744001,9.7531824,-6.3227282,1.4164528,.39483935,1.920506,-.54489887
1010211,3.196298066626135,22.84610493692459,25.60233277578572,-3.747831004711125,.318482500844145,11.83572705295185,-31.75557229605461,2.76300478586418,13.52680632222646,14.30722094970471,.3596343113880905,.1487234246708759,3.599078341181251,-36.33420835921032,10apr2024,10apr2024,10apr2024,collect:6Nk0OyKCn2nzY2x6,collect:6Nk0OyKCn2nzY2x6,Nelson,211,Agoro East,,76,,,0,1,1,2,1,1,None of the above,0,0,0,0,0,0,0,0,0,1,0,0,,4,0,2,0,2,0,0,0,0,Yes,1,acres,,,,,2,1,7,,5000,10000,3000,4000,8000,,,1000,5000,4000,4000,-2000,,a quarter,a quarter,Yes,,,,10,1000,20,2-4-211,,18,wcj,wcj,Option 2,1,hxm,hxm,Option 2,10,fah,fah,Option 1,4,wmz,wmz,Option 1,,,,,,328738402,40c22d3f-223f-4e18-97d1-fde5b9835f5a,10apr2024,,,submitted_via_web,farm_squares,vwKMA7mRdidyru7RTAEv4y,,82,9,Agoro East ,W,,,,Option 2,3,2,2,2,2,3,3,3,4,1,1,2,109,13,3,2,3,2,2,.40485829,-.43329328,-9.3192987,-11.295112,4.1074653,3.8965545,-.78041464,-.19056976
1010214,2.933326432345659,18.49175348305119,30.09025883090737,-.9438813765869395,2.599834756333776,6.427985721432552,-31.29213052082666,2.809924940532002,15.92536506381989,20.00188720996245,-.4434463561121461,2.198610835994369,3.647230935270123,-32.63303166855037,11apr2024,11apr2024,11apr2024,collect:6Nk0OyKCn2nzY2x6,collect:6Nk0OyKCn2nzY2x6,Nelson,214,Agoro East,,57,,,0,0,2,2,0,1,Committee or group leader,0,0,0,0,0,0,1,0,0,0,0,0,,10,0,21,0,7,0,1,0,0,Yes,1,acres,,,,,5,3,2,,0,100000,70000,20000,10000,,,0,20000,70000,70000,-120000,,three quarters,three quarters,Yes,,,,10,1000,20,2-4-214,,13,lgi,lgi,Option 2,20,ray,ray,Option 2,3,hiw,hiw,Option 1,11,jco,jco,Option 2,,,,,,328979797,d1d1748e-f44e-4086-8f78-40d15cc3b072,11apr2024,,,submitted_via_web,farm_squares,vwKMA7mRdidyru7RTAEv4y,,101,11,Agoro East ,W,,,,Option 1,4,2,1,1,1,3,4,1,6,4,1,2,8,4,4,1,1,1,1,.40485829,-.12340149,-2.5663884,-10.088371,.50043499,3.1424923,-4.0765224,-.53933489
1010215,1.718826673164254,15.95586361912979,27.5614602988639,-2.884318808145829,-3.564686324945841,-1.824356303626258,-30.68146159297681,3.61575227273975,11.41094680094336,20.11367565670083,-.3213181890459132,.712585999494309,4.174527614064273,-30.53229944993032,11apr2024,11apr2024,11apr2024,collect:6Nk0OyKCn2nzY2x6,collect:6Nk0OyKCn2nzY2x6,Nelson,215,Agoro East,,22,,,0,0,2,1,1,0,None of the above,0,0,0,0,0,0,0,0,0,1,0,0,,2,0,5,0,12,0,0,0,0,Yes,2,acres,,,,,4,3,3,,0,30000,15000,5000,10000,,,0,10000,15000,20000,-25000,,a half,a half,Yes,,,,10,1000,20,2-4-215,,14,dgq,dgq,Option 2,12,blg,blg,Option 2,15,zam,zam,Option 1,19,ikc,ikc,Option 1,,,,,,328979794,5275491c-b268-4caa-9568-7141f10fc200,11apr2024,,,submitted_via_web,farm_squares,vwKMA7mRdidyru7RTAEv4y,,100,12,Agoro East ,W,,,,Option 1,2,1,1,3,2,3,3,1,2,5,1,2,8,17,4,1,2,2,2,.80971658,1.8969256,-4.5449166,-7.4477844,2.5630007,3.5969048,-8.7027292,-.081880748
1010219,.3834215041964357,34.72465821314943,38.57012892023321,-.8629826692040582,-2.954229712059743,5.274696949368477,-31.66992765017234,1.557182027348275,70.57089806837359,20.76138082082809,-1.232013270870695,3.696792297422443,5.217310478952578,-25.82276161327138,15apr2024,15apr2024,15apr2024,collect:6Nk0OyKCn2nzY2x6,collect:6Nk0OyKCn2nzY2x6,Nelson,219,Jimo East,,48,,,1,0,1,2,2,1,None of the above,0,0,0,0,0,0,0,0,0,1,0,0,,1,0,0,0,20,0,0,0,0,Yes,.5,acres,,,,,5,3,2,,1000,10000,10000,20000,-19000,,,0,500,10000,30000,-39500,,a half,a half,Yes,,,,10,1000,20,1-4-219,,18,wcj,wcj,Option 1,12,blg,blg,Option 2,19,ikc,ikc,Option 1,5,exd,exd,Option 1,,,,,,330018136,f5f4edd7-0557-403a-a316-62a6b8165483,16apr2024,,,submitted_via_web,farm_squares,vwKMA7mRdidyru7RTAEv4y,,138,17,Jimo East ,W,,,,Option 2,4,1,1,1,1,3,3,4,1,3,2,2,2,27,2,1,1,1,1,.20242915,1.1737605,35.846241,-17.808748,-.36903059,4.5597749,49.809517,.074218594
1010220,1.63942832710949,14.63345825905989,25.2453380696046,-2.316487604070916,.2682171374117692,1.711442740924667,-30.92526883426493,2.377811055882721,29.64243123957128,17.88946593774903,.3558244509900225,-.1069353090548427,3.804615964851416,-25.14902772008888,15apr2024,15apr2024,15apr2024,collect:6Nk0OyKCn2nzY2x6,collect:6Nk0OyKCn2nzY2x6,Nelson,220,Jimo East,,76,,,1,1,1,0,0,0,Church leadership,0,0,0,0,0,0,0,1,0,0,0,0,,0,0,1,0,3,0,0,0,0,Yes,.5,acres,,,,,3,3,4,,0,5000,2000,500,2500,,,0,2000,1000,6000,-5000,,a quarter,a quarter,Yes,,,,10,1000,20,1-4-220,,10,fah,fah,Option 1,1,hxm,hxm,Option 2,2,qfj,qfj,Option 1,9,qlg,qlg,Option 1,,,,,,330018138,9933adff-3f8b-4ffa-a73f-f4e4545b5bc4,16apr2024,,,submitted_via_web,farm_squares,vwKMA7mRdidyru7RTAEv4y,,139,18,Jimo East ,W,,,,Option 2,4,1,1,1,1,3,1,2,5,2,2,2,53,36,3,2,2,2,2,.20242915,.73838276,15.008973,-7.3558722,2.672312,2.2095523,11.752965,-.009098581
1010226,4.495021855115719,24.7808705983009,31.10358731337234,-.8870602026803835,-.0460273314410347,6.009437818146305,-30.90933486242652,3.830958955800944,15.67625161616057,19.74687916367168,-.8220494676046376,.4656731713458888,3.437219232831995,-28.73144344428496,18apr2024,18apr2024,18apr2024,collect:6Nk0OyKCn2nzY2x6,collect:6Nk0OyKCn2nzY2x6,Nelson,226,Lynaginga,,34,,,0,0,2,3,3,1,None of the above,0,0,0,0,0,0,0,0,0,1,0,0,,3,0,0,0,8,0,0,0,0,Yes,1.5,acres,,,,,5,2,3,,5000,20000,15000,3000,7000,,,3000,15000,15000,10000,-7000,,a half,a half,Yes,,,,10,1000,20,3-4-226,,2,qfj,qfj,Option 2,11,jco,jco,Option 2,17,toy,toy,Option 2,20,ray,ray,Option 2,,,,,,331402369,ebe60356-c420-4d24-b90c-00919ae4e210,19apr2024,,,submitted_via_web,farm_squares,vwKMA7mRdidyru7RTAEv4y,,187,24,Lyanginga ,W,,,,Option 1,3,1,1,1,1,3,5,4,5,2,3,2,99,44,3,2,1,1,1,.60728747,-.66406292,-9.104619,-11.356709,.065010734,1.3527334,-4.0706277,-.11439837
1010227,4.288450800607737,20.46956122288705,25.26906110640618,-2.074321975839616,-.0430073958151005,1.774480460536946,-31.08712690330531,2.508651724448973,17.09258777936654,18.9763910937131,-.3247526501939379,2.389544892341777,4.175023725253204,-37.8975375795463,18apr2024,18apr2024,18apr2024,collect:6Nk0OyKCn2nzY2x6,collect:6Nk0OyKCn2nzY2x6,Nelson,227,Lynaginga,,42,,,0,0,2,3,1,1,Church leadership,0,0,0,0,0,0,0,1,0,0,0,0,,3,0,0,0,6,2,0,0,0,Yes,1,acres,,,,,6,2,2,,2000,20000,10000,1000,11000,,,0,3000,5000,10000,-12000,,a quarter,a quarter,Yes,,,,10,1000,20,3-4-227,,4,wmz,wmz,Option 1,15,zam,zam,Option 2,16,wpl,wpl,Option 1,14,dgq,dgq,Option 2,,,,,,331402372,5f94430b-4d97-405b-b8d3-bc3f600606a2,19apr2024,,,submitted_via_web,farm_squares,vwKMA7mRdidyru7RTAEv4y,,188,26,Lyanginga ,W,,,,Option 1,2,2,2,1,1,3,5,2,6,4,3,2,17,3,3,1,1,1,2,.40485829,-1.7797991,-3.3769734,-6.2926702,1.7495693,4.4638667,-1.8838034,-1.2684683
1010228,4.105548778027591,23.96579476924189,23.19018505324487,-.5228189964930746,-2.844393876117933,.2660336853730347,-31.52386697281668,4.206586233440912,26.49372077605469,14.02130551927431,-.6951725731841005,.8147490391039603,3.896382352042726,-46.26243609513116,18apr2024,18apr2024,18apr2024,collect:6Nk0OyKCn2nzY2x6,collect:6Nk0OyKCn2nzY2x6,Nelson,228,Lynaginga,,74,,,1,1,1,0,1,3,None of the above,0,0,0,0,0,0,0,0,0,1,0,0,,3,0,0,0,4,0,0,0,0,Yes,1,acres,,,,,5,2,3,,5000,20000,10000,5000,10000,,,0,15000,10000,10000,-5000,,three quarters,three quarters,Yes,,,,10,1000,20,3-4-228,,19,ikc,ikc,Status Quo,20,ray,ray,Option 2,9,qlg,qlg,Option 2,12,blg,blg,Option 2,,,,,,331402374,beeec5ba-9214-4d60-a5f2-37a06cd78665,19apr2024,,,submitted_via_web,farm_squares,vwKMA7mRdidyru7RTAEv4y,,189,27,Lyanginga ,M,,,,Option 1,3,1,1,1,1,3,1,6,5,2,3,1,8,36,3,2,2,1,1,.40485829,.10103746,2.527926,-9.1688795,-.17235358,1.337568,12.472415,.065324083
1010228,4.105548778027591,23.96579476924189,23.19018505324487,-.5228189964930746,-2.844393876117933,.2660336853730347,-31.52386697281668,4.206586233440912,26.49372077605469,14.02130551927431,-.6951725731841005,.8147490391039603,3.896382352042726,-46.26243609513116,18apr2024,18apr2024,18apr2024,collect:6Nk0OyKCn2nzY2x6,collect:6Nk0OyKCn2nzY2x6,Nelson,228,Lynaginga,,74,,,1,1,1,0,1,3,None of the above,0,0,0,0,0,0,0,0,0,1,0,0,,3,0,0,0,4,0,0,0,0,Yes,1,acres,,,,,5,2,3,,5000,20000,10000,5000,10000,,,0,15000,10000,10000,-5000,,three quarters,three quarters,Yes,,,,10,1000,20,3-4-228,,19,ikc,ikc,Status Quo,20,ray,ray,Option 2,9,qlg,qlg,Option 2,12,blg,blg,Option 2,,,,,,331402374,beeec5ba-9214-4d60-a5f2-37a06cd78665,19apr2024,,,submitted_via_web,farm_squares,vwKMA7mRdidyru7RTAEv4y,,189,27,Lyanginga ,W,,,,Option 1,3,1,1,1,1,3,1,6,5,2,3,2,8,36,3,2,2,1,1,.40485829,.10103746,2.527926,-9.1688795,-.17235358,1.337568,12.472415,.065324083
1010229,.9665857673037692,33.07842777545108,27.63500847620227,.0095239931312081,1.854857551961952,-1.435323106780722,-30.12898490619657,3.822456348492844,52.56391128556641,23.21628659243502,-.60076372960907,1.327679612486281,3.611751945547006,-29.8482919300417,18apr2024,18apr2024,18apr2024,collect:6Nk0OyKCn2nzY2x6,collect:6Nk0OyKCn2nzY2x6,Nelson,229,Lynaginga,,36,,,0,0,3,2,1,1,Church leadership,0,0,0,0,0,0,0,1,0,0,0,0,,0,0,0,0,6,0,0,0,0,Yes,.5,acres,,,,,1,3,6,,0,100000,100000,50000,-50000,,,0,80000,70000,70000,-60000,,a half,a half,Yes,,,,10,1000,20,3-4-229,,5,exd,exd,Option 2,4,wmz,wmz,Option 2,16,wpl,wpl,Option 2,13,lgi,lgi,Option 1,,,,,,331402379,402f620c-4a0a-4408-9e67-a98415d3befd,19apr2024,,,submitted_via_web,farm_squares,vwKMA7mRdidyru7RTAEv4y,,190,27,Lyanginga ,W,,,,Option 2,4,1,1,1,1,3,5,2,1,3,3,2,7,40,4,2,1,1,1,.20242915,2.8558705,19.485483,-4.4187217,-.61028773,1.3181556,29.347624,.045239765
1010230,5.040762782563736,15.83616601839568,19.41803014453238,-.6188444150460628,-2.663091026119018,2.461477788247865,-30.80535068075937,4.189186560224439,25.0546546960188,19.23559347753429,-.6899005605711713,1.408634236409115,4.171638886129087,-29.84128712579009,18apr2024,18apr2024,18apr2024,collect:6Nk0OyKCn2nzY2x6,collect:6Nk0OyKCn2nzY2x6,Nelson,230,Lynaginga,,43,,,0,0,3,2,0,2,Church leadership,0,0,0,0,0,0,0,1,0,0,0,0,,0,0,4,0,5,0,0,0,0,Yes,.25,acres,,,,,4,3,3,,5000,15000,5000,2000,13000,,,0,12000,5000,10000,-3000,,three quarters,three quarters,Yes,,,,10,1000,20,3-4-230,,20,ray,ray,Option 2,8,ubn,ubn,Status Quo,19,ikc,ikc,Status Quo,12,blg,blg,Option 2,,,,,,331402383,ca4a2883-d0db-4726-a35a-3f5e7892e0c1,19apr2024,,,submitted_via_web,farm_squares,vwKMA7mRdidyru7RTAEv4y,,191,25,Lyanginga ,W,,,,Option 1,4,1,1,1,1,3,5,2,1,3,3,2,27,21,3,2,1,1,1,.10121457,-.85157621,9.2184887,-.18243666,-.071056142,2.0274787,5.8190613,.24207242
1010232,3.92086034695949,17.28414456080862,29.69358726652585,-3.186809489589714,-.7800378588941178,2.734082725540667,-31.50031659328948,4.133000857427466,11.35018645232987,16.02392046334148,-.9820958220137516,3.306658044336405,2.247078327454687,-26.85577850112566,18apr2024,18apr2024,18apr2024,collect:6Nk0OyKCn2nzY2x6,collect:6Nk0OyKCn2nzY2x6,Nelson,232,Lynaginga,,29,,,0,0,1,1,1,1,None of the above,0,0,0,0,0,0,0,0,0,1,0,0,,2,0,0,0,7,0,0,0,0,Yes,.5,acres,,,,,4,3,3,,5000,30000,18000,3000,14000,,,0,12000,15000,6000,-9000,,a half,a half,Yes,,,,10,1000,20,3-4-232,,15,zam,zam,Option 2,2,qfj,qfj,Option 2,14,dgq,dgq,Option 2,13,lgi,lgi,Option 1,,,,,,331402385,490bf692-35c2-486a-9ef2-6a387b79bfd5,19apr2024,,,submitted_via_web,farm_squares,vwKMA7mRdidyru7RTAEv4y,,193,27,Lyanginga ,W,,,,Option 1,4,1,1,1,1,3,2,2,2,5,3,2,32,48,4,2,1,1,2,.20242915,.21214052,-5.9339581,-13.669667,2.2047136,6.4934673,-4.6737342,-.70749807
1010301,2.224102920070293,7.2596192398469,26.98846143295606,3.66272541425682,-4.787363569837199,-2.432854802407858,-31.22182173865461,1.483256859214206,10.57877181193805,26.31559078820866,.3007194584367029,.8898748377629184,2.183095954126819,-40.71521097016316,08apr2024,08apr2024,08apr2024,collect:ClfxJ4ZJmcDHUVbl,collect:ClfxJ4ZJmcDHUVbl,Edmond,301,Agoro East,,52,,,0,0,1,2,0,0,Church leadership Committee or group leader,0,0,0,0,0,0,1,1,0,0,,,,1,0,6,0,5,0,0,0,0,Yes,2,acres,,,,,4,2,4,,10000,20000,11980,20000,-1980,,,2000,1200,1000,1000,1200,,a quarter,a quarter,Yes,,,,10,1000,20,2-7-301,,13,lgi,lgi,Option 1,15,zam,zam,Option 1,16,wpl,wpl,Option 1,11,jco,jco,Status Quo,,,,,,328054714,383295bd-7704-4849-8b9c-069c0688a47c,08apr2024,,,submitted_via_web,farm_squares,vLex4PnJZm3v574Etkmj8D,,33,3,Agoro East ,W,,,,Status Quo,4,1,1,1,1,3,3,0,5,2,1,2,3,57,1,1,1,1,1,.80971658,-.74084604,3.3191526,-.67287064,-3.3620059,-2.7728505,-15.736819,-.056547314
1010307,3.772024459271911,24.18365686063743,27.85353159577574,.194764016254506,-2.818092488364426,4.40688351010035,-32.13347894187712,3.983523054532972,8.867403741057265,21.22973891550504,.4978400597073877,1.154709324379267,3.423334217065594,-35.70404463751925,10apr2024,10apr2024,10apr2024,collect:ClfxJ4ZJmcDHUVbl,collect:ClfxJ4ZJmcDHUVbl,Edmond,307,Agoro East,,47,,,0,0,1,3,0,0,Committee or group leader,0,0,0,0,0,0,1,0,0,0,0,0,,0,0,0,0,8,0,0,0,0,Yes,1.5,acres,,,,,2,3,5,,15000,10270,6600,5000,13670,,,12000,4000,9200,3800,3000,,a half,a half,Yes,,,,10,1000,20,2-7-307,,14,dgq,dgq,Option 2,1,hxm,hxm,Option 2,13,lgi,lgi,Option 1,12,blg,blg,Option 2,,,,,,328716372,ba38cea1-9a78-417d-af8a-17799250bc4b,10apr2024,,,submitted_via_web,farm_squares,vwKMA7mRdidyru7RTAEv4y,,71,7,Agoro East ,M,,,,Status Quo,4,3,1,1,1,3,4,0,2,5,1,1,31,79,4,4,1,1,1,.60728747,.21149859,-15.316253,-6.6237926,.30307603,.95994532,-12.362335,-.09340544
1010317,4.837537160014125,6.7079675237596,40.79060905529412,-1.1312189543381,2.47143920295115,-6.918148750558931,-30.20705515553902,1.416942842168697,31.09967265072093,17.63640239319546,.4320461460302017,-.7330698295110998,3.099839899696283,-21.98871261817805,15apr2024,15apr2024,15apr2024,collect:ClfxJ4ZJmcDHUVbl,collect:ClfxJ4ZJmcDHUVbl,Edmond,317,Jimo East,,60,,,0,0,1,1,1,2,Church leadership,0,0,0,0,0,0,0,1,0,0,0,0,,1,0,0,0,4,0,0,0,0,Yes,.25,acres,,,,,2,3,5,,0,6000,2400,5000,-1400,,,0,3000,6000,6000,-9000,,a quarter,a quarter,Yes,,,,10,1000,20,1-7-317,,4,wmz,wmz,Option 1,19,ikc,ikc,Option 2,2,qfj,qfj,Option 2,15,zam,zam,Option 2,,,,,,329934771,8ac292ea-714f-41c2-afa7-c09a14700376,15apr2024,,,submitted_via_web,farm_squares,vwKMA7mRdidyru7RTAEv4y,,126,18,Jimo East ,W,,,,Option 2,1,1,4,1,1,3,2,3,5,2,2,2,1,48,4,2,1,1,1,.10121457,-3.4205942,24.391705,-23.154207,1.5632651,.39814913,13.46327,-.05444961
1010401,1.58694803149968,24.89110079838397,11.74452378373131,2.671779259311982,1.441709362949012,8.040105973287446,-29.65027627007262,.8584798880584904,10.08804070370673,25.73168811044354,-.4747626026817859,3.145581311637986,2.620998196100839,-38.13647959727159,08apr2024,08apr2024,08apr2024,collect:pj959LJBBDwnmqUt,collect:pj959LJBBDwnmqUt,Lillian,401,Agoro East,,62,,,0,1,2,1,1,1,Committee or group leader Church leadership,0,0,0,0,0,0,1,1,0,0,,,,6,0,3,0,8,0,0,0,0,Yes,1,acres,,,,,4,2,4,,30000,30000,63000,40000,-43000,,,18000,25000,33000,169000,-159000,,a half,a half,Yes,,,,10,1000,20,2-2-401,,2,qfj,qfj,Status Quo,14,dgq,dgq,Option 2,10,fah,fah,Option 2,19,ikc,ikc,Option 2,,,,,,328244063,bd5aa541-9e8a-4acd-bd45-c6f9afb39b64,08apr2024,,,submitted_via_web,farm_squares,vLex4PnJZm3v574Etkmj8D,,51,2,Agoro East ,W,,,,Option 1,4,2,4,4,4,3,3,3,2,5,1,2,6,8,3,2,1,1,1,.40485829,-.72846812,-14.803061,13.987164,-3.1465418,.47380206,-15.643647,-.20107724
1010402,2.301333521202053,46.08738525877106,30.31640035175368,2.879073074128592,.4424034199218935,5.044008707780558,-31.41513786526484,3.319968807096158,40.52147085911871,19.80307351174905,-.093452809015605,.3981468736173256,4.174859825595121,-31.29442812294579,08apr2024,08apr2024,08apr2024,collect:pj959LJBBDwnmqUt,collect:pj959LJBBDwnmqUt,Lillian,402,Agoro East,,65,,,1,0,6,4,0,0,Committee or group leader Church leadership,0,0,0,0,0,0,1,1,0,0,,,,2,0,4,0,6,0,0,0,0,Yes,3,acres,,,,,6,2,2,,10000,20000,60000,5000,-35000,,,5000,6000,10000,5000,-4000,,a quarter,a quarter,Yes,,,,10,1000,20,2-2-402,,15,zam,zam,Option 1,18,wcj,wcj,Option 1,5,exd,exd,Option 1,2,qfj,qfj,Option 2,,,,,,328244062,613a56b9-b5a3-4298-8466-118e4db08bf4,08apr2024,,,submitted_via_web,farm_squares,vLex4PnJZm3v574Etkmj8D,,50,1,Agoro East ,M,,,,Option 2,4,1,1,1,1,3,10,1,5,2,1,1,5,29,4,1,1,1,1,1.2145749,1.0186353,-5.5659146,-10.513327,-2.9725258,-2.4809263,20.718397,.01921707
1010408,4.662000418016889,29.9734662186556,33.08296673708125,-.7900831023607545,1.686180395358765,3.227556949339555,-31.10724442466034,4.078743544882148,69.20788415995979,20.48803475472817,.4280406504598565,1.234043608036423,4.578468379005436,-25.75596141452474,11apr2024,11apr2024,11apr2024,collect:pj959LJBBDwnmqUt,collect:pj959LJBBDwnmqUt,Lillian,408,Agoro East,,33,,,0,0,1,2,1,1,Committee or group leader Church leadership,0,0,0,0,0,0,1,1,0,0,0,0,,0,0,2,0,27,0,0,0,0,Yes,.5,acres,,,,,4,0,6,,7500,17000,44000,5000,-24500,,,7500,12650,45000,22500,-47350,,a half,a half,Yes,,,,10,1000,20,2-2-408,,3,hiw,hiw,Option 1,7,bon,bon,Option 1,18,wcj,wcj,Option 1,10,fah,fah,Option 1,,,,,,329001546,e2db0c3e-22c8-4a2c-a409-a9b86294736c,11apr2024,,,submitted_via_web,farm_squares,vwKMA7mRdidyru7RTAEv4y,,104,11,Agoro East ,W,,,,Option 1,4,1,4,1,1,3,3,2,2,5,1,2,4,35,4,1,1,1,1,.20242915,-.5832569,39.234417,-12.594932,1.2181238,2.0241268,48.719849,.025329381
1020008,4.825850679322178,11.89095866122427,24.56869906437729,.2532630978136708,.264192251195733,1.928186247997507,-31.33085393161424,3.003118995844019,24.00187110662526,20.58703144492164,-.2459699584703743,2.533545616566169,3.616623306381961,-29.49169771238929,10apr2024,10apr2024,10apr2024,collect:AzIfObLTRPjO0gKG,collect:AzIfObLTRPjO0gKG,Brian,8,Agoro East,,28,,,1,0,5,3,2,0,Community health worker Community health volunteer Committee or group leader Church leadership,0,0,0,0,1,1,1,1,0,0,0,0,,8,0,31,0,250,15,0,0,0,Yes,.225,acres,,,,,3,2,5,,90000,10000,75000,2000,23000,,,28000,7000,35000,2300,-2300,,a quarter,a quarter,Yes,,,,20,1000,20,2-6-8,,36,pzc,pzc,Option 1,33,ujw,ujw,Option 1,22,sdp,sdp,Option 2,23,tex,tex,Option 1,,,,,,328742552,b1dbcdac-df99-48c0-8f7c-9d6a9e23515a,10apr2024,,,submitted_via_web,farm_squares,vwKMA7mRdidyru7RTAEv4y,,86,7,Agoro East ,M,,,,Option 1,3,2,1,2,1,3,8,3,3,7,1,1,51,15,3,2,1,1,1,.091093116,-1.8227317,12.110912,-3.9816675,-.49923307,2.2802825,3.4148397,.74192226
1020101,4.130637013298675,24.72255067694532,24.16115996692933,-3.275627103261369,.0413272295005297,5.423558958351011,-31.46117606542714,.3146664474781634,7.962659738817075,23.5128843830073,-.035024381786176,2.057974648413378,3.177312236511594,-28.98046694825834,08apr2024,09apr2024,08apr2024,collect:PUVmXuVGNiQzddX1,collect:PUVmXuVGNiQzddX1,Carolyne,101,Agoro East,,39,,,0,0,1,1,0,0,None of the above,0,0,0,0,0,0,0,0,0,1,,,,0,0,25,0,10,0,0,0,0,Yes,2,acres,,,,,5,3,2,,35000,28000,15200,25000,22800,,,0,6000,10200,0,-4200,,a quarter,a quarter,Yes,,,,20,1000,20,2-3-101,,21,gum,gum,Option 2,34,ugn,ugn,Option 2,23,tex,tex,Option 1,27,nam,nam,Option 1,,,,,,328266913,6114d89d-fee7-440b-aca7-078c303b3303,08apr2024,,,submitted_via_web,farm_squares,vLex4PnJZm3v574Etkmj8D,,61,1,Agoro East ,M,,,,Option 1,4,1,1,1,1,3,2,0,1,3,1,1,50,32,4,1,1,1,1,.80971658,-3.8159707,-16.759892,-.64827555,3.2406027,5.333602,-15.550224,-.13234372
1020110,2.527280722125308,25.60989467181826,32.72618072699967,1.368952862531486,4.159893929110194,1.991550149286265,-32.39579247767653,2.717554992128344,-4.39726602680746,18.77771773716504,.45471795733481,1.787152292702267,3.840374727048161,-38.41211207141561,10apr2024,10apr2024,10apr2024,collect:PUVmXuVGNiQzddX1,collect:PUVmXuVGNiQzddX1,Carolyne,110,Agoro East,,74,,,1,1,0,0,0,1,Church leadership,0,0,0,0,0,0,0,1,0,0,0,0,,2,0,1,0,8,0,0,0,0,Yes,.5,acres,,,,,5,3,2,,8000,12000,2000,0,18000,,,0,5000,2000,0,3000,,a quarter,a quarter,Yes,,,,20,1000,20,2-3-110,,30,tkc,tkc,Option 2,21,gum,gum,Option 2,34,ugn,ugn,Option 1,35,xai,xai,Option 2,,,,,,328716761,a58e682d-a800-40e7-992d-ec5ea4a24a6a,10apr2024,,,submitted_via_web,farm_squares,vwKMA7mRdidyru7RTAEv4y,,77,7,Agoro East ,M,,,,Option 2,4,2,1,1,1,3,0,3,5,2,1,1,42,79,4,1,1,1,1,.20242915,.19027427,-30.00716,-13.948463,-.91423488,.41819942,-23.174984,-.07711558
1020113,3.927829426798554,22.36919487203463,31.09243692099086,-1.242837091344761,1.68030158978684,4.107946142751923,-30.86528619839055,3.416848127669653,31.46567773176103,20.72641885000825,-.1950607885516704,2.080561869778724,3.658112168753949,-24.99045626742133,11apr2024,11apr2024,11apr2024,collect:PUVmXuVGNiQzddX1,collect:PUVmXuVGNiQzddX1,Carolyne,113,Agoro East,,58,,,0,0,4,3,0,1,Church leadership,0,0,0,0,0,0,0,1,0,0,0,0,,24,0,48,0,55,0,0,0,0,Yes,2.5,acres,,,,,5,3,2,,20000,10000,15000,0,15000,,,0,15000,15000,0,0,,a half,a half,Yes,,,,20,1000,20,2-3-113,,32,yqt,yqt,Option 1,24,coz,coz,Option 1,37,miu,miu,Option 2,36,pzc,pzc,Option 1,,,,,,328825266,4c4c0b9d-4204-44f9-9a93-2e61f314c7db,11apr2024,,,submitted_via_web,farm_squares,vwKMA7mRdidyru7RTAEv4y,,93,10,Agoro East ,M,,,,Option 1,4,1,1,1,1,3,7,1,3,7,1,1,34,50,4,2,1,2,1,1.0121458,-.51098132,9.0964832,-10.366018,1.0477763,3.3233991,10.739259,.19373421
1020124,.7898377968044353,27.96805027706966,38.81046046946831,-.6586679501599577,3.511019742145285,6.079265967391374,-30.91930357472162,2.52226546712906,22.91405206734092,22.11310519012507,-.3205233794549547,1.349407138080158,4.056270256582461,-29.66292305138608,18apr2024,18apr2024,18apr2024,collect:PUVmXuVGNiQzddX1,collect:PUVmXuVGNiQzddX1,Carolyne,124,Lynaginga,,29,,,0,0,0,1,2,1,None of the above,0,0,0,0,0,0,0,0,0,1,0,0,,1,0,0,0,0,0,0,0,0,Yes,1,acres,,,,,5,2,3,,0,20000,3000,0,17000,,,0,10000,3000,0,7000,,three quarters,three quarters,Yes,,,,20,1000,20,3-3-124,,28,dfp,dfp,Option 1,33,ujw,ujw,Option 2,32,yqt,yqt,Option 1,29,uyt,uyt,Option 2,,,,,,331005821,6faba96e-471d-4c05-9aeb-21f0e926b2b2,18apr2024,,,submitted_via_web,farm_squares,vwKMA7mRdidyru7RTAEv4y,,161,23,Lyanginga ,W,,,,Option 1,3,1,1,1,1,3,1,3,6,4,3,2,40,103,3,3,2,2,2,.40485829,1.7324277,-5.053998,-16.697355,.33814457,2.008075,.80094689,1.6847649
1020127,3.707411450094007,22.85441955635822,31.05146146722228,1.313540524842157,2.350603433656382,-.4507166268609631,-32.35047311406655,2.805136809429333,5.231148534702173,23.40081063099545,-.7200227906118877,2.152815256026289,3.967573334030652,-36.97499679116028,18apr2024,18apr2024,18apr2024,collect:PUVmXuVGNiQzddX1,collect:PUVmXuVGNiQzddX1,Carolyne,127,Lynaginga,,55,,,0,0,2,3,1,1,Village elders,0,0,1,0,0,0,0,0,0,0,0,0,,2,0,1,0,3,0,0,0,0,Yes,.5,acres,,,,,7,1,2,,10000,20000,6000,0,24000,,,5000,12000,6000,0,11000,,a half,a half,Yes,,,,20,1000,20,3-3-127,,32,yqt,yqt,Option 1,26,ivp,ivp,Status Quo,39,nfd,nfd,Option 2,29,uyt,uyt,Option 2,,,,,,331005838,26858821-c73d-4146-890e-315935761ec6,18apr2024,,,submitted_via_web,farm_squares,vwKMA7mRdidyru7RTAEv4y,,164,25,Lyanginga ,W,,,,Option 1,2,1,1,1,2,3,5,2,1,3,3,2,52,56,4,2,1,1,1,.20242915,-.90227467,-17.623272,-7.650651,-2.0335634,.8392747,-18.169662,-.11848405
1020202,2.769525306181449,20.49587896053614,23.4533526981947,1.755379409612073,4.613410783312293,3.911721663676727,-30.73619376375875,1.589546000412437,27.59945621200261,15.46384007724835,-1.113017348715618,1.188037409952747,4.767363277439889,-38.23868663141278,08apr2024,08apr2024,08apr2024,collect:6Nk0OyKCn2nzY2x6,collect:6Nk0OyKCn2nzY2x6,Nelson,202,Agoro East,,65,,,1,0,2,1,2,1,Village elders,0,0,1,0,0,0,0,0,0,0,,,,3,0,6,0,6,0,0,0,0,Yes,2,acres,,,,,4,2,4,,60000,70000,100000,10000,20000,,,0,30000,50000,20000,-40000,,a quarter,a quarter,Yes,,,,20,1000,20,2-4-202,,37,miu,miu,Option 1,22,sdp,sdp,Option 2,27,nam,nam,Option 1,25,uny,uny,Option 2,,,,,,328235412,0ce8530a-8412-4c7b-be77-d92208fcff9c,08apr2024,,,submitted_via_web,farm_squares,vLex4PnJZm3v574Etkmj8D,,38,1,Agoro East ,M,,,,Option 1,4,1,1,1,1,3,3,4,1,3,1,1,48,30,4,1,1,1,1,.80971658,-1.1799793,7.1035771,-7.9895124,-2.8683968,-.56734198,12.135616,.097896755
1020209,4.055195000290525,20.71230809765069,28.7311942325511,-2.071795370585983,2.5338607769155,6.134942300814632,-31.26183577478412,3.429717962869024,30.60859841458035,22.27310235591193,-.5278578794922106,1.118366407104943,3.671081055649258,-32.97677200175492,10apr2024,10apr2024,10apr2024,collect:6Nk0OyKCn2nzY2x6,collect:6Nk0OyKCn2nzY2x6,Nelson,209,Agoro East,,63,,,1,1,3,0,4,1,Church leadership Community health volunteer,0,0,0,0,0,1,0,1,0,0,0,0,,0,0,15,0,10,0,0,0,0,Yes,1.75,acres,,,,,3,4,3,,5000,60000,40000,10000,15000,,,0,5000,40000,50000,-85000,,a quarter,a quarter,Yes,,,,20,1000,20,2-4-209,,37,miu,miu,Option 2,32,yqt,yqt,Option 1,25,uny,uny,Option 2,21,gum,gum,Option 2,,,,,,328738395,9f27f427-1a7a-41bd-9805-1fdf06fe9981,10apr2024,,,submitted_via_web,farm_squares,vwKMA7mRdidyru7RTAEv4y,,80,8,Agoro East ,W,,,,Option 2,4,2,1,1,1,3,3,7,6,4,1,2,34,47,4,1,1,1,1,.70850199,-.62547702,9.8962908,-6.4580917,1.5439374,3.1901617,8.3354959,.13416915
1020304,.2367232507025321,26.54045419418698,22.34005925966153,-.6559097917822263,-.2991619198110582,7.894617631991411,-32.13554093701209,3.929387753778265,34.96039633922397,18.92538983532977,-.216240523970378,.6605864130937528,4.043730018610742,-24.20195712842112,08apr2024,08apr2024,08apr2024,collect:ClfxJ4ZJmcDHUVbl,collect:ClfxJ4ZJmcDHUVbl,Edmond,304,Agoro East,,43,,,0,0,1,1,5,1,None of the above,0,0,0,0,0,0,0,0,0,1,,,,1,0,0,0,6,0,0,0,0,Yes,.5,acres,,,,,5,3,2,,14000,11000,0,5000,20000,,,9000,6000,3000,5000,7000,,a quarter,a quarter,Yes,,,,20,1000,20,2-7-304,,24,coz,coz,Option 1,28,dfp,dfp,Option 2,23,tex,tex,Option 2,30,tkc,tkc,Option 2,,,,,,328174664,7472adb2-e6e4-42fb-9c16-22036e90bc95,08apr2024,,,submitted_via_web,farm_squares,vLex4PnJZm3v574Etkmj8D,,36,5,Agoro East ,W,,,,Option 1,3,1,1,1,1,3,2,6,5,2,1,2,48,103,2,1,1,1,1,.20242915,3.6926644,8.4199419,-3.4146695,.43966928,1.3164963,16.035006,.041196518
1020311,.4473293473225499,22.01501711277997,29.47936296970278,-2.027229608520988,.9879300162929855,-.0001002641836278,-31.17363785782073,.8113205252804175,-.4784652729821848,16.40194922287299,-.3538165601129174,2.519554333389512,4.955272750474406,-35.98549449582801,11apr2024,11apr2024,11apr2024,collect:ClfxJ4ZJmcDHUVbl,collect:ClfxJ4ZJmcDHUVbl,Edmond,311,Agoro East,,28,,,0,0,2,3,0,0,Committee or group leader,0,0,0,0,0,0,1,0,0,0,0,0,,2,0,2,0,5,0,0,0,0,Yes,.5,acres,,,,,4,2,4,,19000,15000,8000,5000,21000,,,6000,15000,8000,6500,6500,,a quarter,a quarter,Yes,,,,20,1000,20,2-7-311,,36,pzc,pzc,Option 2,29,uyt,uyt,Option 2,23,tex,tex,Option 2,26,ivp,ivp,Option 2,,,,,,328827423,8a394d36-212c-4bcf-9c3c-e7e6215546a1,11apr2024,,,submitted_via_web,farm_squares,vwKMA7mRdidyru7RTAEv4y,,95,10,Agoro East ,M,,,,Option 1,4,2,1,2,1,3,5,0,6,4,1,1,49,101,2,1,1,1,1,.20242915,.36399117,-22.493483,-13.077414,1.673413,4.5467839,-16.880415,-.14925903
1020316,1.379276220771232,29.10240694107801,30.72260395079653,1.066085290640965,1.879162619676883,4.488225441279622,-31.03062812223874,2.032586045839331,24.78355697283021,18.55331181567914,-.5219744910239197,2.065412152919839,3.090086510480479,-28.81433547993221,15apr2024,15apr2024,15apr2024,collect:ClfxJ4ZJmcDHUVbl,collect:ClfxJ4ZJmcDHUVbl,Edmond,316,Jimo East,,44,,,0,0,1,1,2,3,Teacher,0,0,0,1,0,0,0,0,0,0,0,0,,0,0,5,0,4,0,0,0,0,Yes,1,acres,,,,,3,3,4,,16000,19000,12000,6000,17000,,,0,10000,11000,7000,-8000,,a half,a half,Yes,,,,20,1000,20,1-7-316,,31,wqt,wqt,Option 2,34,ugn,ugn,Option 2,25,uny,uny,Option 1,40,zrl,zrl,Option 1,,,,,,329934768,132ad4d1-00d4-4a9b-968c-95139243c194,15apr2024,,,submitted_via_web,farm_squares,vwKMA7mRdidyru7RTAEv4y,,125,16,Jimo East ,M,,,,Option 2,4,1,1,1,1,3,2,5,3,7,2,1,40,45,4,1,1,2,1,.40485829,.65330982,-4.31885,-12.169292,-1.5880598,.99932688,6.2302451,.33151379
1020319,1.855517034094669,36.43991218951385,.8843663298479456,5.110157362036087,-1.77964276785607,7.11720068266348,-31.88692667809908,4.920899250636785,11.86153275217928,-1.752309900007146,-.1312736325663556,1.064729240123026,2.783154261363431,-24.22996681253894,17apr2024,17apr2024,17apr2024,collect:ClfxJ4ZJmcDHUVbl,collect:ClfxJ4ZJmcDHUVbl,Edmond,319,Lynaginga,,55,,,1,0,1,2,0,0,Community health worker None of the above Committee or group leader,0,0,0,0,1,0,1,0,0,1,0,0,,2,0,1,0,10,0,0,0,0,Yes,.5,acres,,,,,4,2,4,,20000,50000,20000,30000,20000,,,0,5000,20000,50000,-65000,,three quarters,three quarters,Yes,,,,20,1000,20,3-7-319,,25,uny,uny,Option 1,39,nfd,nfd,Status Quo,30,tkc,tkc,Option 2,34,ugn,ugn,Option 1,,,,,,330679318,41425db1-8cd6-47cc-a2ed-bfe467d616b1,17apr2024,,,submitted_via_web,farm_squares,vwKMA7mRdidyru7RTAEv4y,,142,21,Lyanginga ,W,,,,Status Quo,4,1,1,1,1,3,3,1,6,4,3,2,48,42,2,3,1,1,1,.20242915,3.0653822,-24.578379,-2.6366763,-5.2414308,-4.0454283,13.613843,.078209311
1020324,2.501440530106579,21.83984146071783,27.8909009293102,4.44931011812784,2.345683361992183,-1.799219001115009,-31.57380201429665,4.314369456276793,16.8952834706803,19.20198377053586,-.1277867062383456,1.087213963730418,4.5921581335828,-42.68065741458609,18apr2024,18apr2024,18apr2024,collect:ClfxJ4ZJmcDHUVbl,collect:ClfxJ4ZJmcDHUVbl,Edmond,324,Lynaginga,,24,,,0,1,1,1,0,0,Church leadership,0,0,0,0,0,0,0,1,0,0,0,0,,2,0,3,0,5,0,0,1,3,Yes,.5,acres,,,,,3,2,5,,20000,12000,3800,10000,18200,,,0,1000,7000,11000,-17000,,a quarter,a quarter,Yes,,,,20,1000,20,3-7-324,,30,tkc,tkc,Option 2,34,ugn,ugn,Option 1,27,nam,nam,Option 1,33,ujw,ujw,Option 1,,,,,,330809146,f06b437c-a2b3-4f83-8e6d-17f525ddf6a9,18apr2024,,,submitted_via_web,farm_squares,vwKMA7mRdidyru7RTAEv4y,,157,22,Lyanginga ,M,,,,Option 1,2,4,1,1,1,3,2,1,6,4,3,1,44,9,2,3,1,1,1,.20242915,1.8129289,-4.9445581,-8.6889172,-4.5770969,-3.3620961,-2.3067002,-.47132868
1020418,.4659392271202978,16.40112969454712,26.75388662056806,.9503319936417314,4.484812112623693,12.08876453758275,-30.99226123121308,3.288102861698867,12.85878680619418,19.8228899045433,-.2244880696567808,.5755989378372018,3.896691997120721,-30.14264486108187,17apr2024,17apr2024,17apr2024,collect:pj959LJBBDwnmqUt,collect:pj959LJBBDwnmqUt,Lillian,418,Lynaginga,,64,,,1,1,3,0,1,1,Church leadership Committee or group leader,0,0,0,0,0,0,1,1,0,0,0,0,,3,0,0,0,10,0,0,0,0,Yes,3,acres,,,,,6,2,2,,7000,41000,25000,3000,20000,,,20000,12000,20000,5000,7000,,a half,a half,Yes,,,,20,1000,20,3-2-418,,24,coz,coz,Option 2,40,zrl,zrl,Option 1,26,ivp,ivp,Option 1,33,ujw,ujw,Option 2,,,,,,330701570,53bdd415-26e8-4f53-938b-3ba7e03803f5,17apr2024,,,submitted_via_web,farm_squares,vwKMA7mRdidyru7RTAEv4y,,149,19,Lyanginga ,W,,,,Option 2,3,1,1,1,1,3,3,4,5,2,3,2,48,103,4,3,1,1,1,1.2145749,2.8221636,-3.5423429,-6.9309969,-1.1748201,-.37473306,-6.9641032,-.082652271
1020421,2.857690554158752,22.81249472104866,27.510025242958,.46709352366665,2.183118957386861,4.550447866346013,-30.89646639793523,.4227783014504212,11.93731366371592,12.12312494881664,-2.109181503520013,1.917684055402293,3.953673904199905,-32.74776127863873,18apr2024,19apr2024,18apr2024,collect:pj959LJBBDwnmqUt,collect:pj959LJBBDwnmqUt,Lillian,421,Lynaginga,,63,,,1,0,3,1,1,5,Teacher Church leadership Committee or group leader,0,0,0,1,0,0,1,1,0,0,0,0,,2,0,2,0,10,0,0,0,0,Yes,1.14,hectares,,,,,6,2,2,,14000,40000,35000,2000,17000,,,3000,35000,25000,5000,8000,,nearly all or all,nearly all or all,Yes,,,,20,1000,20,3-2-421,,38,fgz,fgz,Option 1,31,wqt,wqt,Option 2,39,nfd,nfd,Status Quo,36,pzc,pzc,Status Quo,,,,,,331122644,f340a6d8-d72f-4167-9787-60feb6e85092,19apr2024,,,submitted_via_web,farm_squares,vwKMA7mRdidyru7RTAEv4y,,183,22,Lyanginga ,M,,,,Option 1,4,4,1,1,1,3,4,7,3,7,3,1,40,105,3,1,1,1,1,1.14,-2.4349122,-10.875181,-15.3869,-2.5762751,1.4505905,-.18581128,-10.320601
1020502,.2277314439155166,25.06186061663283,33.59062344113009,-4.313958862679107,3.714040465865995,-3.486766417083036,-31.12060596506924,3.177164187657288,25.34246049314558,21.27665575887299,-.5656464001851582,2.083723703950288,3.802658460781648,-36.98362769711072,08apr2024,08apr2024,08apr2024,collect:emwRLEvQ7IF2YIdG,collect:emwRLEvQ7IF2YIdG,Balentine,502,Agoro East,,57,,,0,0,1,6,3,4,Teacher Committee or group leader,0,0,0,1,0,0,1,0,0,0,,,,3,0,0,0,5,0,0,0,0,Yes,2,acres,,,,,5,2,3,,0,40000,12000,5000,23000,,,0,10000,12000,15000,-17000,,nearly all or all,nearly all or all,Yes,,,,20,1000,20,2-1-502,,34,ugn,ugn,Option 2,26,ivp,ivp,Option 2,29,uyt,uyt,Option 1,35,xai,xai,Option 2,,,,,,328258487,e856c690-690a-474b-95a9-2681aaf0f1b8,08apr2024,,,submitted_via_web,farm_squares,vLex4PnJZm3v574Etkmj8D,,53,3,Agoro East ,W,,,,Option 2,4,1,1,1,1,3,7,7,1,3,1,2,51,9,4,1,1,1,1,.80971658,2.9494328,.28059986,-12.313968,3.7483125,6.3976827,4.065805,.51249969
1020511,2.983944848341157,22.48798000210515,20.86471562964226,1.496848959891761,-2.410356742684939,1.743512922911306,-31.09257970185607,3.106113391003829,24.67120608656652,15.7099332350343,-.2717654156257483,.0034097179209299,3.904372784145256,-36.58443782213273,11apr2024,11apr2024,11apr2024,collect:emwRLEvQ7IF2YIdG,collect:emwRLEvQ7IF2YIdG,Balentine,511,Agoro East,,78,,,1,1,2,1,0,0,Committee or group leader Church leadership,0,0,0,0,0,0,1,1,0,0,,,,6,0,15,0,9,0,0,0,0,Yes,.5,acres,,,,,3,2,5,,5000,20000,7000,2000,16000,,,0,15000,6000,5000,4000,,a quarter,a quarter,Yes,,,,20,1000,20,2-1-511,,31,wqt,wqt,Status Quo,22,sdp,sdp,Option 2,29,uyt,uyt,Option 2,32,yqt,yqt,Option 2,,,,,,328824686,af653ee8-fb0a-4f85-9838-88c5689c23b6,11apr2024,,,submitted_via_web,farm_squares,vLex4PnJZm3v574Etkmj8D,,90,12,Agoro East ,M,,,,Option 2,1,1,1,1,1,3,3,2,5,2,1,1,38,90,4,1,1,2,1,.20242915,.12216854,2.1832261,-5.1547823,-1.7686144,-1.4934392,8.9612732,.00038049481
1030014,2.718310649725055,17.43246506764105,30.027870878971,-4.693281388622816,4.589899845260296,11.23908851270072,-31.70469690884775,.2747447546813094,70.11401375426975,28.08294258254664,.8623856661401992,3.284426813643497,4.041513660334952,-30.32140493466307,15apr2024,15apr2024,15apr2024,collect:AzIfObLTRPjO0gKG,collect:AzIfObLTRPjO0gKG,Brian,14,Jimo East,,35,,,0,0,1,1,0,1,Committee or group leader,0,0,0,0,0,0,1,0,0,0,0,0,,0,0,0,0,11,0,0,0,0,Yes,1.5,acres,,,,,5,3,2,,21400,9000,4500,750,25150,,,10800,4500,4500,750,10050,,three quarters,three quarters,Yes,,,,30,1000,20,1-6-14,,46,bdm,bdm,Option 2,55,xzu,xzu,Option 2,51,tlh,tlh,Option 2,47,omp,omp,Option 1,,,,,,329725408,e0f4c2df-91b6-4035-ae6a-8fc8d4b33203,15apr2024,,,submitted_via_web,farm_squares,vwKMA7mRdidyru7RTAEv4y,,113,15,Jimo East ,W,,,,Option 1,4,1,1,1,1,3,2,1,1,3,2,2,55,53,4,1,1,1,1,.60728747,-2.4435658,52.681549,-1.9449283,5.5556669,7.9777083,42.031071,.078142829
1030015,2.779577431505678,26.34430013700375,30.59735641708564,3.580622466189542,1.363793112785028,3.997984407026009,-30.88743628597746,3.140018841529699,15.55906347179749,26.34996186789857,.1964337229498426,1.96043538406562,3.451588724220888,-38.39010775140352,15apr2024,15apr2024,15apr2024,collect:AzIfObLTRPjO0gKG,collect:AzIfObLTRPjO0gKG,Brian,15,Jimo East,,60,,,0,0,2,2,0,0,Church leadership,0,0,0,0,0,0,0,1,0,0,0,0,,4,0,2,0,5,0,0,0,0,Yes,1,acres,,,,,3,1,6,,24000,12000,9200,450,26350,,,6000,6000,9200,450,2350,,a half,a half,Yes,,,,30,1000,20,1-6-15,,60,dxk,dxk,Option 2,50,sjm,sjm,Option 2,59,hsv,hsv,Option 2,49,gst,gst,Option 2,,,,,,329725413,4a8637eb-ff31-4041-99b7-e9b24a2debeb,15apr2024,,,submitted_via_web,farm_squares,vwKMA7mRdidyru7RTAEv4y,,114,15,Jimo East ,W,,,,Option 1,4,1,1,1,1,3,4,0,5,2,2,2,58,74,4,1,1,1,1,.40485829,.36044142,-10.785236,-4.2473946,-3.3841887,-1.620187,-10.790898,-.1816749
1030019,2.153170111143499,30.89089407120963,10.78437869461841,-2.296140525889284,-1.293947602960899,-3.872273684857731,-32.38333823643964,1.656212996389086,37.57687441578202,23.48416071494706,-.4267421097186273,1.452250535654964,4.730073248519759,-36.74076868696867,15apr2024,15apr2024,15apr2024,collect:AzIfObLTRPjO0gKG,collect:AzIfObLTRPjO0gKG,Brian,19,Jimo East,,62,,,1,1,2,2,0,0,Committee or group leader Church leadership,0,0,0,0,0,0,1,1,0,0,0,0,,0,0,0,0,15,0,0,0,0,Yes,1,acres,,,,,3,5,2,,20800,15600,3000,0,33400,,,1300,1300,3000,0,-400,,three quarters,three quarters,Yes,,,,30,1000,20,1-6-19,,51,tlh,tlh,Option 1,59,hsv,hsv,Status Quo,47,omp,omp,Status Quo,43,aml,aml,Status Quo,,,,,,329845690,9bda7840-19ac-4018-b44a-bf6e14ed078d,15apr2024,,,submitted_via_web,farm_squares,vwKMA7mRdidyru7RTAEv4y,,119,18,Jimo East ,W,,,,Option 2,4,1,1,1,1,3,4,2,2,5,2,2,65,28,4,1,1,1,1,.40485829,-.49695712,6.6859803,12.699782,1.8693985,3.7483912,14.092713,.10304975
1030103,1.72436936440922,25.92831966231536,40.64317961835973,3.988469899644712,-2.202335671754585,-.5513790236151304,-30.50142321948403,2.561814262587317,8.132185135979713,15.73929046794233,-1.145750204509323,.7940520572752533,3.857699357968677,-34.29467507331933,08apr2024,09apr2024,08apr2024,collect:PUVmXuVGNiQzddX1,collect:PUVmXuVGNiQzddX1,Carolyne,103,Agoro East,,70,,,1,1,1,0,0,0,None of the above,0,0,0,0,0,0,0,0,0,1,,,,0,0,6,0,40,0,0,1,2,Yes,3,acres,,,,,5,2,3,,50000,30000,40000,14000,26000,,,0,30000,30000,0,0,,a quarter,a quarter,Yes,,,,30,1000,20,2-3-103,,47,omp,omp,Option 2,55,xzu,xzu,Option 1,45,hiy,hiy,Option 1,58,idl,idl,Option 1,,,,,,328320141,3d35dcbf-6914-48fb-9c9a-b7b699d3002d,09apr2024,,,submitted_via_web,farm_squares,vLex4PnJZm3v574Etkmj8D,,63,3,Agoro East ,M,,,,Option 2,4,1,1,1,1,3,1,2,3,7,1,1,57,50,4,1,1,1,1,1.2145749,.8374449,-17.796135,-24.903889,-5.1342201,-3.194418,-7.6071053,-.10438295
1030105,2.268586173457349,21.97027880802603,23.54126431663806,1.108632841754471,4.714223226969798,.5971170633524499,-30.78433928524404,2.887396492696276,18.94684683468412,21.19207428347506,-.0060793430095705,1.880979531330059,3.254444021813795,-34.26176421769971,08apr2024,09apr2024,08apr2024,collect:PUVmXuVGNiQzddX1,collect:PUVmXuVGNiQzddX1,Carolyne,105,Agoro East,,52,,,1,0,0,2,1,0,Committee or group leader,0,0,0,0,0,0,1,0,0,0,,,,6,0,7,0,32,0,0,0,4,Yes,3,acres,,,,,3,2,5,,30000,30000,25000,5000,30000,,,12000,8000,25000,5000,-10000,,a quarter,a quarter,Yes,,,,30,1000,20,2-3-105,,50,sjm,sjm,Option 2,60,dxk,dxk,Option 1,43,aml,aml,Option 1,51,tlh,tlh,Option 2,,,,,,328266908,b25ee3aa-00d7-426f-854d-d83642a09a90,08apr2024,,,submitted_via_web,farm_squares,vLex4PnJZm3v574Etkmj8D,,59,6,Agoro East ,W,,,,Option 2,4,1,1,1,1,3,2,2,2,5,1,2,61,1,4,1,1,1,1,1.2145749,.6188103,-3.023432,-2.34919,-1.1147122,.77234668,-2.2452273,-.83776796
1030106,2.032505962571709,32.69487024224499,37.68275343061817,-2.450617499742629,3.372959769374977,2.367695193644773,-30.94385855856865,1.576477103415414,42.63756447314889,19.65094721180483,-.1135998845663886,2.36876133620639,4.661340963292627,-36.02681975562734,09apr2024,09apr2024,09apr2024,collect:PUVmXuVGNiQzddX1,collect:PUVmXuVGNiQzddX1,Carolyne,106,Agoro East,,55,,,0,0,1,3,0,0,Church leadership,0,0,0,0,0,0,0,1,0,0,0,0,,8,0,3,0,10,0,0,0,0,Yes,4,acres,,,,,7,1,2,,25000,20000,10000,10000,25000,,,15000,8000,10000,10000,3000,,a half,a half,Yes,,,,30,1000,20,2-3-106,,48,aef,aef,Option 1,53,bzm,bzm,Option 2,44,utb,utb,Option 1,47,omp,omp,Option 1,,,,,,328349655,9a243702-c342-480b-af1c-9c2b378f4290,09apr2024,,,submitted_via_web,farm_squares,vwKMA7mRdidyru7RTAEv4y,,64,6,Agoro East ,W,,,,Option 1,4,1,1,1,1,3,4,0,5,2,1,2,54,79,4,1,1,1,1,1.6194332,-.45602885,9.9426947,-18.031807,2.3370175,4.8193789,22.986618,.10304958
1030108,4.357382758197871,27.46593776640102,32.22270213943666,1.118548693299733,.2278675488791998,.5583887151812038,-31.53339982504594,2.647858357264544,31.70875505980944,20.35062223255094,.1261019811264992,2.1578079874014,3.414495104436089,-23.43045270117814,10apr2024,10apr2024,10apr2024,collect:PUVmXuVGNiQzddX1,collect:PUVmXuVGNiQzddX1,Carolyne,108,Agoro East,,58,,,1,0,4,1,0,0,Church leadership,0,0,0,0,0,0,0,1,0,0,0,0,,2,0,1,0,2,0,0,0,0,Yes,3,hectares,,,,,5,3,2,,2000,30000,5000,0,27000,,,0,2000,5000,35000,-38000,,a half,a half,Yes,,,,30,1000,20,2-3-108,,47,omp,omp,Option 1,58,idl,idl,Option 1,54,zon,zon,Option 1,52,zal,zal,Option 2,,,,,,328716757,8327420a-9b4e-46f2-9044-4d5ec128b826,10apr2024,,,submitted_via_web,farm_squares,vwKMA7mRdidyru7RTAEv4y,,75,8,Agoro East ,W,,,,Option 2,4,1,1,1,1,3,5,1,1,3,1,2,59,25,4,1,1,1,1,3,-1.7095244,4.2428174,-11.87208,-.99244672,1.0392593,11.358132,.18997912
1030109,4.317736100011338,19.91753982843964,26.93609076084665,-2.233671736507704,.535149614422131,2.013231370673339,-30.87972807220643,2.096822380367227,31.92783303703451,20.98487713518045,.3583403901933264,1.810273700932198,3.308625393765302,-33.86019251430727,10apr2024,10apr2024,10apr2024,collect:PUVmXuVGNiQzddX1,collect:PUVmXuVGNiQzddX1,Carolyne,109,Agoro East,,68,,,1,1,2,2,0,0,Church leadership,0,0,0,0,0,0,0,1,0,0,0,0,,6,0,4,0,7,0,0,0,0,Yes,1,acres,,,,,5,2,3,,8000,20000,2000,0,26000,,,0,10000,2000,0,8000,,a quarter,a quarter,Yes,,,,30,1000,20,2-3-109,,53,bzm,bzm,Option 1,47,omp,omp,Option 1,41,vsi,vsi,Option 2,55,xzu,xzu,Option 2,,,,,,328716759,3b5cfdc2-823a-4e7a-a9dd-333ebbc44e48,10apr2024,,,submitted_via_web,farm_squares,vwKMA7mRdidyru7RTAEv4y,,76,8,Agoro East ,W,,,,Option 1,3,2,1,2,2,3,4,2,5,2,1,2,57,105,4,1,1,1,1,.40485829,-2.2209136,12.010293,-5.9512138,2.5920122,4.0439453,10.942956,.16542822
1030114,5.276658183064955,16.44442604205492,25.06060398918223,-.6103149535340583,-.2885484179792052,3.260751803758815,-31.56118228717719,4.140904732999428,10.25247414875175,20.77126937675536,-.6380939059524662,1.428282645176788,3.662419605223712,-37.3642003811276,15apr2024,15apr2024,15apr2024,collect:PUVmXuVGNiQzddX1,collect:PUVmXuVGNiQzddX1,Carolyne,114,Jimo East,,52,,,0,0,1,0,0,2,Church leadership Committee or group leader,0,0,0,0,0,0,1,1,0,0,0,0,,0,0,0,0,0,0,0,0,0,Yes,2,acres,,,,,3,4,3,,12000,20000,200,0,31800,,,6000,10000,2000,0,14000,,three quarters,three quarters,Yes,,,,30,1000,20,1-3-114,,56,kud,kud,Option 1,60,dxk,dxk,Option 2,45,hiy,hiy,Option 2,53,bzm,bzm,Status Quo,,,,,,329693896,97b526fb-7115-48ab-a07a-3f44be61969c,15apr2024,,,submitted_via_web,farm_squares,vwKMA7mRdidyru7RTAEv4y,,106,14,Jimo East ,M,,,,Option 1,4,4,3,1,1,3,1,2,3,7,2,1,64,61,4,3,1,4,1,.80971658,-1.1357534,-6.1919518,-4.2893348,-.027778953,2.0385976,-10.518795,-.13578387
1030116,1.800734396207135,31.75720674321865,24.3944672570753,-2.732851365101264,-3.335268395327117,2.587143520428286,-30.976635775741,1.265226173636876,-31.33245984780286,13.83178106709076,.7356426133972019,.8472377847577837,3.994754172548258,-40.37347451967011,15apr2024,15apr2024,15apr2024,collect:PUVmXuVGNiQzddX1,collect:PUVmXuVGNiQzddX1,Carolyne,116,Jimo East,,60,,,0,0,2,4,1,0,None of the above,0,0,0,0,0,0,0,0,0,1,0,0,,1,0,0,0,20,0,0,0,0,Yes,2,acres,,,,,5,3,2,,0,50000,20000,0,30000,,,0,32000,20000,0,12000,,a quarter,a quarter,Yes,,,,30,1000,20,1-3-116,,59,hsv,hsv,Option 1,58,idl,idl,Option 1,51,tlh,tlh,Option 1,60,dxk,dxk,Option 2,,,,,,329707952,6c2b09a2-eb04-49b8-99a8-a27f5efe1849,15apr2024,,,submitted_via_web,farm_squares,vwKMA7mRdidyru7RTAEv4y,,108,14,Jimo East ,M,,,,Option 2,4,2,1,1,1,3,6,1,1,3,2,1,61,58,4,1,1,1,1,.80971658,-.53550822,-63.089668,-10.562686,3.4684939,3.5800891,-45.164242,-.01875904
1030121,4.688760379604927,25.60782155401705,32.47797885696069,-1.459239090010419,1.118275853380986,6.592087831227997,-30.83854679204117,2.997894930689137,42.52134541162287,19.55060150110732,-.6614818591301219,.5520906985262488,3.039927706321003,-34.64141404928559,17apr2024,17apr2024,17apr2024,collect:PUVmXuVGNiQzddX1,collect:PUVmXuVGNiQzddX1,Carolyne,121,Lynaginga,,62,,,0,1,0,0,0,0,Church leadership,0,0,0,0,0,0,0,1,0,0,0,0,,0,0,0,0,6,0,0,0,0,Yes,.5,acres,,,,,5,2,3,,10000,20000,3000,0,27000,,,5000,10000,3000,0,12000,,a half,a half,Yes,,,,30,1000,20,3-3-121,,58,idl,idl,Option 1,45,hiy,hiy,Option 2,41,vsi,vsi,Option 2,50,sjm,sjm,Option 1,,,,,,330708862,044c392d-ef3d-4f70-8a75-7d178b8459ff,17apr2024,,,submitted_via_web,farm_squares,vwKMA7mRdidyru7RTAEv4y,,154,19,Lyanginga ,W,,,,Option 1,4,2,1,1,1,3,0,1,5,2,3,2,59,58,4,2,1,1,1,.20242915,-1.6908654,16.913525,-12.927378,.79775721,2.0113299,22.970743,.024034517
1030123,4.117339679850253,23.4847632259502,34.08777488927065,1.619718179264269,-3.010118920842727,5.020805411984508,-31.08166767125027,.8592290690640934,9.175345776776176,11.85326321003411,-.221689313399254,1.494823305170274,3.107347366459833,-21.92256390347777,18apr2024,18apr2024,18apr2024,collect:PUVmXuVGNiQzddX1,collect:PUVmXuVGNiQzddX1,Carolyne,123,Lynaginga,,78,,,0,1,1,0,0,1,Teacher Church leadership Committee or group leader,0,0,0,1,0,0,1,1,0,0,0,0,,2,0,0,0,0,0,0,0,0,Yes,1.5,acres,,,,,4,4,2,,25000,30000,30000,0,25000,,,15000,15000,30000,0,0,,a quarter,a quarter,Yes,,,,30,1000,20,3-3-123,,58,idl,idl,Option 1,50,sjm,sjm,Option 1,46,bdm,bdm,Option 1,53,bzm,bzm,Option 1,,,,,,331005811,1987741f-e655-4c3b-8149-370a78466dd6,18apr2024,,,submitted_via_web,farm_squares,vwKMA7mRdidyru7RTAEv4y,,159,23,Lyanginga ,W,,,,Status Quo,4,1,1,4,1,3,1,2,1,3,3,2,54,50,4,2,2,1,1,.60728747,-3.2581105,-14.309418,-22.234512,-1.8414075,-.12489487,-2.6779175,-.55820364
1030124,-1.121133132599478,18.77191561162208,28.49747180566364,2.045434649520393,2.692528028385557,7.987849961407222,-32.07206490692123,1.36206544955613,51.2948114861809,29.79509950965504,-1.180345924143353,1.663046587565379,4.334374106672762,-26.04651814067114,18apr2024,18apr2024,18apr2024,collect:PUVmXuVGNiQzddX1,collect:PUVmXuVGNiQzddX1,Carolyne,124,Lynaginga,,78,,,0,1,0,0,0,0,Teacher,0,0,0,1,0,0,0,0,0,0,0,0,,0,0,0,0,2,0,0,0,0,Yes,1,acres,,,,,5,3,2,,0,30000,5000,0,25000,,,0,15000,5000,0,10000,,a half,a half,Yes,,,,30,1000,20,3-3-124,,48,aef,aef,Option 1,53,bzm,bzm,Option 2,52,zal,zal,Status Quo,49,gst,gst,Option 1,,,,,,331005816,eb623e7e-8908-4467-98ad-d61690438b13,18apr2024,,,submitted_via_web,farm_squares,vwKMA7mRdidyru7RTAEv4y,,160,23,Lyanginga ,W,,,,Option 2,4,1,1,1,1,3,0,1,6,4,3,2,54,52,4,2,1,1,1,.40485829,2.4831986,32.522896,1.2976277,-3.2257805,-.38238806,21.499712,.07735204
1030308,3.420083554606419,2.058159695537724,15.68159471082814,1.547680856146718,1.752607712219823,2.908888657227604,-31.72951165201104,-1.088881221709972,62.67599931787311,23.32951834988821,-.0459954106920578,3.103518862751543,4.801403034259061,-38.59695384281338,10apr2024,10apr2024,10apr2024,collect:ClfxJ4ZJmcDHUVbl,collect:ClfxJ4ZJmcDHUVbl,Edmond,308,Agoro East,,24,,,0,0,3,1,1,3,Committee or group leader,0,0,0,0,0,0,1,0,0,0,0,0,,0,0,1,0,10,0,0,0,0,Yes,3,acres,,,,,3,4,3,,30000,24000,18000,10000,26000,,,18000,5000,15000,1500,6500,,a quarter,a quarter,Yes,,,,30,1000,20,2-7-308,,57,rkv,rkv,Status Quo,48,aef,aef,Status Quo,51,tlh,tlh,Option 2,53,bzm,bzm,Option 1,,,,,,328716376,c4e575b7-c268-4735-898b-1eebd2ea5dad,10apr2024,,,submitted_via_web,farm_squares,vwKMA7mRdidyru7RTAEv4y,,72,8,Agoro East ,W,,,,Option 1,1,1,1,1,1,3,4,4,6,4,1,2,57,101,3,1,1,1,1,1.2145749,-4.5089645,60.61784,7.6479235,-1.5936762,1.555838,39.346481,.078876659
1030309,2.237518848328637,28.48089846882056,18.95878945438773,2.476304829288484,1.376772868258756,6.205616995897542,-31.14232989880809,1.105835296502339,39.33149080999075,28.17363783831895,.8961055156910155,1.415379144205698,3.124339158108699,-45.54486204723663,10apr2024,10apr2024,10apr2024,collect:ClfxJ4ZJmcDHUVbl,collect:ClfxJ4ZJmcDHUVbl,Edmond,309,Agoro East,,45,,,0,0,1,2,0,2,None of the above,0,0,0,0,0,0,0,0,0,1,0,0,,2,0,0,0,5,0,0,0,0,Yes,1,acres,,,,,3,2,5,,10700,30000,9100,0,31600,,,0,1100,4500,0,-3400,,a half,a half,Yes,,,,30,1000,20,2-7-309,,51,tlh,tlh,Status Quo,41,vsi,vsi,Option 2,54,zon,zon,Option 1,52,zal,zal,Option 1,,,,,,328716379,db6e1da0-adf6-49f5-8758-ed75091080fd,10apr2024,,,submitted_via_web,farm_squares,vwKMA7mRdidyru7RTAEv4y,,73,8,Agoro East ,W,,,,Option 2,3,1,1,1,1,3,3,2,1,3,1,2,63,23,4,1,1,1,1,.40485829,-1.1316836,10.850593,9.2148485,-1.5801994,-1.0609257,11.157853,.12685049
1030314,1.606169613039419,21.6424613900792,33.81270892014435,4.126232247542371,-.3007742018145501,6.825887849473816,-29.91386390051028,2.151026992319301,43.39674476154452,21.54210534296045,-1.256138979921083,1.306587121086239,3.508625225295796,-23.50280305420101,15apr2024,15apr2024,15apr2024,collect:ClfxJ4ZJmcDHUVbl,collect:ClfxJ4ZJmcDHUVbl,Edmond,314,Jimo East,,36,,,0,0,3,1,0,3,None of the above,0,0,0,0,0,0,0,0,0,1,0,0,,0,0,6,0,10,0,0,0,0,Yes,1,acres,,,,,3,1,6,,12000,52000,15000,15000,34000,,,7000,17000,15000,15000,-6000,,nearly all or all,nearly all or all,Yes,,,,30,1000,20,1-7-314,,60,dxk,dxk,Option 2,44,utb,utb,Option 2,54,zon,zon,Option 1,52,zal,zal,Option 2,,,,,,329934746,c4598d25-64f2-40b7-a9e8-87ad5e1fd170,15apr2024,,,submitted_via_web,farm_squares,vwKMA7mRdidyru7RTAEv4y,,121,14,Jimo East ,M,,,,Option 2,4,1,1,1,1,3,4,3,1,3,2,1,67,39,2,2,2,2,1,.40485829,.54485738,21.754284,-12.270603,-5.3823714,-2.8196452,21.854639,.059785344
1030323,3.619017385623952,7.781663393262044,22.57980340496106,6.221045752231038,-.4923642491957214,1.530479753372556,-30.78418407637063,3.336230906567217,-8.207672232098403,14.24472350377774,.318751173371629,2.332077769239627,4.111267909428837,-35.22282701221407,18apr2024,18apr2024,18apr2024,collect:ClfxJ4ZJmcDHUVbl,collect:ClfxJ4ZJmcDHUVbl,Edmond,323,Lynaginga,,27,,,0,0,1,1,1,1,Church leadership,0,0,0,0,0,0,0,1,0,0,0,0,,0,0,2,0,12,3,0,1,0,Yes,.5,acres,,,,,6,2,2,,25000,15000,8000,3000,29000,,,9200,14000,5000,8000,10200,,three quarters,three quarters,Yes,,,,30,1000,20,3-7-323,,44,utb,utb,Status Quo,50,sjm,sjm,Status Quo,60,dxk,dxk,Status Quo,46,bdm,bdm,Status Quo,,,,,,330809144,9c3ba275-31d5-44d0-81f7-a9aa10bd0a43,18apr2024,,,submitted_via_web,farm_squares,vwKMA7mRdidyru7RTAEv4y,,156,26,Lyanginga ,M,,,,Status Quo,4,4,1,1,1,3,2,2,7,6,3,1,60,54,4,3,1,1,1,.20242915,-.28278649,-15.989336,-8.3350801,-5.9022946,-3.888968,-22.452396,-.10386766
1030403,.9840609025109709,18.84004728508479,26.36147108537755,-5.564441950626133,1.098724736904396,11.13986070232021,-31.29960524731334,-.187167512666235,55.22937401066222,25.06311310750328,.1266055615785031,1.226188505040175,3.203178567619398,-21.60790973407392,09apr2024,09apr2024,09apr2024,collect:pj959LJBBDwnmqUt,collect:pj959LJBBDwnmqUt,Lillian,403,Agoro East,,67,,,1,0,1,0,0,0,Church leadership Teacher,0,0,0,1,0,0,0,1,0,0,0,0,,1,0,0,0,0,0,0,0,0,Yes,.78,hectares,,,,,6,0,4,,25000,60000,50000,5000,30000,,,25000,25000,50000,5000,-5000,,three quarters,three quarters,Yes,,,,30,1000,20,2-2-403,,59,hsv,hsv,Option 1,48,aef,aef,Option 1,43,aml,aml,Option 1,51,tlh,tlh,Option 1,,,,,,328503669,858a94fc-f7c3-4f69-aa37-d8b6c9912beb,09apr2024,,,submitted_via_web,farm_squares,vwKMA7mRdidyru7RTAEv4y,,67,,,,,,,Option 1,1,1,1,1,1,3,1,1,6,4,,,61,36,2,2,1,4,2,.77999997,-1.1712284,36.389328,-1.298358,5.6910477,6.7906303,30.166262,.040647678
1030404,1.200894007565066,40.12694277130847,27.50145808008583,3.769906494443552,5.363846123565179,6.782215594000311,-32.07761935876594,3.968204162663125,24.67491796530999,22.84446890300744,-.3210994517742254,.9884897920588204,3.890568681239568,-35.21276797553994,08apr2024,08apr2024,08apr2024,collect:pj959LJBBDwnmqUt,collect:pj959LJBBDwnmqUt,Lillian,404,Agoro East,,62,,,0,1,3,2,0,5,Committee or group leader Church leadership Community health volunteer,0,0,0,0,0,1,1,1,0,0,,,,5,0,6,0,1,0,0,0,0,Yes,5,acres,,,,,8,0,2,,23760,23000,13000,8000,25760,,,1500,5500,10350,40000,-43350,,a quarter,a quarter,Yes,,,,30,1000,20,2-2-404,,49,gst,gst,Option 1,50,sjm,sjm,Option 2,57,rkv,rkv,Option 1,51,tlh,tlh,Option 2,,,,,,328244060,050737e7-bb3e-4856-aa66-14e260a5a5fa,08apr2024,,,submitted_via_web,farm_squares,vLex4PnJZm3v574Etkmj8D,,49,5,Agoro East ,W,,,,Option 2,4,1,1,1,1,3,5,6,7,6,1,2,56,33,4,2,2,1,1,2.0242915,2.7673101,-15.452024,-4.6569891,-4.0910058,-2.7814167,1.8304491,.54002583
1030422,,,,,,,,,,,,,,,18apr2024,19apr2024,18apr2024,collect:pj959LJBBDwnmqUt,collect:pj959LJBBDwnmqUt,Lillian,422,Lynaginga,,55,,,0,0,3,3,3,2,Community health volunteer Committee or group leader Church leadership,0,0,0,0,0,1,1,1,0,0,0,0,,3,0,0,0,20,0,0,0,0,Yes,.4,hectares,,,,,4,4,2,,3000,55000,25000,3000,30000,,,1500,6000,20000,5000,-17500,,a half,a half,Yes,,,,30,1000,20,3-2-422,,49,gst,gst,Option 1,45,hiy,hiy,Option 2,48,aef,aef,Option 1,50,sjm,sjm,Status Quo,,,,,,331122640,ed79136a-ea7f-4e5f-9bfb-7cce2697102c,19apr2024,,,submitted_via_web,farm_squares,vwKMA7mRdidyru7RTAEv4y,,181,,,,,,,,,,,,,1,6,5,2,5,,,61,10,4,2,1,1,1,.40000001,,,,,,,
1030425,,,,,,,,,,,,,,,,,,,,,,,,,,,,,,,,,,,,,,,,,,,,,,,,,,,,,,,,,,,,,,,,,,,,,,,,,,,,,,,,,,,,,,,,,,,,,,,,,,,,,,,,,,,,,,,,,,,,,,,,,,27,Lyanginga ,M,,,,,,,,,,1,,,,,3,1,,,,,,,,,,,,,,,
1030493,,,,,,,,,,,,,,,,,,,,,,,,,,,,,,,,,,,,,,,,,,,,,,,,,,,,,,,,,,,,,,,,,,,,,,,,,,,,,,,,,,,,,,,,,,,,,,,,,,,,,,,,,,,,,,,,,,,,,,,,,,1,Agoro East ,M,,,,,,,,,,1,,,,,1,1,,,,,,,,,,,,,,,
1030509,1.319363056813557,40.47366052961324,25.5473165427873,4.539440208737301,.3607859780300964,1.713255083928461,-31.72962585593781,1.62996894805216,13.557934867207,16.12837007551416,-.8748018253466779,2.263677902547979,4.544068692988888,-32.54627421298979,11apr2024,11apr2024,11apr2024,collect:emwRLEvQ7IF2YIdG,collect:emwRLEvQ7IF2YIdG,Balentine,509,Agoro East,,46,,,0,0,2,4,0,0,None of the above,0,0,0,0,0,0,0,0,0,1,,,,2,0,0,0,10,0,0,0,0,Yes,1,acres,,,,,3,0,7,,15000,30000,12000,2000,31000,,,5000,15000,8000,5000,7000,,a quarter,a quarter,Yes,,,,30,1000,20,2-1-509,,55,xzu,xzu,Option 1,52,zal,zal,Option 2,49,gst,gst,Option 1,57,rkv,rkv,Option 1,,,,,,328824682,cf5e2ac9-8b00-4459-82b5-f02186840329,11apr2024,,,submitted_via_web,farm_squares,vLex4PnJZm3v574Etkmj8D,,88,12,Agoro East ,W,,,,Option 1,4,1,1,1,1,3,6,0,1,3,1,2,62,103,4,2,4,1,1,.40485829,.31060588,-26.915726,-9.4189463,-5.4142423,-2.2757623,-2.5704353,-.88065934
1030521,2.500495476487982,44.83775241789655,33.52374374182956,3.287502577388042,-2.732121375300022,1.687538518499649,-30.95466580962399,1.381184205455974,39.83626246554325,21.79763612441619,.6415251820711345,1.453150334557311,3.536521717544586,-27.82258043034885,18apr2024,18apr2024,18apr2024,collect:emwRLEvQ7IF2YIdG,collect:emwRLEvQ7IF2YIdG,Balentine,521,Lynaginga,,50,,,1,0,0,1,0,0,None of the above,0,0,0,0,0,0,0,0,0,1,0,0,,2,0,0,0,10,0,0,0,0,Yes,.5,acres,,,,,4,3,3,,5000,30000,3000,3000,29000,,,4000,15000,5000,5000,9000,,a quarter,a quarter,Yes,,,,30,1000,20,3-1-521,,58,idl,idl,Option 1,45,hiy,hiy,Option 1,55,xzu,xzu,Option 1,46,bdm,bdm,Option 1,,,,,,331074061,049a7e30-83f2-41b5-9c88-554164778c39,18apr2024,,,submitted_via_web,farm_squares,vwKMA7mRdidyru7RTAEv4y,,171,25,Lyanginga ,W,,,,Option 2,4,1,1,1,1,3,1,1,1,3,3,2,60,108,3,2,2,2,2,.20242915,-1.1193112,-5.0014901,-11.726108,-2.6459775,-1.8343523,18.038626,.080557704
1040006,1.53675049209411,23.11341687656188,28.90200651193701,-5.080003633816904,-.0226745456519223,3.660522095524338,-31.67501033173802,2.617915879990538,25.86159579724977,22.15421490368997,-.3734879948620208,.5097492335089353,4.090643776618538,-35.54409375015706,10apr2024,10apr2024,10apr2024,collect:AzIfObLTRPjO0gKG,collect:AzIfObLTRPjO0gKG,Brian,6,Agoro East,,78,,,1,1,1,0,0,0,Committee or group leader,0,0,0,0,0,0,1,0,0,0,0,0,,4,0,2,0,25,0,0,0,0,Yes,5,acres,,,,,6,2,2,,68160,6000,25000,8000,41160,,,25000,6000,17500,10000,3500,,three quarters,three quarters,Yes,,,,40,1000,20,2-6-6,,66,vio,vio,Option 2,69,zhy,zhy,Option 1,68,otr,otr,Option 2,61,joq,joq,Option 2,,,,,,328742522,0a6b27e0-1496-4241-957c-fcbdaa34c298,10apr2024,,,submitted_via_web,farm_squares,vwKMA7mRdidyru7RTAEv4y,,84,9,Agoro East ,M,,,,Option 2,4,1,1,1,1,3,1,2,6,4,1,1,76,86,4,1,1,1,1,2.0242915,1.0811654,2.748179,-6.7477918,4.7065158,5.5897527,3.707381,.13749577
1040020,2.768738420923372,24.04278672106046,11.58493050169877,2.748555577293168,3.464276641705685,-.8803793564297492,-30.77016922467444,3.319799507158279,3.329882007578051,8.925560664836944,-.5262507396961087,.7589465236976906,3.781812665987699,-42.8363282998511,17apr2024,17apr2024,17apr2024,collect:AzIfObLTRPjO0gKG,collect:AzIfObLTRPjO0gKG,Brian,20,Lynaginga,,39,,,0,1,2,3,2,2,Community health worker Community health volunteer Teacher Church leadership,0,0,0,1,1,1,0,1,0,0,0,0,,2,0,0,0,6,0,0,0,0,Yes,.5,hectares,,,,,3,2,5,,30000,20000,9000,4000,37000,,,5000,2500,9000,4000,-5500,,a half,a half,Yes,,,,40,1000,20,3-6-20,,76,ehg,ehg,Option 1,71,wsx,wsx,Option 2,77,mxe,mxe,Option 1,69,zhy,zhy,Status Quo,,,,,,331083695,a9f5425b-ed74-4c47-9764-f9a9602d223e,18apr2024,,,submitted_via_web,farm_squares,vwKMA7mRdidyru7RTAEv4y,,172,19,Lyanginga ,W,,,,Status Quo,4,1,1,1,1,3,5,5,1,3,3,2,69,38,4,1,1,1,1,.5,.55106109,-20.712904,-2.6593699,-3.2748063,-1.989609,-5.5956788,-.13563082
1040022,2.29894994496023,2.544491868124392,25.17657119244591,-2.072347839000946,5.352947258855139,9.746148356883978,-31.80916483016042,3.388702075618339,6.194008169712253,16.70352904332893,-.1201378518985642,.79373957913046,3.962890855931615,-25.95066090854045,17apr2024,17apr2024,17apr2024,collect:AzIfObLTRPjO0gKG,collect:AzIfObLTRPjO0gKG,Brian,22,Lynaginga,,60,,,0,0,1,3,1,0,Church leadership,0,0,0,0,0,0,0,1,0,0,0,0,,0,0,0,0,0,0,0,0,0,Yes,.25,acres,,,,,4,1,5,,24000,24000,5000,800,42200,,,4000,4000,5000,800,2200,,a half,a half,Yes,,,,40,1000,20,3-6-22,,65,edx,edx,Option 2,80,qhw,qhw,Option 1,63,rgh,rgh,Option 1,73,web,web,Option 2,,,,,,331083716,2bdaff52-93f2-4c0f-a9ca-277dfd9b18f8,18apr2024,,,submitted_via_web,farm_squares,vwKMA7mRdidyru7RTAEv4y,,174,20,Lyanginga ,M,,,,Option 2,2,1,2,2,2,3,4,1,2,5,3,1,78,71,4,1,1,2,2,.10121457,1.0897521,3.6495163,-8.4730425,1.9522099,2.8660874,-10.509521,-.075525768
1040126,3.337666510749211,13.75751893875316,22.39621308593689,-5.279108832012583,-.3690150876899009,8.459949639395449,-30.95800495853711,.8270379051249617,57.34165665743918,23.51993559229449,1.386161065607206,2.139417193812125,3.677551612109924,-36.06416887337975,18apr2024,18apr2024,18apr2024,collect:PUVmXuVGNiQzddX1,collect:PUVmXuVGNiQzddX1,Carolyne,126,Lynaginga,,66,,,1,1,0,0,1,0,Church leadership,0,0,0,0,0,0,0,1,0,0,0,0,,0,0,3,0,12,0,0,0,0,Yes,1,acres,,,,,5,2,3,,15000,30000,10000,0,35000,,,0,15000,10000,0,5000,,a half,a half,Yes,,,,40,1000,20,3-3-126,,69,zhy,zhy,Option 2,63,rgh,rgh,Option 1,68,otr,otr,Option 2,77,mxe,mxe,Option 2,,,,,,331005828,f73ca601-9185-4a78-a60f-612261f31b5b,18apr2024,,,submitted_via_web,farm_squares,vwKMA7mRdidyru7RTAEv4y,,163,25,Lyanginga ,W,,,,Option 1,4,1,1,1,1,3,0,3,5,2,3,2,68,96,4,2,1,1,1,.40485829,-2.5106287,43.584137,1.1237226,6.6652699,7.4185262,33.82172,.06325572
1040218,.5926124188646911,32.62835322105735,45.15182220103446,-2.019734928123806,1.225678201077731,2.395967688699317,-31.19472256168206,1.887097047266754,38.24193235426872,21.95823406568031,-1.231151391877208,2.376431573044345,4.11270372868433,-29.55809492305029,15apr2024,15apr2024,15apr2024,collect:6Nk0OyKCn2nzY2x6,collect:6Nk0OyKCn2nzY2x6,Nelson,218,Jimo East,,68,,,0,1,1,3,0,1,None of the above,0,0,0,0,0,0,0,0,0,1,0,0,,4,0,0,0,6,0,0,0,0,Yes,1,acres,,,,,3,4,3,,20000,50000,15000,15000,40000,,,5000,30000,15000,40000,-20000,,three quarters,three quarters,Yes,,,,40,1000,20,1-4-218,,74,ybe,ybe,Option 2,76,ehg,ehg,Option 2,78,flb,flb,Option 1,73,web,web,Option 2,,,,,,330018133,15828084-c253-47fb-ac2b-22e253226d2c,16apr2024,,,submitted_via_web,farm_squares,vwKMA7mRdidyru7RTAEv4y,,137,15,Jimo East ,W,,,,Option 1,1,2,1,1,1,3,4,2,4,1,2,2,74,14,3,1,2,2,2,.40485829,1.2944846,5.6135793,-23.193588,.78858352,4.3961663,16.283699,.14593929
1040224,2.48471888455191,1.173495707514201,26.00101365794264,-.4625859148864017,3.40523576466571,2.04421808882229,-31.86015517891028,3.425962749433703,30.91338771296186,22.87692793915362,-.4147042990512261,1.703983118321019,4.575821537619109,-29.32833379479007,18apr2024,18apr2024,18apr2024,collect:6Nk0OyKCn2nzY2x6,collect:6Nk0OyKCn2nzY2x6,Nelson,224,Jimo East,,48,,,0,0,3,2,1,0,Committee or group leader Church leadership,0,0,0,0,0,0,1,1,0,0,0,0,,2,0,0,0,17,0,2,0,0,Yes,.25,acres,,,,,6,2,2,,45000,35000,25000,15000,40000,,,25000,25000,15000,25000,10000,,a quarter,a quarter,Yes,,,,40,1000,20,1-4-224,,63,rgh,rgh,Option 1,70,dij,dij,Option 1,71,wsx,wsx,Option 2,64,nkb,nkb,Option 2,,,,,,331402365,e1953a0c-7176-4f9e-9fcb-7c7eee91a243,19apr2024,,,submitted_via_web,farm_squares,vwKMA7mRdidyru7RTAEv4y,,185,24,Lyanginga ,W,,,,Option 1,4,2,1,1,1,3,5,1,2,5,3,2,74,52,3,1,1,1,1,.10121457,.94124389,29.739891,-3.1240857,.047881614,2.166569,8.0364599,.21203156
1040231,3.661454138347066,3.075509279941643,6.558739817188402,2.296631775566057,-.5122575988684869,-4.1954817167612,-31.20813385027066,2.975368783998097,39.27922819310461,22.72475945621781,-.1958739892179556,2.522701649852226,3.435103583783874,-31.49612472241555,18apr2024,18apr2024,18apr2024,collect:6Nk0OyKCn2nzY2x6,collect:6Nk0OyKCn2nzY2x6,Nelson,231,Lynaginga,,64,,,1,1,2,1,1,1,None of the above,0,0,0,0,0,0,0,0,0,1,0,0,,2,0,1,0,3,0,0,0,0,Yes,2.5,acres,,,,,5,3,2,,4000,50000,10000,3000,41000,,,0,20000,4000,15000,1000,,a quarter,a quarter,Yes,,,,40,1000,20,3-4-231,,70,dij,dij,Option 1,63,rgh,rgh,Status Quo,76,ehg,ehg,Option 1,62,adf,adf,Status Quo,,,,,,331402384,e1d8ab54-dd26-4866-9cfa-1bb97b31bdd1,19apr2024,,,submitted_via_web,farm_squares,vwKMA7mRdidyru7RTAEv4y,,192,27,Lyanginga ,W,,,,Option 1,2,2,2,1,1,3,3,4,5,2,3,2,75,51,2,2,2,2,2,1.0121458,-.68608534,36.20372,16.166019,-2.4925058,.22606987,16.554468,.15238796
1040315,2.588934383437105,13.10001479690257,38.61023363818594,-3.886235351468652,1.549771551616235,7.473402083051575,-30.83062412472678,3.392258962439993,-21.01215554230293,23.75777357062814,-.3355887544589233,.5994419938213391,3.137935067414126,-27.78175251957346,15apr2024,15apr2024,15apr2024,collect:ClfxJ4ZJmcDHUVbl,collect:ClfxJ4ZJmcDHUVbl,Edmond,315,Jimo East,,29,,,0,0,1,2,1,2,Church leadership Committee or group leader,0,0,0,0,0,0,1,1,0,0,0,0,,2,0,0,0,12,0,0,0,0,Yes,1,acres,,,,,4,3,3,,25000,40000,12000,15000,38000,,,15000,25000,20000,20000,0,,nearly all or all,nearly all or all,Yes,,,,40,1000,20,1-7-315,,62,adf,adf,Option 2,67,xto,xto,Option 1,63,rgh,rgh,Option 1,77,mxe,mxe,Option 2,,,,,,329934751,5758d3dd-2bbe-4188-8a1d-23192f6e1997,15apr2024,,,submitted_via_web,farm_squares,vwKMA7mRdidyru7RTAEv4y,,122,15,Jimo East ,W,,,,Option 2,4,1,1,1,1,3,3,3,6,4,2,2,71,50,1,2,1,3,3,.40485829,.80332458,-34.112171,-14.85246,3.5506465,4.4856772,-44.769928,-.013389389
1040406,2.80613143178823,25.53337133510952,23.36132041318966,4.939174364951914,.3079863673801605,3.615673324067621,-31.52975516149409,-.0883596238461008,48.74562150293941,28.39082488247283,-.5252397903252475,2.313286739392833,4.189188283352206,-25.86214875759196,10apr2024,10apr2024,10apr2024,collect:pj959LJBBDwnmqUt,collect:pj959LJBBDwnmqUt,Lillian,406,Agoro East,,69,,,1,1,3,2,0,0,Committee or group leader Church leadership,0,0,0,0,0,0,1,1,0,0,0,0,,4,0,2,0,10,0,0,0,0,Yes,1.5,acres,,,,,3,5,2,,35000,39000,30000,5000,39000,,,6000,7300,15000,25000,-26700,,a quarter,a quarter,Yes,,,,40,1000,20,2-2-406,,73,web,web,Option 1,77,mxe,mxe,Option 1,78,flb,flb,Option 1,79,aky,aky,Option 2,,,,,,328738300,c3684675-de01-443a-ad28-11bca8f5903f,10apr2024,,,submitted_via_web,farm_squares,vwKMA7mRdidyru7RTAEv4y,,79,9,Agoro East ,W,,,,Option 1,4,1,1,1,1,3,5,2,5,2,1,2,72,19,4,1,1,1,1,.60728747,-2.894491,23.21225,5.0295043,-5.4644141,-2.6258876,20.354797,.11364824
1040420,.8293515149204055,28.88587836370683,33.68814151283922,3.193906958037079,4.397148174665042,10.8944619739198,-31.42000978747622,4.007220362349219,3.573764576881822,14.37788324931165,-.3461933580375077,.2804887978166277,3.70778104450744,-34.49652994044401,17apr2024,17apr2024,17apr2024,collect:pj959LJBBDwnmqUt,collect:pj959LJBBDwnmqUt,Lillian,420,Lynaginga,,50,,,0,0,1,2,3,0,Church leadership,0,0,0,0,0,0,0,1,0,0,0,0,,3,0,2,0,10,0,0,0,0,Yes,.5,acres,,,,,5,2,3,,21000,26500,8000,2000,37500,,,3000,12000,8000,3000,4000,,a half,a half,Yes,,,,40,1000,20,3-2-420,,80,qhw,qhw,Option 1,78,flb,flb,Option 1,69,zhy,zhy,Option 1,77,mxe,mxe,Option 1,,,,,,330701546,1d7d91cd-9b55-4d38-b704-9dfc24fa1244,17apr2024,,,submitted_via_web,farm_squares,vwKMA7mRdidyru7RTAEv4y,,147,19,Lyanginga ,W,,,,Status Quo,4,1,1,1,1,3,3,3,5,2,3,2,70,90,4,3,1,1,1,.20242915,3.1778688,-25.312115,-19.310259,-3.5401003,-2.9134181,-10.804119,-.025961284
1040501,1.924751320292086,19.95530307047426,29.9284726155723,-1.655107864624971,.5548190881855467,6.954221638161672,-31.6193581375685,3.452068246043809,17.78690783870088,22.73795742667291,-1.090976227624749,2.105491232798428,4.129857920617852,-28.57365887182901,08apr2024,08apr2024,08apr2024,collect:emwRLEvQ7IF2YIdG,collect:emwRLEvQ7IF2YIdG,Balentine,501,Agoro East,,62,,,0,1,6,2,2,2,Church leadership Committee or group leader,0,0,0,0,0,0,1,1,0,0,,,,0,0,0,0,8,0,0,0,0,Yes,.5,acres,,,,,4,2,4,,4000,50000,10000,2000,42000,,,2000,20000,8000,18000,-4000,,a half,a half,Yes,,,,40,1000,20,2-1-501,,71,wsx,wsx,Option 2,77,mxe,mxe,Option 2,66,vio,vio,Option 2,67,xto,xto,Option 2,,,,,,328258483,84483646-db2f-4435-9671-70e393764399,08apr2024,,,submitted_via_web,farm_squares,vLex4PnJZm3v574Etkmj8D,,52,2,Agoro East ,W,,,,Option 1,3,2,2,2,2,3,8,5,5,2,1,2,77,29,4,1,1,1,1,.20242915,1.5273169,-2.1683953,-7.190515,.56413162,3.7605991,-4.9510498,-.42526159
1040514,1.754789626592426,-4.07774510284938,20.19321586195993,3.489098387452573,-1.575461006614134,5.043630487861375,-30.75623075242262,2.147510965642613,-6.606979365943825,17.48601713587325,.2108011951813734,1.783115894876506,3.551247771617686,-26.33923572693054,15apr2024,15apr2024,15apr2024,collect:emwRLEvQ7IF2YIdG,collect:emwRLEvQ7IF2YIdG,Balentine,514,Jimo East,,60,,,0,1,2,1,1,0,Committee or group leader Church leadership Village elders,0,0,1,0,0,0,1,1,0,0,0,0,,3,0,5,0,30,0,0,0,0,Yes,1.5,acres,,,,,4,2,4,,20000,30000,12000,3000,35000,,,25000,23000,12000,10000,26000,,a half,a half,Yes,,,,40,1000,20,1-1-514,,68,otr,otr,Status Quo,71,wsx,wsx,Status Quo,70,dij,dij,Status Quo,67,xto,xto,Status Quo,,,,,,329709644,25646895-806e-443f-90fa-1ab029f0e8c4,15apr2024,,,submitted_via_web,farm_squares,vwKMA7mRdidyru7RTAEv4y,,111,15,Jimo East ,W,,,,Status Quo,4,1,1,1,1,3,3,2,1,3,2,2,68,76,4,1,1,1,1,.60728747,.39272133,-2.5292342,-2.7071986,-3.2782972,-1.7059824,-24.092997,-.074009717
1040515,3.098768672781705,16.40015740945787,29.41252727757523,.6478488900835254,-1.688462936451843,-3.237415878404637,-31.18133078544515,3.223378538075953,16.96877602584862,22.18456104854802,-.499208745332278,.4752701470000567,4.216610328170923,-36.71512470210352,15apr2024,15apr2024,15apr2024,collect:emwRLEvQ7IF2YIdG,collect:emwRLEvQ7IF2YIdG,Balentine,515,Jimo East,,67,,,1,0,4,5,0,1,Committee or group leader Teacher Church leadership,0,0,0,1,0,0,1,1,0,0,0,0,,4,0,16,0,10,0,0,0,0,Yes,1,acres,,,,,3,2,5,,15000,40000,10000,5000,40000,,,8000,25000,10000,9000,14000,,a half,a half,Yes,,,,40,1000,20,1-1-515,,77,mxe,mxe,Option 2,78,flb,flb,Option 1,66,vio,vio,Option 1,79,aky,aky,Status Quo,,,,,,329941902,8ef41f4f-72c8-46bd-b5f2-2a9add7d4666,15apr2024,,,submitted_via_web,farm_squares,vwKMA7mRdidyru7RTAEv4y,,129,16,Jimo East ,M,,,,Option 2,4,1,1,1,1,3,9,2,2,5,2,1,74,61,4,1,1,1,1,.40485829,.12460987,.5686186,-7.2279663,-1.1470577,-.17257874,-5.215785,-.091121495
1040519,2.091955796091216,9.485563062339208,.4072841492432154,1.468827761406403,3.966789404336727,.4700294555289608,-30.46060586610284,1.979732017034511,-9.699134389131718,-.493529190320849,.0137980398812531,3.419455613366396,5.669999429707703,-24.05308841663412,18apr2024,18apr2024,18apr2024,collect:emwRLEvQ7IF2YIdG,collect:emwRLEvQ7IF2YIdG,Balentine,519,Lynaginga,,39,,,0,0,1,2,2,1,Community health volunteer Committee or group leader Church leadership,0,0,0,0,0,1,1,1,0,0,0,0,,1,0,0,0,50,10,0,0,0,Yes,1,acres,,,,,4,4,2,,15000,60000,30000,5000,40000,,,10000,40000,55000,10000,-15000,,a half,a half,Yes,,,,40,1000,20,3-1-519,,71,wsx,wsx,Option 2,64,nkb,nkb,Status Quo,69,zhy,zhy,Option 2,76,ehg,ehg,Status Quo,,,,,,331074056,52bf59e7-5992-4356-9adf-d094fc439f18,18apr2024,,,submitted_via_web,farm_squares,vwKMA7mRdidyru7RTAEv4y,,169,24,Lyanginga ,W,,,,Status Quo,4,1,1,2,1,3,3,3,3,7,3,2,74,6,4,1,1,2,1,.40485829,-.11222378,-19.184698,-.90081334,-1.4550297,1.9506278,-9.2056055,-.37145364
1050013,-1.087358076912229,23.67753141925544,16.23113722749233,-1.126836003089964,-1.276408438879289,-.7422546960530079,-32.08673191266594,1.80824087103519,32.22487099961628,17.30188038905267,.0867447181604202,-.4329649519601894,3.686996828340456,-46.72514201243624,15apr2024,15apr2024,15apr2024,collect:AzIfObLTRPjO0gKG,collect:AzIfObLTRPjO0gKG,Brian,13,Jimo East,,38,,,0,0,1,1,1,1,Committee or group leader,0,0,0,0,0,0,1,0,0,0,0,0,,1,0,0,0,0,0,0,0,0,Yes,.25,acres,,,,,2,2,6,,32000,32400,8000,4000,52400,,,12400,12400,8000,2000,14800,,a quarter,a quarter,Yes,,,,50,1000,20,1-6-13,,100,kqy,kqy,Status Quo,85,bky,bky,Option 1,87,rgm,rgm,Status Quo,86,dmv,dmv,Status Quo,,,,,,329725400,6666c6e0-dbaf-48dc-8198-34b0e3a87f77,15apr2024,,,submitted_via_web,farm_squares,vwKMA7mRdidyru7RTAEv4y,,112,14,Jimo East ,M,,,,Option 1,4,1,1,1,1,3,2,2,1,3,2,1,82,62,4,1,1,1,1,.10121457,2.8955989,8.5473394,1.0707432,1.2135807,.69387108,14.922991,-.029013284
1050024,,,,,,,,,,,,,,,18apr2024,18apr2024,18apr2024,collect:AzIfObLTRPjO0gKG,collect:AzIfObLTRPjO0gKG,Brian,24,Lynaginga,,35,,,0,1,1,1,0,2,Teacher,0,0,0,1,0,0,0,0,0,0,0,0,,2,0,0,0,6,0,0,0,0,Yes,.5,acres,,,,,3,2,5,,69200,30000,50000,1500,47700,,,52000,35000,50000,1500,35500,,a quarter,a quarter,Yes,,,,50,1000,20,3-6-24,,99,hrw,hrw,Status Quo,93,cxs,cxs,Status Quo,88,uzc,uzc,Status Quo,89,dve,dve,Option 2,,,,,,331083725,5753565e-b7dc-4756-bd13-48e1d9cb6405,18apr2024,,,submitted_via_web,farm_squares,vwKMA7mRdidyru7RTAEv4y,,176,,,,,,,,,,,,,1,2,3,2,5,,,81,88,4,1,1,1,1,.20242915,,,,,,,
1050120,3.808681328887618,18.22764853957846,32.17141043181331,-.4162294340793853,-1.491658589667033,-2.863037807905468,-31.44505471536373,3.656638701689925,2.958793416113375,21.42754050006515,-.4710621522718538,1.606812680340928,4.478113995495138,-33.38087362940102,17apr2024,17apr2024,17apr2024,collect:PUVmXuVGNiQzddX1,collect:PUVmXuVGNiQzddX1,Carolyne,120,Lynaginga,,38,,,0,0,2,1,1,0,Committee or group leader,0,0,0,0,0,0,1,0,0,0,0,0,,1,0,0,0,40,0,0,0,0,Yes,2,acres,,,,,5,1,4,,15000,60000,30000,0,45000,,,0,5000,30000,0,-25000,,none,none,Yes,,,,50,1000,20,3-3-120,,92,noh,noh,Option 2,97,nmq,nmq,Option 2,90,dxh,dxh,Option 1,86,dmv,dmv,Option 1,,,,,,330708848,da69abaa-2018-47f5-90f1-83b7c7aef7db,17apr2024,,,submitted_via_web,farm_squares,vwKMA7mRdidyru7RTAEv4y,,151,20,Lyanginga ,M,,,,Option 2,4,1,2,2,2,3,3,1,3,7,3,1,79,17,4,1,1,1,2,.80971658,-.15204263,-15.268855,-10.74387,-.054832719,2.0230422,-18.468746,-.087001719
1050128,2.532694093860389,18.20659335889334,44.65572742728804,1.49779167590303,5.136954281661779,6.012811536477471,-31.48345864912808,1.293250958829035,53.38099784133836,26.47886823499395,1.213119508581464,2.575088977576793,3.41501266436339,-35.61607043387125,18apr2024,18apr2024,18apr2024,collect:PUVmXuVGNiQzddX1,collect:PUVmXuVGNiQzddX1,Carolyne,128,Lynaginga,,50,,,0,0,2,2,1,0,None of the above,0,0,0,0,0,0,0,0,0,1,0,0,,1,0,0,0,3,0,0,0,0,Yes,.25,acres,,,,,6,1,3,,7000,50000,1000,3000,53000,,,0,20000,1000,3000,16000,,a half,a half,Yes,,,,50,1000,20,3-3-128,,96,nzs,nzs,Option 1,94,vlq,vlq,Option 1,92,noh,noh,Option 1,88,uzc,uzc,Option 1,,,,,,331005845,ce2145cc-8b71-4292-a954-4451bccd0102,18apr2024,,,submitted_via_web,farm_squares,vwKMA7mRdidyru7RTAEv4y,,165,25,Lyanginga ,W,,,,Option 1,4,3,1,1,1,3,4,1,5,2,3,2,83,65,4,3,1,1,1,.10121457,-1.2394432,35.174404,-18.176859,-.28467217,1.0772973,26.90213,.095720634
1050213,4.270968423695657,23.23811681937215,35.99656622159187,1.358061853593485,-.7201384435242185,3.101939554215241,-30.73901050318073,3.816316306603256,35.2427485390351,21.3094743230435,-.6862783726904506,1.763366861654188,3.53975746222339,-28.77158258999675,11apr2024,11apr2024,11apr2024,collect:6Nk0OyKCn2nzY2x6,collect:6Nk0OyKCn2nzY2x6,Nelson,213,Agoro East,,52,,,0,0,1,0,0,0,Church leadership,0,0,0,0,0,0,0,1,0,0,0,0,,0,0,4,0,5,0,0,0,0,Yes,2,acres,,,,,3,4,3,,20000,50000,15000,2000,53000,,,0,20000,15000,5000,0,,a quarter,a quarter,Yes,,,,50,1000,20,2-4-213,,82,ihw,ihw,Option 2,93,cxs,cxs,Option 1,88,uzc,uzc,Option 1,96,nzs,nzs,Option 1,,,,,,328979801,6b157418-cf5c-475d-8721-4e4c1dcbaf6f,11apr2024,,,submitted_via_web,farm_squares,vwKMA7mRdidyru7RTAEv4y,,102,11,Agoro East ,W,,,,Option 2,3,2,4,4,4,3,1,0,5,2,1,2,83,50,3,2,2,2,2,.80971658,-.45465213,12.004632,-14.687092,-2.0443401,.405305,13.933274,.12655796
1050505,2.282077167648067,31.60633029066871,36.6696623875054,-4.600101751587697,.9750294987186769,5.007288081483824,-31.40409339306588,4.114016515716732,-1.030081330884603,10.24158596868457,-.5148586869187665,1.515062275263728,3.774989279719482,-30.19594682031716,08apr2024,08apr2024,08apr2024,collect:emwRLEvQ7IF2YIdG,collect:emwRLEvQ7IF2YIdG,Balentine,505,Agoro East,,39,,,0,0,1,2,2,2,Committee or group leader,0,0,0,0,0,0,1,0,0,0,,,,6,0,8,0,20,2,0,0,0,Yes,.5,acres,,,,,3,2,5,,20000,50000,15000,10000,45000,,,10000,20000,15000,5000,10000,,a quarter,a quarter,Yes,,,,50,1000,20,2-1-505,,96,nzs,nzs,Option 2,84,gtj,gtj,Option 1,97,nmq,nmq,Option 2,82,ihw,ihw,Option 2,,,,,,328258493,b3789634-f703-4946-b7af-7bcf873b74d7,08apr2024,,,submitted_via_web,farm_squares,vLex4PnJZm3v574Etkmj8D,,56,4,Agoro East ,M,,,,Option 1,4,1,1,1,1,3,3,4,2,5,1,1,79,52,4,1,1,1,1,.20242915,1.8319393,-32.63641,-26.428076,4.0852432,6.1151638,-11.271667,-.13441332
1050507,3.303720924012416,23.29284589878258,29.33029478174404,-2.551853879985572,-2.213331196609389,-5.75176741141845,-31.50777185342599,3.687868894750231,42.69728273976667,17.55910807889316,-.1583907401732912,.8230808572316033,3.273871277179493,-35.42396280053794,08apr2024,08apr2024,08apr2024,collect:emwRLEvQ7IF2YIdG,collect:emwRLEvQ7IF2YIdG,Balentine,507,Agoro East,,37,,,0,0,1,2,2,2,None of the above,0,0,0,0,0,0,0,0,0,1,,,,0,0,8,0,30,0,0,0,0,Yes,1,acres,,,,,3,2,5,,20000,40000,10000,3000,47000,,,12000,20000,5000,10000,17000,,three quarters,three quarters,Yes,,,,50,1000,20,2-1-507,,94,vlq,vlq,Option 2,92,noh,noh,Option 2,84,gtj,gtj,Option 1,90,dxh,dxh,Option 1,,,,,,328258497,ad57c354-6900-4d9a-95b0-af2d6112c990,08apr2024,,,submitted_via_web,farm_squares,vLex4PnJZm3v574Etkmj8D,,58,4,Agoro East ,M,,,,Option 1,3,2,2,2,2,3,3,4,6,4,1,1,80,66,4,2,1,1,1,.40485829,.38414797,19.404436,-11.771187,2.3934631,3.3749347,25.138174,.032742269
1060011,1.339877912801201,37.44104997684173,36.20152305306292,2.559859268820554,3.049265452142679,11.1297479035117,-32.02287861229977,1.714389346083397,-35.32840969830524,19.10479973019911,-.7318971595587042,.3508724453358005,3.612623082918638,-47.32530583414875,11apr2024,11apr2024,11apr2024,collect:AzIfObLTRPjO0gKG,collect:AzIfObLTRPjO0gKG,Brian,11,Agoro East,,70,,,1,1,1,0,1,1,Church leadership,0,0,0,0,0,0,0,1,0,0,0,0,,4,0,1,0,10,0,0,0,0,Yes,2,acres,,,,,4,2,4,,32400,32400,5000,1800,58000,,,5600,1800,5000,1200,1200,,three quarters,three quarters,Yes,,,,60,1000,20,2-6-11,,110,gjp,gjp,Option 2,107,roq,roq,Option 1,119,tvx,tvx,Option 2,105,she,she,Option 1,,,,,,328934395,053dc7eb-7382-4598-b1db-9df431fe9148,11apr2024,,,submitted_via_web,farm_squares,vwKMA7mRdidyru7RTAEv4y,,98,11,Agoro East ,W,,,,Option 2,4,1,1,1,1,3,1,4,1,3,1,2,87,57,4,1,1,1,1,.80971658,.37451142,-72.769463,-17.096724,-3.2917564,-2.2089868,-54.433208,-.0064459261
1060027,4.864668394783349,15.39877085731622,23.43109772044629,-1.125959990247002,1.824275536538267,5.564503626830092,-31.22835984179295,3.356347019568306,4.601637121949767,17.73318037770797,-.1525524680903609,2.304106972795181,3.512306825008663,-28.22735304555279,18apr2024,18apr2024,18apr2024,collect:AzIfObLTRPjO0gKG,collect:AzIfObLTRPjO0gKG,Brian,27,Lynaginga,,39,,,0,0,3,1,1,2,None of the above,0,0,0,0,0,0,0,0,0,1,0,0,,1,0,0,1,3,0,0,0,0,Yes,.25,acres,,,,,4,3,3,,32000,32000,6000,500,57500,,,20000,20000,6000,3000,31000,,three quarters,three quarters,Yes,,,,60,1000,20,3-6-27,,103,knr,knr,Option 1,116,zew,zew,Option 1,113,hot,hot,Status Quo,107,roq,roq,Option 1,,,,,,331083732,69fb9b0c-bc64-4642-b8d2-50131a38a91c,18apr2024,,,submitted_via_web,farm_squares,vwKMA7mRdidyru7RTAEv4y,,179,25,Lyanginga ,W,,,,Option 1,4,1,1,1,1,3,4,3,1,3,3,2,86,81,4,1,1,1,1,.10121457,-1.5083214,-10.797133,-5.6979175,.97340751,3.4300671,-13.131543,-.17546353
1060112,2.594381657764487,21.73842724265702,43.48597124992089,-2.635770457882923,1.541278310002336,2.606701635390954,-31.02257456591882,.1427020850369415,81.14151333398479,22.78718277572476,-.2168948950592807,.737472875033656,5.2427478239841,-31.59422979440537,11apr2024,11apr2024,11apr2024,collect:PUVmXuVGNiQzddX1,collect:PUVmXuVGNiQzddX1,Carolyne,112,Agoro East,,66,,,1,0,0,3,2,2,Committee or group leader Church leadership,0,0,0,0,0,0,1,1,0,0,0,0,,15,0,33,0,10,0,2,0,0,Yes,1,acres,,,,,3,3,4,,40000,40000,22000,0,58000,,,0,10000,20000,0,-10000,,a quarter,a quarter,Yes,,,,60,1000,20,2-3-112,,109,nkl,nkl,Option 1,117,xzq,xzq,Option 2,107,roq,roq,Option 1,110,gjp,gjp,Option 1,,,,,,328825264,5436f2cb-6e92-4622-abf3-afc460b86d5a,11apr2024,,,submitted_via_web,farm_squares,vwKMA7mRdidyru7RTAEv4y,,92,10,Agoro East ,M,,,,Option 1,4,1,1,1,1,3,3,5,6,4,1,1,87,1,4,1,1,1,1,.40485829,-2.4516795,59.403088,-20.698788,2.4188755,3.3732433,58.354332,.012637842
1060212,2.012687657605797,21.39696911678477,18.2080979202698,-2.714661450611854,-2.472454783921139,-1.396375630567376,-30.13005645829919,1.499021401758285,51.7154519278867,27.57178632707732,-.4323286632825274,3.289551094198233,3.723781385514766,-19.24645083546367,10apr2024,10apr2024,10apr2024,collect:6Nk0OyKCn2nzY2x6,collect:6Nk0OyKCn2nzY2x6,Nelson,212,Agoro East,,20,,,0,0,1,4,0,2,None of the above,0,0,0,0,0,0,0,0,0,1,0,0,,2,0,5,0,3,0,0,0,0,Yes,3,acres,,,,,4,3,3,,60000,80000,40000,40000,60000,,,30000,40000,40000,60000,-30000,,none,none,Yes,,,,60,1000,20,2-4-212,,114,nvj,nvj,Option 2,115,sxz,sxz,Option 1,110,gjp,gjp,Option 1,119,tvx,tvx,Option 1,,,,,,328738406,5ab768ca-dfa8-46d4-8162-392fcb37a85c,10apr2024,,,submitted_via_web,farm_squares,vwKMA7mRdidyru7RTAEv4y,,83,8,Agoro East ,W,,,,Option 1,1,1,2,4,2,3,5,2,2,5,1,2,88,22,2,1,1,1,2,1.2145749,-.51366627,30.318483,9.3636885,2.2823329,6.0042124,24.143665,.13624904
1060216,2.808931863612662,32.56607079336039,39.36567321880676,2.505455600691605,1.446640327256814,4.301677017413981,-31.15950886898497,2.358361801553924,3.435746711974131,28.63512214048477,-.3811185556641404,-.0682255340620291,3.232687661193874,-33.66052316722454,15apr2024,15apr2024,15apr2024,collect:6Nk0OyKCn2nzY2x6,collect:6Nk0OyKCn2nzY2x6,Nelson,216,Jimo East,,52,,,0,0,5,2,3,1,Church leadership Committee or group leader,0,0,0,0,0,0,1,1,0,0,0,0,,4,0,4,0,3,0,0,0,0,Yes,2.5,acres,,,,,3,3,4,,0,100000,25000,15000,60000,,,0,65000,25000,18000,22000,,a half,a half,Yes,,,,60,1000,20,1-4-216,,101,wfd,wfd,Option 2,102,xfc,xfc,Option 2,105,she,she,Option 1,111,nfm,nfm,Option 2,,,,,,330018122,5f598eb4-dabd-4c15-911f-dde072c7eba6,16apr2024,,,submitted_via_web,farm_squares,vwKMA7mRdidyru7RTAEv4y,,135,15,Jimo East ,W,,,,Option 1,4,1,1,1,1,3,7,4,2,5,2,2,88,72,4,1,1,1,1,1.0121458,-.45057008,-29.130323,-10.730551,-2.8865743,-2.5736811,-25.199375,.0027074297
1060313,4.753436600738823,10.04608499909187,30.19029458341137,-1.149390607399494,-.2646315461289468,-.1681643233725906,-31.81443094007227,3.103168278619427,50.69364774313464,21.70094566550457,-.6908926715116687,2.458509835206347,4.322963594617034,-31.10341209395585,15apr2024,15apr2024,15apr2024,collect:ClfxJ4ZJmcDHUVbl,collect:ClfxJ4ZJmcDHUVbl,Edmond,313,Jimo East,,63,,,1,0,2,1,0,3,Committee or group leader Village elders,0,0,1,0,0,0,1,0,0,0,0,0,,3,0,10,0,60,0,0,0,0,Yes,5,acres,,,,,5,3,2,,53000,80000,45000,30000,58000,,,0,40000,40000,45000,-45000,,a half,a half,Yes,,,,60,1000,20,1-7-313,,118,tqc,tqc,Option 1,103,knr,knr,Option 1,114,nvj,nvj,Option 2,116,zew,zew,Option 1,,,,,,329934742,9d845894-34db-4425-9414-0ab110199459,15apr2024,,,submitted_via_web,farm_squares,vwKMA7mRdidyru7RTAEv4y,,120,14,Jimo East ,M,,,,Option 1,3,2,2,2,1,3,3,4,2,5,2,1,87,34,3,3,1,2,2,2.0242915,-1.6502683,40.647564,-8.4893494,.45849794,3.6079004,28.992702,.084797539
1060325,2.088674136964975,19.01428929858345,13.4489863390546,4.451944501644174,6.149860995039924,1.580061945696558,-28.55436164390564,.9609723416447928,-2.198434613813041,6.632480509084817,.6654175640127304,.8745316854754971,4.934235140946042,-33.05057161980265,18apr2024,18apr2024,18apr2024,collect:ClfxJ4ZJmcDHUVbl,collect:ClfxJ4ZJmcDHUVbl,Edmond,325,Lynaginga,,67,,,1,0,2,9,1,1,Committee or group leader Church leadership,0,0,0,0,0,0,1,1,0,0,0,0,,7,0,5,0,12,4,0,0,0,Yes,.5,acres,,,,,8,2,0,,43800,78400,50000,15000,57200,,,56000,13500,50000,7000,12500,,three quarters,three quarters,Yes,,,,60,1000,20,3-7-325,,104,aln,aln,Status Quo,110,gjp,gjp,Option 2,111,nfm,nfm,Option 2,113,hot,hot,Status Quo,,,,,,330809147,5755cf40-c4cd-41cf-bf8a-35501cc081ba,18apr2024,,,submitted_via_web,farm_squares,vwKMA7mRdidyru7RTAEv4y,,158,22,Lyanginga ,M,,,,Status Quo,2,2,1,1,2,3,11,3,5,2,3,1,85,59,4,2,1,3,2,.20242915,-1.1277018,-21.212725,-6.8165059,-3.7865269,-3.5774128,-8.8309155,-.099030696
1060412,2.353067874637522,32.81366072062733,38.49796555305132,-2.085925266141965,-2.296010462226746,1.028604125362777,-30.85608799690979,3.453109233872392,11.06675770326536,17.07336051613625,.7726837417803025,1.04768097433223,3.899080905383758,-43.73464673919392,15apr2024,16apr2024,15apr2024,collect:pj959LJBBDwnmqUt,collect:pj959LJBBDwnmqUt,Lillian,412,Jimo East,,62,,,1,1,3,2,0,0,Committee or group leader,0,0,0,0,0,0,1,0,0,0,0,0,,4,0,10,0,50,0,10,0,0,Yes,1,acres,,,,,6,3,1,,11000,60400,13000,3000,55400,,,9200,14000,13000,3000,7200,,nearly all or all,nearly all or all,Yes,,,,60,1000,20,1-2-412,,112,kqp,kqp,Option 2,117,xzq,xzq,Option 2,105,she,she,Option 1,101,wfd,wfd,Option 2,,,,,,330011625,8b6fe1ed-a20a-4572-9da0-584b4a18d1f8,16apr2024,,,submitted_via_web,farm_squares,vwKMA7mRdidyru7RTAEv4y,,132,13,Jimo East ,W,,,,Status Quo,4,3,1,1,1,3,5,2,1,3,2,2,84,104,4,1,2,1,2,.40485829,1.1000414,-21.746902,-21.424604,2.858609,3.1336062,-6.0066028,-.17442155
1060413,1.85570893881579,24.43679650936719,36.23259949341896,-1.167221817222846,-1.471304888386315,-.4457785408577814,-30.53603695181563,.8516712919321895,-33.41499757132656,19.71616817608873,-.4870299211860949,.5084726182604279,3.038065431650224,-27.18027526334757,15apr2024,15apr2024,15apr2024,collect:ClfxJ4ZJmcDHUVbl,collect:ClfxJ4ZJmcDHUVbl,Lillian,413,Jimo East,,37,,,0,0,2,2,3,1,Church leadership Committee or group leader,0,0,0,0,0,0,1,1,0,0,0,0,,6,0,30,0,20,0,0,0,0,Yes,1.5,hectares,,,,,3,5,2,,24000,50600,10000,2000,62600,,,15000,59000,15000,100000,-41000,,a half,a half,Yes,,,,60,1000,20,1-2-413,,117,xzq,xzq,Option 2,108,isj,isj,Option 1,118,tqc,tqc,Option 1,111,nfm,nfm,Option 1,,,,,,329934757,c168f70c-1022-46a8-82d3-3bcc62cb70e7,15apr2024,,,submitted_via_web,farm_squares,vwKMA7mRdidyru7RTAEv4y,,123,17,Jimo East ,W,,,,Option 1,4,3,2,1,1,3,4,4,5,2,2,2,90,31,3,1,1,1,2,1.5,-1.0040376,-57.851795,-16.516432,.68019187,1.6756945,-53.131165,-.0095701385
1060416,1.234008810629215,18.51016416108986,39.31894154582134,1.378481632223646,-4.057244048271586,-11.13898140118358,-32.09518796893254,3.531930689714346,14.2192383902952,17.15987461740144,-.205955633144965,-.1967231515200826,4.395467347726822,-38.73701291064094,15apr2024,16apr2024,15apr2024,collect:pj959LJBBDwnmqUt,collect:pj959LJBBDwnmqUt,Lillian,416,Jimo East,,60,,,0,0,0,1,1,0,Church leadership Committee or group leader,0,0,0,0,0,0,1,1,0,0,0,0,,7,0,6,0,10,0,0,0,0,Yes,.5,acres,,,,,5,2,3,,35600,52900,20000,6000,62500,,,5000,30000,25000,5000,5000,,a half,a half,Yes,,,,60,1000,20,1-2-416,,114,nvj,nvj,Option 2,106,kwx,kwx,Option 1,107,roq,roq,Option 2,115,sxz,sxz,Option 1,,,,,,330011629,24c53900-b855-42d3-b6c1-bf9f6558caa5,16apr2024,,,submitted_via_web,farm_squares,vwKMA7mRdidyru7RTAEv4y,,134,18,Jimo East ,W,,,,Option 1,4,1,1,1,1,3,1,1,5,2,2,2,89,96,4,3,1,1,1,.20242915,2.2979219,-4.290926,-22.159067,-1.5844373,-1.5752047,-2.9406362,.06689816
1060503,.680678695288126,34.80282926952014,35.35256663835121,-3.391837965446537,1.979110587127829,2.451256734575198,-31.66698459186857,1.189852774918039,47.98677582089334,24.5060507151758,.0344439726133082,1.142361432100363,3.721495971334053,-33.30576102916866,08apr2024,08apr2024,08apr2024,collect:emwRLEvQ7IF2YIdG,collect:emwRLEvQ7IF2YIdG,Balentine,503,Agoro East,,75,,,0,1,2,5,2,1,Church leadership Committee or group leader,0,0,0,0,0,0,1,1,0,0,,,,12,0,3,0,10,0,0,0,0,Yes,2,acres,,,,,4,2,4,,30000,50000,15000,5000,60000,,,5000,30000,16000,15000,4000,,a half,a half,Yes,,,,60,1000,20,2-1-503,,111,nfm,nfm,Option 1,116,zew,zew,Option 2,107,roq,roq,Option 1,108,isj,isj,Option 1,,,,,,328258489,cc863636-0bfb-4e35-8a95-26e0e09b36f7,08apr2024,,,submitted_via_web,farm_squares,vLex4PnJZm3v574Etkmj8D,,54,2,Agoro East ,W,,,,Option 1,3,2,2,2,2,3,7,4,2,5,1,2,88,90,4,1,1,2,1,.80971658,.50917411,13.183947,-10.846516,3.4262819,4.5341992,23.480724,.048651032
1060504,.2611692887765696,21.87197252381454,45.89906086745295,1.596634782991524,1.361399812350206,7.888338700450997,-31.10568069195717,2.630216165713529,42.37310510271879,18.08027980280507,.1393675197355806,.6633714600804814,3.823174587678632,-30.12308860064441,08apr2024,08apr2024,08apr2024,collect:emwRLEvQ7IF2YIdG,collect:emwRLEvQ7IF2YIdG,Balentine,504,Agoro East,,62,,,1,0,6,4,2,1,Committee or group leader Church leadership,0,0,0,0,0,0,1,1,0,0,,,,6,0,4,0,10,0,5,0,4,Yes,2.5,acres,,,,,3,2,5,,30000,60000,24000,2000,64000,,,20000,40000,15000,12000,33000,,three quarters,three quarters,Yes,,,,60,1000,20,2-1-504,,115,sxz,sxz,Option 2,118,tqc,tqc,Option 1,105,she,she,Option 1,113,hot,hot,Option 2,,,,,,328258492,5c204f27-9b7b-4c70-8b86-0859d3de95e7,08apr2024,,,submitted_via_web,farm_squares,vLex4PnJZm3v574Etkmj8D,,55,,,,,,,Option 2,4,2,1,1,1,3,10,4,1,3,,,91,83,4,1,1,2,1,1.0121458,2.3690469,20.501133,-27.818781,-1.4572673,-.9332633,24.292826,.0273073
1060517,2.622321846326026,-9.023622218421476,9.475762597707702,4.586280145726404,3.031120132722089,7.575902892641856,-31.26703321394658,1.479272888170639,49.45266603405086,30.30767519249381,.3845422771920852,2.600857760984784,3.845344946757568,-28.96356628470705,15apr2024,15apr2024,15apr2024,collect:emwRLEvQ7IF2YIdG,collect:emwRLEvQ7IF2YIdG,Balentine,517,Jimo East,,44,,,0,0,1,1,1,1,Committee or group leader,0,0,0,0,0,0,1,0,0,0,0,0,,3,0,6,0,20,0,0,0,0,Yes,1.5,acres,,,,,3,2,5,,50000,30000,15000,5000,60000,,,30000,20000,15000,10000,25000,,three quarters,three quarters,Yes,,,,60,1000,20,1-1-517,,117,xzq,xzq,Status Quo,104,aln,aln,Option 2,110,gjp,gjp,Option 2,108,isj,isj,Status Quo,,,,,,329941900,7d5b1796-a68d-4b60-af0d-93f35dd1a64d,15apr2024,,,submitted_via_web,farm_squares,vwKMA7mRdidyru7RTAEv4y,,127,16,Jimo East ,M,,,,Option 1,4,2,1,1,1,3,2,2,6,4,2,1,88,75,4,1,1,1,1,.60728747,-1.143049,58.476288,20.831913,-4.2017379,-1.9854224,19.144991,.13585056
1070001,4.77931536866239,16.87767492298961,29.34531399242745,1.292614671816181,1.4447988919356,5.349572129822927,-31.4925557288571,1.35112314211643,32.55976764812248,18.62252028055469,-.1778815784335007,3.097721638442654,4.071931234039355,-27.8211090948729,08apr2024,08apr2024,08apr2024,collect:AzIfObLTRPjO0gKG,collect:AzIfObLTRPjO0gKG,Brian,1,Agoro East,,66,,,1,0,3,4,2,0,Village elders Committee or group leader,0,0,1,0,0,0,1,0,0,0,,,,4,0,12,0,10,0,0,0,0,Yes,.25,acres,,,,,8,1,1,,60000,28000,14000,6400,67600,,,41600,28000,14000,6400,49200,,a half,a half,Yes,,,,70,1000,20,2-6-1,,126,ftp,ftp,Status Quo,129,pol,pol,Option 2,128,ljy,ljy,Status Quo,139,qfs,qfs,Option 2,,,,,,328238715,ef7f250f-51fc-4ecf-8c31-7cebef97fef1,08apr2024,,,submitted_via_web,farm_squares,vLex4PnJZm3v574Etkmj8D,,44,1,Agoro East ,M,,,,Option 1,1,1,1,1,1,3,7,3,5,2,1,1,96,95,4,2,2,2,1,.10121457,-3.4281921,15.682093,-10.722794,-1.4704963,1.805107,13.937247,.22226208
1070005,4.087598136619913,5.033864302918541,26.55630833689505,.3964679277806485,.5631353817317594,2.844832921467205,-31.47386294632924,3.193156333846889,1.866346910530172,25.51406456393934,.0580786883404813,.6524284747584407,4.171414169956856,-31.66039316061937,08apr2024,08apr2024,08apr2024,collect:AzIfObLTRPjO0gKG,collect:AzIfObLTRPjO0gKG,Brian,5,Agoro East,,53,,,0,0,1,1,0,0,None of the above,0,0,0,0,0,0,0,0,0,1,,,,1,0,0,0,1,0,0,0,0,Yes,.5,acres,,,,,3,2,5,,70000,20000,10000,15000,65000,,,20000,10000,15000,1200,13800,,three quarters,three quarters,Yes,,,,70,1000,20,2-6-5,,123,ypw,ypw,Status Quo,127,dnr,dnr,Option 1,137,rtj,rtj,Option 2,131,wch,wch,Option 2,,,,,,328238746,2ae46afb-c288-4c21-a531-a34f47960bf6,08apr2024,,,submitted_via_web,farm_squares,vLex4PnJZm3v574Etkmj8D,,48,6,Agoro East ,W,,,,Option 1,4,1,1,2,1,3,2,0,1,3,1,2,92,60,4,1,1,1,1,.20242915,-.89444178,-3.1675174,-1.0422437,-.33838925,.25596055,-23.647718,-.027589489
1070012,1.865924834109885,37.355879822842,24.27424910700202,-2.140291702346249,-1.824798284686695,-3.783520048692072,-29.89739103939651,2.291165940621605,71.12779624408263,26.66618679700174,-1.072714907033447,1.728812099927103,4.461371678977001,-32.49201528531314,11apr2024,11apr2024,11apr2024,collect:AzIfObLTRPjO0gKG,collect:AzIfObLTRPjO0gKG,Brian,12,Agoro East,,59,,,0,1,2,3,2,2,Committee or group leader Church leadership,0,0,0,0,0,0,1,1,0,0,0,0,,5,0,10,0,9,2,0,0,0,Yes,2,acres,,,,,6,2,2,,57600,40000,25000,4800,67800,,,28800,25000,25000,1800,27000,,a half,a half,Yes,,,,70,1000,20,2-6-12,,135,mhp,mhp,Option 1,123,ypw,ypw,Option 1,127,dnr,dnr,Option 2,125,rda,rda,Option 1,,,,,,328934398,e1b597e8-b534-4449-8379-23030eb335fd,11apr2024,,,submitted_via_web,farm_squares,vwKMA7mRdidyru7RTAEv4y,,99,12,Agoro East ,W,,,,Option 2,4,3,1,1,2,3,5,5,1,3,1,2,97,77,4,1,1,1,1,.80971658,.42524111,33.771915,2.3919377,1.0675768,3.8691039,44.461609,.038883254
1070107,4.55696560493061,4.544356554701183,38.95389353025772,-.3079379480930787,-1.287298149467349,-1.929130919146673,-31.00444915012004,-.9191592100878415,-57.98294569976617,18.4712200672269,3.05219078592291,-1.605769825669417,4.063630414655694,-33.47313433997333,10apr2024,10apr2024,10apr2024,collect:PUVmXuVGNiQzddX1,collect:PUVmXuVGNiQzddX1,Carolyne,107,Agoro East,,39,,,0,0,3,2,1,0,Committee or group leader,0,0,0,0,0,0,1,0,0,0,0,0,,2,4,0,0,30,0,0,0,0,Yes,6.5,acres,,,,,3,6,1,,75000,18000,26000,0,67000,,,0,1500,27000,0,-25500,,three quarters,three quarters,Yes,,,,70,1000,20,2-3-107,,131,wch,wch,Option 2,124,num,num,Option 1,137,rtj,rtj,Option 2,133,hmr,hmr,Option 1,,,,,,328716754,5066fa03-dc36-4c88-977c-4d00217c6ff3,10apr2024,,,submitted_via_web,farm_squares,vwKMA7mRdidyru7RTAEv4y,,74,7,Agoro East ,M,,,,Option 1,4,3,1,2,1,3,5,1,5,2,1,1,94,18,4,3,1,1,1,2.6315789,-5.4761248,-62.527302,-20.482674,3.3601286,-1.2978319,-76.454163,.02100304
1070204,.9224220886826073,37.77549226740985,14.73935085647033,2.878998365484139,3.071004039761954,9.642655108161073,-31.39630211264403,2.463025501268336,59.8404359859643,23.84916562591435,-1.663153575940673,2.225952838467004,3.597218246923578,-25.89713737146078,08apr2024,08apr2024,08apr2024,collect:6Nk0OyKCn2nzY2x6,collect:6Nk0OyKCn2nzY2x6,Nelson,204,Agoro East,,87,,,1,1,0,1,0,1,Church leadership,0,0,0,0,0,0,0,1,0,0,,,,3,0,0,0,35,0,0,0,0,Yes,1,acres,,,,,4,3,3,,50000,30000,10000,2000,68000,,,10000,20000,10000,50000,-30000,,a quarter,a quarter,Yes,,,,70,1000,20,2-4-204,,122,rup,rup,Option 2,131,wch,wch,Status Quo,139,qfs,qfs,Option 2,129,pol,pol,Option 1,,,,,,328235443,52589718-ab7f-4a82-8b90-42d1463bb4c4,08apr2024,,,submitted_via_web,farm_squares,vLex4PnJZm3v574Etkmj8D,,40,4,Agoro East ,M,,,,Option 2,4,1,1,1,1,3,1,3,4,1,1,1,98,22,4,2,1,1,2,.40485829,1.5406034,22.064943,9.1098146,-4.5421519,-.65304554,35.991272,.061847016
1070205,,,,,,,,,,,,,,,08apr2024,08apr2024,08apr2024,collect:6Nk0OyKCn2nzY2x6,collect:6Nk0OyKCn2nzY2x6,Nelson,205,Agoro East,,65,,,1,1,3,2,0,0,Committee or group leader,0,0,0,0,0,0,1,0,0,0,,,,6,0,10,0,30,0,0,0,0,Yes,5,acres,,,,,4,3,3,,200000,100000,200000,30000,70000,,,20000,50000,200000,50000,-180000,,a half,a half,Yes,,,,70,1000,20,2-4-205,,128,ljy,ljy,Option 1,123,ypw,ypw,Option 1,126,ftp,ftp,Option 2,125,rda,rda,Option 2,,,,,,328235455,4b36121c-5723-42a4-b458-291a96958c82,08apr2024,,,submitted_via_web,farm_squares,vLex4PnJZm3v574Etkmj8D,,41,,,,,,,,,,,,,1,5,2,3,7,,,100,12,4,1,2,2,2,2.0242915,,,,,,,
1070411,2.623391990264974,10.44929894807963,27.58114725429918,-2.112208163757019,-2.77606704106648,.6908315130102356,-30.54278215885667,2.226806822095864,31.26105794624996,31.17609394779582,.5905075298931328,1.519777163241817,3.569511871644668,-37.47596932487894,15apr2024,16apr2024,15apr2024,collect:pj959LJBBDwnmqUt,collect:pj959LJBBDwnmqUt,Lillian,411,Jimo East,,71,,,0,1,1,2,0,1,Church leadership Committee or group leader Village elders,0,0,1,0,0,0,1,1,0,0,0,0,,3,0,0,0,20,0,0,0,0,Yes,1,acres,,,,,3,4,3,,42600,56050,8000,20000,70650,,,33600,44050,8000,37000,32650,,a half,a half,Yes,,,,70,1000,20,1-2-411,,126,ftp,ftp,Option 1,131,wch,wch,Option 1,123,ypw,ypw,Option 1,132,owi,owi,Option 2,,,,,,330011623,a8474ff7-72e6-4704-8fec-e3b14b31ac49,16apr2024,,,submitted_via_web,farm_squares,vwKMA7mRdidyru7RTAEv4y,,131,13,Jimo East ,W,,,,Option 2,4,3,3,1,1,3,3,2,5,2,2,2,101,82,4,3,3,1,1,.40485829,-.39658517,20.81176,3.5949466,2.7027156,3.6319854,.084964,17.887308
1070414,-.054349586985033,43.9868754847511,30.68435295946279,.4159041263111778,2.031660320807975,5.443067184396789,-31.5115237792451,.9366081574089919,6.027658983412238,28.541289900993,-.2145961032300223,2.533136535265649,4.341915246654438,-19.86691044557968,15apr2024,15apr2024,15apr2024,collect:ClfxJ4ZJmcDHUVbl,collect:ClfxJ4ZJmcDHUVbl,Lillian,414,Jimo East,,31,,,0,0,4,2,1,0,Community health worker Committee or group leader Church leadership,0,0,0,0,1,0,1,1,0,0,0,0,,0,0,0,0,15,0,0,0,0,Yes,.25,acres,,,,,5,3,2,,5000,80000,10000,7500,67500,,,4500,14000,15000,12000,-8500,,a quarter,a quarter,Yes,,,,70,1000,20,1-2-414,,125,rda,rda,Option 1,136,cdu,cdu,Option 2,130,ypz,ypz,Option 2,121,afe,afe,Option 2,,,,,,329934760,63832571-f5df-4cff-b867-4de4e02d2ff5,15apr2024,,,submitted_via_web,farm_squares,vwKMA7mRdidyru7RTAEv4y,,124,18,Jimo East ,W,,,,Option 2,4,1,1,1,1,3,6,1,2,5,2,2,95,46,3,3,1,1,1,.10121457,.99095774,-37.959217,-2.1430631,-.63050026,2.1172323,-22.513632,-.11251568
1070419,.9070604518073805,50.68571379261461,31.54987511457155,2.979932082021298,-.0188322831589486,12.92911643486758,-31.17886007206186,4.53271241441962,-37.49996774048186,6.84086597098074,-.5189427816015096,1.751066614807461,3.637442663922319,-47.72938183426557,17apr2024,17apr2024,17apr2024,collect:pj959LJBBDwnmqUt,collect:pj959LJBBDwnmqUt,Lillian,419,Lynaginga,,41,,,0,0,1,2,1,0,Committee or group leader,0,0,0,0,0,0,1,0,0,0,0,0,,1,0,0,0,15,0,0,0,0,Yes,1,acres,,,,,5,2,3,,17000,70000,16000,5000,66000,,,0,15000,20000,30000,-35000,,a quarter,a quarter,Yes,,,,70,1000,20,3-2-419,,140,rxq,rxq,Option 1,123,ypw,ypw,Option 2,132,owi,owi,Option 2,137,rtj,rtj,Option 1,,,,,,330701555,84d33bd4-6307-4eec-b343-26d33c49c495,17apr2024,,,submitted_via_web,farm_squares,vwKMA7mRdidyru7RTAEv4y,,148,21,Lyanginga ,W,,,,Status Quo,4,1,1,1,1,3,3,1,1,3,3,2,93,24,4,1,1,1,1,.40485829,3.6256521,-88.185684,-24.709009,-3.4988749,-1.2288655,-44.340836,-.039491061
1070423,-1.671293145544337,-2.633757900478784,32.79657021578861,-.7066723846023858,3.306306372894898,20.58848242961028,-32.241056545438,.6778717193126025,71.34400090418625,30.81292750712883,.3417833454073334,1.803465664629486,4.356155317057772,-30.91199039064684,18apr2024,19apr2024,18apr2024,collect:pj959LJBBDwnmqUt,collect:pj959LJBBDwnmqUt,Lillian,423,Lynaginga,,39,,,0,0,2,3,1,1,Church leadership Committee or group leader,0,0,0,0,0,0,1,1,0,0,0,0,,1,0,5,0,25,0,0,0,0,Yes,.5,acres,,,,,7,2,1,,58000,50000,25000,10000,73000,,,0,12000,25000,5000,-18000,,three quarters,three quarters,Yes,,,,70,1000,20,3-2-423,,132,owi,owi,Option 1,131,wch,wch,Option 2,123,ypw,ypw,Option 2,121,afe,afe,Option 1,,,,,,331122639,c13b0359-bef8-4a5a-8e9d-5d5969313a85,19apr2024,,,submitted_via_web,farm_squares,vwKMA7mRdidyru7RTAEv4y,,180,26,Lyanginga ,W,,,,Option 2,4,2,1,1,1,3,5,2,1,3,3,2,102,11,4,1,1,1,1,.20242915,2.349165,73.97776,-1.9836427,1.0484557,2.510138,40.531075,.044495877
1080015,2.34640298888877,3.915870929150249,26.69706700836624,-.1357207481157088,-.3377808837449169,-3.032591432209502,-31.85065653869114,1.255457218101267,12.15704386063894,25.87197285632165,1.204409451170082,.7371185800148905,3.947200514383101,-34.47491697554549,01mar2024,08apr2024,01mar2024,collect:6Nk0OyKCn2nzY2x6,collect:6Nk0OyKCn2nzY2x6,Nelson,15,Jimo East,,36,,,1,1,2,1,1,0,Committee or group leader,0,0,0,0,0,0,1,0,0,0,,,,0,0,8,0,40,0,0,0,0,Yes,2,acres,,,,,7,1,2,,70000,30000,15000,10000,75000,,,50000,40000,15000,10000,65000,,a quarter,a quarter,Yes,,,,80,1000,20,1-4-15,,143,cke,cke,Option 1,154,ndm,ndm,Option 2,159,gih,gih,Status Quo,150,upf,upf,Status Quo,,,,,,328566860,88993fd7-da7e-4079-8c2c-8c1b9b1f3306,10apr2024,,,submitted_via_web,farm_squares,vBh5ZDmX7eP57coGpUbmrZ,,69,,,,,,,Status Quo,4,1,2,2,1,3,3,3,2,5,,,104,102,3,1,2,2,2,.80971658,-1.0909457,8.2411728,-.82509416,1.3401302,.87283933,-13.714929,-.053745709
1080111,3.714658806891098,21.50432368595271,32.70118105352726,-2.020552978352844,.6996199414282029,10.80886373388738,-31.12225890212814,1.47970159172416,83.21922591634365,24.81613960346112,-.0521218918193395,2.699181591519166,4.405192380813864,-21.19952005779565,11apr2024,11apr2024,11apr2024,collect:PUVmXuVGNiQzddX1,collect:PUVmXuVGNiQzddX1,Carolyne,111,Agoro East,,52,,,1,0,4,1,0,0,Church leadership Committee or group leader,0,0,0,0,0,0,1,1,0,0,0,0,,8,0,18,0,4,0,0,0,0,Yes,2,acres,,,,,6,1,3,,40000,70000,32000,0,78000,,,20000,35000,30000,0,25000,,a quarter,a quarter,Yes,,,,80,1000,20,2-3-111,,158,rhj,rhj,Option 1,143,cur,cur,Option 1,154,dlu,dlu,Option 2,148,xzj,xzj,Option 1,,,,,,328825258,bc28b2eb-ecaf-4a3b-8eed-aec3a415de0a,11apr2024,,,submitted_via_web,farm_squares,vwKMA7mRdidyru7RTAEv4y,,91,11,Agoro East ,W,,,,Option 2,4,1,1,1,1,3,5,1,2,5,1,2,108,75,4,1,1,1,1,.80971658,-2.2349572,61.714901,-7.8850412,1.9684311,4.7197347,58.403088,.046216421
1080118,2.541293889090658,42.2845732125359,28.3648290723366,-3.802111842976238,-.4234263719082811,.3772006626754902,-30.71692909137669,4.608748963035961,12.91721910146716,10.77083392871448,-.7138953136161839,.7731788814210813,4.384042618872649,-34.428895869213,17apr2024,17apr2024,17apr2024,collect:PUVmXuVGNiQzddX1,collect:PUVmXuVGNiQzddX1,Carolyne,118,Lynaginga,,35,,,0,0,1,1,2,4,Church leadership,0,0,0,0,0,0,0,1,0,0,0,0,,2,0,0,0,5,0,0,0,0,Yes,.5,acres,,,,,6,3,1,,50000,40000,10000,0,80000,,,20000,20000,10000,0,30000,,a half,a half,Yes,,,,80,1000,20,3-3-118,,150,etk,etk,Option 1,158,rhj,rhj,Option 1,149,ulm,ulm,Option 2,156,qaf,qaf,Option 2,,,,,,330708851,bab23947-1f75-4447-a65c-6e65e73fb14a,17apr2024,,,submitted_via_web,farm_squares,vwKMA7mRdidyru7RTAEv4y,,152,21,Lyanginga ,W,,,,Option 1,1,1,1,1,1,3,2,6,5,2,3,2,110,80,4,3,1,1,1,.20242915,2.0674551,-29.367353,-17.593996,3.0882165,4.5752907,2.1463852,.36022374
1080125,3.554031606255024,18.89841813021261,43.06924177475349,-1.825303685310315,2.014717440923048,5.943809635509711,-32.11384038946232,3.24729628839656,71.05042459174962,21.52835283477928,-.3250636345484715,1.554679305893059,4.267012505851575,-39.06008201524028,18apr2024,18apr2024,18apr2024,collect:PUVmXuVGNiQzddX1,collect:PUVmXuVGNiQzddX1,Carolyne,125,Lynaginga,,39,,,0,0,2,2,1,2,None of the above,0,0,0,0,0,0,0,0,0,1,0,0,,6,0,2,0,6,2,0,0,0,Yes,.5,acres,,,,,6,2,2,,50000,50000,20000,0,80000,,,20000,25000,20000,0,25000,,a half,a half,Yes,,,,80,1000,20,3-3-125,,158,rhj,rhj,Option 1,142,fmq,fmq,Option 2,155,ivn,ivn,Option 2,141,ays,ays,Option 2,,,,,,331005826,6777fedf-0579-47c8-84f6-7b0e44dbc0bf,18apr2024,,,submitted_via_web,farm_squares,vwKMA7mRdidyru7RTAEv4y,,162,24,Lyanginga ,M,,,,Option 1,2,2,1,1,1,3,4,3,1,3,3,1,110,75,4,2,4,1,1,.20242915,-.30673531,52.152008,-21.54089,1.5002401,3.3799829,49.522072,.031393666
1080206,.570917955572344,11.59604482840364,31.27464807232395,3.619547714933521,2.179690480849455,8.774301776593736,-31.29558646364304,.2330201589285229,-36.49385715098138,22.51102471949846,.6030719489443426,2.830604707151631,4.193576842639992,-13.87902662342346,08apr2024,08apr2024,08apr2024,collect:6Nk0OyKCn2nzY2x6,collect:6Nk0OyKCn2nzY2x6,Nelson,206,Agoro East,,30,,,0,0,1,1,2,2,Committee or group leader,0,0,0,0,0,0,1,0,0,0,,,,0,0,0,0,30,0,0,0,0,Yes,2,acres,,,,,3,5,2,,10000,100000,20000,6000,84000,,,4000,50000,20000,30000,4000,,a half,a half,Yes,,,,80,1000,20,2-4-206,,148,xzj,xzj,Option 1,144,gwx,gwx,Option 2,150,etk,etk,Status Quo,160,qps,qps,Option 1,,,,,,328235463,637c2d89-58f6-4ec3-bef1-4f96b5ce53e8,08apr2024,,,submitted_via_web,farm_squares,vLex4PnJZm3v574Etkmj8D,,42,4,Agoro East ,M,,,,Option 1,4,1,1,1,1,3,2,4,5,2,1,1,113,90,3,4,1,2,1,.80971658,-.33789781,-48.089901,-8.7636232,-3.0164757,-.78894299,-59.004883,-.047972381
1080210,4.18259921091605,13.11590815761797,39.12439219645792,.1671873850034845,2.086728068781796,2.102355372540902,-30.64048662204808,3.831707056257075,1.050960022800697,13.4153313212526,-.9393480783784716,2.60307358637996,3.860063560229928,-31.12842209946897,10apr2024,10apr2024,10apr2024,collect:6Nk0OyKCn2nzY2x6,collect:6Nk0OyKCn2nzY2x6,Nelson,210,Agoro East,,47,,,0,0,2,2,4,1,None of the above,0,0,0,0,0,0,0,0,0,1,0,0,,3,0,0,0,30,0,0,0,0,Yes,.75,acres,,,,,4,3,3,,70000,100000,60000,30000,80000,,,40000,80000,60000,45000,15000,,a quarter,a quarter,Yes,,,,80,1000,20,2-4-210,,158,rhj,rhj,Option 1,142,fmq,fmq,Option 2,156,qaf,qaf,Option 1,155,ivn,ivn,Option 2,,,,,,328738400,b9c3deaa-f318-4b25-b192-3f74e1bcd708,10apr2024,,,submitted_via_web,farm_squares,vwKMA7mRdidyru7RTAEv4y,,81,7,Agoro East ,M,,,,Option 1,4,1,2,1,2,3,4,5,1,3,1,1,110,64,3,1,2,2,2,.30364373,-.35089216,-12.064948,-25.709061,-1.1065354,2.4358861,-12.364371,-.21053021
1080221,3.805710681732013,20.40397373314561,30.9483363295773,-1.637647813079755,3.083635905411109,3.900322451424264,-30.22781946014284,3.76261926444791,2.969798098975777,19.94360494893219,.315373708445854,1.115506480809393,3.447917955354116,-37.94366868260541,15apr2024,15apr2024,15apr2024,collect:6Nk0OyKCn2nzY2x6,collect:6Nk0OyKCn2nzY2x6,Nelson,221,Jimo East,,68,,,1,1,1,2,1,3,Community health volunteer,0,0,0,0,0,1,0,0,0,0,0,0,,3,2,4,0,7,0,0,0,0,Yes,1,acres,,,,,4,2,4,,25000,70000,15000,3000,77000,,,3000,12000,8000,22000,-15000,,a quarter,a quarter,Yes,,,,80,1000,20,1-4-221,,148,xzj,xzj,Option 1,145,csn,csn,Option 2,147,lwc,lwc,Option 1,142,fmq,fmq,Option 2,,,,,,330018143,07a2cd39-2797-434e-b86e-e56b07c22077,16apr2024,,,submitted_via_web,farm_squares,vwKMA7mRdidyru7RTAEv4y,,140,17,Jimo East ,W,,,,Option 1,4,1,1,1,1,3,3,6,5,2,2,2,107,6,4,1,1,1,1,.40485829,-.043091416,-17.434175,-11.004731,1.9530215,2.7531543,-16.973806,-.065719292
1080305,4.466287966484527,2.972152944185969,28.31313344311617,-.768370543503428,-1.152063342091089,-6.16345781550504,-30.54951954422281,2.834612175984561,39.78711945819559,18.54113039612264,-.2607742001344716,.5787362194621273,3.893361196662324,-45.89681356736998,09apr2024,09apr2024,09apr2024,collect:ClfxJ4ZJmcDHUVbl,collect:ClfxJ4ZJmcDHUVbl,Edmond,305,Agoro East,,44,,,0,0,1,2,0,2,Committee or group leader,0,0,0,0,0,0,1,0,0,0,0,0,,4,0,0,0,2,0,0,0,0,Yes,1.25,acres,,,,,6,3,1,,40000,72600,23000,6000,83600,,,10000,20000,12000,32000,-14000,,a quarter,a quarter,Yes,,,,80,1000,20,2-7-305,,150,etk,etk,Option 1,148,xzj,xzj,Option 2,151,lpu,lpu,Option 2,146,web,web,Option 1,,,,,,328386976,4821566d-8e2c-4264-b6bb-3b4c3527cf71,09apr2024,,,submitted_via_web,farm_squares,vwKMA7mRdidyru7RTAEv4y,,65,6,Agoro East ,W,,,,Option 1,4,2,1,1,1,3,3,2,1,3,1,2,112,5,4,1,1,1,1,.50607288,-1.6316758,36.814968,-9.7720032,.50759631,1.3471068,21.245989,.027239788
1080312,1.386101914907171,47.21739862740003,21.62145943415482,-3.24928169456992,1.408079546530377,6.14251931345667,-31.69212103593605,.9794699414612439,63.57107964005858,21.94261984581215,-.1230981557602305,3.103015271290276,4.412074971377153,-27.22044470424046,11apr2024,11apr2024,11apr2024,collect:ClfxJ4ZJmcDHUVbl,collect:ClfxJ4ZJmcDHUVbl,Edmond,312,Agoro East,,26,,,0,0,2,2,0,5,None of the above,0,0,0,0,0,0,0,0,0,1,0,0,,0,0,0,0,4,0,0,0,0,Yes,1.5,acres,,,,,5,3,2,,10000,80000,9700,5000,75300,,,7000,50000,5000,30000,22000,,a half,a half,Yes,,,,80,1000,20,2-7-312,,152,qeb,qeb,Option 1,156,qaf,qaf,Option 2,155,ivn,ivn,Option 1,148,xzj,xzj,Option 2,,,,,,328827424,7e57a08b-ea76-4aeb-9cad-1a26d509439e,11apr2024,,,submitted_via_web,farm_squares,vwKMA7mRdidyru7RTAEv4y,,96,12,Agoro East ,M,,,,Option 2,4,4,1,1,1,3,4,5,6,4,1,1,105,72,2,1,1,2,2,.60728747,-.40663198,16.353682,.32116041,3.1261835,6.3522968,41.62846,.074540719
1080410,-2.675057047811843,53.19799283189872,9.096673213541287,-1.794898528252567,-.7725168545582376,3.39680074545446,-32.90177046774757,1.995730991524476,80.41005368809925,26.65364526164807,.3735608958269237,2.096498095790302,4.322233699745359,-28.62933150900414,15apr2024,16apr2024,15apr2024,collect:pj959LJBBDwnmqUt,collect:pj959LJBBDwnmqUt,Lillian,410,Jimo East,,78,,,1,1,2,2,0,0,Village elders Teacher Committee or group leader Church leadership,0,0,1,1,0,0,1,1,0,0,0,0,,10,0,25,0,20,0,0,0,1,Yes,2,acres,,,,,2,3,5,,0,147200,39500,25000,82700,,,0,86200,39500,70000,-23300,,a quarter,a quarter,Yes,,,,80,1000,20,1-2-410,,147,lwc,lwc,Status Quo,148,xzj,xzj,Option 2,143,cur,cur,Option 2,158,rhj,rhj,Option 2,,,,,,330011621,7c57ee41-7f6e-466b-9d07-ee6ebee9adfb,16apr2024,,,submitted_via_web,farm_squares,vwKMA7mRdidyru7RTAEv4y,,130,13,Jimo East ,M,,,,Option 1,4,2,1,2,1,3,4,2,2,5,2,1,111,16,4,2,1,2,2,.80971658,4.6707878,27.212061,17.556973,2.1684594,3.8913965,53.756409,.038999967
1080422,-.6633658225300553,32.80085987612328,37.40721389651043,1.724151296508734,2.621754413126296,3.718306403194574,-31.20655045679416,1.096077368180945,83.36724953953839,23.48395938410327,-.3724083942354112,3.034213617560158,3.175429096040999,-23.29827111865797,18apr2024,19apr2024,18apr2024,collect:pj959LJBBDwnmqUt,collect:pj959LJBBDwnmqUt,Lillian,422,Lynaginga,,87,,,1,0,3,1,0,0,Church leadership Committee or group leader,0,0,0,0,0,0,1,1,0,0,0,0,,3,0,1,0,15,0,0,1,0,Yes,2,acres,,,,,4,3,3,,96000,25000,40000,5000,76000,,,25000,20000,30000,10000,5000,,nearly all or all,nearly all or all,Yes,,,,80,1000,20,3-2-422,,149,ulm,ulm,Option 1,145,csn,csn,Option 1,148,xzj,xzj,Option 1,150,etk,etk,Option 2,,,,,,331122641,bd493132-e48b-4ca6-ad91-ddc2e4ba8597,19apr2024,,,submitted_via_web,farm_squares,vwKMA7mRdidyru7RTAEv4y,,182,22,Lyanginga ,M,,,,Option 2,4,2,1,1,1,3,4,1,1,3,3,1,106,96,4,4,1,1,1,.80971658,1.7594432,50.566391,-13.923255,-2.0965598,1.3100623,59.883289,.050668787
1080510,1.213263141429754,2.501317777947223,26.197709626333,3.760766531835576,.039838602110149,11.22622054114334,-31.6366346327091,3.349918261685706,51.07043014936847,14.53217464570641,.1089161901135682,.6266473483805207,2.78641508870897,-40.7111979611195,11apr2024,11apr2024,11apr2024,collect:emwRLEvQ7IF2YIdG,collect:emwRLEvQ7IF2YIdG,Balentine,510,Agoro East,,30,,,0,0,1,1,1,2,Committee or group leader,0,0,0,0,0,0,1,0,0,0,,,,0,0,6,0,50,8,0,0,0,Yes,.5,acres,,,,,4,3,3,,90000,20000,20000,10000,80000,,,50000,15000,15000,20000,30000,,three quarters,three quarters,Yes,,,,80,1000,20,2-1-510,,146,web,web,Option 1,144,gwx,gwx,Option 2,142,fmq,fmq,Option 2,143,cur,cur,Status Quo,,,,,,328824683,48446385-8618-48b3-9796-2e94653f5066,11apr2024,,,submitted_via_web,farm_squares,vLex4PnJZm3v574Etkmj8D,,89,11,Agoro East ,W,,,,Option 2,4,1,1,1,1,3,2,3,6,4,1,2,110,80,4,1,1,2,1,.20242915,2.1366551,48.569111,-11.665535,-3.6518502,-3.1341193,36.538254,.017150447
1090002,2.977977067653054,24.90799508212288,32.20753426557029,-4.270050954101035,-1.371588249052366,3.320089061823533,-31.41490903536902,2.772303310860194,15.72907130454549,28.95877989120774,.434598447048093,1.84023651740974,4.007453128343908,-33.34814245302431,08apr2024,08apr2024,08apr2024,collect:AzIfObLTRPjO0gKG,collect:AzIfObLTRPjO0gKG,Brian,2,Agoro East,,32,,,0,0,3,2,2,1,Teacher Community health volunteer Committee or group leader Church leadership,0,0,0,1,0,1,1,1,0,0,,,,0,0,4,0,8,0,0,0,0,Yes,1,acres,,,,,2,3,5,,80000,32000,18000,4000,90000,,,32000,12000,19000,2500,22500,,a half,a half,Yes,,,,90,1000,20,2-6-2,,176,zkx,zkx,Option 2,170,kxz,kxz,Option 1,173,isu,isu,Option 1,161,soy,soy,Option 2,,,,,,328238727,784c2061-798b-4670-a529-0903d19f97dc,08apr2024,,,submitted_via_web,farm_squares,vLex4PnJZm3v574Etkmj8D,,45,2,Agoro East ,W,,,,Option 2,3,2,1,1,1,3,5,3,6,4,1,2,116,73,4,1,1,1,1,.40485829,-.20567375,-9.1789236,-3.2487543,4.7046494,6.1102877,-13.229709,-.13909879
1090003,5.567548512264368,-20.93596944533205,10.13182706186174,.0968689370144896,.1836681710189761,-10.38405289535387,-29.93203084982062,1.096917668158312,42.38259873651281,15.92789759963276,-.5793757897676007,1.735590945078367,3.910607882573626,-40.13024270474659,08apr2024,08apr2024,08apr2024,collect:AzIfObLTRPjO0gKG,collect:AzIfObLTRPjO0gKG,Brian,3,Agoro East,,59,,,0,0,5,2,2,0,Committee or group leader Teacher Church leadership,0,0,0,1,0,0,1,1,0,0,,,,7,0,20,0,3,0,0,0,0,Yes,4,acres,,,,,5,3,2,,120000,30000,40000,20000,90000,,,20000,20000,40000,180000,-180000,,three quarters,three quarters,Yes,,,,90,1000,20,2-6-3,,168,sfa,sfa,Status Quo,167,qbg,qbg,Option 1,170,kxz,kxz,Option 1,173,isu,isu,Option 1,,,,,,328238739,8724c682-38c1-45e8-8c37-ca40b39ab868,08apr2024,,,submitted_via_web,farm_squares,vLex4PnJZm3v574Etkmj8D,,46,1,Agoro East ,M,,,,Option 1,4,1,1,2,2,3,7,2,7,6,1,1,116,12,4,1,1,2,1,1.6194332,-4.4706306,63.318569,5.7960706,-.67624474,1.6387221,26.4547,.065606147
1090004,.702378302927598,38.11994238705997,16.32235183027914,6.60641594136836,-1.553466606615067,-16.10308488455322,-30.70918154499799,3.118407135918305,-.0466342443442234,1.790200821889858,.3040605478957483,1.813880753502818,4.523516611159674,-42.09364706332006,08apr2024,08apr2024,08apr2024,collect:AzIfObLTRPjO0gKG,collect:AzIfObLTRPjO0gKG,Brian,4,Agoro East,,20,,,0,0,3,2,1,0,Community health worker Community health volunteer Committee or group leader,0,0,0,0,1,1,1,0,0,0,,,,1,0,12,0,152,0,3,2,0,Yes,2,acres,,,,,4,2,4,,100000,30000,30000,15000,85000,,,50000,10000,20000,10000,30000,,a half,a half,Yes,,,,90,1000,20,2-6-4,,170,kxz,kxz,Option 2,172,vqn,vqn,Option 2,171,uro,uro,Status Quo,167,qbg,qbg,Option 2,,,,,,328238742,0e68a3fe-fbd7-4375-9948-8d25acd7285f,08apr2024,,,submitted_via_web,farm_squares,vLex4PnJZm3v574Etkmj8D,,47,5,Agoro East ,M,,,,Status Quo,4,1,1,1,1,3,5,1,3,7,1,1,114,80,4,2,1,1,1,.80971658,2.4160287,-38.166576,-14.532151,-6.3023553,-4.7925353,-1.836835,-.98750335
1090225,2.759929066845943,42.71370546745387,21.47453908359753,1.23584703651436,1.528862152178327,8.861456979499728,-31.41928139453761,3.548495751295555,3.128559774693286,24.40448906194506,-.7690806390126583,1.559765999832117,3.060440743322202,-34.81752834452961,18apr2024,18apr2024,18apr2024,collect:6Nk0OyKCn2nzY2x6,collect:6Nk0OyKCn2nzY2x6,Nelson,225,Lynaginga,,33,,,0,0,1,1,1,2,None of the above,0,0,0,0,0,0,0,0,0,1,0,0,,0,0,0,0,20,0,0,0,0,Yes,.5,acres,,,,,5,2,3,,15000,100000,10000,20000,85000,,,0,20000,10000,50000,-40000,,nearly all or all,nearly all or all,Yes,,,,90,1000,20,3-4-225,,165,vqa,vqa,Option 2,161,soy,soy,Option 2,172,vqn,vqn,Option 2,177,jxw,jxw,Option 1,,,,,,331402368,6cf9c723-5005-4ee1-a03b-37b9cc4c323a,19apr2024,,,submitted_via_web,farm_squares,vwKMA7mRdidyru7RTAEv4y,,186,24,Lyanginga ,W,,,,Option 1,2,1,1,1,1,3,2,3,1,3,3,2,114,30,1,2,1,1,1,.20242915,.78856671,-39.585144,2.92995,-2.0049276,.32391897,-21.275928,-.073311299
1090302,1.526537026611182,33.10327414276792,-13.45515788904363,2.309189252938057,.4654830903733959,-9.440653968812732,-30.36599262693209,2.772539879535107,-48.14676184921078,23.07457568356446,-.3746292322219012,1.099761875959703,4.481535412013287,-31.85052511764379,08apr2024,08apr2024,08apr2024,collect:ClfxJ4ZJmcDHUVbl,collect:ClfxJ4ZJmcDHUVbl,Edmond,302,Agoro East,,29,,,1,0,0,3,0,2,None of the above,0,0,0,0,0,0,0,0,0,1,,,,4,0,13,0,147,5,0,0,0,Yes,.5,acres,,,,,4,2,4,,85000,23900,14000,3000,91900,,,20000,9000,14000,15000,0,,a half,a half,Yes,,,,90,1000,20,2-7-302,,168,sfa,sfa,Status Quo,170,kxz,kxz,Status Quo,173,isu,isu,Status Quo,174,zna,zna,Status Quo,,,,,,328066876,a2b1abe9-be1e-4c78-b52f-8c0c543b8b7a,08apr2024,,,submitted_via_web,farm_squares,vLex4PnJZm3v574Etkmj8D,,34,3,Agoro East ,W,,,,Option 2,4,1,1,1,1,3,3,3,6,4,1,2,117,50,3,2,2,1,2,.20242915,1.2460029,-81.250038,36.529732,-2.6838186,-1.2094274,-71.221336,-.015441466
1090327,4.049354941719107,14.09417560307571,36.98589307370499,1.971291498050523,-.8239551279581316,-3.690568908502947,-31.35755231763789,3.388961589885945,-41.79614676745724,18.42943709891995,-.3633557778668999,1.534405152443967,4.231250354093197,-31.11740571696495,18apr2024,18apr2024,18apr2024,collect:ClfxJ4ZJmcDHUVbl,collect:ClfxJ4ZJmcDHUVbl,Edmond,327,Lynaginga,,50,,,0,0,4,3,0,1,Church leadership Committee or group leader,0,0,0,0,0,0,1,1,0,0,0,0,,2,0,2,0,12,0,0,0,1,Yes,1,acres,,,,,3,2,5,,12000,108000,24000,1500,94500,,,1500,37500,10000,7500,21500,,three quarters,three quarters,Yes,,,,90,1000,20,3-7-327,,179,qxz,qxz,Option 2,169,txr,txr,Option 2,180,xrs,xrs,Option 2,161,soy,soy,Option 2,,,,,,331039761,2f3cd59d-55fe-4f5f-a04c-c3fd374ace2a,18apr2024,,,submitted_via_web,farm_squares,vwKMA7mRdidyru7RTAEv4y,,167,26,Lyanginga ,M,,,,Option 1,1,1,1,1,1,3,7,1,6,4,3,1,118,70,3,1,1,1,2,.40485829,-.66039336,-55.890324,-18.556456,-2.3346472,-.43688634,-60.225582,-.025477631
1090506,2.726492213779947,16.92990421883639,20.42908164001464,1.355469544930828,-2.330663261491293,.9034476734603181,-31.43786322623262,1.202353308896283,45.53162812665935,5.42520075809739,-.2383763508462566,1.612861917280442,3.481824622729179,-43.4889546180457,08apr2024,08apr2024,08apr2024,collect:emwRLEvQ7IF2YIdG,collect:emwRLEvQ7IF2YIdG,Balentine,506,Agoro East,,65,,,0,1,1,1,1,1,Committee or group leader Village elders Church leadership,0,0,1,0,0,0,1,1,0,0,,,,10,0,8,0,15,0,0,0,0,Yes,2,acres,,,,,3,1,6,,20000,80000,10000,5000,85000,,,15000,60000,10000,20000,45000,,three quarters,three quarters,Yes,,,,90,1000,20,2-1-506,,170,kxz,kxz,Status Quo,172,vqn,vqn,Option 2,173,isu,isu,Option 1,180,xrs,xrs,Option 2,,,,,,328258496,01935ff9-161e-4afd-88eb-d1b3bcf03019,08apr2024,,,submitted_via_web,farm_squares,vLex4PnJZm3v574Etkmj8D,,57,6,Agoro East ,W,,,,Option 2,4,1,1,2,1,3,2,3,5,2,1,2,114,94,4,1,1,1,1,.80971658,-1.5241389,28.601725,-15.003881,-1.5938458,.25739238,40.106426,.04021455
1090516,4.445593707192421,29.0987728133164,31.8366346156815,-.380227218451339,2.559393594349383,6.798539537921378,-31.5070279131426,1.216887270949698,80.68741243209499,21.82326370084697,-.2341011303538104,2.416641897314343,4.240585841968252,-21.48303824895069,15apr2024,15apr2024,15apr2024,collect:emwRLEvQ7IF2YIdG,collect:emwRLEvQ7IF2YIdG,Balentine,516,Jimo East,,51,,,0,0,2,2,0,0,Committee or group leader,0,0,0,0,0,0,1,0,0,0,0,0,,0,0,0,0,10,0,0,0,0,Yes,2,acres,,,,,4,0,6,,30000,80000,15000,6000,89000,,,10000,50000,12000,5000,43000,,a half,a half,Yes,,,,90,1000,20,1-1-516,,167,qbg,qbg,Option 1,161,soy,soy,Option 2,164,ptq,ptq,Option 1,171,uro,uro,Option 2,,,,,,329941901,27639a20-740d-400c-a772-a064942d84de,15apr2024,,,submitted_via_web,farm_squares,vwKMA7mRdidyru7RTAEv4y,,128,16,Jimo East ,M,,,,Option 1,3,4,1,1,2,3,4,0,1,3,2,1,115,93,4,1,1,1,1,.80971658,-3.2287064,51.588638,-10.013371,.14612609,2.796869,58.864147,.041054565
1100017,2.192339602621888,44.01169785780516,42.62698979753652,-3.309134825694997,-.6446658423325982,2.41161253565765,-31.28627698818884,1.583521486505811,9.772104758671123,30.56318304965597,-.2071552437331014,2.04378663185335,3.822125559932132,-22.76697367048705,15apr2024,15apr2024,15apr2024,collect:PUVmXuVGNiQzddX1,collect:PUVmXuVGNiQzddX1,Brian,17,Jimo East,,36,,,0,1,1,4,1,1,Committee or group leader,0,0,0,0,0,0,1,0,0,0,0,0,,2,0,0,0,2,0,0,0,0,Yes,1,acres,,,,,6,2,2,,150000,30000,50000,30000,100000,,,90000,18000,50000,1200,56800,,a half,a half,Yes,,,,100,1000,20,1-6-17,,192,vfi,vfi,Option 2,193,mik,mik,Option 2,189,sre,sre,Option 1,190,kwh,kwh,Option 1,,,,,,329794955,aa269b95-1b94-4f48-8468-ea6f22ea9138,15apr2024,,,submitted_via_web,farm_squares,vwKMA7mRdidyru7RTAEv4y,,116,17,Jimo East ,W,,,,Option 1,3,3,1,1,2,3,5,3,6,4,2,2,9,98,4,1,1,1,1,.40485829,-.60881811,-34.239594,-12.063807,3.1019795,5.3529215,-20.791079,-.098301135
1100021,3.1795565003653,48.01779533909232,24.14337624246452,-.4557681008188349,1.39742896600528,8.180755262124045,-30.75105096007627,1.884538665634212,2.227396207162808,16.48143945657661,-.1179587581226978,1.144913601341861,4.274088853945602,-41.19318868065485,17apr2024,17apr2024,17apr2024,collect:AzIfObLTRPjO0gKG,collect:AzIfObLTRPjO0gKG,Brian,21,Lynaginga,,38,,,0,0,3,2,0,0,None of the above,0,0,0,0,0,0,0,0,0,1,0,0,,4,0,0,0,15,0,0,0,0,Yes,1,acres,,,,,2,2,6,,80000,56000,30000,4000,102000,,,8000,8000,30000,4000,-18000,,a quarter,a quarter,Yes,,,,100,1000,20,3-6-21,,184,lhi,lhi,Option 1,186,gjo,gjo,Option 2,195,unh,unh,Option 1,182,jlq,jlq,Option 2,,,,,,331083713,614f0f23-5324-4c0e-ae19-22c16178f01c,18apr2024,,,submitted_via_web,farm_squares,vwKMA7mRdidyru7RTAEv4y,,173,20,Lyanginga ,M,,,,Option 1,4,4,1,4,4,3,5,0,1,3,3,1,11,11,4,1,1,1,1,.40485829,-1.2950178,-45.790398,-7.6619368,.33780935,1.6006817,-14.254044,-.08032202
1100119,5.599590336440743,34.16693416983811,17.53623800845598,.3194573845969962,-1.063609416818656,4.537844254988486,-31.5830310330849,4.033063461464668,8.453826015412885,22.45589185892057,.1652851027753131,1.217926907860372,3.931218945109022,-38.59263618138753,17apr2024,17apr2024,17apr2024,collect:PUVmXuVGNiQzddX1,collect:PUVmXuVGNiQzddX1,Carolyne,119,Lynaginga,,50,,,0,0,6,4,0,0,None of the above,0,0,0,0,0,0,0,0,0,1,0,0,,0,0,0,0,5,0,0,0,0,Yes,1.5,acres,,,,,5,3,2,,30000,70000,5000,0,95000,,,14000,25000,5000,0,34000,,nearly all or all,nearly all or all,Yes,,,,100,1000,20,3-3-119,,195,unh,unh,Status Quo,184,lhi,lhi,Option 1,192,vfi,vfi,Option 2,191,kvf,kvf,Status Quo,,,,,,330708857,045f623f-9468-499a-adac-51431555b2fa,17apr2024,,,submitted_via_web,farm_squares,vwKMA7mRdidyru7RTAEv4y,,153,19,Lyanginga ,W,,,,Status Quo,1,4,1,1,1,3,10,0,5,2,3,2,119,85,4,3,1,1,1,.60728747,-1.5665269,-25.713108,4.9196539,-.15417229,.89846951,-14.002066,-.086981945
1100207,1.764085835333036,4.386359262888776,20.8705572576525,-.6450886443505779,2.522469021283604,.2882957419371581,-31.69482429670622,.4943802550750862,15.65550814171357,20.41227541299118,.3660788948699985,1.638506764913422,3.79684746268804,-34.60195896121595,09apr2024,09apr2024,09apr2024,collect:PUVmXuVGNiQzddX1,collect:PUVmXuVGNiQzddX1,Nelson,207,Agoro East,,51,,,0,0,3,2,2,1,Community health volunteer Church leadership,0,0,0,0,0,1,0,1,0,0,0,0,,0,0,0,0,18,0,0,0,0,Yes,.75,acres,,,,,4,3,3,,15000,120000,30000,10000,95000,,,10000,80000,30000,30000,30000,,a quarter,a quarter,Yes,,,,100,1000,20,2-4-207,,191,kvf,kvf,Option 2,197,rkx,rkx,Option 2,190,kwh,kwh,Status Quo,194,dai,dai,Option 2,,,,,,328478848,82435494-3f62-461c-a27c-76982bc2fa71,09apr2024,,,submitted_via_web,farm_squares,vwKMA7mRdidyru7RTAEv4y,,66,6,Agoro East ,W,,,,Option 1,4,1,1,1,1,3,5,3,2,5,1,2,119,80,4,1,1,1,1,.30364373,-1.2697055,11.269149,-.45828184,1.0111675,2.2835953,-4.7567673,-.34445804
1100303,2.27337858439536,-4.963737388206028,19.2286419559975,7.981218839176941,1.97737013243226,-.3176007130329631,-27.26063719818051,1.789530001072843,84.94350222272566,9.986249380393646,-.2177984083697257,1.250398853864336,3.246845526882539,-44.36198643712187,08apr2024,08apr2024,08apr2024,collect:ClfxJ4ZJmcDHUVbl,collect:ClfxJ4ZJmcDHUVbl,Edmond,303,Agoro East,,70,,,1,1,1,0,0,1,Church leadership Committee or group leader,0,0,0,0,0,0,1,1,0,0,,,,2,0,3,0,22,0,0,0,0,Yes,1.5,acres,,,,,6,2,2,,65000,43440,9000,1200,98240,,,7500,1632,0,72000,-62868,,a half,a half,Yes,,,,100,1000,20,2-7-303,,200,ikv,ikv,Status Quo,182,jlq,jlq,Option 2,194,dai,dai,Option 1,198,sfl,sfl,Option 1,,,,,,328082275,157de24d-d42d-41e0-8a6c-0b7e9e32bd3d,08apr2024,,,submitted_via_web,farm_squares,vLex4PnJZm3v574Etkmj8D,,35,2,Agoro East ,W,,,,Option 2,1,1,1,4,1,3,1,3,5,2,1,2,121,41,1,2,1,1,1,.60728747,-.48384857,89.907242,-9.2423925,-8.1990175,-6.7308202,74.957253,.016681492
1100306,3.361877360714697,8.710622703468012,38.76877267835889,-.1071162343325227,.0936996530703917,1.402988804435536,-31.28812733566062,3.419342357869926,62.35921297335894,5.956525142933426,1.024497903809349,-.1065258587963411,3.588797498586879,-39.57239675062474,10apr2024,10apr2024,10apr2024,collect:ClfxJ4ZJmcDHUVbl,collect:ClfxJ4ZJmcDHUVbl,Edmond,306,Agoro East,,58,,,0,0,4,1,0,0,Committee or group leader Village elders Community health worker Community health volunteer,0,0,1,0,1,1,1,0,0,0,0,0,,3,0,5,0,10,0,0,0,0,Yes,3,acres,,,,,5,2,3,,100000,30000,20000,10000,100000,,,20000,13800,20000,80000,-66200,,a quarter,a quarter,Yes,,,,100,1000,20,2-7-306,,194,dai,dai,Option 2,182,jlq,jlq,Option 2,186,gjo,gjo,Option 1,187,gxu,gxu,Option 1,,,,,,328716369,f3925a6f-1291-4c90-af91-63755213326f,10apr2024,,,submitted_via_web,farm_squares,vwKMA7mRdidyru7RTAEv4y,,70,9,Agoro East ,M,,,,Status Quo,4,1,1,1,1,3,5,0,3,7,1,1,9,43,3,2,1,2,1,1.2145749,.057464998,53.64859,-32.812248,1.1316141,.00059037551,56.402687,-.0018886664
1100405,3.377580979735004,-6.94068249578307,2.938950986674145,3.606238780308963,-.760754714610857,7.051599887794383,-32.33291435223747,3.881104157906282,-2.531003137378917,-2.116372883114069,.3786961123860301,.4141593198376049,2.934177223129398,-38.33934631237894,09apr2024,09apr2024,09apr2024,collect:pj959LJBBDwnmqUt,collect:pj959LJBBDwnmqUt,Lillian,405,Agoro East,,36,,,0,0,3,1,0,2,None of the above,0,0,0,0,0,0,0,0,0,1,0,0,,3,0,0,0,44,0,0,0,0,Yes,1.75,acres,,,,,5,2,3,,120000,80300,40000,60000,100300,,,0,0,0,0,0,,three quarters,three quarters,Yes,,,,100,1000,20,2-2-405,,196,kbs,kbs,Option 1,183,iwj,iwj,Status Quo,182,jlq,jlq,Status Quo,192,vfi,vfi,Status Quo,,,,,,328503672,dbb5600f-cdea-41e7-a7b5-215c38d88d0c,09apr2024,,,submitted_via_web,farm_squares,vwKMA7mRdidyru7RTAEv4y,,68,5,Agoro East ,W,,,,Status Quo,3,1,1,4,1,3,4,2,6,4,1,2,10,50,4,2,1,1,1,.70850199,.50352317,4.4096794,-5.0553241,-3.2275426,-3.1920795,-.41463026,-.99886417
1100407,-.5575675100790187,16.98110144965967,33.8446290929432,3.419608229535658,3.237017424168325,2.197239402813769,-29.97851232665241,1.512926234983309,35.56862059537452,34.8627853815615,-.2408345140296519,2.866568290344909,3.950593504731661,-18.16072038681297,11apr2024,11apr2024,11apr2024,collect:pj959LJBBDwnmqUt,collect:pj959LJBBDwnmqUt,Lillian,407,Agoro East,,31,,,0,0,3,2,0,0,Community health volunteer Committee or group leader,0,0,0,0,0,1,1,0,0,0,0,0,,4,0,3,0,15,0,0,0,0,Yes,1.5,acres,,,,,4,0,6,,20000,112000,20000,9000,103000,,,54000,43500,31600,38000,27900,,a half,a half,Yes,,,,100,1000,20,2-2-407,,188,xoj,xoj,Option 1,184,lhi,lhi,Option 2,187,gxu,gxu,Option 2,182,jlq,jlq,Option 2,,,,,,329001540,269e6d69-7541-4d7f-b766-bb7be1c1fb3b,11apr2024,,,submitted_via_web,farm_squares,vwKMA7mRdidyru7RTAEv4y,,103,10,Agoro East ,M,,,,Option 1,4,2,1,1,1,3,5,0,3,7,1,1,13,78,4,3,1,1,1,.60728747,2.0704937,18.587519,1.0181563,-3.6604428,-.55303997,.70583522,4.0612431
1100409,1.813790743099514,40.93322415042739,43.08269581405656,1.184639215519305,.5131683369601285,6.874701307047687,-31.04009318546084,1.318986453896314,30.42276125204205,32.16047892453113,.6005618429368086,1.353462020974345,4.820395387732904,-30.5441557384304,11apr2024,11apr2024,11apr2024,collect:pj959LJBBDwnmqUt,collect:pj959LJBBDwnmqUt,Lillian,409,Agoro East,,26,,,0,0,1,3,2,1,Teacher Committee or group leader,0,0,0,1,0,0,1,0,0,0,0,0,,3,0,0,0,15,6,0,0,0,Yes,3,acres,,,,,3,1,6,,20000,120000,35000,1500,103500,,,5000,14000,28000,2500,-11500,,a quarter,a quarter,Yes,,,,100,1000,20,2-2-409,,181,dtj,dtj,Option 2,185,jzq,jzq,Option 1,193,mik,mik,Option 2,199,rgk,rgk,Option 2,,,,,,329001549,433486fa-6f80-4d5d-8b22-31c019394b95,11apr2024,,,submitted_via_web,farm_squares,vwKMA7mRdidyru7RTAEv4y,,105,12,Agoro East ,M,,,,Option 1,4,1,1,1,1,3,4,3,3,7,1,1,14,2,4,1,1,2,1,1.2145749,-.49480429,-10.510463,-10.922216,-.58407736,.16882281,-1.7377176,-.77887338
1100415,-.8572626344645871,30.72000549407648,36.59624262667419,-.6812891631812997,3.305558409740451,6.554537224819801,-30.24043290366772,3.026671733672194,39.13787067012544,17.93041517666855,.1617880463630542,.7377571791102503,3.314239103293621,-35.01881931772581,15apr2024,16apr2024,15apr2024,collect:pj959LJBBDwnmqUt,collect:pj959LJBBDwnmqUt,Lillian,415,Jimo East,,52,,,0,0,5,3,2,1,Church leadership,0,0,0,0,0,0,0,1,0,0,0,0,,3,0,8,0,18,0,0,0,0,Yes,.5,acres,,,,,4,2,4,,45000,73750,11000,5000,102750,,,15000,53500,15000,20000,33500,,a half,a half,Yes,,,,100,1000,20,1-2-415,,181,dtj,dtj,Option 1,193,mik,mik,Option 2,190,kwh,kwh,Option 2,188,xoj,xoj,Option 1,,,,,,330011627,f4a96782-0a76-4b15-9d60-db0f647a7d10,16apr2024,,,submitted_via_web,farm_squares,vwKMA7mRdidyru7RTAEv4y,,133,17,Jimo East ,W,,,,Option 1,4,4,4,4,4,3,8,3,5,2,2,2,12,84,3,3,1,1,2,.20242915,3.8839343,8.4178648,-18.665827,.84307718,1.4190463,21.207455,.034787633
1100512,,,,,,,,,,,,,,,,,,,,,,,,,,,,,,,,,,,,,,,,,,,,,,,,,,,,,,,,,,,,,,,,,,,,,,,,,,,,,,,,,,,,,,,,,,,,,,,,,,,,,,,,,,,,,,,,,,,,,,,,,,13,Jimo East ,M,,,,,,,,,,1,,,,,2,1,,,,,,,,,,,,,,,
1100513,5.158585484222151,33.26491424535273,17.35428729097302,-.9417907635930531,.7673134069514144,6.989231827792344,-32.0198661337029,3.20360802459114,36.20506709966824,18.68611027075694,-1.059033203959845,1.361346092860212,3.289606792032814,-38.3604829684808,15apr2024,15apr2024,15apr2024,collect:emwRLEvQ7IF2YIdG,collect:emwRLEvQ7IF2YIdG,Balentine,513,Jimo East,,74,,,1,1,2,2,3,2,Village elders Church leadership,0,0,1,0,0,0,0,1,0,0,0,0,,4,0,9,0,20,0,0,0,0,Yes,1.5,acres,,,,,4,0,6,,36000,80000,15000,5000,96000,,,36000,45000,15000,30000,36000,,a quarter,a quarter,Yes,,,,100,1000,20,1-1-513,,195,unh,unh,Option 1,199,rgk,rgk,Option 2,183,iwj,iwj,Option 1,192,vfi,vfi,Option 2,,,,,,329709642,e5dba299-7da6-4d76-a926-eccb6c67d56f,15apr2024,,,submitted_via_web,farm_squares,vwKMA7mRdidyru7RTAEv4y,,110,,,,,,,Option 1,2,1,1,1,1,3,4,7,1,3,,,120,89,4,1,1,1,1,.60728747,-1.9549775,2.9401529,1.331823,-.11724244,2.3031368,17.518957,.07770703
1110016,3.983852494098792,16.06050299603041,38.63749651437852,-2.058801192989794,.4373740110861606,4.170123641985051,-31.40050389046896,3.19121102484919,59.74459328168712,22.92148259848949,-.8139317640671123,2.270074751695147,4.326009356202593,-28.13795858893075,15apr2024,15apr2024,15apr2024,collect:PUVmXuVGNiQzddX1,collect:PUVmXuVGNiQzddX1,Brian,16,Jimo East,,43,,,0,0,3,4,1,0,Teacher Committee or group leader Church leadership,0,0,0,1,0,0,1,1,0,0,0,0,,3,0,0,0,1,0,0,0,0,Yes,1,acres,,,,,2,3,5,,66000,66000,12000,6000,114000,,,25000,25000,12000,3000,35000,,a quarter,a quarter,Yes,,,,110,1000,20,1-6-16,,215,ila,ila,Option 2,218,lqi,lqi,Option 1,217,ezo,ezo,Option 2,204,diu,diu,Option 1,,,,,,329794950,0195cf7a-3618-4b01-82a7-aa3846a3a084,15apr2024,,,submitted_via_web,farm_squares,vwKMA7mRdidyru7RTAEv4y,,115,17,Jimo East ,W,,,,Option 2,4,1,1,1,1,3,7,1,6,4,2,2,20,87,4,1,1,1,1,.40485829,-.79264146,43.68409,-15.716014,1.2448695,4.328876,36.823112,.061648097
1110018,4.919517595166234,30.01685372177522,33.40686194851887,.9211133940560181,-3.066561219141953,-3.032598518058953,-31.67809003560641,3.193550828586643,48.88209571828412,10.24033463237435,-1.527072052995195,1.60395785236246,3.40500743046452,-45.67199075119231,15apr2024,15apr2024,15apr2024,collect:AzIfObLTRPjO0gKG,collect:AzIfObLTRPjO0gKG,Brian,18,Jimo East,,45,,,0,0,5,2,1,1,Church leadership,0,0,0,0,0,0,0,1,0,0,0,0,,3,0,5,0,6,0,0,0,0,Yes,1.5,acres,,,,,3,3,4,,64000,64000,10000,4000,114000,,,16000,16000,10000,2000,20000,,a half,a half,Yes,,,,110,1000,20,1-6-18,,204,diu,diu,Option 1,219,ipy,ipy,Option 2,215,ila,ila,Option 1,214,ega,ega,Option 2,,,,,,329845683,45e38308-4d3a-4e1f-b70d-74e791483aad,15apr2024,,,submitted_via_web,farm_squares,vwKMA7mRdidyru7RTAEv4y,,118,18,Jimo East ,W,,,,Option 2,4,1,1,1,1,3,7,2,5,2,2,2,20,68,4,1,1,1,1,.60728747,-1.7259668,18.865242,-23.166527,-2.4481854,.68284446,38.641762,.041508403
1110310,4.18746858378872,16.11096885989204,13.26968237028222,-2.220642697156137,-.6649357883751017,-5.481995058278449,-32.3615975358066,2.748319713013118,24.85758931492321,17.09056443054829,.4528685744067467,1.575248228382597,3.39210318110459,-33.59881394068893,11apr2024,11apr2024,11apr2024,collect:ClfxJ4ZJmcDHUVbl,collect:ClfxJ4ZJmcDHUVbl,Edmond,310,Agoro East,,52,,,0,0,4,1,0,0,Church leadership,0,0,0,0,0,0,0,1,0,0,0,0,,6,0,10,0,16,0,0,0,0,Yes,4,acres,,,,,3,3,4,,68000,91550,18000,30000,111550,,,20000,22000,10000,60000,-28000,,three quarters,three quarters,Yes,,,,110,1000,20,2-7-310,,217,ezo,ezo,Status Quo,213,ovf,ovf,Option 1,212,pne,pne,Option 2,203,luc,luc,Option 1,,,,,,328827421,21ab6de8-c130-44a8-9a62-fa2876ab6326,11apr2024,,,submitted_via_web,farm_squares,vwKMA7mRdidyru7RTAEv4y,,94,10,Agoro East ,M,,,,Option 1,4,2,1,1,1,3,5,0,5,2,1,1,19,20,4,1,1,3,2,1.6194332,-1.4391489,8.7466202,3.8208821,2.6735113,3.7958908,7.767025,.2028123
1110322,1.106904639325391,32.57279444568908,42.11865273512984,2.546715308667973,3.10312486107456,11.73250922250651,-31.55284587713027,1.358877671384264,38.93203992805716,24.81991968914411,.6311295981767657,2.228681941687772,3.259457534105178,-32.06067218416993,17apr2024,17apr2024,17apr2024,collect:ClfxJ4ZJmcDHUVbl,collect:ClfxJ4ZJmcDHUVbl,Edmond,322,Lynaginga,,74,,,1,0,0,2,1,2,Village elders Church leadership,0,0,1,0,0,0,0,1,0,0,0,0,,3,0,1,0,30,0,0,0,0,Yes,.5,acres,,,,,4,2,4,,60000,100000,30000,20000,110000,,,15000,20000,35000,18000,-18000,,three quarters,three quarters,Yes,,,,110,1000,20,3-7-322,,212,pne,pne,Option 1,201,qrt,qrt,Option 2,205,udb,udb,Option 1,220,hno,hno,Option 1,,,,,,330679366,63f51ad0-7da1-4301-b2b6-74f3e27b6933,17apr2024,,,submitted_via_web,farm_squares,vwKMA7mRdidyru7RTAEv4y,,145,20,Lyanginga ,M,,,,Option 2,4,1,1,1,1,3,2,4,5,2,3,1,18,11,2,1,1,1,1,.20242915,.25197303,6.3592453,-17.298733,-1.9155858,-.31803337,14.112121,.1579268
1110328,3.561661847335207,17.2676790998139,14.72460096723415,.2607579381652837,-3.505722555748211,1.783001564513813,-32.21397738895345,4.147472387190734,5.01681324044223,16.44391693549013,-.4751813569907647,.8381100424804035,3.931871887033903,-36.69686650229963,18apr2024,18apr2024,18apr2024,collect:ClfxJ4ZJmcDHUVbl,collect:ClfxJ4ZJmcDHUVbl,Edmond,328,Lynaginga,,22,,,0,0,2,0,0,0,Church leadership,0,0,0,0,0,0,0,1,0,0,0,0,,0,1,0,0,3,0,0,0,0,Yes,.5,acres,,,,,4,3,3,,60000,80000,25000,10000,105000,,,40000,55000,30000,20000,45000,,a half,a half,Yes,,,,110,1000,20,3-7-328,,204,diu,diu,Option 1,203,luc,luc,Status Quo,212,pne,pne,Option 2,201,qrt,qrt,Option 2,,,,,,331039767,7475da1b-8b43-484d-9815-7c3391a16589,18apr2024,,,submitted_via_web,farm_squares,vwKMA7mRdidyru7RTAEv4y,,168,22,Lyanginga ,M,,,,Status Quo,4,1,1,2,2,3,2,0,2,5,3,1,15,94,3,2,2,3,2,.20242915,.58581054,-12.250866,1.719316,-.73593932,.57735211,-11.427104,-.073344044
1110520,2.084180763748416,2.062310155444302,17.41569535112243,-1.165269567704263,-2.600537924814811,-2.379256926254151,-31.33246377744215,.3613187163164146,-5.624977405819467,-7.247890513388399,1.440317811616825,-.2692076538181171,2.0362928287296,-45.67234962316927,18apr2024,18apr2024,18apr2024,collect:emwRLEvQ7IF2YIdG,collect:emwRLEvQ7IF2YIdG,Balentine,520,Lynaginga,,30,,,0,0,1,1,1,2,None of the above,0,0,0,0,0,0,0,0,0,1,0,0,,0,0,0,0,10,0,0,0,0,Yes,.5,acres,,,,,4,2,4,,80000,70000,40000,1000,109000,,,50000,40000,30000,20000,40000,,a quarter,a quarter,Yes,,,,110,1000,20,3-1-520,,210,zst,zst,Option 1,207,puq,puq,Option 2,217,ezo,ezo,Option 2,208,wxj,wxj,Option 2,,,,,,331074057,9f3ff55a-3f88-4766-9a0e-5b94fa638eaa,18apr2024,,,submitted_via_web,farm_squares,vwKMA7mRdidyru7RTAEv4y,,170,,,,,,,Status Quo,4,1,1,1,1,3,2,3,2,5,,,16,91,3,2,2,2,2,.20242915,-1.722862,-7.6872873,-24.663586,2.6055875,.8960619,1.6229131,-.16587928
1120025,3.854345547384144,8.056926874459482,39.5069837070295,-1.339793992722429,-1.159829913172844,-4.966673261043127,-31.60463781543207,2.385037223860559,50.50309677349084,13.34856841632604,.0999182477294229,1.912709566230164,4.415760174606861,-43.50921995684844,18apr2024,18apr2024,18apr2024,collect:AzIfObLTRPjO0gKG,collect:AzIfObLTRPjO0gKG,Brian,25,Lynaginga,,30,,,0,0,1,1,0,2,Committee or group leader Church leadership,0,0,0,0,0,0,1,1,0,0,0,0,,1,0,0,0,13,0,0,0,0,Yes,2,acres,,,,,4,2,4,,150000,24000,50000,6000,118000,,,75000,12000,50000,6000,31000,,three quarters,three quarters,Yes,,,,120,1000,20,3-6-25,,230,qwa,qwa,Option 1,240,hfb,hfb,Option 2,237,lqm,lqm,Option 2,236,hpi,hpi,Option 1,,,,,,331083728,b1b7e5f6-17bd-4e4b-a86f-9f1259041cd7,18apr2024,,,submitted_via_web,farm_squares,vwKMA7mRdidyru7RTAEv4y,,177,23,Lyanginga ,W,,,,Option 1,4,1,1,1,1,3,2,2,3,7,3,2,24,81,4,1,1,1,1,.80971658,-1.4693084,42.446171,-26.158415,1.4397123,3.2525036,37.15453,.05147985
1120122,2.001264668877921,26.87123846087944,11.20442960543022,1.793532515937725,-3.053366729136949,-6.524286815649363,-30.80997056713434,2.693191579892602,9.514186699704005,28.88931361182948,-1.111632408676171,1.251146412736224,3.390248789718989,-39.52323750806552,17apr2024,17apr2024,17apr2024,collect:PUVmXuVGNiQzddX1,collect:PUVmXuVGNiQzddX1,Carolyne,122,Lynaginga,,55,,,1,0,1,1,1,0,Committee or group leader Church leadership Community health volunteer,0,0,0,0,0,1,1,1,0,0,0,0,,3,0,3,0,12,17,0,0,0,Yes,.75,acres,,,,,5,2,3,,70000,60000,15000,0,115000,,,20000,20000,15000,0,25000,,three quarters,three quarters,Yes,,,,120,1000,20,3-3-122,,228,meh,meh,Option 2,222,nym,nym,Status Quo,238,nhf,nhf,Option 1,239,jtv,jtv,Status Quo,,,,,,330708866,74bf7959-eec8-49d6-866e-c8b76093fb40,17apr2024,,,submitted_via_web,farm_squares,vwKMA7mRdidyru7RTAEv4y,,155,21,Lyanginga ,W,,,,Option 2,4,1,1,1,1,3,2,2,1,3,3,2,21,75,4,3,1,1,1,.30364373,.6919269,-17.357052,17.684883,-2.905165,-.54238611,-19.375128,-.064574875
1120217,4.156517420423385,23.54437931605685,26.96832224637039,-4.51043941669691,1.63532815573578,10.466784953215,-30.63584403212429,2.880090380683948,-30.86974789418891,19.73814189278421,.2287768631920421,1.411451185406338,3.884012081377494,-40.18857063026873,15apr2024,15apr2024,15apr2024,collect:6Nk0OyKCn2nzY2x6,collect:6Nk0OyKCn2nzY2x6,Nelson,217,Jimo East,,47,,,0,0,3,2,0,0,Committee or group leader,0,0,0,0,0,0,1,0,0,0,0,0,,3,0,6,0,20,0,0,0,0,Yes,.25,acres,,,,,2,4,4,,80000,100000,50000,10000,120000,,,50000,70000,50000,100000,-30000,,a quarter,a quarter,Yes,,,,120,1000,20,1-4-217,,226,qvf,qvf,Option 2,237,lqm,lqm,Option 2,223,nxp,nxp,Option 1,224,jqo,jqo,Option 1,,,,,,330018127,6f629036-339b-4329-8302-12c680f65c63,16apr2024,,,submitted_via_web,farm_squares,vwKMA7mRdidyru7RTAEv4y,,136,13,Jimo East ,W,,,,Option 2,1,1,1,1,1,3,5,0,5,2,2,2,25,22,1,1,1,1,1,.10121457,-1.276427,-54.414127,-7.2301803,4.7392163,5.9218907,-50.607891,-.027889943
1120233,2.977878706596963,-2.881020034722757,10.83143880018309,-2.209762353511321,-4.94489590600598,-8.297223856172884,-31.18270935718313,4.004150671822383,52.1359932363894,14.37470496708207,-.7874185724747569,1.147284272686281,4.596102147895673,-33.53409366702123,18apr2024,18apr2024,18apr2024,collect:6Nk0OyKCn2nzY2x6,collect:6Nk0OyKCn2nzY2x6,Nelson,233,Lynaginga,,29,,,0,1,3,4,3,1,Committee or group leader,0,0,0,0,0,0,1,0,0,0,0,0,,6,0,11,0,80,12,6,0,5,Yes,.5,acres,,,,,7,1,2,,72000,145400,50000,50000,117400,,,18000,150000,10000,70000,88000,,a half,a half,Yes,,,,120,1000,20,3-4-233,,233,fza,fza,Option 1,232,vkj,vkj,Option 2,234,aik,aik,Status Quo,240,hfb,hfb,Option 2,,,,,,331402386,f6038218-36bb-4d5c-914b-cf63ab7c3df1,19apr2024,,,submitted_via_web,farm_squares,vwKMA7mRdidyru7RTAEv4y,,194,26,Lyanginga ,M,,,,Option 1,2,1,1,1,1,3,7,5,2,5,3,1,23,107,2,1,1,1,1,.20242915,1.0262719,55.017014,3.5432661,1.4223437,3.3570466,37.761288,.030382551
1120320,2.6751185442729,-6.309564574079813,23.21315784982842,-4.220770656052608,.8080141386388322,8.605262314828812,-30.49276388484833,3.555909437117927,1.865714467834091,20.48547714024998,-.4070332062568301,.695194789557482,3.460080532863971,-38.41852740667878,17apr2024,17apr2024,17apr2024,collect:ClfxJ4ZJmcDHUVbl,collect:ClfxJ4ZJmcDHUVbl,Edmond,320,Lynaginga,,56,,,0,0,1,2,2,1,Church leadership Committee or group leader,0,0,0,0,0,0,1,1,0,0,0,0,,4,0,2,0,50,0,0,0,0,Yes,1,acres,,,,,4,3,3,,97000,66500,27000,20000,116500,,,0,15600,6000,13500,-3900,,three quarters,three quarters,Yes,,,,120,1000,20,3-7-320,,225,inp,inp,Option 2,235,wpk,wpk,Option 2,223,nxp,nxp,Option 1,228,meh,meh,Option 2,,,,,,330679343,0ed09a70-6ac8-4682-8bc5-fba45e7b3891,17apr2024,,,submitted_via_web,farm_squares,vwKMA7mRdidyru7RTAEv4y,,143,21,Lyanginga ,W,,,,Option 2,4,1,1,1,1,3,3,3,5,2,3,2,22,26,4,1,1,1,1,.40485829,.88079089,8.1752787,-2.7276807,3.8137374,4.9159656,-18.619762,-.037336394
1120321,4.089688791192822,22.02936079718066,32.87863398600358,-.5198040885183361,.0956687499091381,2.760468075101081,-31.36540968313275,1.945079091897327,34.03433221424767,31.77046702319044,-.0556363242225837,1.736049073588566,3.909657456216346,-20.36184383407677,17apr2024,17apr2024,17apr2024,collect:ClfxJ4ZJmcDHUVbl,collect:ClfxJ4ZJmcDHUVbl,Edmond,321,Lynaginga,,57,,,0,0,4,4,0,0,Church leadership,0,0,0,0,0,0,0,1,0,0,0,0,,4,0,0,0,5,0,1,1,0,Yes,1,acres,,,,,6,3,1,,100000,50000,12000,20000,118000,,,3300,26850,6600,6000,17550,,nearly all or all,nearly all or all,Yes,,,,120,1000,20,3-7-321,,225,inp,inp,Option 1,230,qwa,qwa,Option 1,228,meh,meh,Status Quo,229,qls,qls,Option 1,,,,,,330679361,6f9546a4-3ad8-4b3e-9a89-910837f37d9e,17apr2024,,,submitted_via_web,farm_squares,vwKMA7mRdidyru7RTAEv4y,,144,20,Lyanginga ,M,,,,Option 1,4,2,1,1,1,3,8,0,5,2,3,1,24,67,2,2,1,1,1,.40485829,-2.1446097,12.004972,-1.1081669,.46416777,2.2558532,2.2638652,.76685178
1130023,4.81910062853478,24.86216443352445,10.30670242964093,-.5262230685790638,2.145540581496345,.2772772768731985,-31.13951097341503,2.263624085618135,8.999462789243195,3.187689042964712,-.0705489429813112,1.837659854963418,4.606541622933817,-34.4158586340674,18apr2024,18apr2024,18apr2024,collect:AzIfObLTRPjO0gKG,collect:AzIfObLTRPjO0gKG,Brian,23,Lynaginga,,45,,,0,0,3,3,4,2,Teacher Community health volunteer Committee or group leader Church leadership,0,0,0,1,0,1,1,1,0,0,0,0,,1,0,0,0,7,0,0,0,0,Yes,.25,acres,,,,,2,1,7,,142400,20000,30000,6000,126400,,,100000,40000,30000,6000,104000,,three quarters,three quarters,Yes,,,,130,1000,20,3-6-23,,254,hrm,hrm,Option 2,252,hyr,hyr,Option 2,246,yof,yof,Status Quo,243,cfj,cfj,Option 1,,,,,,331083721,454104e8-d1ea-4008-a61f-6c4559af1ae3,18apr2024,,,submitted_via_web,farm_squares,vwKMA7mRdidyru7RTAEv4y,,175,23,Lyanginga ,W,,,,Option 1,4,1,1,1,1,3,6,6,2,5,3,2,26,55,4,1,1,1,1,.10121457,-2.5554764,-15.862701,-7.1190133,.45567411,2.363883,5.8117738,.31619605
1130223,4.982751540346664,23.26468285188008,2.276144250359974,1.268322627626003,.3390662812430309,4.421453734245884,-32.05228261741905,2.008884365443839,52.7815811809759,9.943963639370125,.8393887115780606,1.424516517541449,2.379338428679532,-29.25846386072975,17apr2024,25apr2024,17apr2024,collect:6Nk0OyKCn2nzY2x6,collect:6Nk0OyKCn2nzY2x6,Nelson,223,Jimo East,,52,,,0,0,3,3,1,0,None of the above,0,0,0,0,0,0,0,0,0,1,0,0,,2,0,2,0,10,2,0,0,0,Yes,2,acres,,,,,5,3,2,,100000,200000,150000,20000,130000,,,30000,80000,100000,60000,-50000,,three quarters,three quarters,Yes,,,,130,1000,20,1-4-223,,258,sqo,sqo,Status Quo,247,dzt,dzt,Option 1,257,cwm,cwm,Status Quo,259,asq,asq,Status Quo,,,,,,333264697,f68457b2-f16b-4b3a-9f87-2a853475c2c2,25apr2024,,,submitted_via_web,farm_squares,vwKMA7mRdidyru7RTAEv4y,,195,21,Lyanginga ,M,,,,Option 1,4,1,1,1,1,3,6,1,3,7,3,1,28,37,4,1,1,1,1,.80971658,-2.9738672,29.516899,7.6678195,-.42893392,.1561939,42.837616,.033253871
1130326,4.837861798037318,-4.47307842158683,31.34032379726602,-2.183667609991358,1.881413334650134,.0979891912397692,-31.39801770720664,3.37544950320541,-19.76290888698357,23.38051843498713,-1.207150784317072,1.270405121066859,3.173874485779181,-36.97012289976354,18apr2024,18apr2024,18apr2024,collect:ClfxJ4ZJmcDHUVbl,collect:ClfxJ4ZJmcDHUVbl,Edmond,326,Lynaginga,,52,,,0,0,3,2,0,2,None of the above,0,0,0,0,0,0,0,0,0,1,0,0,,2,0,0,0,8,0,0,0,0,Yes,3,points,,,,,5,4,1,,50000,101600,8500,12500,130600,,,30000,20000,9000,20000,21000,,a half,a half,Yes,,,,130,1000,20,3-7-326,,259,asq,asq,Option 2,253,lzg,lzg,Option 1,245,gqp,gqp,Option 2,247,dzt,dzt,Option 1,,,,,,331039756,5086e6b0-d921-4b89-9120-93d0a092ccfe,18apr2024,,,submitted_via_web,farm_squares,vwKMA7mRdidyru7RTAEv4y,,166,20,Lyanginga ,M,,,,Option 2,4,1,1,1,1,3,5,2,5,2,3,1,29,69,2,2,1,2,2,.012145749,-1.4624122,-15.28983,-7.9598055,.97651684,3.4540727,-43.143429,-.029446086
1140203,2.804192729411548,28.22641649389651,43.76621959143051,-2.583413897269572,.2910164760458582,-2.22300738296241,-30.59748752871617,.9366899536494273,-.3016127879154588,18.53360416389962,.5724313025728224,.9543372363675471,3.53993675796934,-40.74115332215369,08apr2024,08apr2024,08apr2024,collect:6Nk0OyKCn2nzY2x6,collect:6Nk0OyKCn2nzY2x6,Nelson,203,Agoro East,,83,,,1,1,1,1,0,0,Church leadership Village elders,0,0,1,0,0,0,0,1,0,0,,,,2,0,2,0,5,0,0,0,0,Yes,5,acres,,,,,4,2,4,,100000,100000,40000,20000,140000,,,50000,120000,20000,70000,80000,,a quarter,a quarter,Yes,,,,140,1000,20,2-4-203,,277,fsj,fsj,Option 2,264,xwt,xwt,Option 1,273,hkw,hkw,Option 2,266,ohl,ohl,Status Quo,,,,,,328235436,b4ed8013-0ab2-47c8-afca-773e85f9e2a6,08apr2024,,,submitted_via_web,farm_squares,vLex4PnJZm3v574Etkmj8D,,39,3,Agoro East ,M,,,,Status Quo,4,1,1,1,1,3,2,2,2,5,1,1,33,106,4,1,1,1,1,2.0242915,-1.8675028,-28.528028,-25.232615,3.1558452,3.5377512,-18.835217,-.050667707
1140508,1.436566385806893,29.4092243715507,.1913790847297571,-1.601646248624305,-3.664656740037505,-4.240604321797357,-33.01953932079088,1.240597171361955,-43.60491678140747,9.863010779513861,1.455056479836043,.5677848803324677,2.325392904115246,-36.93496757574666,10apr2024,10apr2024,10apr2024,collect:emwRLEvQ7IF2YIdG,collect:emwRLEvQ7IF2YIdG,Balentine,508,Agoro East,,33,,,0,0,1,1,1,2,Church leadership,0,0,0,0,0,0,0,1,0,0,,,,8,0,11,0,10,0,0,0,0,Yes,.5,acres,,,,,4,1,5,,150000,60000,60000,15000,135000,,,70000,10000,40000,20000,20000,,a quarter,a quarter,Yes,,,,140,1000,20,2-1-508,,275,eyu,eyu,Option 1,269,hfo,hfo,Status Quo,262,wah,wah,Status Quo,280,yfh,yfh,Option 2,,,,,,328737442,878170dd-b7b4-4be9-b417-a00dd6881968,10apr2024,,,submitted_via_web,farm_squares,vLex4PnJZm3v574Etkmj8D,,78,7,Agoro East ,M,,,,Option 1,3,2,1,1,2,3,2,3,2,5,1,1,30,68,4,1,1,3,1,.20242915,-.19596921,-73.014145,9.6716318,3.0567026,2.1694312,-53.467926,-.010619168
1140512,-.3243176959011439,-.6440557549494409,-4.28518882412706,-2.058323588573913,1.36295739858826,17.01930719317047,-29.00466856396957,2.261365542002173,-50.90807206802326,3.145067799458153,-.2932390794048138,2.171096249904686,5.019308943987199,-30.7322983393246,15apr2024,15apr2024,15apr2024,collect:emwRLEvQ7IF2YIdG,collect:emwRLEvQ7IF2YIdG,Balentine,512,Jimo East,,52,,,0,0,2,2,1,0,Committee or group leader Church leadership,0,0,0,0,0,0,1,1,0,0,0,0,,0,0,0,0,40,0,0,0,0,Yes,2,acres,,,,,5,1,4,,80000,150000,70000,20000,140000,,,30000,100000,80000,40000,10000,,a quarter,a quarter,Yes,,,,140,1000,20,1-1-512,,266,ohl,ohl,Option 2,273,hkw,hkw,Option 2,274,nbf,nbf,Status Quo,265,ylf,ylf,Option 2,,,,,,329709640,f08cf07c-4ac8-4e6f-8207-3f6f33d50656,15apr2024,,,submitted_via_web,farm_squares,vwKMA7mRdidyru7RTAEv4y,,109,13,Jimo East ,M,,,,Status Quo,4,1,1,2,1,3,4,1,3,7,2,1,33,52,4,1,1,1,1,.80971658,2.5856833,-50.264015,7.4302568,1.7650845,4.2294197,-54.053139,-.040165961
1150024,,,,,,,,,,,,,,,,,,,,,,,,,,,,,,,,,,,,,,,,,,,,,,,,,,,,,,,,,,,,,,,,,,,,,,,,,,,,,,,,,,,,,,,,,,,,,,,,,,,,,,,,,,,,,,,,,,,,,,,,,,23,Lyanginga ,W,,,,Option 1,4,1,1,1,1,3,,,,,3,2,,,,,,,,,,,,,,,
1160009,4.922262189739098,12.71449635929447,31.34909364966632,-1.021573048679321,-.2461614139333684,-.2497511847689558,-31.0571618364026,3.683917778674966,37.89059173582623,15.12967033605609,-.4524354431250256,2.465769541672622,4.535495903722341,-31.29261167935483,10apr2024,10apr2024,10apr2024,collect:AzIfObLTRPjO0gKG,collect:AzIfObLTRPjO0gKG,Brian,9,Agoro East,,27,,,0,0,2,1,0,0,None of the above,0,0,0,0,0,0,0,0,0,1,0,0,,1,0,6,0,10,1,0,2,0,Yes,1,acres,,,,,4,4,2,,180000,18000,35000,4000,159000,,,120000,20000,30000,6000,104000,,three quarters,three quarters,Yes,,,,160,1000,20,2-6-9,,310,qkg,qkg,Option 1,307,tri,tri,Option 1,301,wju,wju,Option 2,306,tyc,tyc,Status Quo,,,,,,328742554,84ec583e-f100-43f3-b8b9-020bf9250b41,10apr2024,,,submitted_via_web,farm_squares,vwKMA7mRdidyru7RTAEv4y,,87,9,Agoro East ,W,,,,Option 2,4,1,1,1,1,3,3,0,2,5,1,2,37,55,4,1,1,1,1,.40485829,-1.2383444,25.176096,-16.219423,.56913763,3.4873426,22.760921,.10833347
1160010,.3172389677167333,-17.92475448655041,40.8821836714019,-6.494557945885006,-1.277019269230658,2.206204481806971,-32.64322399960886,3.608265608497144,-13.09613442745438,9.357546648454091,-.7556111933070635,1.709482859892262,3.971613371740776,-41.71644042529595,11apr2024,11apr2024,11apr2024,collect:AzIfObLTRPjO0gKG,collect:AzIfObLTRPjO0gKG,Brian,10,Agoro East,,42,,,0,0,3,1,1,0,Church leadership Committee or group leader,0,0,0,0,0,0,1,1,0,0,0,0,,4,0,14,0,20,0,0,0,0,Yes,6,acres,,,,,3,4,3,,248400,32400,115000,10800,155000,,,75600,32400,115000,8100,-15100,,three quarters,three quarters,Yes,,,,160,1000,20,2-6-10,,307,tri,tri,Option 1,302,qzd,qzd,Option 2,319,ajr,ajr,Option 1,308,wsl,wsl,Option 1,,,,,,328934393,96408baf-9d5f-4b4e-8915-103cbfd528d6,11apr2024,,,submitted_via_web,farm_squares,vwKMA7mRdidyru7RTAEv4y,,97,10,Agoro East ,M,,,,Status Quo,4,1,1,1,1,3,4,1,5,2,1,1,35,7,4,1,1,1,1,2.4291499,3.2910266,4.82862,-31.524637,5.7389469,8.2040405,-22.453682,-.076133743
1160117,1.310952838477815,-24.26268724117753,12.54071179787126,-2.214242507394999,1.849889662894077,-4.952899482378582,-31.9109157132641,2.246348548910763,-88.21804930754745,-.9180323618695256,.3045964496458312,.2418725939146006,3.780801296819601,-45.2599495836209,15apr2024,15apr2024,15apr2024,collect:PUVmXuVGNiQzddX1,collect:PUVmXuVGNiQzddX1,Carolyne,117,Jimo East,,53,,,0,0,2,1,0,2,Committee or group leader,0,0,0,0,0,0,1,0,0,0,0,0,,10,0,4,0,300,0,0,0,0,Yes,3,acres,,,,,4,3,3,,200000,60000,100000,0,160000,,,100000,40000,120000,0,20000,,a quarter,a quarter,Yes,,,,160,1000,20,1-3-117,,301,wju,wju,Option 1,305,lab,lab,Option 2,313,gvi,gvi,Option 1,308,wsl,wsl,Option 2,,,,,,329835258,7db600c8-7e4f-4410-ac8e-c7439504f4ab,15apr2024,,,submitted_via_web,farm_squares,vwKMA7mRdidyru7RTAEv4y,,117,16,Jimo East ,M,,,,Option 2,4,2,1,1,2,3,3,2,2,5,2,1,39,68,4,1,1,1,1,1.2145749,.93539572,-63.95536,-13.458744,2.5188389,2.456115,-87.300018,-.0027705904
1160420,,,,,,,,,,,,,,,18apr2024,19apr2024,18apr2024,collect:pj959LJBBDwnmqUt,collect:pj959LJBBDwnmqUt,Lillian,420,Lynaginga,,24,,,0,0,1,3,3,1,Teacher Community health volunteer Committee or group leader Church leadership,0,0,0,1,0,1,1,1,0,0,0,0,,4,0,0,0,50,0,0,0,0,Yes,.8,hectares,,,,,5,2,3,,135000,65000,30000,12000,158000,,,32600,52000,40000,3000,41600,,three quarters,three quarters,Yes,,,,160,1000,20,3-2-420,,320,akn,akn,Option 1,318,itc,itc,Option 1,309,odk,odk,Option 1,317,nlg,nlg,Option 2,,,,,,331122646,650605ce-b98c-40ca-9b6b-679b78e3fd39,19apr2024,,,submitted_via_web,farm_squares,vwKMA7mRdidyru7RTAEv4y,,184,,,,,,,,,,,,,1,4,4,3,7,,,36,92,4,2,2,2,2,.80000001,,,,,,,
1160424,,,,,,,,,,,,,,,,,,,,,,,,,,,,,,,,,,,,,,,,,,,,,,,,,,,,,,,,,,,,,,,,,,,,,,,,,,,,,,,,,,,,,,,,,,,,,,,,,,,,,,,,,,,,,,,,,,,,,,,,,,22,Lyanginga ,M,,,,Option 2,4,2,1,2,2,3,,,,,3,1,,,,,,,,,,,,,,,
1170222,5.220045551489461,30.11626769204298,7.032281294900995,1.330637497520804,2.099929844920501,8.636841596130328,-31.33103049674767,1.471048635440238,-29.88345639265965,6.384303161358754,-.47748235184704,1.741061637824617,2.719019031311764,-45.82333828258358,15apr2024,15apr2024,15apr2024,collect:6Nk0OyKCn2nzY2x6,collect:6Nk0OyKCn2nzY2x6,Nelson,222,Jimo East,,21,,,0,0,4,5,1,0,Church leadership Committee or group leader,0,0,0,0,0,0,1,1,0,0,0,0,,4,0,4,0,100,40,0,1,2,Yes,7,acres,,,,,6,2,2,,150000,150000,100000,30000,170000,,,100000,25000,20000,40000,65000,,a half,a half,Yes,,,,170,1000,20,1-4-222,,338,nwr,nwr,Option 1,335,vjx,vjx,Status Quo,333,nzm,nzm,Status Quo,323,uvx,uvx,Option 1,,,,,,330018147,cf1b96be-a0ad-4b80-a44e-3145175c78db,16apr2024,,,submitted_via_web,farm_squares,vwKMA7mRdidyru7RTAEv4y,,141,16,Jimo East ,M,,,,Status Quo,4,3,1,1,1,3,9,1,2,5,2,1,41,102,4,3,1,1,1,2.834008,-3.748997,-59.999725,-.64797813,-1.8081199,.41042414,-36.267761,-.048005767
1180208,2.390686706150249,62.54722334008013,6.209141883438897,-2.723869624268858,1.327309425700671,2.853873911143234,-31.52699860391504,-1.274303263036881,-20.91242578523839,29.66915686241947,.8386686439909699,.368727793400995,5.299102810255538,-41.16440712121486,08apr2024,08apr2024,08apr2024,collect:6Nk0OyKCn2nzY2x6,collect:6Nk0OyKCn2nzY2x6,Nelson,208,Agoro East,,37,,,0,0,10,1,1,2,Committee or group leader,0,0,0,0,0,0,1,0,0,0,,,,0,0,6,0,110,8,0,0,0,Yes,4,acres,,,,,5,3,2,,150000,120000,60000,30000,180000,,,50000,80000,60000,50000,20000,,a quarter,a quarter,Yes,,,,180,1000,20,2-4-208,,356,zrh,zrh,Option 2,360,gdm,gdm,Option 1,353,get,get,Option 1,357,kei,kei,Option 1,,,,,,328235468,fa5f45dd-3e66-49e6-a2aa-bca6d9cfd0d3,08apr2024,,,submitted_via_web,farm_squares,vLex4PnJZm3v574Etkmj8D,,43,5,Agoro East ,M,,,,Option 2,4,3,1,1,1,3,11,3,6,4,1,1,43,68,4,1,2,2,2,1.6194332,-3.6649899,-83.459648,23.460014,3.5625384,3.0925975,-50.581581,-.007289764
1180518,2.503480341649376,4.967632886348569,43.90985957776186,2.129144573962616,1.395756091879299,3.960551416413436,-31.47566230459853,1.844835087250216,-43.4992233404083,25.16668693115666,-.2579494316396394,1.99194222613524,3.631180007391118,-39.2542628055612,17apr2024,17apr2024,17apr2024,collect:emwRLEvQ7IF2YIdG,collect:emwRLEvQ7IF2YIdG,Balentine,518,Lynaginga,,56,,,0,0,3,4,0,1,Church leadership Committee or group leader,0,0,0,0,0,0,1,1,0,0,0,0,,6,0,8,0,20,5,15,0,0,Yes,2.5,acres,,,,,7,1,2,,200000,250000,200000,70000,180000,,,120000,180000,200000,50000,50000,,three quarters,three quarters,Yes,,,,180,1000,20,3-1-518,,359,dwv,dwv,Option 2,356,zrh,zrh,Option 1,341,zap,zap,Option 2,346,nwm,nwm,Option 1,,,,,,330701092,c9fc2b70-ae4a-4bb8-9d9b-1eae7c809dfc,17apr2024,,,submitted_via_web,farm_squares,vwKMA7mRdidyru7RTAEv4y,,146,26,Lyanginga ,M,,,,Option 2,4,2,1,1,1,3,7,1,1,3,3,1,43,97,3,2,2,2,2,1.0121458,-.65864527,-48.466858,-18.743174,-2.387094,-.13720235,-68.665909,-.029009188
1190007,4.016428960750674,9.148678704292649,21.33827673959445,2.04032844734851,.4866143755138831,3.263339512535628,-31.72147961663563,4.851377718785566,-15.47097387091058,22.76975321263578,-.7623795465988258,1.729010253848231,3.683900238202628,-24.69041457493179,10apr2024,10apr2024,10apr2024,collect:AzIfObLTRPjO0gKG,collect:AzIfObLTRPjO0gKG,Brian,7,Agoro East,,51,,,1,0,5,3,1,1,Church leadership Committee or group leader Community health volunteer,0,0,0,0,0,1,1,1,0,0,0,0,,8,0,29,0,300,9,0,0,0,Yes,2.5,acres,,,,,5,2,3,,198500,62000,40000,30000,190500,,,100000,44000,30000,50000,64000,,a half,a half,Yes,,,,190,1000,20,2-6-7,,379,exy,exy,Option 2,368,wzi,wzi,Status Quo,378,kaq,kaq,Option 1,365,bor,bor,Option 1,,,,,,328742528,91e747ee-fcd2-4064-a546-a9c175fdd31e,10apr2024,,,submitted_via_web,farm_squares,vwKMA7mRdidyru7RTAEv4y,,85,9,Agoro East ,W,,,,Option 1,4,1,1,1,1,3,8,3,1,3,1,2,46,100,4,1,1,1,1,1.0121458,.83494878,-24.619652,1.4314765,-2.8027079,-.31131819,-38.240726,-.045213845
1190417,.7154357208792108,-6.194587550988465,24.94760214735734,-2.185861992337513,8.134227625967256,14.11479191395168,-30.24357748568748,1.133064485060349,77.59184721825389,26.54889407203924,-.9867124300340165,2.823681154265917,3.929279082642887,-11.14844527910144,17apr2024,17apr2024,17apr2024,collect:pj959LJBBDwnmqUt,collect:pj959LJBBDwnmqUt,Lillian,417,Lynaginga,,42,,,0,0,1,2,3,1,Committee or group leader Church leadership,0,0,0,0,0,0,1,1,0,0,0,0,,3,0,2,0,20,5,3,0,0,Yes,2,acres,,,,,5,3,2,,100000,120000,25000,5000,190000,,,50000,60000,30000,35000,45000,,a half,a half,Yes,,,,190,1000,20,3-2-417,,368,wzi,wzi,Option 1,364,vns,vns,Option 2,376,znp,znp,Option 2,363,ohf,ohf,Option 1,,,,,,330701574,a73405da-0919-4042-9302-139ba94a6aa0,17apr2024,,,submitted_via_web,farm_squares,vwKMA7mRdidyru7RTAEv4y,,150,19,Lyanginga ,W,,,,Option 2,4,2,1,1,1,3,3,4,1,3,3,2,45,94,4,3,1,1,1,.80971658,.41762877,83.786438,1.6012919,1.1991496,5.0095429,51.042953,.055319704
1200026,2.544172659891239,31.26867120137404,43.25414037607329,-.2564486317799353,.9420709178372341,2.875749539586377,-30.74473502177986,2.76639704458834,-23.31419674985153,23.00319184928131,.6605168238114795,1.271429674555121,4.213218053114012,-42.37587066997551,18apr2024,18apr2024,18apr2024,collect:AzIfObLTRPjO0gKG,collect:AzIfObLTRPjO0gKG,Brian,26,Lynaginga,,42,,,0,0,3,4,1,0,Teacher Church leadership,0,0,0,1,0,0,0,1,0,0,0,0,,0,0,0,0,6,0,8,0,1,Yes,.75,acres,,,,,6,2,2,,192000,20000,2300,10000,199700,,,70000,20000,23000,10000,57000,,three quarters,three quarters,Yes,,,,200,1000,20,3-6-26,,382,xzw,xzw,Option 2,388,nei,nei,Option 1,398,ayi,ayi,Option 1,385,qhu,qhu,Option 1,,,,,,331083730,c32c091f-0b73-4fd1-9777-85802ba6bf1b,18apr2024,,,submitted_via_web,farm_squares,vwKMA7mRdidyru7RTAEv4y,,178,24,Lyanginga ,W,,,,Option 1,4,1,1,1,1,3,7,1,1,3,3,2,47,99,3,1,1,1,1,.30364373,.22222438,-54.582867,-20.250948,.91696548,1.5278783,-46.31739,-.027450373
1200115,3.126416862204357,-27.51331887972289,23.19734155656186,-2.840545469274655,.4297578739240959,-.4411819472915592,-31.92386994215805,4.558265969569223,-30.62834490044881,17.91921017895977,-.4097724973928147,1.746959429455563,3.189522082463342,-33.62535472766689,15apr2024,15apr2024,15apr2024,collect:PUVmXuVGNiQzddX1,collect:PUVmXuVGNiQzddX1,Carolyne,115,Jimo East,,35,,,0,0,1,1,0,1,Committee or group leader,0,0,0,0,0,0,1,0,0,0,0,0,,6,0,43,0,400,0,0,0,0,Yes,3,acres,,,,,4,2,4,,370000,110000,145000,0,335000,,,200000,10000,145000,0,65000,,a quarter,a quarter,Yes,,,,200,1000,20,1-3-115,,395,mfv,mfv,Option 2,393,vrm,vrm,Option 1,394,jal,jal,Option 2,390,mwc,mwc,Option 1,,,,,,329698852,8c9d9177-4ad8-42c4-9c2a-1552a49b7693,15apr2024,,,submitted_via_web,farm_squares,vwKMA7mRdidyru7RTAEv4y,,107,14,Jimo East ,M,,,,Option 1,4,1,1,1,1,3,2,1,3,7,2,1,66,102,4,1,1,1,1,1.2145749,1.4318491,-3.115026,-5.2781315,2.430773,4.5875049,-48.547554,-.035984501
10660504,,,,,,,,,,,,,,,,,,,,,,,,,,,,,,,,,,,,,,,,,,,,,,,,,,,,,,,,,,,,,,,,,,,,,,,,,,,,,,,,,,,,,,,,,,,,,,,,,,,,,,,,,,,,,,,,,,,,,,,,,,4,Agoro East ,M,,,,,,,,,,1,,,,,1,1,,,,,,,,,,,,,,,
1010035,,,,,,,,,,,,,,,01mar2024,01mar2024,01mar2024,collect:pj959LJBBDwnmqUt,collect:pj959LJBBDwnmqUt,Lillian,,Agoro East,,,,,,,,,,,,,,,,,,,,,,,,,,,,,,,,,,,,,,,,,,,,,,,,,,,,,,,,,,,,,,,,,,,,,11,cyv,cyv,Option 2,8,yux,yux,,9,ule,ule,,15,zjv,zjv,,,,,,,317499512,33b48f45-9176-407c-8691-c59e6d40c488,01mar2024,,,submitted_via_web,farm_squares,vT4veMXiDufemK4sMFgBtr,,20,,,,,,,Option 2,4,1,1,1,1,2,,,,,,,,,,,,,,,,,,,,,
1030003,,,,,,,,,,,,,,,29feb2024,29feb2024,29feb2024,collect:AzIfObLTRPjO0gKG,collect:AzIfObLTRPjO0gKG,Brian,,Agoro East,,,,,,,,,,,,,,,,,,,,,,,,,,,,,,,,,,,,,,,,,,,,,,,,,,,,,,,,,,,,,,,,,,,,,49,bnm,bnm,Option 2,44,von,von,,59,wcg,wcg,,50,mce,mce,,,,,,,317239353,7c3390d6-b1e5-45a1-9699-395cec271800,29feb2024,,,submitted_via_web,farm_squares,vT4veMXiDufemK4sMFgBtr,,9,,,,,,,Option 1,4,1,1,1,1,2,,,,,,,,,,,,,,,,,,,,,
1030452,,,,,,,,,,,,,,,20apr2024,21apr2024,20apr2024,collect:pj959LJBBDwnmqUt,collect:pj959LJBBDwnmqUt,Lillian,,Lynaginga,,,,,,,,,,,,,,,,,,,,,,,,,,,,,,,,,,,,,,,,,,,,,,,,,,,,,,,,,,,,,,,,,,,,,51,tlh,tlh,Option 2,50,sjm,sjm,,46,bdm,bdm,,48,aef,aef,,,,,,,331715133,0ed4ac75-3b0c-462e-8aa4-65edc6f4283c,21apr2024,,,submitted_via_web,farm_squares,v9FPrf3pr9tVptd9DxsqmD,,181,,,,,,,Option 1,4,1,1,1,1,2,,,,,,,,,,,,,,,,,,,,,
1040005,,,,,,,,,,,,,,,01mar2024,01mar2024,01mar2024,collect:AzIfObLTRPjO0gKG,collect:AzIfObLTRPjO0gKG,Brian,,Agoro East,,,,,,,,,,,,,,,,,,,,,,,,,,,,,,,,,,,,,,,,,,,,,,,,,,,,,,,,,,,,,,,,,,,,,76,gzq,gzq,Status Quo,69,bcd,bcd,,80,ejm,ejm,,70,knz,knz,,,,,,,317632390,73fa36bc-998a-4b10-b45f-7a2c16f54b7d,02mar2024,,,submitted_via_web,farm_squares,vT4veMXiDufemK4sMFgBtr,,25,,,,,,,Status Quo,4,1,1,1,1,2,,,,,,,,,,,,,,,,,,,,,
1060001,,,,,,,,,,,,,,,28feb2024,28feb2024,28feb2024,collect:Klid87lGQsgvVehM,collect:Klid87lGQsgvVehM,Anne,,Agoro East,,,,,,,,,,,,,,,,,,,,,,,,,,,,,,,,,,,,,,,,,,,,,,,,,,,,,,,,,,,,,,,,,,,,,113,joh,joh,Status Quo,102,hty,hty,,114,znd,znd,,120,diy,diy,,,,,,,316911736,bbc6d500-4b5d-45dc-ac6b-777b143594b5,28feb2024,,,submitted_via_web,farm_squares,v7WFDVjvuRmBENrmnJYnva,,6,,,,,,,Option 1,4,1,1,1,1,2,,,,,,,,,,,,,,,,,,,,,
1060051,,,,,,,,,,,,,,,28feb2024,28feb2024,28feb2024,collect:emwRLEvQ7IF2YIdG,collect:emwRLEvQ7IF2YIdG,Anne,,Jimo East,,,,,,,,,,,,,,,,,,,,,,,,,,,,,,,,,,,,,,,,,,,,,,,,,,,,,,,,,,,,,,,,,,,,,116,ikr,ikr,Option 2,107,ert,ert,,106,lgi,lgi,,118,rvx,rvx,,,,,,,316877387,cb566fb3-520d-45c2-a1d3-2acb3b5c6146,28feb2024,,,submitted_via_web,farm_squares,v7WFDVjvuRmBENrmnJYnva,,2,,,,,,,Option 1,4,1,1,1,1,2,,,,,,,,,,,,,,,,,,,,,
1070046,,,,,,,,,,,,,,,01mar2024,01mar2024,01mar2024,collect:PUVmXuVGNiQzddX1,collect:PUVmXuVGNiQzddX1,Carolyne,,Jimo East,,,,,,,,,,,,,,,,,,,,,,,,,,,,,,,,,,,,,,,,,,,,,,,,,,,,,,,,,,,,,,,,,,,,,127,jak,jak,Option 1,129,hnq,hnq,,134,xuj,xuj,,130,cqf,cqf,,,,,,,317518534,c3dba222-fbc9-418d-98e2-5e19a32c3520,01mar2024,,,submitted_via_web,farm_squares,vT4veMXiDufemK4sMFgBtr,,22,,,,,,,Option 1,4,1,1,1,1,2,,,,,,,,,,,,,,,,,,,,,
1080004,,,,,,,,,,,,,,,01mar2024,01mar2024,01mar2024,collect:AzIfObLTRPjO0gKG,collect:AzIfObLTRPjO0gKG,Brian,,Agoro East,,,,,,,,,,,,,,,,,,,,,,,,,,,,,,,,,,,,,,,,,,,,,,,,,,,,,,,,,,,,,,,,,,,,,147,ifx,ifx,Option 1,158,xui,xui,,148,uys,uys,,144,uhs,uhs,,,,,,,317632386,21518ddb-a081-4816-8730-d016989d415e,02mar2024,,,submitted_via_web,farm_squares,vT4veMXiDufemK4sMFgBtr,,24,,,,,,,Option 1,4,1,1,1,1,2,,,,,,,,,,,,,,,,,,,,,
1080041,,,,,,,,,,,,,,,28feb2024,28feb2024,28feb2024,collect:PUVmXuVGNiQzddX1,collect:PUVmXuVGNiQzddX1,Carolyne,,Jimo East,,,,,,,,,,,,,,,,,,,,,,,,,,,,,,,,,,,,,,,,,,,,,,,,,,,,,,,,,,,,,,,,,,,,,160,tnl,tnl,Option 2,152,imb,imb,,155,kix,kix,,146,gvz,gvz,,,,,,,316877809,081473c1-1449-48f3-8459-cb869c83e969,28feb2024,,,submitted_via_web,farm_squares,v7WFDVjvuRmBENrmnJYnva,,3,,,,,,,Option 1,4,2,4,1,1,2,,,,,,,,,,,,,,,,,,,,,
1080066,,,,,,,,,,,,,,,01mar2024,01mar2024,01mar2024,collect:ClfxJ4ZJmcDHUVbl,collect:ClfxJ4ZJmcDHUVbl,Edmond,,Jimo East,,,,,,,,,,,,,,,,,,,,,,,,,,,,,,,,,,,,,,,,,,,,,,,,,,,,,,,,,,,,,,,,,,,,,154,ndm,ndm,Option 1,150,upf,upf,,144,uhs,uhs,,146,chl,chl,,,,,,,317412234,6d5ec6a7-bdf8-484b-9eee-37161cd5aadc,01mar2024,,,submitted_via_web,farm_squares,vT4veMXiDufemK4sMFgBtr,,18,,,,,,,Option 2,4,1,1,1,1,2,,,,,,,,,,,,,,,,,,,,,
1090013,,,,,,,,,,,,,,,29feb2024,01mar2024,29feb2024,collect:6Nk0OyKCn2nzY2x6,collect:6Nk0OyKCn2nzY2x6,Nicholas,,Jimo East,,,,,,,,,,,,,,,,,,,,,,,,,,,,,,,,,,,,,,,,,,,,,,,,,,,,,,,,,,,,,,,,,,,,,166,ijn,ijn,Option 1,174,qfc,qfc,,169,olx,olx,,162,xwq,xwq,,,,,,,317325282,99bfa14a-6507-4586-b241-e61ccd0c81a4,01mar2024,,,submitted_via_web,farm_squares,vT4veMXiDufemK4sMFgBtr,,13,,,,,,,Status Quo,4,1,1,1,1,2,,,,,,,,,,,,,,,,,,,,,
1090044,,,,,,,,,,,,,,,29feb2024,29feb2024,29feb2024,collect:PUVmXuVGNiQzddX1,collect:PUVmXuVGNiQzddX1,Carolyne,,Jimo East,,,,,,,,,,,,,,,,,,,,,,,,,,,,,,,,,,,,,,,,,,,,,,,,,,,,,,,,,,,,,,,,,,,,,173,jru,jru,Status Quo,169,olx,olx,,165,csk,csk,,163,zwk,zwk,,,,,,,317325287,4bad8db7-f60e-4f42-b5d2-888b90d23c2e,01mar2024,,,submitted_via_web,farm_squares,vT4veMXiDufemK4sMFgBtr,,16,,,,,,,Status Quo,4,1,1,1,1,2,,,,,,,,,,,,,,,,,,,,,
1090063,,,,,,,,,,,,,,,29feb2024,29feb2024,29feb2024,collect:ClfxJ4ZJmcDHUVbl,collect:ClfxJ4ZJmcDHUVbl,Edmond,,Jimo East,,,,,,,,,,,,,,,,,,,,,,,,,,,,,,,,,,,,,,,,,,,,,,,,,,,,,,,,,,,,,,,,,,,,,171,jfv,jfv,Option 1,175,yng,yng,,168,ytw,ytw,,166,ijn,ijn,,,,,,,317085089,c56e03be-b1b6-4993-8b30-32b57a252286,29feb2024,,,submitted_via_web,farm_squares,vT4veMXiDufemK4sMFgBtr,,7,,,,,,,Option 2,4,1,1,4,4,2,,,,,,,,,,,,,,,,,,,,,
1100303,2.27337858439536,-4.963737388206028,19.2286419559975,7.981218839176941,1.97737013243226,-.3176007130329631,-27.26063719818051,1.789530001072843,84.94350222272566,9.986249380393646,-.2177984083697257,1.250398853864336,3.246845526882539,-44.36198643712187,08apr2024,08apr2024,08apr2024,collect:ClfxJ4ZJmcDHUVbl,collect:ClfxJ4ZJmcDHUVbl,Edmond,303,Agoro East,,70,,,1,1,1,0,0,1,Church leadership Committee or group leader,0,0,0,0,0,0,1,1,0,0,,,,2,0,3,0,22,0,0,0,0,Yes,1.5,acres,,,,,6,2,2,,65000,43440,9000,1200,98240,,,7500,1632,0,72000,-62868,,a half,a half,Yes,,,,100,1000,20,2-7-303,,200,ikv,ikv,Status Quo,182,jlq,jlq,Option 2,194,dai,dai,Option 1,198,sfl,sfl,Option 1,,,,,,328082275,157de24d-d42d-41e0-8a6c-0b7e9e32bd3d,08apr2024,,,submitted_via_web,farm_squares,vLex4PnJZm3v574Etkmj8D,,35,2,Agoro East ,W,,,,Option 2,4,1,1,1,1,3,1,3,5,2,1,2,121,41,1,2,1,1,1,.60728747,-.48384857,89.907242,-9.2423925,-8.1990175,-6.7308202,74.957253,.016681492
1110053,,,,,,,,,,,,,,,29feb2024,01mar2024,29feb2024,collect:Klid87lGQsgvVehM,collect:Klid87lGQsgvVehM,Anne,,Jimo East,,,,,,,,,,,,,,,,,,,,,,,,,,,,,,,,,,,,,,,,,,,,,,,,,,,,,,,,,,,,,,,,,,,,,213,ztk,ztk,Option 1,220,afr,afr,,201,lin,lin,,203,mpe,mpe,,,,,,,317325361,ba17efbe-097d-42c6-9201-bc8913006b0b,01mar2024,,,submitted_via_web,farm_squares,vT4veMXiDufemK4sMFgBtr,,17,,,,,,,Option 1,4,1,1,1,1,2,,,,,,,,,,,,,,,,,,,,,
1110054,,,,,,,,,,,,,,,01mar2024,02mar2024,01mar2024,collect:Klid87lGQsgvVehM,collect:Klid87lGQsgvVehM,Anne,,Agoro East,,,,,,,,,,,,,,,,,,,,,,,,,,,,,,,,,,,,,,,,,,,,,,,,,,,,,,,,,,,,,,,,,,,,,212,mwj,mwj,Option 2,218,wsr,wsr,,211,xpb,xpb,,217,wzf,wzf,,,,,,,317610399,772f18c3-a0df-4ef7-9514-34c30dbcdc8e,02mar2024,,,submitted_via_web,farm_squares,vT4veMXiDufemK4sMFgBtr,,23,,,,,,,Option 2,3,1,1,1,1,2,,,,,,,,,,,,,,,,,,,,,
1120011,,,,,,,,,,,,,,,28feb2024,28feb2024,28feb2024,collect:6Nk0OyKCn2nzY2x6,collect:6Nk0OyKCn2nzY2x6,Nelson,,Agoro East,,,,,,,,,,,,,,,,,,,,,,,,,,,,,,,,,,,,,,,,,,,,,,,,,,,,,,,,,,,,,,,,,,,,,240,tjy,tjy,Option 1,229,ptw,ptw,,230,iow,iow,,226,phi,phi,,,,,,,316891075,98030d44-7bf2-4c40-9c60-3897ea9ef9ea,28feb2024,,,submitted_via_web,farm_squares,v7WFDVjvuRmBENrmnJYnva,,4,,,,,,,Option 2,4,1,1,2,2,2,,,,,,,,,,,,,,,,,,,,,
1120014,,,,,,,,,,,,,,,29feb2024,01mar2024,29feb2024,collect:6Nk0OyKCn2nzY2x6,collect:6Nk0OyKCn2nzY2x6,Nicholas,,Jimo East,,,,,,,,,,,,,,,,,,,,,,,,,,,,,,,,,,,,,,,,,,,,,,,,,,,,,,,,,,,,,,,,,,,,,224,hnl,hnl,Option 2,226,avt,avt,,235,hqt,hqt,,228,sfp,sfp,,,,,,,317325283,2e1b3617-6f01-45a4-8505-0ce1e57eba10,01mar2024,,,submitted_via_web,farm_squares,vT4veMXiDufemK4sMFgBtr,,14,,,,,,,Status Quo,4,1,1,1,1,2,,,,,,,,,,,,,,,,,,,,,
1120022,,,,,,,,,,,,,,,29feb2024,29feb2024,29feb2024,collect:emwRLEvQ7IF2YIdG,collect:emwRLEvQ7IF2YIdG,Balentine,,Jimo East,,,,,,,,,,,,,,,,,,,,,,,,,,,,,,,,,,,,,,,,,,,,,,,,,,,,,,,,,,,,,,,,,,,,,222,ura,ura,Status Quo,228,sfp,sfp,,223,fxu,fxu,,229,nbt,nbt,,,,,,,317280842,6315591a-5f40-44cf-ad9f-c307409ca6ee,29feb2024,,,submitted_via_web,farm_squares,vT4veMXiDufemK4sMFgBtr,,11,,,,,,,Option 1,4,1,1,4,1,2,,,,,,,,,,,,,,,,,,,,,
1120023,,,,,,,,,,,,,,,29feb2024,29feb2024,29feb2024,collect:emwRLEvQ7IF2YIdG,collect:emwRLEvQ7IF2YIdG,Balentine,,Jimo East,,,,,,,,,,,,,,,,,,,,,,,,,,,,,,,,,,,,,,,,,,,,,,,,,,,,,,,,,,,,,,,,,,,,,226,avt,avt,Status Quo,222,ura,ura,,223,fxu,fxu,,230,olc,olc,,,,,,,317280843,8867fe98-c4ef-411d-a036-58d8aef3fbca,29feb2024,,,submitted_via_web,farm_squares,vT4veMXiDufemK4sMFgBtr,,12,,,,,,,Option 2,4,1,1,1,1,2,,,,,,,,,,,,,,,,,,,,,
1120031,,,,,,,,,,,,,,,28feb2024,28feb2024,28feb2024,collect:pj959LJBBDwnmqUt,collect:pj959LJBBDwnmqUt,Brian,,Jimo East,,,,,,,,,,,,,,,,,,,,,,,,,,,,,,,,,,,,,,,,,,,,,,,,,,,,,,,,,,,,,,,,,,,,,234,xpo,xpo,Option 2,236,hum,hum,,227,wzn,wzn,,239,pxn,pxn,,,,,,,316891156,69814b27-c024-497a-b144-034da30594dc,28feb2024,,,submitted_via_web,farm_squares,v7WFDVjvuRmBENrmnJYnva,,5,,,,,,,Status Quo,4,4,1,1,1,2,,,,,,,,,,,,,,,,,,,,,
1120033,,,,,,,,,,,,,,,29feb2024,29feb2024,29feb2024,collect:AzIfObLTRPjO0gKG,collect:AzIfObLTRPjO0gKG,Brian,,Agoro East,,,,,,,,,,,,,,,,,,,,,,,,,,,,,,,,,,,,,,,,,,,,,,,,,,,,,,,,,,,,,,,,,,,,,230,olc,olc,Status Quo,227,div,div,,232,xbd,xbd,,233,uwd,uwd,,,,,,,317239357,1868e819-afa2-4a06-9aaa-462dbe9ef5be,29feb2024,,,submitted_via_web,farm_squares,vT4veMXiDufemK4sMFgBtr,,10,,,,,,,Status Quo,4,1,1,1,1,2,,,,,,,,,,,,,,,,,,,,,
1120043,,,,,,,,,,,,,,,29feb2024,29feb2024,29feb2024,collect:PUVmXuVGNiQzddX1,collect:PUVmXuVGNiQzddX1,Carolyne,,Jimo East,,,,,,,,,,,,,,,,,,,,,,,,,,,,,,,,,,,,,,,,,,,,,,,,,,,,,,,,,,,,,,,,,,,,,235,hqt,hqt,Status Quo,225,trw,trw,,227,div,div,,221,hmu,hmu,,,,,,,317325285,59983b2b-4938-45eb-9857-b240ed54675d,01mar2024,,,submitted_via_web,farm_squares,vT4veMXiDufemK4sMFgBtr,,15,,,,,,,Status Quo,3,1,1,1,1,2,,,,,,,,,,,,,,,,,,,,,
1120045,,,,,,,,,,,,,,,01mar2024,01mar2024,01mar2024,collect:PUVmXuVGNiQzddX1,collect:PUVmXuVGNiQzddX1,Carolyne,,Jimo East,,,,,,,,,,,,,,,,,,,,,,,,,,,,,,,,,,,,,,,,,,,,,,,,,,,,,,,,,,,,,,,,,,,,,231,kqn,kqn,Option 1,239,mjt,mjt,,222,ura,ura,,237,tnb,tnb,,,,,,,317518532,2a0c28ae-1f87-498c-b466-9b86a8ba4491,01mar2024,,,submitted_via_web,farm_squares,vT4veMXiDufemK4sMFgBtr,,21,,,,,,,Option 1,4,1,1,3,1,2,,,,,,,,,,,,,,,,,,,,,
1120061,,,,,,,,,,,,,,,28feb2024,28feb2024,28feb2024,collect:ClfxJ4ZJmcDHUVbl,collect:ClfxJ4ZJmcDHUVbl,Edmond,,Jimo East,,,,,,,,,,,,,,,,,,,,,,,,,,,,,,,,,,,,,,,,,,,,,,,,,,,,,,,,,,,,,,,,,,,,,240,tjy,tjy,Option 2,230,iow,iow,,226,phi,phi,,233,ylt,ylt,,,,,,,316744291,a54616e0-888b-4397-8ff9-b733922f9a29,28feb2024,,,submitted_via_web,farm_squares,v7WFDVjvuRmBENrmnJYnva,,1,,,,,,,Option 1,3,3,1,2,2,2,,,,,,,,,,,,,,,,,,,,,
1120064,,,,,,,,,,,,,,,29feb2024,29feb2024,29feb2024,collect:ClfxJ4ZJmcDHUVbl,collect:ClfxJ4ZJmcDHUVbl,Edmond,,Jimo East,,,,,,,,,,,,,,,,,,,,,,,,,,,,,,,,,,,,,,,,,,,,,,,,,,,,,,,,,,,,,,,,,,,,,227,div,div,Option 1,228,sfp,sfp,,222,ura,ura,,238,wes,wes,,,,,,,317090691,f067867c-60fd-45a2-b67a-f9f6b34dc855,29feb2024,,,submitted_via_web,farm_squares,vT4veMXiDufemK4sMFgBtr,,8,,,,,,,Option 1,4,1,1,1,1,2,,,,,,,,,,,,,,,,,,,,,
1120065,,,,,,,,,,,,,,,01mar2024,01mar2024,01mar2024,collect:ClfxJ4ZJmcDHUVbl,collect:ClfxJ4ZJmcDHUVbl,Edmond,,Jimo East,,,,,,,,,,,,,,,,,,,,,,,,,,,,,,,,,,,,,,,,,,,,,,,,,,,,,,,,,,,,,,,,,,,,,230,olc,olc,Option 1,228,sfp,sfp,,231,kqn,kqn,,225,trw,trw,,,,,,,317417073,ff43e24e-597f-4034-8c6c-4778297bb8cb,01mar2024,,,submitted_via_web,farm_squares,vT4veMXiDufemK4sMFgBtr,,19,,,,,,,Option 1,4,1,2,3,1,2,,,,,,,,,,,,,,,,,,,,,
