id,group,choice,cons_frac,earnings,bad_earnings,time_self,time_share,pre_post
1010102,1,0,1,9000,7000,0.5,0.1,1
1010102,1,1,0.25,12000,7000,0.1,0.3,1
1010102,1,0,0.25,7500,1500,0.3,0.4,1
1010102,2,1,0.75,11000,4000,0.3,0.5,1
1010102,2,0,1,10000,4000,0.3,0.1,1
1010102,2,0,0.25,7500,1500,0.3,0.4,1
1010102,3,0,0,9000,7000,0.3,0.3,1
1010102,3,1,1,12000,10000,0.5,0.1,1
1010102,3,0,0.25,7500,1500,0.3,0.4,1
1010102,4,0,0,10000,4000,0.1,0.5,1
1010102,4,1,0.5,11000,10000,0.3,0.5,1
1010102,4,0,0.25,7500,1500,0.3,0.4,1
1010102,5,1,0.5,12000,10000,0.5,0.3,2
1010102,5,0,0,10000,4000,0.1,0.3,2
1010102,5,0,0.25,7500,1500,0.3,0.4,2
1010102,6,1,0.25,11000,10000,0.5,0.3,2
1010102,6,0,0.75,10000,6000,0.5,0.1,2
1010102,6,0,0.25,7500,1500,0.3,0.4,2
1010102,7,0,1,9000,7000,0.5,0.1,2
1010102,7,1,0.25,12000,7000,0.1,0.3,2
1010102,7,0,0.25,7500,1500,0.3,0.4,2
1010102,8,0,0,10000,4000,0.1,0.5,2
1010102,8,1,0.5,11000,10000,0.3,0.5,2
1010102,8,0,0.25,7500,1500,0.3,0.4,2
1010104,9,1,0.25,11000,10000,0.5,0.3,1
1010104,9,0,0.75,10000,6000,0.5,0.1,1
1010104,9,0,0.25,8000,1000,0.4,0.4,1
1010104,10,1,1,10000,9000,0.3,0.5,1
1010104,10,0,0.5,9000,5000,0.5,0.1,1
1010104,10,0,0.25,8000,1000,0.4,0.4,1
1010104,11,0,0,9000,7000,0.3,0.3,1
1010104,11,1,1,12000,10000,0.5,0.1,1
1010104,11,0,0.25,8000,1000,0.4,0.4,1
1010104,12,1,0.5,11000,10000,0.3,0.3,1
1010104,12,0,1,9000,5000,0.1,0.5,1
1010104,12,0,0.25,8000,1000,0.4,0.4,1
1010104,13,0,1,9000,7000,0.5,0.1,2
1010104,13,1,0.25,12000,7000,0.1,0.3,2
1010104,13,0,0.25,8000,1000,0.4,0.4,2
1010104,14,1,0,12000,11000,0.5,0.3,2
1010104,14,0,0,11000,4000,0.3,0.1,2
1010104,14,0,0.25,8000,1000,0.4,0.4,2
1010104,15,1,1,10000,9000,0.3,0.5,2
1010104,15,0,0.5,9000,5000,0.5,0.1,2
1010104,15,0,0.25,8000,1000,0.4,0.4,2
1010104,16,1,0.25,12000,5000,0.5,0.5,2
1010104,16,0,0.75,9000,8000,0.1,0.3,2
1010104,16,0,0.25,8000,1000,0.4,0.4,2
1010201,17,0,0.75,11000,4000,0.3,0.5,1
1010201,17,1,1,10000,4000,0.3,0.1,1
1010201,17,0,0.5,4000,-9500,0.3,0.3,1
1010201,18,0,0.5,11000,4000,0.3,0.1,1
1010201,18,1,0.5,9000,8000,0.1,0.3,1
1010201,18,0,0.5,4000,-9500,0.3,0.3,1
1010201,19,0,0,12000,11000,0.5,0.3,1
1010201,19,0,0,11000,4000,0.3,0.1,1
1010201,19,1,0.5,4000,-9500,0.3,0.3,1
1010201,20,0,0,9000,4000,0.1,0.3,1
1010201,20,1,0.5,11000,10000,0.5,0.5,1
1010201,20,0,0.5,4000,-9500,0.3,0.3,1
1010201,21,1,1,9000,5000,0.1,0.1,2
1010201,21,0,0.25,11000,4000,0.5,0.5,2
1010201,21,0,0.5,4000,-9500,0.3,0.3,2
1010201,22,0,1,10000,9000,0.3,0.5,2
1010201,22,1,0.5,9000,5000,0.5,0.1,2
1010201,22,0,0.5,4000,-9500,0.3,0.3,2
1010201,23,0,0.25,11000,7000,0.1,0.1,2
1010201,23,1,0.75,10000,8000,0.3,0.5,2
1010201,23,0,0.5,4000,-9500,0.3,0.3,2
1010201,24,0,0,12000,11000,0.5,0.3,2
1010201,24,1,0,11000,4000,0.3,0.1,2
1010201,24,0,0.5,4000,-9500,0.3,0.3,2
1010211,25,0,0.5,12000,10000,0.5,0.3,1
1010211,25,1,0,10000,4000,0.1,0.3,1
1010211,25,0,0.25,8000,-2000,0.2,0.1,1
1010211,26,0,0,9000,7000,0.3,0.3,1
1010211,26,1,1,12000,10000,0.5,0.1,1
1010211,26,0,0.25,8000,-2000,0.2,0.1,1
1010211,27,1,1,9000,5000,0.1,0.1,1
1010211,27,0,0.25,11000,4000,0.5,0.5,1
1010211,27,0,0.25,8000,-2000,0.2,0.1,1
1010211,28,1,1,12000,7000,0.1,0.1,1
1010211,28,0,0.25,9000,7000,0.5,0.3,1
1010211,28,0,0.25,8000,-2000,0.2,0.1,1
1010211,29,1,0.5,9000,5000,0.3,0.1,2
1010211,29,0,0,12000,11000,0.3,0.5,2
1010211,29,0,0.25,8000,-2000,0.2,0.1,2
1010211,30,0,0,9000,7000,0.3,0.3,2
1010211,30,1,1,12000,10000,0.5,0.1,2
1010211,30,0,0.25,8000,-2000,0.2,0.1,2
1010211,31,0,1,10000,9000,0.3,0.5,2
1010211,31,1,0.5,9000,5000,0.5,0.1,2
1010211,31,0,0.25,8000,-2000,0.2,0.1,2
1010211,32,0,0.25,11000,10000,0.5,0.3,2
1010211,32,1,0.75,10000,6000,0.5,0.1,2
1010211,32,0,0.25,8000,-2000,0.2,0.1,2
1010214,33,0,0.5,9000,5000,0.3,0.1,1
1010214,33,1,0,12000,11000,0.3,0.5,1
1010214,33,0,0.75,10000,-120000,0.5,0.3,1
1010214,34,0,0.75,11000,4000,0.3,0.5,1
1010214,34,1,1,10000,4000,0.3,0.1,1
1010214,34,0,0.75,10000,-120000,0.5,0.3,1
1010214,35,1,0.75,10000,6000,0.1,0.5,1
1010214,35,0,0,12000,10000,0.5,0.3,1
1010214,35,0,0.75,10000,-120000,0.5,0.3,1
1010214,36,0,0.25,11000,7000,0.1,0.1,1
1010214,36,1,0.75,10000,8000,0.3,0.5,1
1010214,36,0,0.75,10000,-120000,0.5,0.3,1
1010214,37,1,1,9000,5000,0.1,0.1,2
1010214,37,0,0.25,11000,4000,0.5,0.5,2
1010214,37,0,0.75,10000,-120000,0.5,0.3,2
1010214,38,1,1,10000,9000,0.3,0.5,2
1010214,38,0,0.5,9000,5000,0.5,0.1,2
1010214,38,0,0.75,10000,-120000,0.5,0.3,2
1010214,39,1,0.75,10000,8000,0.3,0.5,2
1010214,39,0,1,10000,6000,0.3,0.1,2
1010214,39,0,0.75,10000,-120000,0.5,0.3,2
1010214,40,1,0,12000,11000,0.5,0.3,2
1010214,40,0,0,11000,4000,0.3,0.1,2
1010214,40,0,0.75,10000,-120000,0.5,0.3,2
1010215,41,0,0.75,12000,11000,0.5,0.5,1
1010215,41,1,0.75,11000,9000,0.3,0.3,1
1010215,41,0,0.5,10000,-25000,0.4,0.3,1
1010215,42,0,0.75,10000,8000,0.3,0.5,1
1010215,42,1,1,10000,6000,0.3,0.1,1
1010215,42,0,0.5,10000,-25000,0.4,0.3,1
1010215,43,1,0.5,11000,4000,0.3,0.1,1
1010215,43,0,0.5,9000,8000,0.1,0.3,1
1010215,43,0,0.5,10000,-25000,0.4,0.3,1
1010215,44,1,0,9000,4000,0.1,0.3,1
1010215,44,0,0.5,11000,10000,0.5,0.5,1
1010215,44,0,0.5,10000,-25000,0.4,0.3,1
1010215,45,1,0.75,10000,6000,0.1,0.5,2
1010215,45,0,0,12000,10000,0.5,0.3,2
1010215,45,0,0.5,10000,-25000,0.4,0.3,2
1010215,46,0,0,10000,4000,0.1,0.5,2
1010215,46,1,0.5,11000,10000,0.3,0.5,2
1010215,46,0,0.5,10000,-25000,0.4,0.3,2
1010215,47,0,0.75,10000,8000,0.3,0.5,2
1010215,47,1,1,10000,6000,0.3,0.1,2
1010215,47,0,0.5,10000,-25000,0.4,0.3,2
1010215,48,1,1,9000,5000,0.1,0.1,2
1010215,48,0,0.25,11000,4000,0.5,0.5,2
1010215,48,0,0.5,10000,-25000,0.4,0.3,2
1010219,49,1,0.5,12000,10000,0.5,0.3,1
1010219,49,0,0,10000,4000,0.1,0.3,1
1010219,49,0,0.5,-19000,-39500,0.5,0.3,1
1010219,50,0,0.75,10000,8000,0.3,0.5,1
1010219,50,1,1,10000,6000,0.3,0.1,1
1010219,50,0,0.5,-19000,-39500,0.5,0.3,1
1010219,51,1,0,9000,4000,0.1,0.3,1
1010219,51,0,0.5,11000,10000,0.5,0.5,1
1010219,51,0,0.5,-19000,-39500,0.5,0.3,1
1010219,52,1,0.5,11000,10000,0.3,0.3,1
1010219,52,0,1,9000,5000,0.1,0.5,1
1010219,52,0,0.5,-19000,-39500,0.5,0.3,1
1010219,53,0,0.25,11000,7000,0.1,0.1,2
1010219,53,1,0.75,10000,8000,0.3,0.5,2
1010219,53,0,0.5,-19000,-39500,0.5,0.3,2
1010219,54,0,1,9000,7000,0.5,0.1,2
1010219,54,1,0.25,12000,7000,0.1,0.3,2
1010219,54,0,0.5,-19000,-39500,0.5,0.3,2
1010219,55,0,0.5,9000,5000,0.3,0.1,2
1010219,55,1,0,12000,11000,0.3,0.5,2
1010219,55,0,0.5,-19000,-39500,0.5,0.3,2
1010219,56,0,0.5,12000,10000,0.5,0.3,2
1010219,56,1,0,10000,4000,0.1,0.3,2
1010219,56,0,0.5,-19000,-39500,0.5,0.3,2
1010220,57,1,1,9000,5000,0.1,0.1,1
1010220,57,0,0.25,11000,4000,0.5,0.5,1
1010220,57,0,0.25,2500,-5000,0.3,0.3,1
1010220,58,0,0,9000,7000,0.3,0.3,1
1010220,58,1,1,12000,10000,0.5,0.1,1
1010220,58,0,0.25,2500,-5000,0.3,0.3,1
1010220,59,1,0,10000,4000,0.1,0.5,1
1010220,59,0,0.5,11000,10000,0.3,0.5,1
1010220,59,0,0.25,2500,-5000,0.3,0.3,1
1010220,60,1,0.25,11000,10000,0.5,0.3,1
1010220,60,0,0.75,10000,6000,0.5,0.1,1
1010220,60,0,0.25,2500,-5000,0.3,0.3,1
1010220,61,0,0,9000,7000,0.3,0.3,2
1010220,61,1,1,12000,10000,0.5,0.1,2
1010220,61,0,0.25,2500,-5000,0.3,0.3,2
1010220,62,1,0.5,11000,10000,0.3,0.3,2
1010220,62,0,1,9000,5000,0.1,0.5,2
1010220,62,0,0.25,2500,-5000,0.3,0.3,2
1010220,63,0,0,10000,4000,0.1,0.5,2
1010220,63,1,0.5,11000,10000,0.3,0.5,2
1010220,63,0,0.25,2500,-5000,0.3,0.3,2
1010220,64,0,0.75,11000,4000,0.3,0.5,2
1010220,64,1,1,10000,4000,0.3,0.1,2
1010220,64,0,0.25,2500,-5000,0.3,0.3,2
1010226,65,0,0,10000,4000,0.1,0.5,1
1010226,65,1,0.5,11000,10000,0.3,0.5,1
1010226,65,0,0.5,7000,-7000,0.5,0.2,1
1010226,66,0,0.25,11000,7000,0.1,0.1,1
1010226,66,1,0.75,10000,8000,0.3,0.5,1
1010226,66,0,0.5,7000,-7000,0.5,0.2,1
1010226,67,0,0.25,12000,5000,0.5,0.5,1
1010226,67,1,0.75,9000,8000,0.1,0.3,1
1010226,67,0,0.5,7000,-7000,0.5,0.2,1
1010226,68,0,0.75,11000,4000,0.3,0.5,1
1010226,68,1,1,10000,4000,0.3,0.1,1
1010226,68,0,0.5,7000,-7000,0.5,0.2,1
1010226,69,0,0.75,12000,11000,0.5,0.5,2
1010226,69,1,0.75,11000,9000,0.3,0.3,2
1010226,69,0,0.5,7000,-7000,0.5,0.2,2
1010226,70,0,0.5,11000,10000,0.3,0.3,2
1010226,70,1,1,9000,5000,0.1,0.5,2
1010226,70,0,0.5,7000,-7000,0.5,0.2,2
1010226,71,0,0,10000,4000,0.1,0.5,2
1010226,71,1,0.5,11000,10000,0.3,0.5,2
1010226,71,0,0.5,7000,-7000,0.5,0.2,2
1010226,72,1,0.5,9000,5000,0.3,0.1,2
1010226,72,0,0,12000,11000,0.3,0.5,2
1010226,72,0,0.5,7000,-7000,0.5,0.2,2
1010227,73,1,1,12000,7000,0.1,0.1,1
1010227,73,0,0.25,9000,7000,0.5,0.3,1
1010227,73,0,0.25,11000,-12000,0.6,0.2,1
1010227,74,0,0.5,11000,4000,0.3,0.1,1
1010227,74,1,0.5,9000,8000,0.1,0.3,1
1010227,74,0,0.25,11000,-12000,0.6,0.2,1
1010227,75,1,1,9000,7000,0.5,0.1,1
1010227,75,0,0.25,12000,7000,0.1,0.3,1
1010227,75,0,0.25,11000,-12000,0.6,0.2,1
1010227,76,0,0.75,12000,11000,0.5,0.5,1
1010227,76,1,0.75,11000,9000,0.3,0.3,1
1010227,76,0,0.25,11000,-12000,0.6,0.2,1
1010227,77,0,0.75,12000,11000,0.5,0.5,2
1010227,77,1,0.75,11000,9000,0.3,0.3,2
1010227,77,0,0.25,11000,-12000,0.6,0.2,2
1010227,78,1,0.75,10000,8000,0.3,0.5,2
1010227,78,0,1,10000,6000,0.3,0.1,2
1010227,78,0,0.25,11000,-12000,0.6,0.2,2
1010227,79,1,0.75,11000,4000,0.3,0.5,2
1010227,79,0,1,10000,4000,0.3,0.1,2
1010227,79,0,0.25,11000,-12000,0.6,0.2,2
1010227,80,1,1,9000,7000,0.5,0.1,2
1010227,80,0,0.25,12000,7000,0.1,0.3,2
1010227,80,0,0.25,11000,-12000,0.6,0.2,2
1010228,81,0,0,9000,4000,0.1,0.3,1
1010228,81,0,0.5,11000,10000,0.5,0.5,1
1010228,81,1,0.75,10000,-5000,0.5,0.2,1
1010228,82,0,0.75,11000,4000,0.3,0.5,1
1010228,82,1,1,10000,4000,0.3,0.1,1
1010228,82,0,0.75,10000,-5000,0.5,0.2,1
1010228,83,0,0.25,11000,10000,0.5,0.3,1
1010228,83,1,0.75,10000,6000,0.5,0.1,1
1010228,83,0,0.75,10000,-5000,0.5,0.2,1
1010228,84,0,0.75,10000,8000,0.3,0.5,1
1010228,84,1,1,10000,6000,0.3,0.1,1
1010228,84,0,0.75,10000,-5000,0.5,0.2,1
1010228,85,0,0,12000,11000,0.5,0.3,2
1010228,85,0,0,11000,4000,0.3,0.1,2
1010228,85,1,0.75,10000,-5000,0.5,0.2,2
1010228,86,0,0.75,10000,8000,0.3,0.5,2
1010228,86,1,1,10000,6000,0.3,0.1,2
1010228,86,0,0.75,10000,-5000,0.5,0.2,2
1010228,87,1,1,10000,9000,0.3,0.5,2
1010228,87,0,0.5,9000,5000,0.5,0.1,2
1010228,87,0,0.75,10000,-5000,0.5,0.2,2
1010228,88,1,1,12000,7000,0.1,0.1,2
1010228,88,0,0.25,9000,7000,0.5,0.3,2
1010228,88,0,0.75,10000,-5000,0.5,0.2,2
1010229,89,0,0.5,11000,10000,0.3,0.3,1
1010229,89,1,1,9000,5000,0.1,0.5,1
1010229,89,0,0.5,-50000,-60000,0.1,0.3,1
1010229,90,0,1,12000,7000,0.1,0.1,1
1010229,90,1,0.25,9000,7000,0.5,0.3,1
1010229,90,0,0.5,-50000,-60000,0.1,0.3,1
1010229,91,0,1,9000,7000,0.5,0.1,1
1010229,91,1,0.25,12000,7000,0.1,0.3,1
1010229,91,0,0.5,-50000,-60000,0.1,0.3,1
1010229,92,1,0.5,9000,5000,0.3,0.1,1
1010229,92,0,0,12000,11000,0.3,0.5,1
1010229,92,0,0.5,-50000,-60000,0.1,0.3,1
1010229,93,0,0.25,12000,5000,0.5,0.5,2
1010229,93,1,0.75,9000,8000,0.1,0.3,2
1010229,93,0,0.5,-50000,-60000,0.1,0.3,2
1010229,94,1,0.5,12000,10000,0.5,0.3,2
1010229,94,0,0,10000,4000,0.1,0.3,2
1010229,94,0,0.5,-50000,-60000,0.1,0.3,2
1010229,95,0,0.75,12000,11000,0.5,0.5,2
1010229,95,1,0.75,11000,9000,0.3,0.3,2
1010229,95,0,0.5,-50000,-60000,0.1,0.3,2
1010229,96,0,0.5,11000,10000,0.3,0.3,2
1010229,96,1,1,9000,5000,0.1,0.5,2
1010229,96,0,0.5,-50000,-60000,0.1,0.3,2
1010230,97,0,0.75,11000,4000,0.3,0.5,1
1010230,97,1,1,10000,4000,0.3,0.1,1
1010230,97,0,0.75,13000,-3000,0.4,0.3,1
1010230,98,0,0,12000,11000,0.5,0.3,1
1010230,98,0,0,11000,4000,0.3,0.1,1
1010230,98,1,0.75,13000,-3000,0.4,0.3,1
1010230,99,0,0,9000,4000,0.1,0.3,1
1010230,99,0,0.5,11000,10000,0.5,0.5,1
1010230,99,1,0.75,13000,-3000,0.4,0.3,1
1010230,100,0,0.75,10000,8000,0.3,0.5,1
1010230,100,1,1,10000,6000,0.3,0.1,1
1010230,100,0,0.75,13000,-3000,0.4,0.3,1
1010230,101,1,0.75,10000,6000,0.1,0.5,2
1010230,101,0,0,12000,10000,0.5,0.3,2
1010230,101,0,0.75,13000,-3000,0.4,0.3,2
1010230,102,0,0.5,9000,5000,0.3,0.1,2
1010230,102,0,0,12000,11000,0.3,0.5,2
1010230,102,1,0.75,13000,-3000,0.4,0.3,2
1010230,103,0,0,10000,4000,0.1,0.5,2
1010230,103,1,0.5,11000,10000,0.3,0.5,2
1010230,103,0,0.75,13000,-3000,0.4,0.3,2
1010230,104,1,1,12000,7000,0.1,0.1,2
1010230,104,0,0.25,9000,7000,0.5,0.3,2
1010230,104,0,0.75,13000,-3000,0.4,0.3,2
1010232,105,0,0.5,11000,4000,0.3,0.1,1
1010232,105,1,0.5,9000,8000,0.1,0.3,1
1010232,105,0,0.5,14000,-9000,0.4,0.3,1
1010232,106,0,0,10000,4000,0.1,0.5,1
1010232,106,1,0.5,11000,10000,0.3,0.5,1
1010232,106,0,0.5,14000,-9000,0.4,0.3,1
1010232,107,0,0.75,12000,11000,0.5,0.5,1
1010232,107,1,0.75,11000,9000,0.3,0.3,1
1010232,107,0,0.5,14000,-9000,0.4,0.3,1
1010232,108,1,0.5,9000,5000,0.3,0.1,1
1010232,108,0,0,12000,11000,0.3,0.5,1
1010232,108,0,0.5,14000,-9000,0.4,0.3,1
1010232,109,0,0,9000,7000,0.3,0.3,2
1010232,109,0,1,12000,10000,0.5,0.1,2
1010232,109,1,0.5,14000,-9000,0.4,0.3,2
1010232,110,0,0.5,11000,10000,0.3,0.3,2
1010232,110,1,1,9000,5000,0.1,0.5,2
1010232,110,0,0.5,14000,-9000,0.4,0.3,2
1010232,111,0,0,9000,4000,0.1,0.3,2
1010232,111,0,0.5,11000,10000,0.5,0.5,2
1010232,111,1,0.5,14000,-9000,0.4,0.3,2
1010232,112,1,1,10000,9000,0.3,0.5,2
1010232,112,0,0.5,9000,5000,0.5,0.1,2
1010232,112,0,0.5,14000,-9000,0.4,0.3,2
1010301,113,1,0.5,9000,5000,0.3,0.1,1
1010301,113,0,0,12000,11000,0.3,0.5,1
1010301,113,0,0.25,-1980,1200,0.4,0.2,1
1010301,114,1,0.5,11000,4000,0.3,0.1,1
1010301,114,0,0.5,9000,8000,0.1,0.3,1
1010301,114,0,0.25,-1980,1200,0.4,0.2,1
1010301,115,1,1,9000,7000,0.5,0.1,1
1010301,115,0,0.25,12000,7000,0.1,0.3,1
1010301,115,0,0.25,-1980,1200,0.4,0.2,1
1010301,116,0,0.25,11000,7000,0.1,0.1,1
1010301,116,0,0.75,10000,8000,0.3,0.5,1
1010301,116,1,0.25,-1980,1200,0.4,0.2,1
1010301,117,0,0.5,11000,10000,0.3,0.3,2
1010301,117,0,1,9000,5000,0.1,0.5,2
1010301,117,1,0.25,-1980,1200,0.4,0.2,2
1010301,118,0,0,12000,11000,0.5,0.3,2
1010301,118,0,0,11000,4000,0.3,0.1,2
1010301,118,1,0.25,-1980,1200,0.4,0.2,2
1010301,119,0,1,10000,9000,0.3,0.5,2
1010301,119,0,0.5,9000,5000,0.5,0.1,2
1010301,119,1,0.25,-1980,1200,0.4,0.2,2
1010301,120,0,0.25,10000,8000,0.5,0.3,2
1010301,120,0,0.25,12000,5000,0.1,0.5,2
1010301,120,1,0.25,-1980,1200,0.4,0.2,2
1010307,121,0,0.75,12000,11000,0.5,0.5,1
1010307,121,1,0.75,11000,9000,0.3,0.3,1
1010307,121,0,0.5,13670,3000,0.2,0.3,1
1010307,122,0,0,9000,7000,0.3,0.3,1
1010307,122,1,1,12000,10000,0.5,0.1,1
1010307,122,0,0.5,13670,3000,0.2,0.3,1
1010307,123,1,0.5,9000,5000,0.3,0.1,1
1010307,123,0,0,12000,11000,0.3,0.5,1
1010307,123,0,0.5,13670,3000,0.2,0.3,1
1010307,124,0,0.75,10000,8000,0.3,0.5,1
1010307,124,1,1,10000,6000,0.3,0.1,1
1010307,124,0,0.5,13670,3000,0.2,0.3,1
1010307,125,0,0.25,11000,7000,0.1,0.1,2
1010307,125,1,0.75,10000,8000,0.3,0.5,2
1010307,125,0,0.5,13670,3000,0.2,0.3,2
1010307,126,1,0.25,10000,8000,0.5,0.3,2
1010307,126,0,0.25,12000,5000,0.1,0.5,2
1010307,126,0,0.5,13670,3000,0.2,0.3,2
1010307,127,0,0.25,11000,10000,0.5,0.3,2
1010307,127,1,0.75,10000,6000,0.5,0.1,2
1010307,127,0,0.5,13670,3000,0.2,0.3,2
1010307,128,0,0,12000,11000,0.5,0.3,2
1010307,128,0,0,11000,4000,0.3,0.1,2
1010307,128,1,0.5,13670,3000,0.2,0.3,2
1010317,129,1,1,12000,7000,0.1,0.1,1
1010317,129,0,0.25,9000,7000,0.5,0.3,1
1010317,129,0,0.25,-1400,-9000,0.2,0.3,1
1010317,130,0,0,9000,4000,0.1,0.3,1
1010317,130,1,0.5,11000,10000,0.5,0.5,1
1010317,130,0,0.25,-1400,-9000,0.2,0.3,1
1010317,131,0,0,10000,4000,0.1,0.5,1
1010317,131,1,0.5,11000,10000,0.3,0.5,1
1010317,131,0,0.25,-1400,-9000,0.2,0.3,1
1010317,132,0,0.5,11000,4000,0.3,0.1,1
1010317,132,1,0.5,9000,8000,0.1,0.3,1
1010317,132,0,0.25,-1400,-9000,0.2,0.3,1
1010317,133,0,1,10000,9000,0.3,0.5,2
1010317,133,1,0.5,9000,5000,0.5,0.1,2
1010317,133,0,0.25,-1400,-9000,0.2,0.3,2
1010317,134,1,0,9000,4000,0.1,0.3,2
1010317,134,0,0.5,11000,10000,0.5,0.5,2
1010317,134,0,0.25,-1400,-9000,0.2,0.3,2
1010317,135,1,0.25,10000,8000,0.5,0.3,2
1010317,135,0,0.25,12000,5000,0.1,0.5,2
1010317,135,0,0.25,-1400,-9000,0.2,0.3,2
1010317,136,0,0,9000,7000,0.3,0.3,2
1010317,136,1,1,12000,10000,0.5,0.1,2
1010317,136,0,0.25,-1400,-9000,0.2,0.3,2
1010401,137,0,0,10000,4000,0.1,0.5,1
1010401,137,0,0.5,11000,10000,0.3,0.5,1
1010401,137,1,0.5,-43000,-159000,0.4,0.2,1
1010401,138,0,0.75,12000,11000,0.5,0.5,1
1010401,138,1,0.75,11000,9000,0.3,0.3,1
1010401,138,0,0.5,-43000,-159000,0.4,0.2,1
1010401,139,0,1,9000,5000,0.1,0.1,1
1010401,139,1,0.25,11000,4000,0.5,0.5,1
1010401,139,0,0.5,-43000,-159000,0.4,0.2,1
1010401,140,0,0,9000,4000,0.1,0.3,1
1010401,140,1,0.5,11000,10000,0.5,0.5,1
1010401,140,0,0.5,-43000,-159000,0.4,0.2,1
1010401,141,1,0,10000,4000,0.1,0.5,2
1010401,141,0,0.5,11000,10000,0.3,0.5,2
1010401,141,0,0.5,-43000,-159000,0.4,0.2,2
1010401,142,0,0.25,11000,7000,0.1,0.1,2
1010401,142,1,0.75,10000,8000,0.3,0.5,2
1010401,142,0,0.5,-43000,-159000,0.4,0.2,2
1010401,143,1,1,10000,9000,0.3,0.5,2
1010401,143,0,0.5,9000,5000,0.5,0.1,2
1010401,143,0,0.5,-43000,-159000,0.4,0.2,2
1010401,144,1,0.75,11000,4000,0.3,0.5,2
1010401,144,0,1,10000,4000,0.3,0.1,2
1010401,144,0,0.5,-43000,-159000,0.4,0.2,2
1010402,145,1,0.5,11000,4000,0.3,0.1,1
1010402,145,0,0.5,9000,8000,0.1,0.3,1
1010402,145,0,0.25,-35000,-4000,0.6,0.2,1
1010402,146,1,0.5,12000,10000,0.5,0.3,1
1010402,146,0,0,10000,4000,0.1,0.3,1
1010402,146,0,0.25,-35000,-4000,0.6,0.2,1
1010402,147,1,0.5,11000,10000,0.3,0.3,1
1010402,147,0,1,9000,5000,0.1,0.5,1
1010402,147,0,0.25,-35000,-4000,0.6,0.2,1
1010402,148,0,0,10000,4000,0.1,0.5,1
1010402,148,1,0.5,11000,10000,0.3,0.5,1
1010402,148,0,0.25,-35000,-4000,0.6,0.2,1
1010402,149,0,0.75,10000,8000,0.3,0.5,2
1010402,149,1,1,10000,6000,0.3,0.1,2
1010402,149,0,0.25,-35000,-4000,0.6,0.2,2
1010402,150,1,0.25,10000,8000,0.5,0.3,2
1010402,150,0,0.25,12000,5000,0.1,0.5,2
1010402,150,0,0.25,-35000,-4000,0.6,0.2,2
1010402,151,1,1,9000,7000,0.5,0.1,2
1010402,151,0,0.25,12000,7000,0.1,0.3,2
1010402,151,0,0.25,-35000,-4000,0.6,0.2,2
1010402,152,0,0.75,12000,11000,0.5,0.5,2
1010402,152,1,0.75,11000,9000,0.3,0.3,2
1010402,152,0,0.25,-35000,-4000,0.6,0.2,2
1010408,153,1,0.75,10000,6000,0.1,0.5,1
1010408,153,0,0,12000,10000,0.5,0.3,1
1010408,153,0,0.5,-24500,-47350,0.4,0,1
1010408,154,1,1,10000,9000,0.3,0.5,1
1010408,154,0,0.5,9000,5000,0.5,0.1,1
1010408,154,0,0.5,-24500,-47350,0.4,0,1
1010408,155,1,0.5,12000,10000,0.5,0.3,1
1010408,155,0,0,10000,4000,0.1,0.3,1
1010408,155,0,0.5,-24500,-47350,0.4,0,1
1010408,156,1,1,9000,5000,0.1,0.1,1
1010408,156,0,0.25,11000,4000,0.5,0.5,1
1010408,156,0,0.5,-24500,-47350,0.4,0,1
1010408,157,1,1,9000,7000,0.5,0.1,2
1010408,157,0,0.25,12000,7000,0.1,0.3,2
1010408,157,0,0.5,-24500,-47350,0.4,0,2
1010408,158,0,0,10000,4000,0.1,0.5,2
1010408,158,1,0.5,11000,10000,0.3,0.5,2
1010408,158,0,0.5,-24500,-47350,0.4,0,2
1010408,159,1,0.5,11000,4000,0.3,0.1,2
1010408,159,0,0.5,9000,8000,0.1,0.3,2
1010408,159,0,0.5,-24500,-47350,0.4,0,2
1010408,160,1,1,10000,9000,0.3,0.5,2
1010408,160,0,0.5,9000,5000,0.5,0.1,2
1010408,160,0,0.5,-24500,-47350,0.4,0,2
1020008,161,1,1,18000,14000,0.5,0.1,1
1020008,161,0,0.25,24000,14000,0.1,0.3,1
1020008,161,0,0.25,23000,-2300,0.3,0.2,1
1020008,162,1,0.5,18000,11000,0.3,0.1,1
1020008,162,0,0,24000,22000,0.3,0.5,1
1020008,162,0,0.25,23000,-2300,0.3,0.2,1
1020008,163,0,0,20000,8000,0.1,0.5,1
1020008,163,1,0.5,22000,20000,0.3,0.5,1
1020008,163,0,0.25,23000,-2300,0.3,0.2,1
1020008,164,1,0.75,20000,12000,0.1,0.5,1
1020008,164,0,0,24000,19000,0.5,0.3,1
1020008,164,0,0.25,23000,-2300,0.3,0.2,1
1020008,165,0,0,18000,7000,0.1,0.3,2
1020008,165,1,0.5,22000,20000,0.5,0.5,2
1020008,165,0,0.25,23000,-2300,0.3,0.2,2
1020008,166,1,0.75,20000,16000,0.3,0.5,2
1020008,166,0,1,20000,12000,0.3,0.1,2
1020008,166,0,0.25,23000,-2300,0.3,0.2,2
1020008,167,1,1,18000,11000,0.1,0.1,2
1020008,167,0,0.25,22000,9000,0.5,0.5,2
1020008,167,0,0.25,23000,-2300,0.3,0.2,2
1020008,168,1,1,20000,18000,0.3,0.5,2
1020008,168,0,0.5,18000,11000,0.5,0.1,2
1020008,168,0,0.25,23000,-2300,0.3,0.2,2
1020101,169,0,0,18000,14000,0.3,0.3,1
1020101,169,1,1,24000,19000,0.5,0.1,1
1020101,169,0,0.25,22800,-4200,0.5,0.3,1
1020101,170,0,0.75,24000,22000,0.5,0.5,1
1020101,170,1,0.75,22000,18000,0.3,0.3,1
1020101,170,0,0.25,22800,-4200,0.5,0.3,1
1020101,171,1,0.75,20000,12000,0.1,0.5,1
1020101,171,0,0,24000,19000,0.5,0.3,1
1020101,171,0,0.25,22800,-4200,0.5,0.3,1
1020101,172,1,1,20000,18000,0.3,0.5,1
1020101,172,0,0.5,18000,11000,0.5,0.1,1
1020101,172,0,0.25,22800,-4200,0.5,0.3,1
1020101,173,1,0.5,24000,19000,0.5,0.3,2
1020101,173,0,0,20000,8000,0.1,0.3,2
1020101,173,0,0.25,22800,-4200,0.5,0.3,2
1020101,174,1,0.25,22000,20000,0.5,0.3,2
1020101,174,0,0.75,20000,12000,0.5,0.1,2
1020101,174,0,0.25,22800,-4200,0.5,0.3,2
1020101,175,1,0,24000,22000,0.5,0.3,2
1020101,175,0,0,22000,9000,0.3,0.1,2
1020101,175,0,0.25,22800,-4200,0.5,0.3,2
1020101,176,1,0,18000,14000,0.3,0.3,2
1020101,176,0,1,24000,19000,0.5,0.1,2
1020101,176,0,0.25,22800,-4200,0.5,0.3,2
1020110,177,0,1,18000,11000,0.1,0.1,1
1020110,177,1,0.25,22000,9000,0.5,0.5,1
1020110,177,0,0.25,18000,3000,0.5,0.3,1
1020110,178,0,0,18000,14000,0.3,0.3,1
1020110,178,1,1,24000,19000,0.5,0.1,1
1020110,178,0,0.25,18000,3000,0.5,0.3,1
1020110,179,1,0.75,24000,22000,0.5,0.5,1
1020110,179,0,0.75,22000,18000,0.3,0.3,1
1020110,179,0,0.25,18000,3000,0.5,0.3,1
1020110,180,0,0.5,22000,9000,0.3,0.1,1
1020110,180,1,0.5,18000,16000,0.1,0.3,1
1020110,180,0,0.25,18000,3000,0.5,0.3,1
1020110,181,1,0.75,20000,12000,0.1,0.5,2
1020110,181,0,0,24000,19000,0.5,0.3,2
1020110,181,0,0.25,18000,3000,0.5,0.3,2
1020110,182,1,1,18000,14000,0.5,0.1,2
1020110,182,0,0.25,24000,14000,0.1,0.3,2
1020110,182,0,0.25,18000,3000,0.5,0.3,2
1020110,183,0,0.25,22000,20000,0.5,0.3,2
1020110,183,1,0.75,20000,12000,0.5,0.1,2
1020110,183,0,0.25,18000,3000,0.5,0.3,2
1020110,184,0,1,24000,14000,0.1,0.1,2
1020110,184,1,0.25,18000,14000,0.5,0.3,2
1020110,184,0,0.25,18000,3000,0.5,0.3,2
1020113,185,1,0.75,20000,16000,0.3,0.5,1
1020113,185,0,1,20000,12000,0.3,0.1,1
1020113,185,0,0.5,15000,0,0.5,0.3,1
1020113,186,1,1,24000,14000,0.1,0.1,1
1020113,186,0,0.25,18000,14000,0.5,0.3,1
1020113,186,0,0.5,15000,0,0.5,0.3,1
1020113,187,0,0.25,24000,10000,0.5,0.5,1
1020113,187,1,0.75,18000,16000,0.1,0.3,1
1020113,187,0,0.5,15000,0,0.5,0.3,1
1020113,188,1,1,18000,14000,0.5,0.1,1
1020113,188,0,0.25,24000,14000,0.1,0.3,1
1020113,188,0,0.5,15000,0,0.5,0.3,1
1020113,189,0,0,18000,7000,0.1,0.3,2
1020113,189,1,0.5,22000,20000,0.5,0.5,2
1020113,189,0,0.5,15000,0,0.5,0.3,2
1020113,190,1,1,20000,18000,0.3,0.5,2
1020113,190,0,0.5,18000,11000,0.5,0.1,2
1020113,190,0,0.5,15000,0,0.5,0.3,2
1020113,191,1,0.75,20000,12000,0.1,0.5,2
1020113,191,0,0,24000,19000,0.5,0.3,2
1020113,191,0,0.5,15000,0,0.5,0.3,2
1020113,192,1,0.5,24000,19000,0.5,0.3,2
1020113,192,0,0,20000,8000,0.1,0.3,2
1020113,192,0,0.5,15000,0,0.5,0.3,2
1020124,193,1,0,24000,22000,0.5,0.3,1
1020124,193,0,0,22000,9000,0.3,0.1,1
1020124,193,0,0.75,17000,7000,0.5,0.2,1
1020124,194,0,0.5,18000,11000,0.3,0.1,1
1020124,194,1,0,24000,22000,0.3,0.5,1
1020124,194,0,0.75,17000,7000,0.5,0.2,1
1020124,195,1,0.75,20000,16000,0.3,0.5,1
1020124,195,0,1,20000,12000,0.3,0.1,1
1020124,195,0,0.75,17000,7000,0.5,0.2,1
1020124,196,0,0.25,22000,20000,0.5,0.3,1
1020124,196,1,0.75,20000,12000,0.5,0.1,1
1020124,196,0,0.75,17000,7000,0.5,0.2,1
1020124,197,0,0.25,22000,13000,0.1,0.1,2
1020124,197,1,0.75,20000,16000,0.3,0.5,2
1020124,197,0,0.75,17000,7000,0.5,0.2,2
1020124,198,1,0.5,22000,20000,0.3,0.3,2
1020124,198,0,1,18000,11000,0.1,0.5,2
1020124,198,0,0.75,17000,7000,0.5,0.2,2
1020124,199,1,1,18000,11000,0.1,0.1,2
1020124,199,0,0.25,22000,9000,0.5,0.5,2
1020124,199,0,0.75,17000,7000,0.5,0.2,2
1020124,200,1,1,18000,14000,0.5,0.1,2
1020124,200,0,0.25,24000,14000,0.1,0.3,2
1020124,200,0,0.75,17000,7000,0.5,0.2,2
1020127,201,1,0.75,20000,16000,0.3,0.5,1
1020127,201,0,1,20000,12000,0.3,0.1,1
1020127,201,0,0.5,24000,11000,0.7,0.1,1
1020127,202,0,0.25,20000,16000,0.5,0.3,1
1020127,202,0,0.25,24000,10000,0.1,0.5,1
1020127,202,1,0.5,24000,11000,0.7,0.1,1
1020127,203,0,0,18000,7000,0.1,0.3,1
1020127,203,1,0.5,22000,20000,0.5,0.5,1
1020127,203,0,0.5,24000,11000,0.7,0.1,1
1020127,204,0,0.25,22000,20000,0.5,0.3,1
1020127,204,1,0.75,20000,12000,0.5,0.1,1
1020127,204,0,0.5,24000,11000,0.7,0.1,1
1020127,205,1,0.75,24000,22000,0.5,0.5,2
1020127,205,0,0.75,22000,18000,0.3,0.3,2
1020127,205,0,0.5,24000,11000,0.7,0.1,2
1020127,206,1,0.5,18000,11000,0.3,0.1,2
1020127,206,0,0,24000,22000,0.3,0.5,2
1020127,206,0,0.5,24000,11000,0.7,0.1,2
1020127,207,0,0.5,22000,9000,0.3,0.1,2
1020127,207,1,0.5,18000,16000,0.1,0.3,2
1020127,207,0,0.5,24000,11000,0.7,0.1,2
1020127,208,1,0.75,20000,16000,0.3,0.5,2
1020127,208,0,1,20000,12000,0.3,0.1,2
1020127,208,0,0.5,24000,11000,0.7,0.1,2
1020202,209,1,0.25,24000,10000,0.5,0.5,1
1020202,209,0,0.75,18000,16000,0.1,0.3,1
1020202,209,0,0.25,20000,-40000,0.4,0.2,1
1020202,210,0,0,20000,8000,0.1,0.5,1
1020202,210,1,0.5,22000,20000,0.3,0.5,1
1020202,210,0,0.25,20000,-40000,0.4,0.2,1
1020202,211,1,1,20000,18000,0.3,0.5,1
1020202,211,0,0.5,18000,11000,0.5,0.1,1
1020202,211,0,0.25,20000,-40000,0.4,0.2,1
1020202,212,0,0.5,22000,20000,0.3,0.3,1
1020202,212,1,1,18000,11000,0.1,0.5,1
1020202,212,0,0.25,20000,-40000,0.4,0.2,1
1020202,213,0,0.5,22000,9000,0.3,0.1,2
1020202,213,1,0.5,18000,16000,0.1,0.3,2
1020202,213,0,0.25,20000,-40000,0.4,0.2,2
1020202,214,0,1,18000,14000,0.5,0.1,2
1020202,214,1,0.25,24000,14000,0.1,0.3,2
1020202,214,0,0.25,20000,-40000,0.4,0.2,2
1020202,215,0,0.75,20000,16000,0.3,0.5,2
1020202,215,1,1,20000,12000,0.3,0.1,2
1020202,215,0,0.25,20000,-40000,0.4,0.2,2
1020202,216,1,1,18000,11000,0.1,0.1,2
1020202,216,0,0.25,22000,9000,0.5,0.5,2
1020202,216,0,0.25,20000,-40000,0.4,0.2,2
1020209,217,0,0.25,24000,10000,0.5,0.5,1
1020209,217,1,0.75,18000,16000,0.1,0.3,1
1020209,217,0,0.25,15000,-85000,0.3,0.4,1
1020209,218,1,0.75,20000,16000,0.3,0.5,1
1020209,218,0,1,20000,12000,0.3,0.1,1
1020209,218,0,0.25,15000,-85000,0.3,0.4,1
1020209,219,0,0.5,22000,20000,0.3,0.3,1
1020209,219,1,1,18000,11000,0.1,0.5,1
1020209,219,0,0.25,15000,-85000,0.3,0.4,1
1020209,220,0,0,18000,14000,0.3,0.3,1
1020209,220,1,1,24000,19000,0.5,0.1,1
1020209,220,0,0.25,15000,-85000,0.3,0.4,1
1020209,221,0,0.75,24000,22000,0.5,0.5,2
1020209,221,1,0.75,22000,18000,0.3,0.3,2
1020209,221,0,0.25,15000,-85000,0.3,0.4,2
1020209,222,1,1,24000,14000,0.1,0.1,2
1020209,222,0,0.25,18000,14000,0.5,0.3,2
1020209,222,0,0.25,15000,-85000,0.3,0.4,2
1020209,223,0,0,18000,14000,0.3,0.3,2
1020209,223,1,1,24000,19000,0.5,0.1,2
1020209,223,0,0.25,15000,-85000,0.3,0.4,2
1020209,224,0,0.25,22000,13000,0.1,0.1,2
1020209,224,1,0.75,20000,16000,0.3,0.5,2
1020209,224,0,0.25,15000,-85000,0.3,0.4,2
1020304,225,1,1,24000,14000,0.1,0.1,1
1020304,225,0,0.25,18000,14000,0.5,0.3,1
1020304,225,0,0.25,20000,7000,0.5,0.3,1
1020304,226,0,0,24000,22000,0.5,0.3,1
1020304,226,1,0,22000,9000,0.3,0.1,1
1020304,226,0,0.25,20000,7000,0.5,0.3,1
1020304,227,0,0.75,20000,12000,0.1,0.5,1
1020304,227,1,0,24000,19000,0.5,0.3,1
1020304,227,0,0.25,20000,7000,0.5,0.3,1
1020304,228,0,1,18000,11000,0.1,0.1,1
1020304,228,1,0.25,22000,9000,0.5,0.5,1
1020304,228,0,0.25,20000,7000,0.5,0.3,1
1020304,229,1,0.75,20000,12000,0.1,0.5,2
1020304,229,0,0,24000,19000,0.5,0.3,2
1020304,229,0,0.25,20000,7000,0.5,0.3,2
1020304,230,1,1,24000,14000,0.1,0.1,2
1020304,230,0,0.25,18000,14000,0.5,0.3,2
1020304,230,0,0.25,20000,7000,0.5,0.3,2
1020304,231,0,0,24000,22000,0.5,0.3,2
1020304,231,0,0,22000,9000,0.3,0.1,2
1020304,231,1,0.25,20000,7000,0.5,0.3,2
1020304,232,1,0.5,22000,9000,0.3,0.1,2
1020304,232,0,0.5,18000,16000,0.1,0.3,2
1020304,232,0,0.25,20000,7000,0.5,0.3,2
1020311,233,0,1,18000,14000,0.5,0.1,1
1020311,233,1,0.25,24000,14000,0.1,0.3,1
1020311,233,0,0.25,21000,6500,0.4,0.2,1
1020311,234,0,0.25,22000,20000,0.5,0.3,1
1020311,234,1,0.75,20000,12000,0.5,0.1,1
1020311,234,0,0.25,21000,6500,0.4,0.2,1
1020311,235,0,0.75,20000,12000,0.1,0.5,1
1020311,235,1,0,24000,19000,0.5,0.3,1
1020311,235,0,0.25,21000,6500,0.4,0.2,1
1020311,236,0,0.25,20000,16000,0.5,0.3,1
1020311,236,1,0.25,24000,10000,0.1,0.5,1
1020311,236,0,0.25,21000,6500,0.4,0.2,1
1020311,237,0,1,18000,14000,0.5,0.1,2
1020311,237,0,0.25,24000,14000,0.1,0.3,2
1020311,237,1,0.25,21000,6500,0.4,0.2,2
1020311,238,1,0.75,20000,12000,0.1,0.5,2
1020311,238,0,0,24000,19000,0.5,0.3,2
1020311,238,0,0.25,21000,6500,0.4,0.2,2
1020311,239,0,1,24000,14000,0.1,0.1,2
1020311,239,1,0.25,18000,14000,0.5,0.3,2
1020311,239,0,0.25,21000,6500,0.4,0.2,2
1020311,240,1,0.75,20000,16000,0.3,0.5,2
1020311,240,0,1,20000,12000,0.3,0.1,2
1020311,240,0,0.25,21000,6500,0.4,0.2,2
1020316,241,0,0.25,22000,13000,0.1,0.1,1
1020316,241,1,0.75,20000,16000,0.3,0.5,1
1020316,241,0,0.5,17000,-8000,0.3,0.3,1
1020316,242,0,0.75,24000,22000,0.5,0.5,1
1020316,242,1,0.75,22000,18000,0.3,0.3,1
1020316,242,0,0.5,17000,-8000,0.3,0.3,1
1020316,243,1,0.5,22000,20000,0.3,0.3,1
1020316,243,0,1,18000,11000,0.1,0.5,1
1020316,243,0,0.5,17000,-8000,0.3,0.3,1
1020316,244,1,0.75,22000,9000,0.3,0.5,1
1020316,244,0,1,20000,8000,0.3,0.1,1
1020316,244,0,0.5,17000,-8000,0.3,0.3,1
1020316,245,1,0.75,24000,22000,0.5,0.5,2
1020316,245,0,0.75,22000,18000,0.3,0.3,2
1020316,245,0,0.5,17000,-8000,0.3,0.3,2
1020316,246,1,0.25,22000,20000,0.5,0.3,2
1020316,246,0,0.75,20000,12000,0.5,0.1,2
1020316,246,0,0.5,17000,-8000,0.3,0.3,2
1020316,247,0,0.5,22000,20000,0.3,0.3,2
1020316,247,1,1,18000,11000,0.1,0.5,2
1020316,247,0,0.5,17000,-8000,0.3,0.3,2
1020316,248,0,0,24000,22000,0.5,0.3,2
1020316,248,1,0,22000,9000,0.3,0.1,2
1020316,248,0,0.5,17000,-8000,0.3,0.3,2
1020319,249,1,0.5,22000,20000,0.3,0.3,1
1020319,249,0,1,18000,11000,0.1,0.5,1
1020319,249,0,0.75,20000,-65000,0.4,0.2,1
1020319,250,0,0,18000,7000,0.1,0.3,1
1020319,250,0,0.5,22000,20000,0.5,0.5,1
1020319,250,1,0.75,20000,-65000,0.4,0.2,1
1020319,251,0,1,18000,11000,0.1,0.1,1
1020319,251,1,0.25,22000,9000,0.5,0.5,1
1020319,251,0,0.75,20000,-65000,0.4,0.2,1
1020319,252,1,0.75,24000,22000,0.5,0.5,1
1020319,252,0,0.75,22000,18000,0.3,0.3,1
1020319,252,0,0.75,20000,-65000,0.4,0.2,1
1020319,253,0,1,24000,14000,0.1,0.1,2
1020319,253,0,0.25,18000,14000,0.5,0.3,2
1020319,253,1,0.75,20000,-65000,0.4,0.2,2
1020319,254,0,0.75,22000,9000,0.3,0.5,2
1020319,254,1,1,20000,8000,0.3,0.1,2
1020319,254,0,0.75,20000,-65000,0.4,0.2,2
1020319,255,0,0.5,18000,11000,0.3,0.1,2
1020319,255,0,0,24000,22000,0.3,0.5,2
1020319,255,1,0.75,20000,-65000,0.4,0.2,2
1020319,256,0,0,18000,7000,0.1,0.3,2
1020319,256,0,0.5,22000,20000,0.5,0.5,2
1020319,256,1,0.75,20000,-65000,0.4,0.2,2
1020324,257,0,1,18000,11000,0.1,0.1,1
1020324,257,1,0.25,22000,9000,0.5,0.5,1
1020324,257,0,0.25,18200,-17000,0.3,0.2,1
1020324,258,1,0.75,24000,22000,0.5,0.5,1
1020324,258,0,0.75,22000,18000,0.3,0.3,1
1020324,258,0,0.25,18200,-17000,0.3,0.2,1
1020324,259,1,1,20000,18000,0.3,0.5,1
1020324,259,0,0.5,18000,11000,0.5,0.1,1
1020324,259,0,0.25,18200,-17000,0.3,0.2,1
1020324,260,1,0.5,18000,11000,0.3,0.1,1
1020324,260,0,0,24000,22000,0.3,0.5,1
1020324,260,0,0.25,18200,-17000,0.3,0.2,1
1020324,261,0,0,18000,7000,0.1,0.3,2
1020324,261,1,0.5,22000,20000,0.5,0.5,2
1020324,261,0,0.25,18200,-17000,0.3,0.2,2
1020324,262,1,0.75,20000,12000,0.1,0.5,2
1020324,262,0,0,24000,19000,0.5,0.3,2
1020324,262,0,0.25,18200,-17000,0.3,0.2,2
1020324,263,1,1,24000,14000,0.1,0.1,2
1020324,263,0,0.25,18000,14000,0.5,0.3,2
1020324,263,0,0.25,18200,-17000,0.3,0.2,2
1020324,264,1,0.5,18000,11000,0.3,0.1,2
1020324,264,0,0,24000,22000,0.3,0.5,2
1020324,264,0,0.25,18200,-17000,0.3,0.2,2
1020418,265,0,1,24000,14000,0.1,0.1,1
1020418,265,1,0.25,18000,14000,0.5,0.3,1
1020418,265,0,0.5,20000,7000,0.6,0.2,1
1020418,266,1,0.75,22000,9000,0.3,0.5,1
1020418,266,0,1,20000,8000,0.3,0.1,1
1020418,266,0,0.5,20000,7000,0.6,0.2,1
1020418,267,1,0.25,20000,16000,0.5,0.3,1
1020418,267,0,0.25,24000,10000,0.1,0.5,1
1020418,267,0,0.5,20000,7000,0.6,0.2,1
1020418,268,0,0.5,18000,11000,0.3,0.1,1
1020418,268,1,0,24000,22000,0.3,0.5,1
1020418,268,0,0.5,20000,7000,0.6,0.2,1
1020418,269,1,0.25,20000,16000,0.5,0.3,2
1020418,269,0,0.25,24000,10000,0.1,0.5,2
1020418,269,0,0.5,20000,7000,0.6,0.2,2
1020418,270,0,0,18000,14000,0.3,0.3,2
1020418,270,1,1,24000,19000,0.5,0.1,2
1020418,270,0,0.5,20000,7000,0.6,0.2,2
1020418,271,0,0.25,22000,20000,0.5,0.3,2
1020418,271,1,0.75,20000,12000,0.5,0.1,2
1020418,271,0,0.5,20000,7000,0.6,0.2,2
1020418,272,0,0.75,24000,22000,0.5,0.5,2
1020418,272,1,0.75,22000,18000,0.3,0.3,2
1020418,272,0,0.5,20000,7000,0.6,0.2,2
1020421,273,1,0.5,24000,19000,0.5,0.3,1
1020421,273,0,0,20000,8000,0.1,0.3,1
1020421,273,0,1,17000,8000,0.6,0.2,1
1020421,274,0,0.25,22000,13000,0.1,0.1,1
1020421,274,1,0.75,20000,16000,0.3,0.5,1
1020421,274,0,1,17000,8000,0.6,0.2,1
1020421,275,0,0,18000,7000,0.1,0.3,1
1020421,275,0,0.5,22000,20000,0.5,0.5,1
1020421,275,1,1,17000,8000,0.6,0.2,1
1020421,276,0,1,18000,14000,0.5,0.1,1
1020421,276,0,0.25,24000,14000,0.1,0.3,1
1020421,276,1,1,17000,8000,0.6,0.2,1
1020421,277,0,0.5,22000,20000,0.3,0.3,2
1020421,277,1,1,18000,11000,0.1,0.5,2
1020421,277,0,1,17000,8000,0.6,0.2,2
1020421,278,0,0.25,22000,13000,0.1,0.1,2
1020421,278,1,0.75,20000,16000,0.3,0.5,2
1020421,278,0,1,17000,8000,0.6,0.2,2
1020421,279,1,0,24000,22000,0.5,0.3,2
1020421,279,0,0,22000,9000,0.3,0.1,2
1020421,279,0,1,17000,8000,0.6,0.2,2
1020421,280,1,0,18000,7000,0.1,0.3,2
1020421,280,0,0.5,22000,20000,0.5,0.5,2
1020421,280,0,1,17000,8000,0.6,0.2,2
1020502,281,0,0.75,24000,22000,0.5,0.5,1
1020502,281,1,0.75,22000,18000,0.3,0.3,1
1020502,281,0,1,23000,-17000,0.5,0.2,1
1020502,282,0,0.25,20000,16000,0.5,0.3,1
1020502,282,1,0.25,24000,10000,0.1,0.5,1
1020502,282,0,1,23000,-17000,0.5,0.2,1
1020502,283,1,0.25,22000,20000,0.5,0.3,1
1020502,283,0,0.75,20000,12000,0.5,0.1,1
1020502,283,0,1,23000,-17000,0.5,0.2,1
1020502,284,0,0.5,22000,9000,0.3,0.1,1
1020502,284,1,0.5,18000,16000,0.1,0.3,1
1020502,284,0,1,23000,-17000,0.5,0.2,1
1020502,285,1,1,24000,14000,0.1,0.1,2
1020502,285,0,0.25,18000,14000,0.5,0.3,2
1020502,285,0,1,23000,-17000,0.5,0.2,2
1020502,286,0,0,18000,7000,0.1,0.3,2
1020502,286,1,0.5,22000,20000,0.5,0.5,2
1020502,286,0,1,23000,-17000,0.5,0.2,2
1020502,287,0,0.25,24000,10000,0.5,0.5,2
1020502,287,1,0.75,18000,16000,0.1,0.3,2
1020502,287,0,1,23000,-17000,0.5,0.2,2
1020502,288,0,0.25,22000,13000,0.1,0.1,2
1020502,288,1,0.75,20000,16000,0.3,0.5,2
1020502,288,0,1,23000,-17000,0.5,0.2,2
1020511,289,0,0.25,22000,13000,0.1,0.1,1
1020511,289,0,0.75,20000,16000,0.3,0.5,1
1020511,289,1,0.25,16000,4000,0.3,0.2,1
1020511,290,0,0,20000,8000,0.1,0.5,1
1020511,290,1,0.5,22000,20000,0.3,0.5,1
1020511,290,0,0.25,16000,4000,0.3,0.2,1
1020511,291,0,0.25,22000,20000,0.5,0.3,1
1020511,291,1,0.75,20000,12000,0.5,0.1,1
1020511,291,0,0.25,16000,4000,0.3,0.2,1
1020511,292,0,0.75,20000,16000,0.3,0.5,1
1020511,292,1,1,20000,12000,0.3,0.1,1
1020511,292,0,0.25,16000,4000,0.3,0.2,1
1020511,293,0,0.75,24000,22000,0.5,0.5,2
1020511,293,1,0.75,22000,18000,0.3,0.3,2
1020511,293,0,0.25,16000,4000,0.3,0.2,2
1020511,294,1,1,18000,14000,0.5,0.1,2
1020511,294,0,0.25,24000,14000,0.1,0.3,2
1020511,294,0,0.25,16000,4000,0.3,0.2,2
1020511,295,0,0.25,22000,20000,0.5,0.3,2
1020511,295,1,0.75,20000,12000,0.5,0.1,2
1020511,295,0,0.25,16000,4000,0.3,0.2,2
1020511,296,0,0,24000,22000,0.5,0.3,2
1020511,296,1,0,22000,9000,0.3,0.1,2
1020511,296,0,0.25,16000,4000,0.3,0.2,2
1030014,297,0,0.25,30000,24000,0.5,0.3,1
1030014,297,1,0.25,36000,14000,0.1,0.5,1
1030014,297,0,0.75,25150,10050,0.5,0.3,1
1030014,298,0,0.5,33000,13000,0.3,0.1,1
1030014,298,1,0.5,27000,24000,0.1,0.3,1
1030014,298,0,0.75,25150,10050,0.5,0.3,1
1030014,299,0,0.25,33000,20000,0.1,0.1,1
1030014,299,1,0.75,30000,24000,0.3,0.5,1
1030014,299,0,0.75,25150,10050,0.5,0.3,1
1030014,300,1,1,30000,27000,0.3,0.5,1
1030014,300,0,0.5,27000,16000,0.5,0.1,1
1030014,300,0,0.75,25150,10050,0.5,0.3,1
1030014,301,1,0.75,36000,32000,0.5,0.5,2
1030014,301,0,0.75,33000,26000,0.3,0.3,2
1030014,301,0,0.75,25150,10050,0.5,0.3,2
1030014,302,0,1,27000,16000,0.1,0.1,2
1030014,302,1,0.25,33000,13000,0.5,0.5,2
1030014,302,0,0.75,25150,10050,0.5,0.3,2
1030014,303,0,0.75,30000,18000,0.1,0.5,2
1030014,303,1,0,36000,29000,0.5,0.3,2
1030014,303,0,0.75,25150,10050,0.5,0.3,2
1030014,304,1,1,30000,27000,0.3,0.5,2
1030014,304,0,0.5,27000,16000,0.5,0.1,2
1030014,304,0,0.75,25150,10050,0.5,0.3,2
1030015,305,0,0.75,33000,13000,0.3,0.5,1
1030015,305,1,1,30000,12000,0.3,0.1,1
1030015,305,0,0.5,26350,2350,0.3,0.1,1
1030015,306,0,1,27000,16000,0.1,0.1,1
1030015,306,1,0.25,33000,13000,0.5,0.5,1
1030015,306,0,0.5,26350,2350,0.3,0.1,1
1030015,307,0,0,27000,11000,0.1,0.3,1
1030015,307,1,0.5,33000,30000,0.5,0.5,1
1030015,307,0,0.5,26350,2350,0.3,0.1,1
1030015,308,0,0.25,33000,30000,0.5,0.3,1
1030015,308,1,0.75,30000,18000,0.5,0.1,1
1030015,308,0,0.5,26350,2350,0.3,0.1,1
1030015,309,1,0.75,36000,32000,0.5,0.5,2
1030015,309,0,0.75,33000,26000,0.3,0.3,2
1030015,309,0,0.5,26350,2350,0.3,0.1,2
1030015,310,1,1,27000,16000,0.1,0.1,2
1030015,310,0,0.25,33000,13000,0.5,0.5,2
1030015,310,0,0.5,26350,2350,0.3,0.1,2
1030015,311,1,0.25,30000,24000,0.5,0.3,2
1030015,311,0,0.25,36000,14000,0.1,0.5,2
1030015,311,0,0.5,26350,2350,0.3,0.1,2
1030015,312,1,1,30000,27000,0.3,0.5,2
1030015,312,0,0.5,27000,16000,0.5,0.1,2
1030015,312,0,0.5,26350,2350,0.3,0.1,2
1030019,313,1,0.25,33000,20000,0.1,0.1,1
1030019,313,0,0.75,30000,24000,0.3,0.5,1
1030019,313,0,0.75,33400,-400,0.3,0.5,1
1030019,314,0,0,27000,11000,0.1,0.3,1
1030019,314,0,0.5,33000,30000,0.5,0.5,1
1030019,314,1,0.75,33400,-400,0.3,0.5,1
1030019,315,0,1,30000,27000,0.3,0.5,1
1030019,315,0,0.5,27000,16000,0.5,0.1,1
1030019,315,1,0.75,33400,-400,0.3,0.5,1
1030019,316,0,0.75,30000,18000,0.1,0.5,1
1030019,316,0,0,36000,29000,0.5,0.3,1
1030019,316,1,0.75,33400,-400,0.3,0.5,1
1030019,317,1,0.5,36000,29000,0.5,0.3,2
1030019,317,0,0,30000,12000,0.1,0.3,2
1030019,317,0,0.75,33400,-400,0.3,0.5,2
1030019,318,0,0.75,36000,32000,0.5,0.5,2
1030019,318,1,0.75,33000,26000,0.3,0.3,2
1030019,318,0,0.75,33400,-400,0.3,0.5,2
1030019,319,1,0,36000,32000,0.5,0.3,2
1030019,319,0,0,33000,13000,0.3,0.1,2
1030019,319,0,0.75,33400,-400,0.3,0.5,2
1030019,320,0,0.25,30000,24000,0.5,0.3,2
1030019,320,1,0.25,36000,14000,0.1,0.5,2
1030019,320,0,0.75,33400,-400,0.3,0.5,2
1030103,321,0,1,30000,27000,0.3,0.5,1
1030103,321,1,0.5,27000,16000,0.5,0.1,1
1030103,321,0,0.25,26000,0,0.5,0.2,1
1030103,322,1,0.5,33000,13000,0.3,0.1,1
1030103,322,0,0.5,27000,24000,0.1,0.3,1
1030103,322,0,0.25,26000,0,0.5,0.2,1
1030103,323,1,0.5,33000,30000,0.3,0.3,1
1030103,323,0,1,27000,16000,0.1,0.5,1
1030103,323,0,0.25,26000,0,0.5,0.2,1
1030103,324,1,0.5,36000,29000,0.5,0.3,1
1030103,324,0,0,30000,12000,0.1,0.3,1
1030103,324,0,0.25,26000,0,0.5,0.2,1
1030103,325,1,0,27000,11000,0.1,0.3,2
1030103,325,0,0.5,33000,30000,0.5,0.5,2
1030103,325,0,0.25,26000,0,0.5,0.2,2
1030103,326,0,0,27000,22000,0.3,0.3,2
1030103,326,1,1,36000,29000,0.5,0.1,2
1030103,326,0,0.25,26000,0,0.5,0.2,2
1030103,327,0,0.25,33000,30000,0.5,0.3,2
1030103,327,1,0.75,30000,18000,0.5,0.1,2
1030103,327,0,0.25,26000,0,0.5,0.2,2
1030103,328,0,0,30000,12000,0.1,0.5,2
1030103,328,1,0.5,33000,30000,0.3,0.5,2
1030103,328,0,0.25,26000,0,0.5,0.2,2
1030105,329,0,1,27000,16000,0.1,0.1,1
1030105,329,1,0.25,33000,13000,0.5,0.5,1
1030105,329,0,0.25,30000,-10000,0.3,0.2,1
1030105,330,1,0.75,33000,13000,0.3,0.5,1
1030105,330,0,1,30000,12000,0.3,0.1,1
1030105,330,0,0.25,30000,-10000,0.3,0.2,1
1030105,331,1,0.75,30000,18000,0.1,0.5,1
1030105,331,0,0,36000,29000,0.5,0.3,1
1030105,331,0,0.25,30000,-10000,0.3,0.2,1
1030105,332,0,0.25,33000,20000,0.1,0.1,1
1030105,332,1,0.75,30000,24000,0.3,0.5,1
1030105,332,0,0.25,30000,-10000,0.3,0.2,1
1030105,333,0,0.25,33000,20000,0.1,0.1,2
1030105,333,1,0.75,30000,24000,0.3,0.5,2
1030105,333,0,0.25,30000,-10000,0.3,0.2,2
1030105,334,0,0.75,33000,13000,0.3,0.5,2
1030105,334,1,1,30000,12000,0.3,0.1,2
1030105,334,0,0.25,30000,-10000,0.3,0.2,2
1030105,335,1,0.75,30000,24000,0.3,0.5,2
1030105,335,0,1,30000,18000,0.3,0.1,2
1030105,335,0,0.25,30000,-10000,0.3,0.2,2
1030105,336,0,0,27000,11000,0.1,0.3,2
1030105,336,1,0.5,33000,30000,0.5,0.5,2
1030105,336,0,0.25,30000,-10000,0.3,0.2,2
1030106,337,1,0,36000,32000,0.5,0.3,1
1030106,337,0,0,33000,13000,0.3,0.1,1
1030106,337,0,0.5,25000,3000,0.7,0.1,1
1030106,338,0,0.5,27000,16000,0.3,0.1,1
1030106,338,1,0,36000,32000,0.3,0.5,1
1030106,338,0,0.5,25000,3000,0.7,0.1,1
1030106,339,1,1,36000,22000,0.1,0.1,1
1030106,339,0,0.25,27000,22000,0.5,0.3,1
1030106,339,0,0.5,25000,3000,0.7,0.1,1
1030106,340,1,1,30000,27000,0.3,0.5,1
1030106,340,0,0.5,27000,16000,0.5,0.1,1
1030106,340,0,0.5,25000,3000,0.7,0.1,1
1030106,341,0,1,27000,16000,0.1,0.1,2
1030106,341,1,0.25,33000,13000,0.5,0.5,2
1030106,341,0,0.5,25000,3000,0.7,0.1,2
1030106,342,1,0.5,27000,16000,0.3,0.1,2
1030106,342,0,0,36000,32000,0.3,0.5,2
1030106,342,0,0.5,25000,3000,0.7,0.1,2
1030106,343,1,0.5,33000,13000,0.3,0.1,2
1030106,343,0,0.5,27000,24000,0.1,0.3,2
1030106,343,0,0.5,25000,3000,0.7,0.1,2
1030106,344,1,0.75,33000,13000,0.3,0.5,2
1030106,344,0,1,30000,12000,0.3,0.1,2
1030106,344,0,0.5,25000,3000,0.7,0.1,2
1030108,345,1,1,30000,27000,0.3,0.5,1
1030108,345,0,0.5,27000,16000,0.5,0.1,1
1030108,345,0,0.5,27000,-38000,0.5,0.3,1
1030108,346,1,0.5,36000,29000,0.5,0.3,1
1030108,346,0,0,30000,12000,0.1,0.3,1
1030108,346,0,0.5,27000,-38000,0.5,0.3,1
1030108,347,1,0.75,36000,32000,0.5,0.5,1
1030108,347,0,0.75,33000,26000,0.3,0.3,1
1030108,347,0,0.5,27000,-38000,0.5,0.3,1
1030108,348,0,0.75,30000,24000,0.3,0.5,1
1030108,348,1,1,30000,18000,0.3,0.1,1
1030108,348,0,0.5,27000,-38000,0.5,0.3,1
1030108,349,0,0,30000,12000,0.1,0.5,2
1030108,349,1,0.5,33000,30000,0.3,0.5,2
1030108,349,0,0.5,27000,-38000,0.5,0.3,2
1030108,350,1,0.5,36000,29000,0.5,0.3,2
1030108,350,0,0,30000,12000,0.1,0.3,2
1030108,350,0,0.5,27000,-38000,0.5,0.3,2
1030108,351,1,0.75,30000,24000,0.3,0.5,2
1030108,351,0,1,30000,18000,0.3,0.1,2
1030108,351,0,0.5,27000,-38000,0.5,0.3,2
1030108,352,0,0.25,33000,20000,0.1,0.1,2
1030108,352,1,0.75,30000,24000,0.3,0.5,2
1030108,352,0,0.5,27000,-38000,0.5,0.3,2
1030109,353,1,0.5,27000,16000,0.3,0.1,1
1030109,353,0,0,36000,32000,0.3,0.5,1
1030109,353,0,0.25,26000,8000,0.5,0.2,1
1030109,354,1,1,30000,27000,0.3,0.5,1
1030109,354,0,0.5,27000,16000,0.5,0.1,1
1030109,354,0,0.25,26000,8000,0.5,0.2,1
1030109,355,0,0,27000,22000,0.3,0.3,1
1030109,355,1,1,36000,29000,0.5,0.1,1
1030109,355,0,0.25,26000,8000,0.5,0.2,1
1030109,356,0,0.5,33000,13000,0.3,0.1,1
1030109,356,1,0.5,27000,24000,0.1,0.3,1
1030109,356,0,0.25,26000,8000,0.5,0.2,1
1030109,357,1,1,30000,27000,0.3,0.5,2
1030109,357,0,0.5,27000,16000,0.5,0.1,2
1030109,357,0,0.25,26000,8000,0.5,0.2,2
1030109,358,1,1,36000,22000,0.1,0.1,2
1030109,358,0,0.25,27000,22000,0.5,0.3,2
1030109,358,0,0.25,26000,8000,0.5,0.2,2
1030109,359,0,1,27000,16000,0.1,0.1,2
1030109,359,0,0.25,33000,13000,0.5,0.5,2
1030109,359,1,0.25,26000,8000,0.5,0.2,2
1030109,360,1,0.5,36000,29000,0.5,0.3,2
1030109,360,0,0,30000,12000,0.1,0.3,2
1030109,360,0,0.25,26000,8000,0.5,0.2,2
1030114,361,1,1,27000,22000,0.5,0.1,1
1030114,361,0,0.25,36000,22000,0.1,0.3,1
1030114,361,0,0.75,31800,14000,0.3,0.4,1
1030114,362,0,0.75,33000,13000,0.3,0.5,1
1030114,362,1,1,30000,12000,0.3,0.1,1
1030114,362,0,0.75,31800,14000,0.3,0.4,1
1030114,363,0,0.5,33000,30000,0.3,0.3,1
1030114,363,1,1,27000,16000,0.1,0.5,1
1030114,363,0,0.75,31800,14000,0.3,0.4,1
1030114,364,0,0.5,27000,16000,0.3,0.1,1
1030114,364,0,0,36000,32000,0.3,0.5,1
1030114,364,1,0.75,31800,14000,0.3,0.4,1
1030114,365,1,1,27000,16000,0.1,0.1,2
1030114,365,0,0.25,33000,13000,0.5,0.5,2
1030114,365,0,0.75,31800,14000,0.3,0.4,2
1030114,366,1,1,30000,27000,0.3,0.5,2
1030114,366,0,0.5,27000,16000,0.5,0.1,2
1030114,366,0,0.75,31800,14000,0.3,0.4,2
1030114,367,0,0.25,30000,24000,0.5,0.3,2
1030114,367,0,0.25,36000,14000,0.1,0.5,2
1030114,367,1,0.75,31800,14000,0.3,0.4,2
1030114,368,1,0.75,30000,18000,0.1,0.5,2
1030114,368,0,0,36000,29000,0.5,0.3,2
1030114,368,0,0.75,31800,14000,0.3,0.4,2
1030116,369,1,0,27000,11000,0.1,0.3,1
1030116,369,0,0.5,33000,30000,0.5,0.5,1
1030116,369,0,0.25,30000,12000,0.5,0.3,1
1030116,370,1,0.5,36000,29000,0.5,0.3,1
1030116,370,0,0,30000,12000,0.1,0.3,1
1030116,370,0,0.25,30000,12000,0.5,0.3,1
1030116,371,1,0.25,33000,20000,0.1,0.1,1
1030116,371,0,0.75,30000,24000,0.3,0.5,1
1030116,371,0,0.25,30000,12000,0.5,0.3,1
1030116,372,0,0.75,33000,13000,0.3,0.5,1
1030116,372,1,1,30000,12000,0.3,0.1,1
1030116,372,0,0.25,30000,12000,0.5,0.3,1
1030116,373,1,0.75,30000,18000,0.1,0.5,2
1030116,373,0,0,36000,29000,0.5,0.3,2
1030116,373,0,0.25,30000,12000,0.5,0.3,2
1030116,374,0,1,30000,27000,0.3,0.5,2
1030116,374,1,0.5,27000,16000,0.5,0.1,2
1030116,374,0,0.25,30000,12000,0.5,0.3,2
1030116,375,0,0,27000,11000,0.1,0.3,2
1030116,375,0,0.5,33000,30000,0.5,0.5,2
1030116,375,1,0.25,30000,12000,0.5,0.3,2
1030116,376,0,1,36000,22000,0.1,0.1,2
1030116,376,1,0.25,27000,22000,0.5,0.3,2
1030116,376,0,0.25,30000,12000,0.5,0.3,2
1030121,377,1,0.5,36000,29000,0.5,0.3,1
1030121,377,0,0,30000,12000,0.1,0.3,1
1030121,377,0,0.5,27000,12000,0.5,0.2,1
1030121,378,0,0.5,33000,30000,0.3,0.3,1
1030121,378,1,1,27000,16000,0.1,0.5,1
1030121,378,0,0.5,27000,12000,0.5,0.2,1
1030121,379,0,0,27000,22000,0.3,0.3,1
1030121,379,1,1,36000,29000,0.5,0.1,1
1030121,379,0,0.5,27000,12000,0.5,0.2,1
1030121,380,1,1,27000,16000,0.1,0.1,1
1030121,380,0,0.25,33000,13000,0.5,0.5,1
1030121,380,0,0.5,27000,12000,0.5,0.2,1
1030121,381,1,0.5,27000,16000,0.3,0.1,2
1030121,381,0,0,36000,32000,0.3,0.5,2
1030121,381,0,0.5,27000,12000,0.5,0.2,2
1030121,382,1,0.5,33000,30000,0.3,0.3,2
1030121,382,0,1,27000,16000,0.1,0.5,2
1030121,382,0,0.5,27000,12000,0.5,0.2,2
1030121,383,0,0,27000,22000,0.3,0.3,2
1030121,383,1,1,36000,29000,0.5,0.1,2
1030121,383,0,0.5,27000,12000,0.5,0.2,2
1030121,384,1,1,36000,22000,0.1,0.1,2
1030121,384,0,0.25,27000,22000,0.5,0.3,2
1030121,384,0,0.5,27000,12000,0.5,0.2,2
1030123,385,1,0.5,36000,29000,0.5,0.3,1
1030123,385,0,0,30000,12000,0.1,0.3,1
1030123,385,0,0.25,25000,0,0.4,0.4,1
1030123,386,1,1,27000,16000,0.1,0.1,1
1030123,386,0,0.25,33000,13000,0.5,0.5,1
1030123,386,0,0.25,25000,0,0.4,0.4,1
1030123,387,1,0.25,30000,24000,0.5,0.3,1
1030123,387,0,0.25,36000,14000,0.1,0.5,1
1030123,387,0,0.25,25000,0,0.4,0.4,1
1030123,388,1,0.5,27000,16000,0.3,0.1,1
1030123,388,0,0,36000,32000,0.3,0.5,1
1030123,388,0,0.25,25000,0,0.4,0.4,1
1030123,389,0,1,27000,16000,0.1,0.1,2
1030123,389,0,0.25,33000,13000,0.5,0.5,2
1030123,389,1,0.25,25000,0,0.4,0.4,2
1030123,390,1,0.5,33000,13000,0.3,0.1,2
1030123,390,0,0.5,27000,24000,0.1,0.3,2
1030123,390,0,0.25,25000,0,0.4,0.4,2
1030123,391,1,0.75,30000,24000,0.3,0.5,2
1030123,391,0,1,30000,18000,0.3,0.1,2
1030123,391,0,0.25,25000,0,0.4,0.4,2
1030123,392,0,0,27000,11000,0.1,0.3,2
1030123,392,0,0.5,33000,30000,0.5,0.5,2
1030123,392,1,0.25,25000,0,0.4,0.4,2
1030124,393,1,0,36000,32000,0.5,0.3,1
1030124,393,0,0,33000,13000,0.3,0.1,1
1030124,393,0,0.5,25000,10000,0.5,0.3,1
1030124,394,0,0.5,27000,16000,0.3,0.1,1
1030124,394,1,0,36000,32000,0.3,0.5,1
1030124,394,0,0.5,25000,10000,0.5,0.3,1
1030124,395,0,0.75,30000,24000,0.3,0.5,1
1030124,395,0,1,30000,18000,0.3,0.1,1
1030124,395,1,0.5,25000,10000,0.5,0.3,1
1030124,396,1,0.25,33000,30000,0.5,0.3,1
1030124,396,0,0.75,30000,18000,0.5,0.1,1
1030124,396,0,0.5,25000,10000,0.5,0.3,1
1030124,397,0,0.25,33000,20000,0.1,0.1,2
1030124,397,1,0.75,30000,24000,0.3,0.5,2
1030124,397,0,0.5,25000,10000,0.5,0.3,2
1030124,398,1,0.5,33000,30000,0.3,0.3,2
1030124,398,0,1,27000,16000,0.1,0.5,2
1030124,398,0,0.5,25000,10000,0.5,0.3,2
1030124,399,1,1,27000,16000,0.1,0.1,2
1030124,399,0,0.25,33000,13000,0.5,0.5,2
1030124,399,0,0.5,25000,10000,0.5,0.3,2
1030124,400,0,1,27000,22000,0.5,0.1,2
1030124,400,1,0.25,36000,22000,0.1,0.3,2
1030124,400,0,0.5,25000,10000,0.5,0.3,2
1030308,401,0,0.25,36000,14000,0.5,0.5,1
1030308,401,0,0.75,27000,24000,0.1,0.3,1
1030308,401,1,0.25,26000,6500,0.3,0.4,1
1030308,402,0,0,36000,32000,0.5,0.3,1
1030308,402,0,0,33000,13000,0.3,0.1,1
1030308,402,1,0.25,26000,6500,0.3,0.4,1
1030308,403,0,0.25,33000,20000,0.1,0.1,1
1030308,403,1,0.75,30000,24000,0.3,0.5,1
1030308,403,0,0.25,26000,6500,0.3,0.4,1
1030308,404,1,0.5,27000,16000,0.3,0.1,1
1030308,404,0,0,36000,32000,0.3,0.5,1
1030308,404,0,0.25,26000,6500,0.3,0.4,1
1030308,405,1,0.75,33000,13000,0.3,0.5,2
1030308,405,0,1,30000,12000,0.3,0.1,2
1030308,405,0,0.25,26000,6500,0.3,0.4,2
1030308,406,1,0.25,36000,14000,0.5,0.5,2
1030308,406,0,0.75,27000,24000,0.1,0.3,2
1030308,406,0,0.25,26000,6500,0.3,0.4,2
1030308,407,0,1,30000,27000,0.3,0.5,2
1030308,407,0,0.5,27000,16000,0.5,0.1,2
1030308,407,1,0.25,26000,6500,0.3,0.4,2
1030308,408,1,0.25,33000,30000,0.5,0.3,2
1030308,408,0,0.75,30000,18000,0.5,0.1,2
1030308,408,0,0.25,26000,6500,0.3,0.4,2
1030309,409,0,0.25,33000,20000,0.1,0.1,1
1030309,409,0,0.75,30000,24000,0.3,0.5,1
1030309,409,1,0.5,31600,-3400,0.3,0.2,1
1030309,410,0,0,27000,22000,0.3,0.3,1
1030309,410,1,1,36000,29000,0.5,0.1,1
1030309,410,0,0.5,31600,-3400,0.3,0.2,1
1030309,411,1,0.75,36000,32000,0.5,0.5,1
1030309,411,0,0.75,33000,26000,0.3,0.3,1
1030309,411,0,0.5,31600,-3400,0.3,0.2,1
1030309,412,1,0.75,30000,24000,0.3,0.5,1
1030309,412,0,1,30000,18000,0.3,0.1,1
1030309,412,0,0.5,31600,-3400,0.3,0.2,1
1030309,413,1,0.5,36000,29000,0.5,0.3,2
1030309,413,0,0,30000,12000,0.1,0.3,2
1030309,413,0,0.5,31600,-3400,0.3,0.2,2
1030309,414,0,0.75,30000,18000,0.1,0.5,2
1030309,414,1,0,36000,29000,0.5,0.3,2
1030309,414,0,0.5,31600,-3400,0.3,0.2,2
1030309,415,1,0,36000,32000,0.5,0.3,2
1030309,415,0,0,33000,13000,0.3,0.1,2
1030309,415,0,0.5,31600,-3400,0.3,0.2,2
1030309,416,0,0,30000,12000,0.1,0.5,2
1030309,416,1,0.5,33000,30000,0.3,0.5,2
1030309,416,0,0.5,31600,-3400,0.3,0.2,2
1030314,417,0,0.75,33000,13000,0.3,0.5,1
1030314,417,1,1,30000,12000,0.3,0.1,1
1030314,417,0,1,34000,-6000,0.3,0.1,1
1030314,418,0,1,36000,22000,0.1,0.1,1
1030314,418,1,0.25,27000,22000,0.5,0.3,1
1030314,418,0,1,34000,-6000,0.3,0.1,1
1030314,419,1,0.75,36000,32000,0.5,0.5,1
1030314,419,0,0.75,33000,26000,0.3,0.3,1
1030314,419,0,1,34000,-6000,0.3,0.1,1
1030314,420,0,0.75,30000,24000,0.3,0.5,1
1030314,420,1,1,30000,18000,0.3,0.1,1
1030314,420,0,1,34000,-6000,0.3,0.1,1
1030314,421,1,1,27000,16000,0.1,0.1,2
1030314,421,0,0.25,33000,13000,0.5,0.5,2
1030314,421,0,1,34000,-6000,0.3,0.1,2
1030314,422,0,0,27000,22000,0.3,0.3,2
1030314,422,1,1,36000,29000,0.5,0.1,2
1030314,422,0,1,34000,-6000,0.3,0.1,2
1030314,423,0,1,27000,22000,0.5,0.1,2
1030314,423,1,0.25,36000,22000,0.1,0.3,2
1030314,423,0,1,34000,-6000,0.3,0.1,2
1030314,424,0,0.25,33000,30000,0.5,0.3,2
1030314,424,1,0.75,30000,18000,0.5,0.1,2
1030314,424,0,1,34000,-6000,0.3,0.1,2
1030323,425,0,1,36000,22000,0.1,0.1,1
1030323,425,0,0.25,27000,22000,0.5,0.3,1
1030323,425,1,0.75,29000,10200,0.6,0.2,1
1030323,426,0,1,27000,16000,0.1,0.1,1
1030323,426,0,0.25,33000,13000,0.5,0.5,1
1030323,426,1,0.75,29000,10200,0.6,0.2,1
1030323,427,0,0.75,33000,13000,0.3,0.5,1
1030323,427,0,1,30000,12000,0.3,0.1,1
1030323,427,1,0.75,29000,10200,0.6,0.2,1
1030323,428,0,0.25,30000,24000,0.5,0.3,1
1030323,428,0,0.25,36000,14000,0.1,0.5,1
1030323,428,1,0.75,29000,10200,0.6,0.2,1
1030323,429,0,0,36000,32000,0.5,0.3,2
1030323,429,0,0,33000,13000,0.3,0.1,2
1030323,429,1,0.75,29000,10200,0.6,0.2,2
1030323,430,1,0.75,30000,24000,0.3,0.5,2
1030323,430,0,1,30000,18000,0.3,0.1,2
1030323,430,0,0.75,29000,10200,0.6,0.2,2
1030323,431,0,0,27000,22000,0.3,0.3,2
1030323,431,0,1,36000,29000,0.5,0.1,2
1030323,431,1,0.75,29000,10200,0.6,0.2,2
1030323,432,0,0.5,27000,16000,0.3,0.1,2
1030323,432,0,0,36000,32000,0.3,0.5,2
1030323,432,1,0.75,29000,10200,0.6,0.2,2
1030403,433,1,0,27000,11000,0.1,0.3,1
1030403,433,0,0.5,33000,30000,0.5,0.5,1
1030403,433,0,0.75,30000,-5000,0.6,0,1
1030403,434,1,0,36000,32000,0.5,0.3,1
1030403,434,0,0,33000,13000,0.3,0.1,1
1030403,434,0,0.75,30000,-5000,0.6,0,1
1030403,435,1,0.75,30000,18000,0.1,0.5,1
1030403,435,0,0,36000,29000,0.5,0.3,1
1030403,435,0,0.75,30000,-5000,0.6,0,1
1030403,436,1,0.25,33000,20000,0.1,0.1,1
1030403,436,0,0.75,30000,24000,0.3,0.5,1
1030403,436,0,0.75,30000,-5000,0.6,0,1
1030403,437,0,1,27000,16000,0.1,0.1,2
1030403,437,1,0.25,33000,13000,0.5,0.5,2
1030403,437,0,0.75,30000,-5000,0.6,0,2
1030403,438,1,0.5,33000,13000,0.3,0.1,2
1030403,438,0,0.5,27000,24000,0.1,0.3,2
1030403,438,0,0.75,30000,-5000,0.6,0,2
1030403,439,1,0.5,33000,30000,0.3,0.3,2
1030403,439,0,1,27000,16000,0.1,0.5,2
1030403,439,0,0.75,30000,-5000,0.6,0,2
1030403,440,1,0.25,33000,30000,0.5,0.3,2
1030403,440,0,0.75,30000,18000,0.5,0.1,2
1030403,440,0,0.75,30000,-5000,0.6,0,2
1030404,441,1,0.25,33000,30000,0.5,0.3,1
1030404,441,0,0.75,30000,18000,0.5,0.1,1
1030404,441,0,0.25,25760,-43350,0.8,0,1
1030404,442,0,1,27000,16000,0.1,0.1,1
1030404,442,1,0.25,33000,13000,0.5,0.5,1
1030404,442,0,0.25,25760,-43350,0.8,0,1
1030404,443,1,0.25,36000,14000,0.5,0.5,1
1030404,443,0,0.75,27000,24000,0.1,0.3,1
1030404,443,0,0.25,25760,-43350,0.8,0,1
1030404,444,0,0.25,33000,20000,0.1,0.1,1
1030404,444,1,0.75,30000,24000,0.3,0.5,1
1030404,444,0,0.25,25760,-43350,0.8,0,1
1030404,445,0,0.25,33000,20000,0.1,0.1,2
1030404,445,1,0.75,30000,24000,0.3,0.5,2
1030404,445,0,0.25,25760,-43350,0.8,0,2
1030404,446,1,0,36000,32000,0.5,0.3,2
1030404,446,0,0,33000,13000,0.3,0.1,2
1030404,446,0,0.25,25760,-43350,0.8,0,2
1030404,447,0,0.75,30000,24000,0.3,0.5,2
1030404,447,1,1,30000,18000,0.3,0.1,2
1030404,447,0,0.25,25760,-43350,0.8,0,2
1030404,448,0,0.25,33000,30000,0.5,0.3,2
1030404,448,1,0.75,30000,18000,0.5,0.1,2
1030404,448,0,0.25,25760,-43350,0.8,0,2
1030509,449,1,0.5,33000,13000,0.3,0.1,1
1030509,449,0,0.5,27000,24000,0.1,0.3,1
1030509,449,0,0.25,31000,7000,0.3,0,1
1030509,450,0,0.75,30000,24000,0.3,0.5,1
1030509,450,1,1,30000,18000,0.3,0.1,1
1030509,450,0,0.25,31000,7000,0.3,0,1
1030509,451,1,0.25,33000,30000,0.5,0.3,1
1030509,451,0,0.75,30000,18000,0.5,0.1,1
1030509,451,0,0.25,31000,7000,0.3,0,1
1030509,452,1,0.25,36000,14000,0.5,0.5,1
1030509,452,0,0.75,27000,24000,0.1,0.3,1
1030509,452,0,0.25,31000,7000,0.3,0,1
1030509,453,1,0,30000,12000,0.1,0.5,2
1030509,453,0,0.5,33000,30000,0.3,0.5,2
1030509,453,0,0.25,31000,7000,0.3,0,2
1030509,454,1,0.75,33000,13000,0.3,0.5,2
1030509,454,0,1,30000,12000,0.3,0.1,2
1030509,454,0,0.25,31000,7000,0.3,0,2
1030509,455,1,0.75,36000,32000,0.5,0.5,2
1030509,455,0,0.75,33000,26000,0.3,0.3,2
1030509,455,0,0.25,31000,7000,0.3,0,2
1030509,456,1,1,27000,16000,0.1,0.1,2
1030509,456,0,0.25,33000,13000,0.5,0.5,2
1030509,456,0,0.25,31000,7000,0.3,0,2
1030521,457,1,0.5,36000,29000,0.5,0.3,1
1030521,457,0,0,30000,12000,0.1,0.3,1
1030521,457,0,0.25,29000,9000,0.4,0.3,1
1030521,458,1,0.5,33000,30000,0.3,0.3,1
1030521,458,0,1,27000,16000,0.1,0.5,1
1030521,458,0,0.25,29000,9000,0.4,0.3,1
1030521,459,1,0.5,33000,13000,0.3,0.1,1
1030521,459,0,0.5,27000,24000,0.1,0.3,1
1030521,459,0,0.25,29000,9000,0.4,0.3,1
1030521,460,1,0.25,30000,24000,0.5,0.3,1
1030521,460,0,0.25,36000,14000,0.1,0.5,1
1030521,460,0,0.25,29000,9000,0.4,0.3,1
1030521,461,0,0.25,36000,14000,0.5,0.5,2
1030521,461,0,0.75,27000,24000,0.1,0.3,2
1030521,461,1,0.25,29000,9000,0.4,0.3,2
1030521,462,1,0.5,33000,30000,0.3,0.3,2
1030521,462,0,1,27000,16000,0.1,0.5,2
1030521,462,0,0.25,29000,9000,0.4,0.3,2
1030521,463,1,0.75,30000,24000,0.3,0.5,2
1030521,463,0,1,30000,18000,0.3,0.1,2
1030521,463,0,0.25,29000,9000,0.4,0.3,2
1030521,464,0,0,27000,22000,0.3,0.3,2
1030521,464,1,1,36000,29000,0.5,0.1,2
1030521,464,0,0.25,29000,9000,0.4,0.3,2
1040006,465,0,0.25,40000,32000,0.5,0.3,1
1040006,465,1,0.25,48000,19000,0.1,0.5,1
1040006,465,0,0.75,41160,3500,0.6,0.2,1
1040006,466,1,0.25,44000,40000,0.5,0.3,1
1040006,466,0,0.75,40000,24000,0.5,0.1,1
1040006,466,0,0.75,41160,3500,0.6,0.2,1
1040006,467,0,0,48000,43000,0.5,0.3,1
1040006,467,1,0,44000,18000,0.3,0.1,1
1040006,467,0,0.75,41160,3500,0.6,0.2,1
1040006,468,0,0,36000,29000,0.3,0.3,1
1040006,468,1,1,48000,38000,0.5,0.1,1
1040006,468,0,0.75,41160,3500,0.6,0.2,1
1040006,469,1,1,40000,36000,0.3,0.5,2
1040006,469,0,0.5,36000,22000,0.5,0.1,2
1040006,469,0,0.75,41160,3500,0.6,0.2,2
1040006,470,1,0.5,44000,40000,0.3,0.3,2
1040006,470,0,1,36000,22000,0.1,0.5,2
1040006,470,0,0.75,41160,3500,0.6,0.2,2
1040006,471,0,0.75,40000,32000,0.3,0.5,2
1040006,471,1,1,40000,24000,0.3,0.1,2
1040006,471,0,0.75,41160,3500,0.6,0.2,2
1040006,472,0,0.75,44000,18000,0.3,0.5,2
1040006,472,1,1,40000,16000,0.3,0.1,2
1040006,472,0,0.75,41160,3500,0.6,0.2,2
1040020,473,1,1,36000,29000,0.5,0.1,1
1040020,473,0,0.25,48000,29000,0.1,0.3,1
1040020,473,0,0.5,37000,-5500,0.3,0.2,1
1040020,474,0,0.25,44000,26000,0.1,0.1,1
1040020,474,1,0.75,40000,32000,0.3,0.5,1
1040020,474,0,0.5,37000,-5500,0.3,0.2,1
1040020,475,1,0.25,48000,19000,0.5,0.5,1
1040020,475,0,0.75,36000,32000,0.1,0.3,1
1040020,475,0,0.5,37000,-5500,0.3,0.2,1
1040020,476,0,0.25,44000,40000,0.5,0.3,1
1040020,476,0,0.75,40000,24000,0.5,0.1,1
1040020,476,1,0.5,37000,-5500,0.3,0.2,1
1040020,477,0,0.25,44000,26000,0.1,0.1,2
1040020,477,1,0.75,40000,32000,0.3,0.5,2
1040020,477,0,0.5,37000,-5500,0.3,0.2,2
1040020,478,0,0.75,48000,43000,0.5,0.5,2
1040020,478,0,0.75,44000,35000,0.3,0.3,2
1040020,478,1,0.5,37000,-5500,0.3,0.2,2
1040020,479,0,0.5,44000,40000,0.3,0.3,2
1040020,479,1,1,36000,22000,0.1,0.5,2
1040020,479,0,0.5,37000,-5500,0.3,0.2,2
1040020,480,0,0.25,48000,19000,0.5,0.5,2
1040020,480,0,0.75,36000,32000,0.1,0.3,2
1040020,480,1,0.5,37000,-5500,0.3,0.2,2
1040022,481,0,0.5,44000,40000,0.3,0.3,1
1040022,481,1,1,36000,22000,0.1,0.5,1
1040022,481,0,0.5,42200,2200,0.4,0.1,1
1040022,482,1,0.75,44000,18000,0.3,0.5,1
1040022,482,0,1,40000,16000,0.3,0.1,1
1040022,482,0,0.5,42200,2200,0.4,0.1,1
1040022,483,1,0.75,40000,24000,0.1,0.5,1
1040022,483,0,0,48000,38000,0.5,0.3,1
1040022,483,0,0.5,42200,2200,0.4,0.1,1
1040022,484,0,0.5,36000,22000,0.3,0.1,1
1040022,484,1,0,48000,43000,0.3,0.5,1
1040022,484,0,0.5,42200,2200,0.4,0.1,1
1040022,485,0,0,36000,29000,0.3,0.3,2
1040022,485,1,1,48000,38000,0.5,0.1,2
1040022,485,0,0.5,42200,2200,0.4,0.1,2
1040022,486,0,0.5,48000,38000,0.5,0.3,2
1040022,486,0,0,40000,16000,0.1,0.3,2
1040022,486,1,0.5,42200,2200,0.4,0.1,2
1040022,487,0,0,36000,14000,0.1,0.3,2
1040022,487,1,0.5,44000,40000,0.5,0.5,2
1040022,487,0,0.5,42200,2200,0.4,0.1,2
1040022,488,0,0.25,48000,19000,0.5,0.5,2
1040022,488,1,0.75,36000,32000,0.1,0.3,2
1040022,488,0,0.5,42200,2200,0.4,0.1,2
1040126,489,0,0.25,44000,40000,0.5,0.3,1
1040126,489,1,0.75,40000,24000,0.5,0.1,1
1040126,489,0,0.5,35000,5000,0.5,0.2,1
1040126,490,1,0.75,40000,24000,0.1,0.5,1
1040126,490,0,0,48000,38000,0.5,0.3,1
1040126,490,0,0.5,35000,5000,0.5,0.2,1
1040126,491,0,0,48000,43000,0.5,0.3,1
1040126,491,1,0,44000,18000,0.3,0.1,1
1040126,491,0,0.5,35000,5000,0.5,0.2,1
1040126,492,0,0.25,48000,19000,0.5,0.5,1
1040126,492,1,0.75,36000,32000,0.1,0.3,1
1040126,492,0,0.5,35000,5000,0.5,0.2,1
1040126,493,1,0.25,40000,32000,0.5,0.3,2
1040126,493,0,0.25,48000,19000,0.1,0.5,2
1040126,493,0,0.5,35000,5000,0.5,0.2,2
1040126,494,1,0.5,48000,38000,0.5,0.3,2
1040126,494,0,0,40000,16000,0.1,0.3,2
1040126,494,0,0.5,35000,5000,0.5,0.2,2
1040126,495,1,0.25,48000,19000,0.5,0.5,2
1040126,495,0,0.75,36000,32000,0.1,0.3,2
1040126,495,0,0.5,35000,5000,0.5,0.2,2
1040126,496,1,0,48000,43000,0.5,0.3,2
1040126,496,0,0,44000,18000,0.3,0.1,2
1040126,496,0,0.5,35000,5000,0.5,0.2,2
1040218,497,0,0.75,48000,43000,0.5,0.5,1
1040218,497,1,0.75,44000,35000,0.3,0.3,1
1040218,497,0,0.75,40000,-20000,0.3,0.4,1
1040218,498,0,1,36000,29000,0.5,0.1,1
1040218,498,1,0.25,48000,29000,0.1,0.3,1
1040218,498,0,0.75,40000,-20000,0.3,0.4,1
1040218,499,1,0.5,48000,38000,0.5,0.3,1
1040218,499,0,0,40000,16000,0.1,0.3,1
1040218,499,0,0.75,40000,-20000,0.3,0.4,1
1040218,500,0,0.5,36000,22000,0.3,0.1,1
1040218,500,1,0,48000,43000,0.3,0.5,1
1040218,500,0,0.75,40000,-20000,0.3,0.4,1
1040218,501,0,0.25,44000,26000,0.1,0.1,2
1040218,501,1,0.75,40000,32000,0.3,0.5,2
1040218,501,0,0.75,40000,-20000,0.3,0.4,2
1040218,502,0,1,36000,29000,0.5,0.1,2
1040218,502,1,0.25,48000,29000,0.1,0.3,2
1040218,502,0,0.75,40000,-20000,0.3,0.4,2
1040218,503,0,0.75,48000,43000,0.5,0.5,2
1040218,503,1,0.75,44000,35000,0.3,0.3,2
1040218,503,0,0.75,40000,-20000,0.3,0.4,2
1040218,504,1,0.75,40000,24000,0.1,0.5,2
1040218,504,0,0,48000,38000,0.5,0.3,2
1040218,504,0,0.75,40000,-20000,0.3,0.4,2
1040224,505,1,0.75,40000,24000,0.1,0.5,1
1040224,505,0,0,48000,38000,0.5,0.3,1
1040224,505,0,0.25,40000,10000,0.6,0.2,1
1040224,506,1,1,36000,22000,0.1,0.1,1
1040224,506,0,0.25,44000,18000,0.5,0.5,1
1040224,506,0,0.25,40000,10000,0.6,0.2,1
1040224,507,0,0.25,44000,26000,0.1,0.1,1
1040224,507,1,0.75,40000,32000,0.3,0.5,1
1040224,507,0,0.25,40000,10000,0.6,0.2,1
1040224,508,0,1,48000,29000,0.1,0.1,1
1040224,508,1,0.25,36000,29000,0.5,0.3,1
1040224,508,0,0.25,40000,10000,0.6,0.2,1
1040224,509,1,0.75,40000,24000,0.1,0.5,2
1040224,509,0,0,48000,38000,0.5,0.3,2
1040224,509,0,0.25,40000,10000,0.6,0.2,2
1040224,510,1,0,48000,43000,0.5,0.3,2
1040224,510,0,0,44000,18000,0.3,0.1,2
1040224,510,0,0.25,40000,10000,0.6,0.2,2
1040224,511,0,0,36000,14000,0.1,0.3,2
1040224,511,1,0.5,44000,40000,0.5,0.5,2
1040224,511,0,0.25,40000,10000,0.6,0.2,2
1040224,512,1,0.5,48000,38000,0.5,0.3,2
1040224,512,0,0,40000,16000,0.1,0.3,2
1040224,512,0,0.25,40000,10000,0.6,0.2,2
1040231,513,1,1,36000,22000,0.1,0.1,1
1040231,513,0,0.25,44000,18000,0.5,0.5,1
1040231,513,0,0.25,41000,1000,0.5,0.3,1
1040231,514,0,0.75,40000,24000,0.1,0.5,1
1040231,514,0,0,48000,38000,0.5,0.3,1
1040231,514,1,0.25,41000,1000,0.5,0.3,1
1040231,515,1,1,36000,29000,0.5,0.1,1
1040231,515,0,0.25,48000,29000,0.1,0.3,1
1040231,515,0,0.25,41000,1000,0.5,0.3,1
1040231,516,0,0,40000,16000,0.1,0.5,1
1040231,516,0,0.5,44000,40000,0.3,0.5,1
1040231,516,1,0.25,41000,1000,0.5,0.3,1
1040231,517,1,0.5,48000,38000,0.5,0.3,2
1040231,517,0,0,40000,16000,0.1,0.3,2
1040231,517,0,0.25,41000,1000,0.5,0.3,2
1040231,518,0,0,36000,29000,0.3,0.3,2
1040231,518,1,1,48000,38000,0.5,0.1,2
1040231,518,0,0.25,41000,1000,0.5,0.3,2
1040231,519,1,0.75,44000,18000,0.3,0.5,2
1040231,519,0,1,40000,16000,0.3,0.1,2
1040231,519,0,0.25,41000,1000,0.5,0.3,2
1040231,520,1,1,40000,36000,0.3,0.5,2
1040231,520,0,0.5,36000,22000,0.5,0.1,2
1040231,520,0,0.25,41000,1000,0.5,0.3,2
1040315,521,0,0,40000,16000,0.1,0.5,1
1040315,521,1,0.5,44000,40000,0.3,0.5,1
1040315,521,0,1,38000,0,0.4,0.3,1
1040315,522,1,1,40000,36000,0.3,0.5,1
1040315,522,0,0.5,36000,22000,0.5,0.1,1
1040315,522,0,1,38000,0,0.4,0.3,1
1040315,523,1,0.75,40000,24000,0.1,0.5,1
1040315,523,0,0,48000,38000,0.5,0.3,1
1040315,523,0,1,38000,0,0.4,0.3,1
1040315,524,0,0.25,48000,19000,0.5,0.5,1
1040315,524,1,0.75,36000,32000,0.1,0.3,1
1040315,524,0,1,38000,0,0.4,0.3,1
1040315,525,1,1,40000,36000,0.3,0.5,2
1040315,525,0,0.5,36000,22000,0.5,0.1,2
1040315,525,0,1,38000,0,0.4,0.3,2
1040315,526,1,1,36000,29000,0.5,0.1,2
1040315,526,0,0.25,48000,29000,0.1,0.3,2
1040315,526,0,1,38000,0,0.4,0.3,2
1040315,527,1,0.5,36000,22000,0.3,0.1,2
1040315,527,0,0,48000,43000,0.3,0.5,2
1040315,527,0,1,38000,0,0.4,0.3,2
1040315,528,0,0.5,44000,40000,0.3,0.3,2
1040315,528,1,1,36000,22000,0.1,0.5,2
1040315,528,0,1,38000,0,0.4,0.3,2
1040406,529,1,0.5,36000,22000,0.3,0.1,1
1040406,529,0,0,48000,43000,0.3,0.5,1
1040406,529,0,0.25,39000,-26700,0.3,0.5,1
1040406,530,1,0.25,48000,19000,0.5,0.5,1
1040406,530,0,0.75,36000,32000,0.1,0.3,1
1040406,530,0,0.25,39000,-26700,0.3,0.5,1
1040406,531,1,0.5,48000,38000,0.5,0.3,1
1040406,531,0,0,40000,16000,0.1,0.3,1
1040406,531,0,0.25,39000,-26700,0.3,0.5,1
1040406,532,0,0,36000,14000,0.1,0.3,1
1040406,532,1,0.5,44000,40000,0.5,0.5,1
1040406,532,0,0.25,39000,-26700,0.3,0.5,1
1040406,533,0,1,36000,22000,0.1,0.1,2
1040406,533,1,0.25,44000,18000,0.5,0.5,2
1040406,533,0,0.25,39000,-26700,0.3,0.5,2
1040406,534,1,0.25,44000,26000,0.1,0.1,2
1040406,534,0,0.75,40000,32000,0.3,0.5,2
1040406,534,0,0.25,39000,-26700,0.3,0.5,2
1040406,535,1,0.25,44000,40000,0.5,0.3,2
1040406,535,0,0.75,40000,24000,0.5,0.1,2
1040406,535,0,0.25,39000,-26700,0.3,0.5,2
1040406,536,1,0.75,40000,32000,0.3,0.5,2
1040406,536,0,1,40000,24000,0.3,0.1,2
1040406,536,0,0.25,39000,-26700,0.3,0.5,2
1040420,537,1,0.75,44000,18000,0.3,0.5,1
1040420,537,0,1,40000,16000,0.3,0.1,1
1040420,537,0,0.5,37500,4000,0.5,0.2,1
1040420,538,1,0.5,48000,38000,0.5,0.3,1
1040420,538,0,0,40000,16000,0.1,0.3,1
1040420,538,0,0.5,37500,4000,0.5,0.2,1
1040420,539,1,0.25,44000,40000,0.5,0.3,1
1040420,539,0,0.75,40000,24000,0.5,0.1,1
1040420,539,0,0.5,37500,4000,0.5,0.2,1
1040420,540,1,0.25,48000,19000,0.5,0.5,1
1040420,540,0,0.75,36000,32000,0.1,0.3,1
1040420,540,0,0.5,37500,4000,0.5,0.2,1
1040420,541,0,0.75,40000,32000,0.3,0.5,2
1040420,541,1,1,40000,24000,0.3,0.1,2
1040420,541,0,0.5,37500,4000,0.5,0.2,2
1040420,542,0,0.75,48000,43000,0.5,0.5,2
1040420,542,1,0.75,44000,35000,0.3,0.3,2
1040420,542,0,0.5,37500,4000,0.5,0.2,2
1040420,543,0,0.25,44000,26000,0.1,0.1,2
1040420,543,1,0.75,40000,32000,0.3,0.5,2
1040420,543,0,0.5,37500,4000,0.5,0.2,2
1040420,544,0,0,48000,43000,0.5,0.3,2
1040420,544,0,0,44000,18000,0.3,0.1,2
1040420,544,1,0.5,37500,4000,0.5,0.2,2
1040501,545,0,0.25,44000,26000,0.1,0.1,1
1040501,545,1,0.75,40000,32000,0.3,0.5,1
1040501,545,0,0.5,42000,-4000,0.4,0.2,1
1040501,546,0,0.25,48000,19000,0.5,0.5,1
1040501,546,1,0.75,36000,32000,0.1,0.3,1
1040501,546,0,0.5,42000,-4000,0.4,0.2,1
1040501,547,0,0.25,40000,32000,0.5,0.3,1
1040501,547,1,0.25,48000,19000,0.1,0.5,1
1040501,547,0,0.5,42000,-4000,0.4,0.2,1
1040501,548,0,1,40000,36000,0.3,0.5,1
1040501,548,1,0.5,36000,22000,0.5,0.1,1
1040501,548,0,0.5,42000,-4000,0.4,0.2,1
1040501,549,1,1,40000,36000,0.3,0.5,2
1040501,549,0,0.5,36000,22000,0.5,0.1,2
1040501,549,0,0.5,42000,-4000,0.4,0.2,2
1040501,550,0,0.5,44000,18000,0.3,0.1,2
1040501,550,1,0.5,36000,32000,0.1,0.3,2
1040501,550,0,0.5,42000,-4000,0.4,0.2,2
1040501,551,0,0.25,48000,19000,0.5,0.5,2
1040501,551,1,0.75,36000,32000,0.1,0.3,2
1040501,551,0,0.5,42000,-4000,0.4,0.2,2
1040501,552,1,0.75,40000,24000,0.1,0.5,2
1040501,552,0,0,48000,38000,0.5,0.3,2
1040501,552,0,0.5,42000,-4000,0.4,0.2,2
1040514,553,0,0,48000,43000,0.5,0.3,1
1040514,553,0,0,44000,18000,0.3,0.1,1
1040514,553,1,0.5,35000,26000,0.4,0.2,1
1040514,554,0,0.25,44000,26000,0.1,0.1,1
1040514,554,0,0.75,40000,32000,0.3,0.5,1
1040514,554,1,0.5,35000,26000,0.4,0.2,1
1040514,555,0,1,36000,22000,0.1,0.1,1
1040514,555,0,0.25,44000,18000,0.5,0.5,1
1040514,555,1,0.5,35000,26000,0.4,0.2,1
1040514,556,0,1,40000,36000,0.3,0.5,1
1040514,556,0,0.5,36000,22000,0.5,0.1,1
1040514,556,1,0.5,35000,26000,0.4,0.2,1
1040514,557,0,0.25,44000,26000,0.1,0.1,2
1040514,557,1,0.75,40000,32000,0.3,0.5,2
1040514,557,0,0.5,35000,26000,0.4,0.2,2
1040514,558,1,0.5,44000,40000,0.3,0.3,2
1040514,558,0,1,36000,22000,0.1,0.5,2
1040514,558,0,0.5,35000,26000,0.4,0.2,2
1040514,559,0,1,48000,29000,0.1,0.1,2
1040514,559,0,0.25,36000,29000,0.5,0.3,2
1040514,559,1,0.5,35000,26000,0.4,0.2,2
1040514,560,0,0,48000,43000,0.5,0.3,2
1040514,560,0,0,44000,18000,0.3,0.1,2
1040514,560,1,0.5,35000,26000,0.4,0.2,2
1040515,561,0,0.25,48000,19000,0.5,0.5,1
1040515,561,1,0.75,36000,32000,0.1,0.3,1
1040515,561,0,0.5,40000,14000,0.3,0.2,1
1040515,562,1,0.5,48000,38000,0.5,0.3,1
1040515,562,0,0,40000,16000,0.1,0.3,1
1040515,562,0,0.5,40000,14000,0.3,0.2,1
1040515,563,1,0.25,40000,32000,0.5,0.3,1
1040515,563,0,0.25,48000,19000,0.1,0.5,1
1040515,563,0,0.5,40000,14000,0.3,0.2,1
1040515,564,0,0,36000,14000,0.1,0.3,1
1040515,564,0,0.5,44000,40000,0.5,0.5,1
1040515,564,1,0.5,40000,14000,0.3,0.2,1
1040515,565,1,0.5,48000,38000,0.5,0.3,2
1040515,565,0,0,40000,16000,0.1,0.3,2
1040515,565,0,0.5,40000,14000,0.3,0.2,2
1040515,566,0,0.75,48000,43000,0.5,0.5,2
1040515,566,1,0.75,44000,35000,0.3,0.3,2
1040515,566,0,0.5,40000,14000,0.3,0.2,2
1040515,567,0,0.5,44000,18000,0.3,0.1,2
1040515,567,1,0.5,36000,32000,0.1,0.3,2
1040515,567,0,0.5,40000,14000,0.3,0.2,2
1040515,568,0,0.75,40000,32000,0.3,0.5,2
1040515,568,1,1,40000,24000,0.3,0.1,2
1040515,568,0,0.5,40000,14000,0.3,0.2,2
1040519,569,0,0.25,44000,26000,0.1,0.1,1
1040519,569,1,0.75,40000,32000,0.3,0.5,1
1040519,569,0,0.5,40000,-15000,0.4,0.4,1
1040519,570,0,1,48000,29000,0.1,0.1,1
1040519,570,0,0.25,36000,29000,0.5,0.3,1
1040519,570,1,0.5,40000,-15000,0.4,0.4,1
1040519,571,0,0.25,44000,40000,0.5,0.3,1
1040519,571,1,0.75,40000,24000,0.5,0.1,1
1040519,571,0,0.5,40000,-15000,0.4,0.4,1
1040519,572,0,1,36000,29000,0.5,0.1,1
1040519,572,0,0.25,48000,29000,0.1,0.3,1
1040519,572,1,0.5,40000,-15000,0.4,0.4,1
1040519,573,0,0.5,44000,40000,0.3,0.3,2
1040519,573,1,1,36000,22000,0.1,0.5,2
1040519,573,0,0.5,40000,-15000,0.4,0.4,2
1040519,574,0,1,36000,22000,0.1,0.1,2
1040519,574,0,0.25,44000,18000,0.5,0.5,2
1040519,574,1,0.5,40000,-15000,0.4,0.4,2
1040519,575,0,0.25,48000,19000,0.5,0.5,2
1040519,575,0,0.75,36000,32000,0.1,0.3,2
1040519,575,1,0.5,40000,-15000,0.4,0.4,2
1040519,576,0,0,36000,29000,0.3,0.3,2
1040519,576,0,1,48000,38000,0.5,0.1,2
1040519,576,1,0.5,40000,-15000,0.4,0.4,2
1050013,577,0,0.75,55000,22000,0.3,0.5,1
1050013,577,0,1,50000,20000,0.3,0.1,1
1050013,577,1,0.25,52400,14800,0.2,0.2,1
1050013,578,1,0.5,55000,50000,0.3,0.3,1
1050013,578,0,1,45000,27000,0.1,0.5,1
1050013,578,0,0.25,52400,14800,0.2,0.2,1
1050013,579,0,1,50000,45000,0.3,0.5,1
1050013,579,0,0.5,45000,27000,0.5,0.1,1
1050013,579,1,0.25,52400,14800,0.2,0.2,1
1050013,580,0,0.25,50000,40000,0.5,0.3,1
1050013,580,0,0.25,60000,24000,0.1,0.5,1
1050013,580,1,0.25,52400,14800,0.2,0.2,1
1050013,581,0,0.5,55000,22000,0.3,0.1,2
1050013,581,0,0.5,45000,41000,0.1,0.3,2
1050013,581,1,0.25,52400,14800,0.2,0.2,2
1050013,582,0,0.75,50000,40000,0.3,0.5,2
1050013,582,1,1,50000,30000,0.3,0.1,2
1050013,582,0,0.25,52400,14800,0.2,0.2,2
1050013,583,0,0.75,50000,30000,0.1,0.5,2
1050013,583,0,0,60000,48000,0.5,0.3,2
1050013,583,1,0.25,52400,14800,0.2,0.2,2
1050013,584,1,0.5,60000,48000,0.5,0.3,2
1050013,584,0,0,50000,20000,0.1,0.3,2
1050013,584,0,0.25,52400,14800,0.2,0.2,2
1050120,585,0,0.75,50000,40000,0.3,0.5,1
1050120,585,1,1,50000,30000,0.3,0.1,1
1050120,585,0,0,45000,-25000,0.5,0.1,1
1050120,586,0,0.25,60000,24000,0.5,0.5,1
1050120,586,1,0.75,45000,41000,0.1,0.3,1
1050120,586,0,0,45000,-25000,0.5,0.1,1
1050120,587,1,1,45000,27000,0.1,0.1,1
1050120,587,0,0.25,55000,22000,0.5,0.5,1
1050120,587,0,0,45000,-25000,0.5,0.1,1
1050120,588,1,0.25,50000,40000,0.5,0.3,1
1050120,588,0,0.25,60000,24000,0.1,0.5,1
1050120,588,0,0,45000,-25000,0.5,0.1,1
1050120,589,0,0.5,55000,22000,0.3,0.1,2
1050120,589,1,0.5,45000,41000,0.1,0.3,2
1050120,589,0,0,45000,-25000,0.5,0.1,2
1050120,590,0,0.25,60000,24000,0.5,0.5,2
1050120,590,1,0.75,45000,41000,0.1,0.3,2
1050120,590,0,0,45000,-25000,0.5,0.1,2
1050120,591,0,0.25,55000,50000,0.5,0.3,2
1050120,591,1,0.75,50000,30000,0.5,0.1,2
1050120,591,0,0,45000,-25000,0.5,0.1,2
1050120,592,0,0,45000,18000,0.1,0.3,2
1050120,592,1,0.5,55000,50000,0.5,0.5,2
1050120,592,0,0,45000,-25000,0.5,0.1,2
1050128,593,1,1,45000,36000,0.5,0.1,1
1050128,593,0,0.25,60000,36000,0.1,0.3,1
1050128,593,0,0.5,53000,16000,0.6,0.1,1
1050128,594,1,0.75,60000,54000,0.5,0.5,1
1050128,594,0,0.75,55000,44000,0.3,0.3,1
1050128,594,0,0.5,53000,16000,0.6,0.1,1
1050128,595,1,0.75,50000,40000,0.3,0.5,1
1050128,595,0,1,50000,30000,0.3,0.1,1
1050128,595,0,0.5,53000,16000,0.6,0.1,1
1050128,596,1,0,60000,54000,0.5,0.3,1
1050128,596,0,0,55000,22000,0.3,0.1,1
1050128,596,0,0.5,53000,16000,0.6,0.1,1
1050128,597,1,1,45000,36000,0.5,0.1,2
1050128,597,0,0.25,60000,36000,0.1,0.3,2
1050128,597,0,0.5,53000,16000,0.6,0.1,2
1050128,598,1,0.25,55000,50000,0.5,0.3,2
1050128,598,0,0.75,50000,30000,0.5,0.1,2
1050128,598,0,0.5,53000,16000,0.6,0.1,2
1050128,599,1,0.5,55000,50000,0.3,0.3,2
1050128,599,0,1,45000,27000,0.1,0.5,2
1050128,599,0,0.5,53000,16000,0.6,0.1,2
1050128,600,1,0.25,60000,24000,0.5,0.5,2
1050128,600,0,0.75,45000,41000,0.1,0.3,2
1050128,600,0,0.5,53000,16000,0.6,0.1,2
1050213,601,0,0,50000,20000,0.1,0.5,1
1050213,601,1,0.5,55000,50000,0.3,0.5,1
1050213,601,0,0.25,53000,0,0.3,0.4,1
1050213,602,1,0.5,45000,27000,0.3,0.1,1
1050213,602,0,0,60000,54000,0.3,0.5,1
1050213,602,0,0.25,53000,0,0.3,0.4,1
1050213,603,1,0,60000,54000,0.5,0.3,1
1050213,603,0,0,55000,22000,0.3,0.1,1
1050213,603,0,0.25,53000,0,0.3,0.4,1
1050213,604,1,1,45000,36000,0.5,0.1,1
1050213,604,0,0.25,60000,36000,0.1,0.3,1
1050213,604,0,0.25,53000,0,0.3,0.4,1
1050213,605,1,1,45000,36000,0.5,0.1,2
1050213,605,0,0.25,60000,36000,0.1,0.3,2
1050213,605,0,0.25,53000,0,0.3,0.4,2
1050213,606,1,1,45000,27000,0.1,0.1,2
1050213,606,0,0.25,55000,22000,0.5,0.5,2
1050213,606,0,0.25,53000,0,0.3,0.4,2
1050213,607,0,0.25,55000,33000,0.1,0.1,2
1050213,607,1,0.75,50000,40000,0.3,0.5,2
1050213,607,0,0.25,53000,0,0.3,0.4,2
1050213,608,0,0.25,50000,40000,0.5,0.3,2
1050213,608,1,0.25,60000,24000,0.1,0.5,2
1050213,608,0,0.25,53000,0,0.3,0.4,2
1050505,609,0,1,45000,36000,0.5,0.1,1
1050505,609,1,0.25,60000,36000,0.1,0.3,1
1050505,609,0,0.25,45000,10000,0.3,0.2,1
1050505,610,1,1,60000,36000,0.1,0.1,1
1050505,610,0,0.25,45000,36000,0.5,0.3,1
1050505,610,0,0.25,45000,10000,0.3,0.2,1
1050505,611,0,0.25,60000,24000,0.5,0.5,1
1050505,611,1,0.75,45000,41000,0.1,0.3,1
1050505,611,0,0.25,45000,10000,0.3,0.2,1
1050505,612,0,0,50000,20000,0.1,0.5,1
1050505,612,1,0.5,55000,50000,0.3,0.5,1
1050505,612,0,0.25,45000,10000,0.3,0.2,1
1050505,613,0,0,50000,20000,0.1,0.5,2
1050505,613,1,0.5,55000,50000,0.3,0.5,2
1050505,613,0,0.25,45000,10000,0.3,0.2,2
1050505,614,1,1,45000,36000,0.5,0.1,2
1050505,614,0,0.25,60000,36000,0.1,0.3,2
1050505,614,0,0.25,45000,10000,0.3,0.2,2
1050505,615,0,0,60000,54000,0.5,0.3,2
1050505,615,0,0,55000,22000,0.3,0.1,2
1050505,615,1,0.25,45000,10000,0.3,0.2,2
1050505,616,1,0.75,50000,30000,0.1,0.5,2
1050505,616,0,0,60000,48000,0.5,0.3,2
1050505,616,0,0.25,45000,10000,0.3,0.2,2
1050507,617,0,0.75,60000,54000,0.5,0.5,1
1050507,617,1,0.75,55000,44000,0.3,0.3,1
1050507,617,0,0.75,47000,17000,0.3,0.2,1
1050507,618,0,0.75,50000,40000,0.3,0.5,1
1050507,618,1,1,50000,30000,0.3,0.1,1
1050507,618,0,0.75,47000,17000,0.3,0.2,1
1050507,619,1,1,60000,36000,0.1,0.1,1
1050507,619,0,0.25,45000,36000,0.5,0.3,1
1050507,619,0,0.75,47000,17000,0.3,0.2,1
1050507,620,1,1,45000,27000,0.1,0.1,1
1050507,620,0,0.25,55000,22000,0.5,0.5,1
1050507,620,0,0.75,47000,17000,0.3,0.2,1
1050507,621,1,0.75,50000,30000,0.1,0.5,2
1050507,621,0,0,60000,48000,0.5,0.3,2
1050507,621,0,0.75,47000,17000,0.3,0.2,2
1050507,622,0,0.75,55000,22000,0.3,0.5,2
1050507,622,1,1,50000,20000,0.3,0.1,2
1050507,622,0,0.75,47000,17000,0.3,0.2,2
1050507,623,1,1,45000,36000,0.5,0.1,2
1050507,623,0,0.25,60000,36000,0.1,0.3,2
1050507,623,0,0.75,47000,17000,0.3,0.2,2
1050507,624,1,0.5,55000,22000,0.3,0.1,2
1050507,624,0,0.5,45000,41000,0.1,0.3,2
1050507,624,0,0.75,47000,17000,0.3,0.2,2
1060011,625,0,1,54000,32000,0.1,0.1,1
1060011,625,1,0.25,66000,26000,0.5,0.5,1
1060011,625,0,0.75,58000,1200,0.4,0.2,1
1060011,626,1,1,60000,54000,0.3,0.5,1
1060011,626,0,0.5,54000,32000,0.5,0.1,1
1060011,626,0,0.75,58000,1200,0.4,0.2,1
1060011,627,0,0,54000,22000,0.1,0.3,1
1060011,627,1,0.5,66000,59000,0.5,0.5,1
1060011,627,0,0.75,58000,1200,0.4,0.2,1
1060011,628,1,0.5,66000,59000,0.3,0.3,1
1060011,628,0,1,54000,32000,0.1,0.5,1
1060011,628,0,0.75,58000,1200,0.4,0.2,1
1060011,629,0,0.5,72000,58000,0.5,0.3,2
1060011,629,1,0,60000,24000,0.1,0.3,2
1060011,629,0,0.75,58000,1200,0.4,0.2,2
1060011,630,0,0.75,66000,26000,0.3,0.5,2
1060011,630,1,1,60000,24000,0.3,0.1,2
1060011,630,0,0.75,58000,1200,0.4,0.2,2
1060011,631,1,0.5,54000,32000,0.3,0.1,2
1060011,631,0,0,72000,65000,0.3,0.5,2
1060011,631,0,0.75,58000,1200,0.4,0.2,2
1060011,632,0,0.25,72000,29000,0.5,0.5,2
1060011,632,1,0.75,54000,49000,0.1,0.3,2
1060011,632,0,0.75,58000,1200,0.4,0.2,2
1060027,633,1,0.75,60000,36000,0.1,0.5,1
1060027,633,0,0,72000,58000,0.5,0.3,1
1060027,633,0,0.75,57500,31000,0.4,0.3,1
1060027,634,1,1,54000,43000,0.5,0.1,1
1060027,634,0,0.25,72000,43000,0.1,0.3,1
1060027,634,0,0.75,57500,31000,0.4,0.3,1
1060027,635,0,0.5,54000,32000,0.3,0.1,1
1060027,635,0,0,72000,65000,0.3,0.5,1
1060027,635,1,0.75,57500,31000,0.4,0.3,1
1060027,636,1,1,60000,54000,0.3,0.5,1
1060027,636,0,0.5,54000,32000,0.5,0.1,1
1060027,636,0,0.75,57500,31000,0.4,0.3,1
1060027,637,1,0.75,60000,48000,0.3,0.5,2
1060027,637,0,1,60000,36000,0.3,0.1,2
1060027,637,0,0.75,57500,31000,0.4,0.3,2
1060027,638,0,0.5,54000,32000,0.3,0.1,2
1060027,638,0,0,72000,65000,0.3,0.5,2
1060027,638,1,0.75,57500,31000,0.4,0.3,2
1060027,639,0,0,60000,24000,0.1,0.5,2
1060027,639,1,0.5,66000,59000,0.3,0.5,2
1060027,639,0,0.75,57500,31000,0.4,0.3,2
1060027,640,1,1,54000,32000,0.1,0.1,2
1060027,640,0,0.25,66000,26000,0.5,0.5,2
1060027,640,0,0.75,57500,31000,0.4,0.3,2
1060112,641,1,0.25,66000,59000,0.5,0.3,1
1060112,641,0,0.75,60000,36000,0.5,0.1,1
1060112,641,0,0.25,58000,-10000,0.3,0.3,1
1060112,642,0,0.25,72000,29000,0.5,0.5,1
1060112,642,1,0.75,54000,49000,0.1,0.3,1
1060112,642,0,0.25,58000,-10000,0.3,0.3,1
1060112,643,1,1,60000,54000,0.3,0.5,1
1060112,643,0,0.5,54000,32000,0.5,0.1,1
1060112,643,0,0.25,58000,-10000,0.3,0.3,1
1060112,644,1,1,54000,32000,0.1,0.1,1
1060112,644,0,0.25,66000,26000,0.5,0.5,1
1060112,644,0,0.25,58000,-10000,0.3,0.3,1
1060112,645,1,0.5,66000,59000,0.3,0.3,2
1060112,645,0,1,54000,32000,0.1,0.5,2
1060112,645,0,0.25,58000,-10000,0.3,0.3,2
1060112,646,1,0.5,72000,58000,0.5,0.3,2
1060112,646,0,0,60000,24000,0.1,0.3,2
1060112,646,0,0.25,58000,-10000,0.3,0.3,2
1060112,647,0,1,54000,43000,0.5,0.1,2
1060112,647,1,0.25,72000,43000,0.1,0.3,2
1060112,647,0,0.25,58000,-10000,0.3,0.3,2
1060112,648,1,0.25,66000,40000,0.1,0.1,2
1060112,648,0,0.75,60000,48000,0.3,0.5,2
1060112,648,0,0.25,58000,-10000,0.3,0.3,2
1060212,649,0,0.75,72000,65000,0.5,0.5,1
1060212,649,1,0.75,66000,53000,0.3,0.3,1
1060212,649,0,0,60000,-30000,0.4,0.3,1
1060212,650,1,0.5,66000,26000,0.3,0.1,1
1060212,650,0,0.5,54000,49000,0.1,0.3,1
1060212,650,0,0,60000,-30000,0.4,0.3,1
1060212,651,1,1,54000,32000,0.1,0.1,1
1060212,651,0,0.25,66000,26000,0.5,0.5,1
1060212,651,0,0,60000,-30000,0.4,0.3,1
1060212,652,1,0,54000,22000,0.1,0.3,1
1060212,652,0,0.5,66000,59000,0.5,0.5,1
1060212,652,0,0,60000,-30000,0.4,0.3,1
1060212,653,0,1,54000,43000,0.5,0.1,2
1060212,653,1,0.25,72000,43000,0.1,0.3,2
1060212,653,0,0,60000,-30000,0.4,0.3,2
1060212,654,0,0.25,66000,40000,0.1,0.1,2
1060212,654,1,0.75,60000,48000,0.3,0.5,2
1060212,654,0,0,60000,-30000,0.4,0.3,2
1060212,655,0,0,60000,24000,0.1,0.5,2
1060212,655,1,0.5,66000,59000,0.3,0.5,2
1060212,655,0,0,60000,-30000,0.4,0.3,2
1060212,656,1,0.75,60000,48000,0.3,0.5,2
1060212,656,0,1,60000,36000,0.3,0.1,2
1060212,656,0,0,60000,-30000,0.4,0.3,2
1060216,657,0,0,54000,43000,0.3,0.3,1
1060216,657,1,1,72000,58000,0.5,0.1,1
1060216,657,0,0.5,60000,22000,0.3,0.3,1
1060216,658,0,0,60000,24000,0.1,0.5,1
1060216,658,1,0.5,66000,59000,0.3,0.5,1
1060216,658,0,0.5,60000,22000,0.3,0.3,1
1060216,659,1,0.5,66000,59000,0.3,0.3,1
1060216,659,0,1,54000,32000,0.1,0.5,1
1060216,659,0,0.5,60000,22000,0.3,0.3,1
1060216,660,0,0.25,66000,40000,0.1,0.1,1
1060216,660,1,0.75,60000,48000,0.3,0.5,1
1060216,660,0,0.5,60000,22000,0.3,0.3,1
1060216,661,0,0.75,66000,26000,0.3,0.5,2
1060216,661,1,1,60000,24000,0.3,0.1,2
1060216,661,0,0.5,60000,22000,0.3,0.3,2
1060216,662,1,0.5,66000,59000,0.3,0.3,2
1060216,662,0,1,54000,32000,0.1,0.5,2
1060216,662,0,0.5,60000,22000,0.3,0.3,2
1060216,663,1,0.5,54000,32000,0.3,0.1,2
1060216,663,0,0,72000,65000,0.3,0.5,2
1060216,663,0,0.5,60000,22000,0.3,0.3,2
1060216,664,1,0,72000,65000,0.5,0.3,2
1060216,664,0,0,66000,26000,0.3,0.1,2
1060216,664,0,0.5,60000,22000,0.3,0.3,2
1060313,665,1,0.5,72000,58000,0.5,0.3,1
1060313,665,0,0,60000,24000,0.1,0.3,1
1060313,665,0,0.5,58000,-45000,0.5,0.3,1
1060313,666,1,0.75,60000,36000,0.1,0.5,1
1060313,666,0,0,72000,58000,0.5,0.3,1
1060313,666,0,0.5,58000,-45000,0.5,0.3,1
1060313,667,0,0.75,72000,65000,0.5,0.5,1
1060313,667,1,0.75,66000,53000,0.3,0.3,1
1060313,667,0,0.5,58000,-45000,0.5,0.3,1
1060313,668,1,1,54000,43000,0.5,0.1,1
1060313,668,0,0.25,72000,43000,0.1,0.3,1
1060313,668,0,0.5,58000,-45000,0.5,0.3,1
1060313,669,0,0.25,66000,40000,0.1,0.1,2
1060313,669,1,0.75,60000,48000,0.3,0.5,2
1060313,669,0,0.5,58000,-45000,0.5,0.3,2
1060313,670,0,0,54000,43000,0.3,0.3,2
1060313,670,1,1,72000,58000,0.5,0.1,2
1060313,670,0,0.5,58000,-45000,0.5,0.3,2
1060313,671,0,0.25,60000,48000,0.5,0.3,2
1060313,671,1,0.25,72000,29000,0.1,0.5,2
1060313,671,0,0.5,58000,-45000,0.5,0.3,2
1060313,672,1,0.5,72000,58000,0.5,0.3,2
1060313,672,0,0,60000,24000,0.1,0.3,2
1060313,672,0,0.5,58000,-45000,0.5,0.3,2
1060325,673,0,1,72000,43000,0.1,0.1,1
1060325,673,0,0.25,54000,43000,0.5,0.3,1
1060325,673,1,0.75,57200,12500,0.8,0.2,1
1060325,674,0,1,54000,32000,0.1,0.1,1
1060325,674,1,0.25,66000,26000,0.5,0.5,1
1060325,674,0,0.75,57200,12500,0.8,0.2,1
1060325,675,0,0.25,66000,40000,0.1,0.1,1
1060325,675,1,0.75,60000,48000,0.3,0.5,1
1060325,675,0,0.75,57200,12500,0.8,0.2,1
1060325,676,0,0.5,54000,32000,0.3,0.1,1
1060325,676,0,0,72000,65000,0.3,0.5,1
1060325,676,1,0.75,57200,12500,0.8,0.2,1
1060325,677,0,0.25,66000,40000,0.1,0.1,2
1060325,677,0,0.75,60000,48000,0.3,0.5,2
1060325,677,1,0.75,57200,12500,0.8,0.2,2
1060325,678,0,0.5,54000,32000,0.3,0.1,2
1060325,678,1,0,72000,65000,0.3,0.5,2
1060325,678,0,0.75,57200,12500,0.8,0.2,2
1060325,679,0,0.75,72000,65000,0.5,0.5,2
1060325,679,0,0.75,66000,53000,0.3,0.3,2
1060325,679,1,0.75,57200,12500,0.8,0.2,2
1060325,680,0,0,54000,43000,0.3,0.3,2
1060325,680,0,1,72000,58000,0.5,0.1,2
1060325,680,1,0.75,57200,12500,0.8,0.2,2
1060412,681,0,0.75,60000,48000,0.3,0.5,1
1060412,681,1,1,60000,36000,0.3,0.1,1
1060412,681,0,1,55400,7200,0.6,0.3,1
1060412,682,0,0.25,72000,29000,0.5,0.5,1
1060412,682,1,0.75,54000,49000,0.1,0.3,1
1060412,682,0,1,55400,7200,0.6,0.3,1
1060412,683,1,0.5,66000,59000,0.3,0.3,1
1060412,683,0,1,54000,32000,0.1,0.5,1
1060412,683,0,1,55400,7200,0.6,0.3,1
1060412,684,0,0,54000,43000,0.3,0.3,1
1060412,684,1,1,72000,58000,0.5,0.1,1
1060412,684,0,1,55400,7200,0.6,0.3,1
1060412,685,0,0.25,66000,59000,0.5,0.3,2
1060412,685,1,0.75,60000,36000,0.5,0.1,2
1060412,685,0,1,55400,7200,0.6,0.3,2
1060412,686,0,0.75,60000,48000,0.3,0.5,2
1060412,686,1,1,60000,36000,0.3,0.1,2
1060412,686,0,1,55400,7200,0.6,0.3,2
1060412,687,0,0.75,66000,26000,0.3,0.5,2
1060412,687,0,1,60000,24000,0.3,0.1,2
1060412,687,1,1,55400,7200,0.6,0.3,2
1060412,688,0,1,54000,32000,0.1,0.1,2
1060412,688,0,0.25,66000,26000,0.5,0.5,2
1060412,688,1,1,55400,7200,0.6,0.3,2
1060413,689,0,0.25,72000,29000,0.5,0.5,1
1060413,689,1,0.75,54000,49000,0.1,0.3,1
1060413,689,0,0.5,62600,-41000,0.3,0.5,1
1060413,690,1,0,72000,65000,0.5,0.3,1
1060413,690,0,0,66000,26000,0.3,0.1,1
1060413,690,0,0.5,62600,-41000,0.3,0.5,1
1060413,691,1,0.5,72000,58000,0.5,0.3,1
1060413,691,0,0,60000,24000,0.1,0.3,1
1060413,691,0,0.5,62600,-41000,0.3,0.5,1
1060413,692,1,0.25,66000,40000,0.1,0.1,1
1060413,692,0,0.75,60000,48000,0.3,0.5,1
1060413,692,0,0.5,62600,-41000,0.3,0.5,1
1060413,693,1,0.5,72000,58000,0.5,0.3,2
1060413,693,0,0,60000,24000,0.1,0.3,2
1060413,693,0,0.5,62600,-41000,0.3,0.5,2
1060413,694,1,1,54000,32000,0.1,0.1,2
1060413,694,0,0.25,66000,26000,0.5,0.5,2
1060413,694,0,0.5,62600,-41000,0.3,0.5,2
1060413,695,0,1,72000,43000,0.1,0.1,2
1060413,695,1,0.25,54000,43000,0.5,0.3,2
1060413,695,0,0.5,62600,-41000,0.3,0.5,2
1060413,696,1,0,60000,24000,0.1,0.5,2
1060413,696,0,0.5,66000,59000,0.3,0.5,2
1060413,696,0,0.5,62600,-41000,0.3,0.5,2
1060416,697,0,0.75,72000,65000,0.5,0.5,1
1060416,697,1,0.75,66000,53000,0.3,0.3,1
1060416,697,0,0.5,62500,5000,0.5,0.2,1
1060416,698,1,0.25,60000,48000,0.5,0.3,1
1060416,698,0,0.25,72000,29000,0.1,0.5,1
1060416,698,0,0.5,62500,5000,0.5,0.2,1
1060416,699,0,1,60000,54000,0.3,0.5,1
1060416,699,1,0.5,54000,32000,0.5,0.1,1
1060416,699,0,0.5,62500,5000,0.5,0.2,1
1060416,700,1,0.5,66000,26000,0.3,0.1,1
1060416,700,0,0.5,54000,49000,0.1,0.3,1
1060416,700,0,0.5,62500,5000,0.5,0.2,1
1060416,701,0,0,54000,22000,0.1,0.3,2
1060416,701,0,0.5,66000,59000,0.5,0.5,2
1060416,701,1,0.5,62500,5000,0.5,0.2,2
1060416,702,1,0.5,72000,58000,0.5,0.3,2
1060416,702,0,0,60000,24000,0.1,0.3,2
1060416,702,0,0.5,62500,5000,0.5,0.2,2
1060416,703,0,0.75,72000,65000,0.5,0.5,2
1060416,703,1,0.75,66000,53000,0.3,0.3,2
1060416,703,0,0.5,62500,5000,0.5,0.2,2
1060416,704,1,1,54000,32000,0.1,0.1,2
1060416,704,0,0.25,66000,26000,0.5,0.5,2
1060416,704,0,0.5,62500,5000,0.5,0.2,2
1060503,705,1,0.25,66000,40000,0.1,0.1,1
1060503,705,0,0.75,60000,48000,0.3,0.5,1
1060503,705,0,0.5,60000,4000,0.4,0.2,1
1060503,706,0,1,54000,43000,0.5,0.1,1
1060503,706,1,0.25,72000,43000,0.1,0.3,1
1060503,706,0,0.5,60000,4000,0.4,0.2,1
1060503,707,1,1,60000,54000,0.3,0.5,1
1060503,707,0,0.5,54000,32000,0.5,0.1,1
1060503,707,0,0.5,60000,4000,0.4,0.2,1
1060503,708,1,0,72000,65000,0.5,0.3,1
1060503,708,0,0,66000,26000,0.3,0.1,1
1060503,708,0,0.5,60000,4000,0.4,0.2,1
1060503,709,0,0.75,72000,65000,0.5,0.5,2
1060503,709,1,0.75,66000,53000,0.3,0.3,2
1060503,709,0,0.5,60000,4000,0.4,0.2,2
1060503,710,0,0,54000,43000,0.3,0.3,2
1060503,710,1,1,72000,58000,0.5,0.1,2
1060503,710,0,0.5,60000,4000,0.4,0.2,2
1060503,711,0,0.75,60000,36000,0.1,0.5,2
1060503,711,1,0,72000,58000,0.5,0.3,2
1060503,711,0,0.5,60000,4000,0.4,0.2,2
1060503,712,1,0.25,66000,59000,0.5,0.3,2
1060503,712,0,0.75,60000,36000,0.5,0.1,2
1060503,712,0,0.5,60000,4000,0.4,0.2,2
1060504,713,0,0.5,66000,26000,0.3,0.1,1
1060504,713,1,0.5,54000,49000,0.1,0.3,1
1060504,713,0,0.75,64000,33000,0.3,0.2,1
1060504,714,1,0.5,72000,58000,0.5,0.3,1
1060504,714,0,0,60000,24000,0.1,0.3,1
1060504,714,0,0.75,64000,33000,0.3,0.2,1
1060504,715,1,0.5,66000,59000,0.3,0.3,1
1060504,715,0,1,54000,32000,0.1,0.5,1
1060504,715,0,0.75,64000,33000,0.3,0.2,1
1060504,716,0,0.5,54000,32000,0.3,0.1,1
1060504,716,1,0,72000,65000,0.3,0.5,1
1060504,716,0,0.75,64000,33000,0.3,0.2,1
1060504,717,1,0.5,66000,26000,0.3,0.1,2
1060504,717,0,0.5,54000,49000,0.1,0.3,2
1060504,717,0,0.75,64000,33000,0.3,0.2,2
1060504,718,1,1,72000,43000,0.1,0.1,2
1060504,718,0,0.25,54000,43000,0.5,0.3,2
1060504,718,0,0.75,64000,33000,0.3,0.2,2
1060504,719,0,0.25,66000,59000,0.5,0.3,2
1060504,719,1,0.75,60000,36000,0.5,0.1,2
1060504,719,0,0.75,64000,33000,0.3,0.2,2
1060504,720,0,0,60000,24000,0.1,0.5,2
1060504,720,1,0.5,66000,59000,0.3,0.5,2
1060504,720,0,0.75,64000,33000,0.3,0.2,2
1060517,721,0,0.25,72000,29000,0.5,0.5,1
1060517,721,0,0.75,54000,49000,0.1,0.3,1
1060517,721,1,0.75,60000,25000,0.3,0.2,1
1060517,722,0,1,72000,43000,0.1,0.1,1
1060517,722,1,0.25,54000,43000,0.5,0.3,1
1060517,722,0,0.75,60000,25000,0.3,0.2,1
1060517,723,0,1,54000,32000,0.1,0.1,1
1060517,723,1,0.25,66000,26000,0.5,0.5,1
1060517,723,0,0.75,60000,25000,0.3,0.2,1
1060517,724,0,0,72000,65000,0.5,0.3,1
1060517,724,0,0,66000,26000,0.3,0.1,1
1060517,724,1,0.75,60000,25000,0.3,0.2,1
1060517,725,1,0.75,60000,48000,0.3,0.5,2
1060517,725,0,1,60000,36000,0.3,0.1,2
1060517,725,0,0.75,60000,25000,0.3,0.2,2
1060517,726,0,0.25,66000,40000,0.1,0.1,2
1060517,726,1,0.75,60000,48000,0.3,0.5,2
1060517,726,0,0.75,60000,25000,0.3,0.2,2
1060517,727,1,0.5,66000,59000,0.3,0.3,2
1060517,727,0,1,54000,32000,0.1,0.5,2
1060517,727,0,0.75,60000,25000,0.3,0.2,2
1060517,728,1,0.75,72000,65000,0.5,0.5,2
1060517,728,0,0.75,66000,53000,0.3,0.3,2
1060517,728,0,0.75,60000,25000,0.3,0.2,2
1070001,729,0,0.25,70000,56000,0.5,0.3,1
1070001,729,0,0.25,84000,34000,0.1,0.5,1
1070001,729,1,0.5,67600,49200,0.8,0.1,1
1070001,730,0,0.25,77000,69000,0.5,0.3,1
1070001,730,1,0.75,70000,42000,0.5,0.1,1
1070001,730,0,0.5,67600,49200,0.8,0.1,1
1070001,731,0,0,84000,76000,0.5,0.3,1
1070001,731,0,0,77000,31000,0.3,0.1,1
1070001,731,1,0.5,67600,49200,0.8,0.1,1
1070001,732,0,0,63000,25000,0.1,0.3,1
1070001,732,1,0.5,77000,69000,0.5,0.5,1
1070001,732,0,0.5,67600,49200,0.8,0.1,1
1070001,733,1,0.25,77000,69000,0.5,0.3,2
1070001,733,0,0.75,70000,42000,0.5,0.1,2
1070001,733,0,0.5,67600,49200,0.8,0.1,2
1070001,734,0,0.25,84000,34000,0.5,0.5,2
1070001,734,0,0.75,63000,57000,0.1,0.3,2
1070001,734,1,0.5,67600,49200,0.8,0.1,2
1070001,735,1,0.75,77000,31000,0.3,0.5,2
1070001,735,0,1,70000,28000,0.3,0.1,2
1070001,735,0,0.5,67600,49200,0.8,0.1,2
1070001,736,1,0.75,70000,56000,0.3,0.5,2
1070001,736,0,1,70000,42000,0.3,0.1,2
1070001,736,0,0.5,67600,49200,0.8,0.1,2
1070005,737,0,0.75,70000,42000,0.1,0.5,1
1070005,737,0,0,84000,67000,0.5,0.3,1
1070005,737,1,0.75,65000,13800,0.3,0.2,1
1070005,738,1,1,70000,63000,0.3,0.5,1
1070005,738,0,0.5,63000,38000,0.5,0.1,1
1070005,738,0,0.75,65000,13800,0.3,0.2,1
1070005,739,0,0.25,84000,34000,0.5,0.5,1
1070005,739,1,0.75,63000,57000,0.1,0.3,1
1070005,739,0,0.75,65000,13800,0.3,0.2,1
1070005,740,0,0.25,77000,46000,0.1,0.1,1
1070005,740,1,0.75,70000,56000,0.3,0.5,1
1070005,740,0,0.75,65000,13800,0.3,0.2,1
1070005,741,0,0.5,77000,69000,0.3,0.3,2
1070005,741,1,1,63000,38000,0.1,0.5,2
1070005,741,0,0.75,65000,13800,0.3,0.2,2
1070005,742,0,0.75,70000,56000,0.3,0.5,2
1070005,742,1,1,70000,42000,0.3,0.1,2
1070005,742,0,0.75,65000,13800,0.3,0.2,2
1070005,743,1,1,63000,50000,0.5,0.1,2
1070005,743,0,0.25,84000,50000,0.1,0.3,2
1070005,743,0,0.75,65000,13800,0.3,0.2,2
1070005,744,1,0,84000,76000,0.5,0.3,2
1070005,744,0,0,77000,31000,0.3,0.1,2
1070005,744,0,0.75,65000,13800,0.3,0.2,2
1070012,745,1,0.5,77000,31000,0.3,0.1,1
1070012,745,0,0.5,63000,57000,0.1,0.3,1
1070012,745,0,0.5,67800,27000,0.6,0.2,1
1070012,746,1,0.75,70000,42000,0.1,0.5,1
1070012,746,0,0,84000,67000,0.5,0.3,1
1070012,746,0,0.5,67800,27000,0.6,0.2,1
1070012,747,0,1,70000,63000,0.3,0.5,1
1070012,747,1,0.5,63000,38000,0.5,0.1,1
1070012,747,0,0.5,67800,27000,0.6,0.2,1
1070012,748,1,0.5,77000,69000,0.3,0.3,1
1070012,748,0,1,63000,38000,0.1,0.5,1
1070012,748,0,0.5,67800,27000,0.6,0.2,1
1070012,749,0,0,63000,25000,0.1,0.3,2
1070012,749,1,0.5,77000,69000,0.5,0.5,2
1070012,749,0,0.5,67800,27000,0.6,0.2,2
1070012,750,1,1,63000,38000,0.1,0.1,2
1070012,750,0,0.25,77000,31000,0.5,0.5,2
1070012,750,0,0.5,67800,27000,0.6,0.2,2
1070012,751,1,1,70000,63000,0.3,0.5,2
1070012,751,0,0.5,63000,38000,0.5,0.1,2
1070012,751,0,0.5,67800,27000,0.6,0.2,2
1070012,752,0,1,63000,50000,0.5,0.1,2
1070012,752,1,0.25,84000,50000,0.1,0.3,2
1070012,752,0,0.5,67800,27000,0.6,0.2,2
1070107,753,0,0.25,77000,46000,0.1,0.1,1
1070107,753,1,0.75,70000,56000,0.3,0.5,1
1070107,753,0,0.75,67000,-25500,0.3,0.6,1
1070107,754,1,1,84000,50000,0.1,0.1,1
1070107,754,0,0.25,63000,50000,0.5,0.3,1
1070107,754,0,0.75,67000,-25500,0.3,0.6,1
1070107,755,0,0.25,84000,34000,0.5,0.5,1
1070107,755,1,0.75,63000,57000,0.1,0.3,1
1070107,755,0,0.75,67000,-25500,0.3,0.6,1
1070107,756,1,0.5,63000,38000,0.3,0.1,1
1070107,756,0,0,84000,76000,0.3,0.5,1
1070107,756,0,0.75,67000,-25500,0.3,0.6,1
1070107,757,1,0,63000,25000,0.1,0.3,2
1070107,757,0,0.5,77000,69000,0.5,0.5,2
1070107,757,0,0.75,67000,-25500,0.3,0.6,2
1070107,758,1,0.5,77000,31000,0.3,0.1,2
1070107,758,0,0.5,63000,57000,0.1,0.3,2
1070107,758,0,0.75,67000,-25500,0.3,0.6,2
1070107,759,1,0,63000,50000,0.3,0.3,2
1070107,759,0,1,84000,67000,0.5,0.1,2
1070107,759,0,0.75,67000,-25500,0.3,0.6,2
1070107,760,1,1,63000,50000,0.5,0.1,2
1070107,760,0,0.25,84000,50000,0.1,0.3,2
1070107,760,0,0.75,67000,-25500,0.3,0.6,2
1070204,761,0,0,70000,28000,0.1,0.5,1
1070204,761,1,0.5,77000,69000,0.3,0.5,1
1070204,761,0,0.25,68000,-30000,0.4,0.3,1
1070204,762,0,0.25,77000,46000,0.1,0.1,1
1070204,762,0,0.75,70000,56000,0.3,0.5,1
1070204,762,1,0.25,68000,-30000,0.4,0.3,1
1070204,763,0,0,63000,25000,0.1,0.3,1
1070204,763,1,0.5,77000,69000,0.5,0.5,1
1070204,763,0,0.25,68000,-30000,0.4,0.3,1
1070204,764,1,0.25,77000,69000,0.5,0.3,1
1070204,764,0,0.75,70000,42000,0.5,0.1,1
1070204,764,0,0.25,68000,-30000,0.4,0.3,1
1070204,765,1,0.75,70000,42000,0.1,0.5,2
1070204,765,0,0,84000,67000,0.5,0.3,2
1070204,765,0,0.25,68000,-30000,0.4,0.3,2
1070204,766,0,0,63000,50000,0.3,0.3,2
1070204,766,1,1,84000,67000,0.5,0.1,2
1070204,766,0,0.25,68000,-30000,0.4,0.3,2
1070204,767,0,1,63000,50000,0.5,0.1,2
1070204,767,1,0.25,84000,50000,0.1,0.3,2
1070204,767,0,0.25,68000,-30000,0.4,0.3,2
1070204,768,0,0,70000,28000,0.1,0.5,2
1070204,768,1,0.5,77000,69000,0.3,0.5,2
1070204,768,0,0.25,68000,-30000,0.4,0.3,2
1070411,769,1,0.25,70000,56000,0.5,0.3,1
1070411,769,0,0.25,84000,34000,0.1,0.5,1
1070411,769,0,0.5,70650,32650,0.3,0.4,1
1070411,770,1,0.25,77000,46000,0.1,0.1,1
1070411,770,0,0.75,70000,56000,0.3,0.5,1
1070411,770,0,0.5,70650,32650,0.3,0.4,1
1070411,771,1,0.75,70000,42000,0.1,0.5,1
1070411,771,0,0,84000,67000,0.5,0.3,1
1070411,771,0,0.5,70650,32650,0.3,0.4,1
1070411,772,0,0.75,70000,56000,0.3,0.5,1
1070411,772,1,1,70000,42000,0.3,0.1,1
1070411,772,0,0.5,70650,32650,0.3,0.4,1
1070411,773,1,0.25,77000,69000,0.5,0.3,2
1070411,773,0,0.75,70000,42000,0.5,0.1,2
1070411,773,0,0.5,70650,32650,0.3,0.4,2
1070411,774,1,0.5,84000,67000,0.5,0.3,2
1070411,774,0,0,70000,28000,0.1,0.3,2
1070411,774,0,0.5,70650,32650,0.3,0.4,2
1070411,775,1,0.25,70000,56000,0.5,0.3,2
1070411,775,0,0.25,84000,34000,0.1,0.5,2
1070411,775,0,0.5,70650,32650,0.3,0.4,2
1070411,776,0,0.25,77000,46000,0.1,0.1,2
1070411,776,1,0.75,70000,56000,0.3,0.5,2
1070411,776,0,0.5,70650,32650,0.3,0.4,2
1070414,777,1,0.5,77000,69000,0.3,0.3,1
1070414,777,0,1,63000,38000,0.1,0.5,1
1070414,777,0,0.25,67500,-8500,0.5,0.3,1
1070414,778,0,1,63000,50000,0.5,0.1,1
1070414,778,1,0.25,84000,50000,0.1,0.3,1
1070414,778,0,0.25,67500,-8500,0.5,0.3,1
1070414,779,0,1,63000,38000,0.1,0.1,1
1070414,779,1,0.25,77000,31000,0.5,0.5,1
1070414,779,0,0.25,67500,-8500,0.5,0.3,1
1070414,780,0,0,63000,50000,0.3,0.3,1
1070414,780,1,1,84000,67000,0.5,0.1,1
1070414,780,0,0.25,67500,-8500,0.5,0.3,1
1070414,781,1,0.75,84000,76000,0.5,0.5,2
1070414,781,0,0.75,77000,62000,0.3,0.3,2
1070414,781,0,0.25,67500,-8500,0.5,0.3,2
1070414,782,0,0.25,77000,46000,0.1,0.1,2
1070414,782,1,0.75,70000,56000,0.3,0.5,2
1070414,782,0,0.25,67500,-8500,0.5,0.3,2
1070414,783,0,1,84000,50000,0.1,0.1,2
1070414,783,1,0.25,63000,50000,0.5,0.3,2
1070414,783,0,0.25,67500,-8500,0.5,0.3,2
1070414,784,0,0.5,63000,38000,0.3,0.1,2
1070414,784,1,0,84000,76000,0.3,0.5,2
1070414,784,0,0.25,67500,-8500,0.5,0.3,2
1070419,785,1,0.75,77000,31000,0.3,0.5,1
1070419,785,0,1,70000,28000,0.3,0.1,1
1070419,785,0,0.25,66000,-35000,0.5,0.2,1
1070419,786,0,0.75,70000,42000,0.1,0.5,1
1070419,786,1,0,84000,67000,0.5,0.3,1
1070419,786,0,0.25,66000,-35000,0.5,0.2,1
1070419,787,0,0.75,70000,56000,0.3,0.5,1
1070419,787,1,1,70000,42000,0.3,0.1,1
1070419,787,0,0.25,66000,-35000,0.5,0.2,1
1070419,788,1,0.25,84000,34000,0.5,0.5,1
1070419,788,0,0.75,63000,57000,0.1,0.3,1
1070419,788,0,0.25,66000,-35000,0.5,0.2,1
1070419,789,0,0.75,77000,31000,0.3,0.5,2
1070419,789,1,1,70000,28000,0.3,0.1,2
1070419,789,0,0.25,66000,-35000,0.5,0.2,2
1070419,790,0,0,70000,28000,0.1,0.5,2
1070419,790,0,0.5,77000,69000,0.3,0.5,2
1070419,790,1,0.25,66000,-35000,0.5,0.2,2
1070419,791,1,1,84000,50000,0.1,0.1,2
1070419,791,0,0.25,63000,50000,0.5,0.3,2
1070419,791,0,0.25,66000,-35000,0.5,0.2,2
1070419,792,0,0,84000,76000,0.5,0.3,2
1070419,792,0,0,77000,31000,0.3,0.1,2
1070419,792,1,0.25,66000,-35000,0.5,0.2,2
1070423,793,1,0.75,70000,56000,0.3,0.5,1
1070423,793,0,1,70000,42000,0.3,0.1,1
1070423,793,0,0.75,73000,-18000,0.7,0.2,1
1070423,794,0,0.25,77000,46000,0.1,0.1,1
1070423,794,1,0.75,70000,56000,0.3,0.5,1
1070423,794,0,0.75,73000,-18000,0.7,0.2,1
1070423,795,0,0.75,70000,42000,0.1,0.5,1
1070423,795,1,0,84000,67000,0.5,0.3,1
1070423,795,0,0.75,73000,-18000,0.7,0.2,1
1070423,796,1,0,63000,50000,0.3,0.3,1
1070423,796,0,1,84000,67000,0.5,0.1,1
1070423,796,0,0.75,73000,-18000,0.7,0.2,1
1070423,797,0,1,63000,38000,0.1,0.1,2
1070423,797,1,0.25,77000,31000,0.5,0.5,2
1070423,797,0,0.75,73000,-18000,0.7,0.2,2
1070423,798,0,0,63000,25000,0.1,0.3,2
1070423,798,1,0.5,77000,69000,0.5,0.5,2
1070423,798,0,0.75,73000,-18000,0.7,0.2,2
1070423,799,0,0,63000,50000,0.3,0.3,2
1070423,799,1,1,84000,67000,0.5,0.1,2
1070423,799,0,0.75,73000,-18000,0.7,0.2,2
1070423,800,0,0.75,70000,42000,0.1,0.5,2
1070423,800,1,0,84000,67000,0.5,0.3,2
1070423,800,0,0.75,73000,-18000,0.7,0.2,2
1080015,801,1,0.75,80000,48000,0.1,0.5,1
1080015,801,0,0,96000,77000,0.5,0.3,1
1080015,801,0,0.25,75000,65000,0.7,0.1,1
1080015,802,0,0.75,96000,86000,0.5,0.5,1
1080015,802,1,0.75,88000,70000,0.3,0.3,1
1080015,802,0,0.25,75000,65000,0.7,0.1,1
1080015,803,0,0,72000,29000,0.1,0.3,1
1080015,803,0,0.5,88000,79000,0.5,0.5,1
1080015,803,1,0.25,75000,65000,0.7,0.1,1
1080015,804,0,1,72000,43000,0.1,0.1,1
1080015,804,0,0.25,88000,35000,0.5,0.5,1
1080015,804,1,0.25,75000,65000,0.7,0.1,1
1080015,805,0,0.75,80000,48000,0.1,0.5,2
1080015,805,1,0,96000,77000,0.5,0.3,2
1080015,805,0,0.25,75000,65000,0.7,0.1,2
1080015,806,0,0.5,88000,35000,0.3,0.1,2
1080015,806,0,0.5,72000,65000,0.1,0.3,2
1080015,806,1,0.25,75000,65000,0.7,0.1,2
1080015,807,0,0,96000,86000,0.5,0.3,2
1080015,807,0,0,88000,35000,0.3,0.1,2
1080015,807,1,0.25,75000,65000,0.7,0.1,2
1080015,808,0,0.25,80000,64000,0.5,0.3,2
1080015,808,0,0.25,96000,38000,0.1,0.5,2
1080015,808,1,0.25,75000,65000,0.7,0.1,2
1080111,809,1,0.5,96000,77000,0.5,0.3,1
1080111,809,0,0,80000,32000,0.1,0.3,1
1080111,809,0,0.25,78000,25000,0.6,0.1,1
1080111,810,1,0.75,80000,48000,0.1,0.5,1
1080111,810,0,0,96000,77000,0.5,0.3,1
1080111,810,0,0.25,78000,25000,0.6,0.1,1
1080111,811,0,0.75,96000,86000,0.5,0.5,1
1080111,811,1,0.75,88000,70000,0.3,0.3,1
1080111,811,0,0.25,78000,25000,0.6,0.1,1
1080111,812,1,0,96000,86000,0.5,0.3,1
1080111,812,0,0,88000,35000,0.3,0.1,1
1080111,812,0,0.25,78000,25000,0.6,0.1,1
1080111,813,0,1,72000,58000,0.5,0.1,2
1080111,813,1,0.25,96000,58000,0.1,0.3,2
1080111,813,0,0.25,78000,25000,0.6,0.1,2
1080111,814,1,0.75,80000,64000,0.3,0.5,2
1080111,814,0,1,80000,48000,0.3,0.1,2
1080111,814,0,0.25,78000,25000,0.6,0.1,2
1080111,815,0,0.5,72000,43000,0.3,0.1,2
1080111,815,1,0,96000,86000,0.3,0.5,2
1080111,815,0,0.25,78000,25000,0.6,0.1,2
1080111,816,0,0,72000,29000,0.1,0.3,2
1080111,816,1,0.5,88000,79000,0.5,0.5,2
1080111,816,0,0.25,78000,25000,0.6,0.1,2
1080118,817,1,1,72000,43000,0.1,0.1,1
1080118,817,0,0.25,88000,35000,0.5,0.5,1
1080118,817,0,0.5,80000,30000,0.6,0.3,1
1080118,818,1,0.5,96000,77000,0.5,0.3,1
1080118,818,0,0,80000,32000,0.1,0.3,1
1080118,818,0,0.5,80000,30000,0.6,0.3,1
1080118,819,0,0.25,88000,79000,0.5,0.3,1
1080118,819,1,0.75,80000,48000,0.5,0.1,1
1080118,819,0,0.5,80000,30000,0.6,0.3,1
1080118,820,0,1,72000,58000,0.5,0.1,1
1080118,820,1,0.25,96000,58000,0.1,0.3,1
1080118,820,0,0.5,80000,30000,0.6,0.3,1
1080118,821,1,1,72000,58000,0.5,0.1,2
1080118,821,0,0.25,96000,58000,0.1,0.3,2
1080118,821,0,0.5,80000,30000,0.6,0.3,2
1080118,822,0,0.5,88000,79000,0.3,0.3,2
1080118,822,1,1,72000,43000,0.1,0.5,2
1080118,822,0,0.5,80000,30000,0.6,0.3,2
1080118,823,1,0.5,88000,35000,0.3,0.1,2
1080118,823,0,0.5,72000,65000,0.1,0.3,2
1080118,823,0,0.5,80000,30000,0.6,0.3,2
1080118,824,1,1,72000,43000,0.1,0.1,2
1080118,824,0,0.25,88000,35000,0.5,0.5,2
1080118,824,0,0.5,80000,30000,0.6,0.3,2
1080125,825,1,0.5,96000,77000,0.5,0.3,1
1080125,825,0,0,80000,32000,0.1,0.3,1
1080125,825,0,0.5,80000,25000,0.6,0.2,1
1080125,826,0,0,80000,32000,0.1,0.5,1
1080125,826,1,0.5,88000,79000,0.3,0.5,1
1080125,826,0,0.5,80000,25000,0.6,0.2,1
1080125,827,0,0.5,88000,35000,0.3,0.1,1
1080125,827,1,0.5,72000,65000,0.1,0.3,1
1080125,827,0,0.5,80000,25000,0.6,0.2,1
1080125,828,0,0,72000,58000,0.3,0.3,1
1080125,828,1,1,96000,77000,0.5,0.1,1
1080125,828,0,0.5,80000,25000,0.6,0.2,1
1080125,829,1,0.5,96000,77000,0.5,0.3,2
1080125,829,0,0,80000,32000,0.1,0.3,2
1080125,829,0,0.5,80000,25000,0.6,0.2,2
1080125,830,1,0.5,88000,35000,0.3,0.1,2
1080125,830,0,0.5,72000,65000,0.1,0.3,2
1080125,830,0,0.5,80000,25000,0.6,0.2,2
1080125,831,0,0,72000,29000,0.1,0.3,2
1080125,831,1,0.5,88000,79000,0.5,0.5,2
1080125,831,0,0.5,80000,25000,0.6,0.2,2
1080125,832,1,1,80000,72000,0.3,0.5,2
1080125,832,0,0.5,72000,43000,0.5,0.1,2
1080125,832,0,0.5,80000,25000,0.6,0.2,2
1080206,833,1,0,96000,86000,0.5,0.3,1
1080206,833,0,0,88000,35000,0.3,0.1,1
1080206,833,0,0.5,84000,4000,0.3,0.5,1
1080206,834,0,1,96000,58000,0.1,0.1,1
1080206,834,1,0.25,72000,58000,0.5,0.3,1
1080206,834,0,0.5,84000,4000,0.3,0.5,1
1080206,835,0,1,72000,43000,0.1,0.1,1
1080206,835,0,0.25,88000,35000,0.5,0.5,1
1080206,835,1,0.5,84000,4000,0.3,0.5,1
1080206,836,1,0.75,88000,35000,0.3,0.5,1
1080206,836,0,1,80000,32000,0.3,0.1,1
1080206,836,0,0.5,84000,4000,0.3,0.5,1
1080206,837,1,0.75,88000,35000,0.3,0.5,2
1080206,837,0,1,80000,32000,0.3,0.1,2
1080206,837,0,0.5,84000,4000,0.3,0.5,2
1080206,838,0,0.25,88000,53000,0.1,0.1,2
1080206,838,1,0.75,80000,64000,0.3,0.5,2
1080206,838,0,0.5,84000,4000,0.3,0.5,2
1080206,839,1,0,72000,58000,0.3,0.3,2
1080206,839,0,1,96000,77000,0.5,0.1,2
1080206,839,0,0.5,84000,4000,0.3,0.5,2
1080206,840,1,0.75,80000,64000,0.3,0.5,2
1080206,840,0,1,80000,48000,0.3,0.1,2
1080206,840,0,0.5,84000,4000,0.3,0.5,2
1080210,841,1,0.5,96000,77000,0.5,0.3,1
1080210,841,0,0,80000,32000,0.1,0.3,1
1080210,841,0,0.25,80000,15000,0.4,0.3,1
1080210,842,0,0,80000,32000,0.1,0.5,1
1080210,842,1,0.5,88000,79000,0.3,0.5,1
1080210,842,0,0.25,80000,15000,0.4,0.3,1
1080210,843,1,1,72000,58000,0.5,0.1,1
1080210,843,0,0.25,96000,58000,0.1,0.3,1
1080210,843,0,0.25,80000,15000,0.4,0.3,1
1080210,844,0,0.5,88000,35000,0.3,0.1,1
1080210,844,1,0.5,72000,65000,0.1,0.3,1
1080210,844,0,0.25,80000,15000,0.4,0.3,1
1080210,845,0,0,80000,32000,0.1,0.5,2
1080210,845,1,0.5,88000,79000,0.3,0.5,2
1080210,845,0,0.25,80000,15000,0.4,0.3,2
1080210,846,0,0,96000,86000,0.5,0.3,2
1080210,846,0,0,88000,35000,0.3,0.1,2
1080210,846,1,0.25,80000,15000,0.4,0.3,2
1080210,847,1,1,80000,72000,0.3,0.5,2
1080210,847,0,0.5,72000,43000,0.5,0.1,2
1080210,847,0,0.25,80000,15000,0.4,0.3,2
1080210,848,1,0.75,80000,48000,0.1,0.5,2
1080210,848,0,0,96000,77000,0.5,0.3,2
1080210,848,0,0.25,80000,15000,0.4,0.3,2
1080221,849,1,0,96000,86000,0.5,0.3,1
1080221,849,0,0,88000,35000,0.3,0.1,1
1080221,849,0,0.25,77000,-15000,0.4,0.2,1
1080221,850,0,0.5,88000,79000,0.3,0.3,1
1080221,850,1,1,72000,43000,0.1,0.5,1
1080221,850,0,0.25,77000,-15000,0.4,0.2,1
1080221,851,1,1,80000,72000,0.3,0.5,1
1080221,851,0,0.5,72000,43000,0.5,0.1,1
1080221,851,0,0.25,77000,-15000,0.4,0.2,1
1080221,852,0,0,80000,32000,0.1,0.5,1
1080221,852,1,0.5,88000,79000,0.3,0.5,1
1080221,852,0,0.25,77000,-15000,0.4,0.2,1
1080221,853,0,0,72000,58000,0.3,0.3,2
1080221,853,1,1,96000,77000,0.5,0.1,2
1080221,853,0,0.25,77000,-15000,0.4,0.2,2
1080221,854,0,0.25,88000,53000,0.1,0.1,2
1080221,854,1,0.75,80000,64000,0.3,0.5,2
1080221,854,0,0.25,77000,-15000,0.4,0.2,2
1080221,855,1,0.5,96000,77000,0.5,0.3,2
1080221,855,0,0,80000,32000,0.1,0.3,2
1080221,855,0,0.25,77000,-15000,0.4,0.2,2
1080221,856,1,0.5,72000,43000,0.3,0.1,2
1080221,856,0,0,96000,86000,0.3,0.5,2
1080221,856,0,0.25,77000,-15000,0.4,0.2,2
1080305,857,1,1,72000,43000,0.1,0.1,1
1080305,857,0,0.25,88000,35000,0.5,0.5,1
1080305,857,0,0.25,83600,-14000,0.6,0.3,1
1080305,858,0,0,96000,86000,0.5,0.3,1
1080305,858,1,0,88000,35000,0.3,0.1,1
1080305,858,0,0.25,83600,-14000,0.6,0.3,1
1080305,859,0,0.25,88000,53000,0.1,0.1,1
1080305,859,1,0.75,80000,64000,0.3,0.5,1
1080305,859,0,0.25,83600,-14000,0.6,0.3,1
1080305,860,1,0.25,80000,64000,0.5,0.3,1
1080305,860,0,0.25,96000,38000,0.1,0.5,1
1080305,860,0,0.25,83600,-14000,0.6,0.3,1
1080305,861,0,0,72000,58000,0.3,0.3,2
1080305,861,1,1,96000,77000,0.5,0.1,2
1080305,861,0,0.25,83600,-14000,0.6,0.3,2
1080305,862,0,0.75,96000,86000,0.5,0.5,2
1080305,862,1,0.75,88000,70000,0.3,0.3,2
1080305,862,0,0.25,83600,-14000,0.6,0.3,2
1080305,863,1,0.5,96000,77000,0.5,0.3,2
1080305,863,0,0,80000,32000,0.1,0.3,2
1080305,863,0,0.25,83600,-14000,0.6,0.3,2
1080305,864,1,0.5,88000,35000,0.3,0.1,2
1080305,864,0,0.5,72000,65000,0.1,0.3,2
1080305,864,0,0.25,83600,-14000,0.6,0.3,2
1080312,865,1,0.75,80000,64000,0.3,0.5,1
1080312,865,0,1,80000,48000,0.3,0.1,1
1080312,865,0,0.5,75300,22000,0.5,0.3,1
1080312,866,0,1,72000,58000,0.5,0.1,1
1080312,866,1,0.25,96000,58000,0.1,0.3,1
1080312,866,0,0.5,75300,22000,0.5,0.3,1
1080312,867,1,0.5,88000,35000,0.3,0.1,1
1080312,867,0,0.5,72000,65000,0.1,0.3,1
1080312,867,0,0.5,75300,22000,0.5,0.3,1
1080312,868,0,0,96000,86000,0.5,0.3,1
1080312,868,1,0,88000,35000,0.3,0.1,1
1080312,868,0,0.5,75300,22000,0.5,0.3,1
1080312,869,0,0.25,88000,53000,0.1,0.1,2
1080312,869,1,0.75,80000,64000,0.3,0.5,2
1080312,869,0,0.5,75300,22000,0.5,0.3,2
1080312,870,0,1,72000,43000,0.1,0.1,2
1080312,870,1,0.25,88000,35000,0.5,0.5,2
1080312,870,0,0.5,75300,22000,0.5,0.3,2
1080312,871,1,0.25,88000,79000,0.5,0.3,2
1080312,871,0,0.75,80000,48000,0.5,0.1,2
1080312,871,0,0.5,75300,22000,0.5,0.3,2
1080312,872,0,0,72000,29000,0.1,0.3,2
1080312,872,1,0.5,88000,79000,0.5,0.5,2
1080312,872,0,0.5,75300,22000,0.5,0.3,2
1080410,873,0,1,80000,72000,0.3,0.5,1
1080410,873,0,0.5,72000,43000,0.5,0.1,1
1080410,873,1,0.25,82700,-23300,0.2,0.3,1
1080410,874,0,0,96000,86000,0.5,0.3,1
1080410,874,1,0,88000,35000,0.3,0.1,1
1080410,874,0,0.25,82700,-23300,0.2,0.3,1
1080410,875,0,0.75,80000,48000,0.1,0.5,1
1080410,875,1,0,96000,77000,0.5,0.3,1
1080410,875,0,0.25,82700,-23300,0.2,0.3,1
1080410,876,0,0.5,96000,77000,0.5,0.3,1
1080410,876,1,0,80000,32000,0.1,0.3,1
1080410,876,0,0.25,82700,-23300,0.2,0.3,1
1080410,877,0,0.5,72000,43000,0.3,0.1,2
1080410,877,1,0,96000,86000,0.3,0.5,2
1080410,877,0,0.25,82700,-23300,0.2,0.3,2
1080410,878,0,0,72000,29000,0.1,0.3,2
1080410,878,1,0.5,88000,79000,0.5,0.5,2
1080410,878,0,0.25,82700,-23300,0.2,0.3,2
1080410,879,1,0.75,80000,64000,0.3,0.5,2
1080410,879,0,1,80000,48000,0.3,0.1,2
1080410,879,0,0.25,82700,-23300,0.2,0.3,2
1080410,880,1,0.5,88000,35000,0.3,0.1,2
1080410,880,0,0.5,72000,65000,0.1,0.3,2
1080410,880,0,0.25,82700,-23300,0.2,0.3,2
1080422,881,1,0.25,88000,79000,0.5,0.3,1
1080422,881,0,0.75,80000,48000,0.5,0.1,1
1080422,881,0,1,76000,5000,0.4,0.3,1
1080422,882,1,0.5,88000,79000,0.3,0.3,1
1080422,882,0,1,72000,43000,0.1,0.5,1
1080422,882,0,1,76000,5000,0.4,0.3,1
1080422,883,1,0,96000,86000,0.5,0.3,1
1080422,883,0,0,88000,35000,0.3,0.1,1
1080422,883,0,1,76000,5000,0.4,0.3,1
1080422,884,0,1,72000,43000,0.1,0.1,1
1080422,884,1,0.25,88000,35000,0.5,0.5,1
1080422,884,0,1,76000,5000,0.4,0.3,1
1080422,885,0,1,72000,43000,0.1,0.1,2
1080422,885,1,0.25,88000,35000,0.5,0.5,2
1080422,885,0,1,76000,5000,0.4,0.3,2
1080422,886,0,0.25,80000,64000,0.5,0.3,2
1080422,886,1,0.25,96000,38000,0.1,0.5,2
1080422,886,0,1,76000,5000,0.4,0.3,2
1080422,887,1,0.75,88000,35000,0.3,0.5,2
1080422,887,0,1,80000,32000,0.3,0.1,2
1080422,887,0,1,76000,5000,0.4,0.3,2
1080422,888,0,0,72000,29000,0.1,0.3,2
1080422,888,1,0.5,88000,79000,0.5,0.5,2
1080422,888,0,1,76000,5000,0.4,0.3,2
1080510,889,1,0.25,80000,64000,0.5,0.3,1
1080510,889,0,0.25,96000,38000,0.1,0.5,1
1080510,889,0,0.75,80000,30000,0.4,0.3,1
1080510,890,0,1,96000,58000,0.1,0.1,1
1080510,890,1,0.25,72000,58000,0.5,0.3,1
1080510,890,0,0.75,80000,30000,0.4,0.3,1
1080510,891,0,0,80000,32000,0.1,0.5,1
1080510,891,1,0.5,88000,79000,0.3,0.5,1
1080510,891,0,0.75,80000,30000,0.4,0.3,1
1080510,892,0,0.75,80000,48000,0.1,0.5,1
1080510,892,0,0,96000,77000,0.5,0.3,1
1080510,892,1,0.75,80000,30000,0.4,0.3,1
1080510,893,1,0.5,96000,77000,0.5,0.3,2
1080510,893,0,0,80000,32000,0.1,0.3,2
1080510,893,0,0.75,80000,30000,0.4,0.3,2
1080510,894,0,1,80000,72000,0.3,0.5,2
1080510,894,0,0.5,72000,43000,0.5,0.1,2
1080510,894,1,0.75,80000,30000,0.4,0.3,2
1080510,895,0,0.25,96000,38000,0.5,0.5,2
1080510,895,0,0.75,72000,65000,0.1,0.3,2
1080510,895,1,0.75,80000,30000,0.4,0.3,2
1080510,896,0,0.75,80000,64000,0.3,0.5,2
1080510,896,1,1,80000,48000,0.3,0.1,2
1080510,896,0,0.75,80000,30000,0.4,0.3,2
1090002,897,0,1,81000,65000,0.5,0.1,1
1090002,897,1,0.25,108000,65000,0.1,0.3,1
1090002,897,0,0.5,90000,22500,0.2,0.3,1
1090002,898,1,1,81000,49000,0.1,0.1,1
1090002,898,0,0.25,99000,40000,0.5,0.5,1
1090002,898,0,0.5,90000,22500,0.2,0.3,1
1090002,899,1,0.5,81000,49000,0.3,0.1,1
1090002,899,0,0,108000,97000,0.3,0.5,1
1090002,899,0,0.5,90000,22500,0.2,0.3,1
1090002,900,0,0,81000,65000,0.3,0.3,1
1090002,900,1,1,108000,86000,0.5,0.1,1
1090002,900,0,0.5,90000,22500,0.2,0.3,1
1090002,901,1,0.5,99000,89000,0.3,0.3,2
1090002,901,0,1,81000,49000,0.1,0.5,2
1090002,901,0,0.5,90000,22500,0.2,0.3,2
1090002,902,1,1,81000,65000,0.5,0.1,2
1090002,902,0,0.25,108000,65000,0.1,0.3,2
1090002,902,0,0.5,90000,22500,0.2,0.3,2
1090002,903,0,0,90000,36000,0.1,0.5,2
1090002,903,1,0.5,99000,89000,0.3,0.5,2
1090002,903,0,0.5,90000,22500,0.2,0.3,2
1090002,904,0,0.25,99000,59000,0.1,0.1,2
1090002,904,1,0.75,90000,72000,0.3,0.5,2
1090002,904,0,0.5,90000,22500,0.2,0.3,2
1090003,905,0,0,108000,97000,0.5,0.3,1
1090003,905,0,0,99000,40000,0.3,0.1,1
1090003,905,1,0.75,90000,-180000,0.5,0.3,1
1090003,906,1,1,90000,81000,0.3,0.5,1
1090003,906,0,0.5,81000,49000,0.5,0.1,1
1090003,906,0,0.75,90000,-180000,0.5,0.3,1
1090003,907,1,1,81000,49000,0.1,0.1,1
1090003,907,0,0.25,99000,40000,0.5,0.5,1
1090003,907,0,0.75,90000,-180000,0.5,0.3,1
1090003,908,1,0.5,81000,49000,0.3,0.1,1
1090003,908,0,0,108000,97000,0.3,0.5,1
1090003,908,0,0.75,90000,-180000,0.5,0.3,1
1090003,909,1,0,81000,32000,0.1,0.3,2
1090003,909,0,0.5,99000,89000,0.5,0.5,2
1090003,909,0,0.75,90000,-180000,0.5,0.3,2
1090003,910,1,0.25,108000,43000,0.5,0.5,2
1090003,910,0,0.75,81000,73000,0.1,0.3,2
1090003,910,0,0.75,90000,-180000,0.5,0.3,2
1090003,911,0,0.25,90000,72000,0.5,0.3,2
1090003,911,1,0.25,108000,43000,0.1,0.5,2
1090003,911,0,0.75,90000,-180000,0.5,0.3,2
1090003,912,1,1,81000,49000,0.1,0.1,2
1090003,912,0,0.25,99000,40000,0.5,0.5,2
1090003,912,0,0.75,90000,-180000,0.5,0.3,2
1090004,913,0,1,81000,49000,0.1,0.1,1
1090004,913,1,0.25,99000,40000,0.5,0.5,1
1090004,913,0,0.5,85000,30000,0.4,0.2,1
1090004,914,0,0.75,90000,72000,0.3,0.5,1
1090004,914,1,1,90000,54000,0.3,0.1,1
1090004,914,0,0.5,85000,30000,0.4,0.2,1
1090004,915,0,0.25,99000,59000,0.1,0.1,1
1090004,915,0,0.75,90000,72000,0.3,0.5,1
1090004,915,1,0.5,85000,30000,0.4,0.2,1
1090004,916,0,1,90000,81000,0.3,0.5,1
1090004,916,1,0.5,81000,49000,0.5,0.1,1
1090004,916,0,0.5,85000,30000,0.4,0.2,1
1090004,917,0,0.75,90000,72000,0.3,0.5,2
1090004,917,1,1,90000,54000,0.3,0.1,2
1090004,917,0,0.5,85000,30000,0.4,0.2,2
1090004,918,0,0.5,99000,40000,0.3,0.1,2
1090004,918,0,0.5,81000,73000,0.1,0.3,2
1090004,918,1,0.5,85000,30000,0.4,0.2,2
1090004,919,0,0.5,99000,89000,0.3,0.3,2
1090004,919,1,1,81000,49000,0.1,0.5,2
1090004,919,0,0.5,85000,30000,0.4,0.2,2
1090004,920,0,1,81000,49000,0.1,0.1,2
1090004,920,0,0.25,99000,40000,0.5,0.5,2
1090004,920,1,0.5,85000,30000,0.4,0.2,2
1090225,921,0,0.5,99000,89000,0.3,0.3,1
1090225,921,1,1,81000,49000,0.1,0.5,1
1090225,921,0,1,85000,-40000,0.5,0.2,1
1090225,922,0,0,81000,65000,0.3,0.3,1
1090225,922,1,1,108000,86000,0.5,0.1,1
1090225,922,0,1,85000,-40000,0.5,0.2,1
1090225,923,0,0.75,90000,72000,0.3,0.5,1
1090225,923,1,1,90000,54000,0.3,0.1,1
1090225,923,0,1,85000,-40000,0.5,0.2,1
1090225,924,1,0.25,108000,43000,0.5,0.5,1
1090225,924,0,0.75,81000,73000,0.1,0.3,1
1090225,924,0,1,85000,-40000,0.5,0.2,1
1090225,925,0,0.75,108000,97000,0.5,0.5,2
1090225,925,1,0.75,99000,79000,0.3,0.3,2
1090225,925,0,1,85000,-40000,0.5,0.2,2
1090225,926,1,1,81000,49000,0.1,0.1,2
1090225,926,0,0.25,99000,40000,0.5,0.5,2
1090225,926,0,1,85000,-40000,0.5,0.2,2
1090225,927,1,0.5,108000,86000,0.5,0.3,2
1090225,927,0,0,90000,36000,0.1,0.3,2
1090225,927,0,1,85000,-40000,0.5,0.2,2
1090225,928,1,0.75,90000,54000,0.1,0.5,2
1090225,928,0,0,108000,86000,0.5,0.3,2
1090225,928,0,1,85000,-40000,0.5,0.2,2
1090302,929,0,0,108000,97000,0.5,0.3,1
1090302,929,0,0,99000,40000,0.3,0.1,1
1090302,929,1,0.5,91900,0,0.4,0.2,1
1090302,930,0,1,81000,49000,0.1,0.1,1
1090302,930,0,0.25,99000,40000,0.5,0.5,1
1090302,930,1,0.5,91900,0,0.4,0.2,1
1090302,931,0,0.5,81000,49000,0.3,0.1,1
1090302,931,0,0,108000,97000,0.3,0.5,1
1090302,931,1,0.5,91900,0,0.4,0.2,1
1090302,932,0,0.75,108000,97000,0.5,0.5,1
1090302,932,0,0.75,99000,79000,0.3,0.3,1
1090302,932,1,0.5,91900,0,0.4,0.2,1
1090302,933,1,0.25,90000,72000,0.5,0.3,2
1090302,933,0,0.25,108000,43000,0.1,0.5,2
1090302,933,0,0.5,91900,0,0.4,0.2,2
1090302,934,0,0.5,99000,89000,0.3,0.3,2
1090302,934,1,1,81000,49000,0.1,0.5,2
1090302,934,0,0.5,91900,0,0.4,0.2,2
1090302,935,0,0.5,99000,40000,0.3,0.1,2
1090302,935,1,0.5,81000,73000,0.1,0.3,2
1090302,935,0,0.5,91900,0,0.4,0.2,2
1090302,936,0,0.75,99000,40000,0.3,0.5,2
1090302,936,1,1,90000,36000,0.3,0.1,2
1090302,936,0,0.5,91900,0,0.4,0.2,2
1090327,937,0,0,81000,32000,0.1,0.3,1
1090327,937,1,0.5,99000,89000,0.5,0.5,1
1090327,937,0,0.75,94500,21500,0.3,0.2,1
1090327,938,0,0.25,99000,89000,0.5,0.3,1
1090327,938,1,0.75,90000,54000,0.5,0.1,1
1090327,938,0,0.75,94500,21500,0.3,0.2,1
1090327,939,0,0.75,99000,40000,0.3,0.5,1
1090327,939,1,1,90000,36000,0.3,0.1,1
1090327,939,0,0.75,94500,21500,0.3,0.2,1
1090327,940,0,0,81000,65000,0.3,0.3,1
1090327,940,1,1,108000,86000,0.5,0.1,1
1090327,940,0,0.75,94500,21500,0.3,0.2,1
1090327,941,1,1,81000,65000,0.5,0.1,2
1090327,941,0,0.25,108000,65000,0.1,0.3,2
1090327,941,0,0.75,94500,21500,0.3,0.2,2
1090327,942,0,0.25,99000,59000,0.1,0.1,2
1090327,942,1,0.75,90000,72000,0.3,0.5,2
1090327,942,0,0.75,94500,21500,0.3,0.2,2
1090327,943,1,0.5,81000,49000,0.3,0.1,2
1090327,943,0,0,108000,97000,0.3,0.5,2
1090327,943,0,0.75,94500,21500,0.3,0.2,2
1090327,944,1,0.75,90000,54000,0.1,0.5,2
1090327,944,0,0,108000,86000,0.5,0.3,2
1090327,944,0,0.75,94500,21500,0.3,0.2,2
1090506,945,0,1,81000,49000,0.1,0.1,1
1090506,945,0,0.25,99000,40000,0.5,0.5,1
1090506,945,1,0.75,85000,45000,0.3,0.1,1
1090506,946,0,0.75,90000,72000,0.3,0.5,1
1090506,946,1,1,90000,54000,0.3,0.1,1
1090506,946,0,0.75,85000,45000,0.3,0.1,1
1090506,947,1,0.5,81000,49000,0.3,0.1,1
1090506,947,0,0,108000,97000,0.3,0.5,1
1090506,947,0,0.75,85000,45000,0.3,0.1,1
1090506,948,0,0.75,99000,40000,0.3,0.5,1
1090506,948,1,1,90000,36000,0.3,0.1,1
1090506,948,0,0.75,85000,45000,0.3,0.1,1
1090506,949,0,0.75,108000,97000,0.5,0.5,2
1090506,949,1,0.75,99000,79000,0.3,0.3,2
1090506,949,0,0.75,85000,45000,0.3,0.1,2
1090506,950,1,0,90000,36000,0.1,0.5,2
1090506,950,0,0.5,99000,89000,0.3,0.5,2
1090506,950,0,0.75,85000,45000,0.3,0.1,2
1090506,951,1,1,108000,65000,0.1,0.1,2
1090506,951,0,0.25,81000,65000,0.5,0.3,2
1090506,951,0,0.75,85000,45000,0.3,0.1,2
1090506,952,0,0.25,99000,89000,0.5,0.3,2
1090506,952,1,0.75,90000,54000,0.5,0.1,2
1090506,952,0,0.75,85000,45000,0.3,0.1,2
1090516,953,1,1,90000,81000,0.3,0.5,1
1090516,953,0,0.5,81000,49000,0.5,0.1,1
1090516,953,0,0.5,89000,43000,0.4,0,1
1090516,954,0,0,81000,65000,0.3,0.3,1
1090516,954,1,1,108000,86000,0.5,0.1,1
1090516,954,0,0.5,89000,43000,0.4,0,1
1090516,955,1,1,108000,65000,0.1,0.1,1
1090516,955,0,0.25,81000,65000,0.5,0.3,1
1090516,955,0,0.5,89000,43000,0.4,0,1
1090516,956,0,0.25,99000,59000,0.1,0.1,1
1090516,956,1,0.75,90000,72000,0.3,0.5,1
1090516,956,0,0.5,89000,43000,0.4,0,1
1090516,957,1,0.5,99000,89000,0.3,0.3,2
1090516,957,0,1,81000,49000,0.1,0.5,2
1090516,957,0,0.5,89000,43000,0.4,0,2
1090516,958,0,1,81000,65000,0.5,0.1,2
1090516,958,1,0.25,108000,65000,0.1,0.3,2
1090516,958,0,0.5,89000,43000,0.4,0,2
1090516,959,1,0.75,90000,72000,0.3,0.5,2
1090516,959,0,1,90000,54000,0.3,0.1,2
1090516,959,0,0.5,89000,43000,0.4,0,2
1090516,960,1,0.75,108000,97000,0.5,0.5,2
1090516,960,0,0.75,99000,79000,0.3,0.3,2
1090516,960,0,0.5,89000,43000,0.4,0,2
1100017,961,0,0.75,100000,80000,0.3,0.5,1
1100017,961,1,1,100000,60000,0.3,0.1,1
1100017,961,0,0.5,100000,56800,0.6,0.2,1
1100017,962,0,0.5,90000,54000,0.3,0.1,1
1100017,962,1,0,120000,108000,0.3,0.5,1
1100017,962,0,0.5,100000,56800,0.6,0.2,1
1100017,963,1,0.25,110000,99000,0.5,0.3,1
1100017,963,0,0.75,100000,60000,0.5,0.1,1
1100017,963,0,0.5,100000,56800,0.6,0.2,1
1100017,964,1,1,90000,54000,0.1,0.1,1
1100017,964,0,0.25,110000,44000,0.5,0.5,1
1100017,964,0,0.5,100000,56800,0.6,0.2,1
1100017,965,0,0,100000,40000,0.1,0.5,2
1100017,965,1,0.5,110000,99000,0.3,0.5,2
1100017,965,0,0.5,100000,56800,0.6,0.2,2
1100017,966,1,0.25,100000,80000,0.5,0.3,2
1100017,966,0,0.25,120000,48000,0.1,0.5,2
1100017,966,0,0.5,100000,56800,0.6,0.2,2
1100017,967,0,0.5,110000,44000,0.3,0.1,2
1100017,967,1,0.5,90000,81000,0.1,0.3,2
1100017,967,0,0.5,100000,56800,0.6,0.2,2
1100017,968,1,0.25,110000,99000,0.5,0.3,2
1100017,968,0,0.75,100000,60000,0.5,0.1,2
1100017,968,0,0.5,100000,56800,0.6,0.2,2
1100021,969,1,1,120000,72000,0.1,0.1,1
1100021,969,0,0.25,90000,72000,0.5,0.3,1
1100021,969,0,0.25,102000,-18000,0.2,0.2,1
1100021,970,0,0.25,100000,80000,0.5,0.3,1
1100021,970,1,0.25,120000,48000,0.1,0.5,1
1100021,970,0,0.25,102000,-18000,0.2,0.2,1
1100021,971,1,0.5,110000,44000,0.3,0.1,1
1100021,971,0,0.5,90000,81000,0.1,0.3,1
1100021,971,0,0.25,102000,-18000,0.2,0.2,1
1100021,972,0,0,100000,40000,0.1,0.5,1
1100021,972,1,0.5,110000,99000,0.3,0.5,1
1100021,972,0,0.25,102000,-18000,0.2,0.2,1
1100021,973,1,0.75,100000,60000,0.1,0.5,2
1100021,973,0,0,120000,96000,0.5,0.3,2
1100021,973,0,0.25,102000,-18000,0.2,0.2,2
1100021,974,0,0.75,100000,80000,0.3,0.5,2
1100021,974,1,1,100000,60000,0.3,0.1,2
1100021,974,0,0.25,102000,-18000,0.2,0.2,2
1100021,975,1,0,100000,40000,0.1,0.5,2
1100021,975,0,0.5,110000,99000,0.3,0.5,2
1100021,975,0,0.25,102000,-18000,0.2,0.2,2
1100021,976,1,0.5,110000,99000,0.3,0.3,2
1100021,976,0,1,90000,54000,0.1,0.5,2
1100021,976,0,0.25,102000,-18000,0.2,0.2,2
1100119,977,0,0.5,110000,44000,0.3,0.1,1
1100119,977,0,0.5,90000,81000,0.1,0.3,1
1100119,977,1,1,95000,34000,0.5,0.3,1
1100119,978,1,1,120000,72000,0.1,0.1,1
1100119,978,0,0.25,90000,72000,0.5,0.3,1
1100119,978,0,1,95000,34000,0.5,0.3,1
1100119,979,0,0.75,100000,80000,0.3,0.5,1
1100119,979,1,1,100000,60000,0.3,0.1,1
1100119,979,0,1,95000,34000,0.5,0.3,1
1100119,980,0,0.25,110000,66000,0.1,0.1,1
1100119,980,0,0.75,100000,80000,0.3,0.5,1
1100119,980,1,1,95000,34000,0.5,0.3,1
1100119,981,0,0.75,100000,80000,0.3,0.5,2
1100119,981,1,1,100000,60000,0.3,0.1,2
1100119,981,0,1,95000,34000,0.5,0.3,2
1100119,982,0,0,120000,108000,0.5,0.3,2
1100119,982,0,0,110000,44000,0.3,0.1,2
1100119,982,1,1,95000,34000,0.5,0.3,2
1100119,983,0,0,90000,36000,0.1,0.3,2
1100119,983,1,0.5,110000,99000,0.5,0.5,2
1100119,983,0,1,95000,34000,0.5,0.3,2
1100119,984,0,0.5,90000,54000,0.3,0.1,2
1100119,984,0,0,120000,108000,0.3,0.5,2
1100119,984,1,1,95000,34000,0.5,0.3,2
1100207,985,0,0.25,110000,66000,0.1,0.1,1
1100207,985,1,0.75,100000,80000,0.3,0.5,1
1100207,985,0,0.25,95000,30000,0.4,0.3,1
1100207,986,0,0.25,120000,48000,0.5,0.5,1
1100207,986,1,0.75,90000,81000,0.1,0.3,1
1100207,986,0,0.25,95000,30000,0.4,0.3,1
1100207,987,0,1,90000,54000,0.1,0.1,1
1100207,987,0,0.25,110000,44000,0.5,0.5,1
1100207,987,1,0.25,95000,30000,0.4,0.3,1
1100207,988,0,0.75,120000,108000,0.5,0.5,1
1100207,988,1,0.75,110000,88000,0.3,0.3,1
1100207,988,0,0.25,95000,30000,0.4,0.3,1
1100207,989,0,0.75,120000,108000,0.5,0.5,2
1100207,989,1,0.75,110000,88000,0.3,0.3,2
1100207,989,0,0.25,95000,30000,0.4,0.3,2
1100207,990,0,0.25,110000,66000,0.1,0.1,2
1100207,990,0,0.75,100000,80000,0.3,0.5,2
1100207,990,1,0.25,95000,30000,0.4,0.3,2
1100207,991,1,0.5,110000,99000,0.3,0.3,2
1100207,991,0,1,90000,54000,0.1,0.5,2
1100207,991,0,0.25,95000,30000,0.4,0.3,2
1100207,992,1,0.25,110000,99000,0.5,0.3,2
1100207,992,0,0.75,100000,60000,0.5,0.1,2
1100207,992,0,0.25,95000,30000,0.4,0.3,2
1100303,993,0,0.75,110000,44000,0.3,0.5,1
1100303,993,0,1,100000,40000,0.3,0.1,1
1100303,993,1,0.5,98240,-62868,0.6,0.2,1
1100303,994,0,0,100000,40000,0.1,0.5,1
1100303,994,1,0.5,110000,99000,0.3,0.5,1
1100303,994,0,0.5,98240,-62868,0.6,0.2,1
1100303,995,1,0.75,120000,108000,0.5,0.5,1
1100303,995,0,0.75,110000,88000,0.3,0.3,1
1100303,995,0,0.5,98240,-62868,0.6,0.2,1
1100303,996,1,0.5,120000,96000,0.5,0.3,1
1100303,996,0,0,100000,40000,0.1,0.3,1
1100303,996,0,0.5,98240,-62868,0.6,0.2,1
1100303,997,1,1,120000,72000,0.1,0.1,2
1100303,997,0,0.25,90000,72000,0.5,0.3,2
1100303,997,0,0.5,98240,-62868,0.6,0.2,2
1100303,998,1,0.25,110000,99000,0.5,0.3,2
1100303,998,0,0.75,100000,60000,0.5,0.1,2
1100303,998,0,0.5,98240,-62868,0.6,0.2,2
1100303,999,0,0.25,120000,48000,0.5,0.5,2
1100303,999,0,0.75,90000,81000,0.1,0.3,2
1100303,999,1,0.5,98240,-62868,0.6,0.2,2
1100303,1000,0,0,90000,72000,0.3,0.3,2
1100303,1000,1,1,120000,96000,0.5,0.1,2
1100303,1000,0,0.5,98240,-62868,0.6,0.2,2
1100303,1001,0,0.75,110000,44000,0.3,0.5,1
1100303,1001,0,1,100000,40000,0.3,0.1,1
1100303,1001,1,0.5,98240,-62868,0.6,0.2,1
1100303,1002,0,0,100000,40000,0.1,0.5,1
1100303,1002,1,0.5,110000,99000,0.3,0.5,1
1100303,1002,0,0.5,98240,-62868,0.6,0.2,1
1100303,1003,1,0.75,120000,108000,0.5,0.5,1
1100303,1003,0,0.75,110000,88000,0.3,0.3,1
1100303,1003,0,0.5,98240,-62868,0.6,0.2,1
1100303,1004,1,0.5,120000,96000,0.5,0.3,1
1100303,1004,0,0,100000,40000,0.1,0.3,1
1100303,1004,0,0.5,98240,-62868,0.6,0.2,1
1100303,1005,1,1,120000,72000,0.1,0.1,2
1100303,1005,0,0.25,90000,72000,0.5,0.3,2
1100303,1005,0,0.5,98240,-62868,0.6,0.2,2
1100303,1006,1,0.25,110000,99000,0.5,0.3,2
1100303,1006,0,0.75,100000,60000,0.5,0.1,2
1100303,1006,0,0.5,98240,-62868,0.6,0.2,2
1100303,1007,1,0.25,120000,48000,0.5,0.5,2
1100303,1007,0,0.75,90000,81000,0.1,0.3,2
1100303,1007,0,0.5,98240,-62868,0.6,0.2,2
1100303,1008,0,0,90000,72000,0.3,0.3,2
1100303,1008,1,1,120000,96000,0.5,0.1,2
1100303,1008,0,0.5,98240,-62868,0.6,0.2,2
1100306,1009,0,0.75,120000,108000,0.5,0.5,1
1100306,1009,1,0.75,110000,88000,0.3,0.3,1
1100306,1009,0,0.25,100000,-66200,0.5,0.2,1
1100306,1010,0,0,100000,40000,0.1,0.5,1
1100306,1010,1,0.5,110000,99000,0.3,0.5,1
1100306,1010,0,0.25,100000,-66200,0.5,0.2,1
1100306,1011,1,0.25,100000,80000,0.5,0.3,1
1100306,1011,0,0.25,120000,48000,0.1,0.5,1
1100306,1011,0,0.25,100000,-66200,0.5,0.2,1
1100306,1012,1,1,100000,90000,0.3,0.5,1
1100306,1012,0,0.5,90000,54000,0.5,0.1,1
1100306,1012,0,0.25,100000,-66200,0.5,0.2,1
1100306,1013,1,0.5,110000,99000,0.3,0.3,2
1100306,1013,0,1,90000,54000,0.1,0.5,2
1100306,1013,0,0.25,100000,-66200,0.5,0.2,2
1100306,1014,1,0.5,120000,96000,0.5,0.3,2
1100306,1014,0,0,100000,40000,0.1,0.3,2
1100306,1014,0,0.25,100000,-66200,0.5,0.2,2
1100306,1015,0,0,120000,108000,0.5,0.3,2
1100306,1015,0,0,110000,44000,0.3,0.1,2
1100306,1015,1,0.25,100000,-66200,0.5,0.2,2
1100306,1016,0,0,90000,36000,0.1,0.3,2
1100306,1016,0,0.5,110000,99000,0.5,0.5,2
1100306,1016,1,0.25,100000,-66200,0.5,0.2,2
1100405,1017,1,1,90000,72000,0.5,0.1,1
1100405,1017,0,0.25,120000,72000,0.1,0.3,1
1100405,1017,0,0.75,100300,0,0.5,0.2,1
1100405,1018,0,0.75,100000,60000,0.1,0.5,1
1100405,1018,0,0,120000,96000,0.5,0.3,1
1100405,1018,1,0.75,100300,0,0.5,0.2,1
1100405,1019,0,0,100000,40000,0.1,0.5,1
1100405,1019,0,0.5,110000,99000,0.3,0.5,1
1100405,1019,1,0.75,100300,0,0.5,0.2,1
1100405,1020,0,0.75,100000,80000,0.3,0.5,1
1100405,1020,0,1,100000,60000,0.3,0.1,1
1100405,1020,1,0.75,100300,0,0.5,0.2,1
1100405,1021,0,0.25,110000,66000,0.1,0.1,2
1100405,1021,0,0.75,100000,80000,0.3,0.5,2
1100405,1021,1,0.75,100300,0,0.5,0.2,2
1100405,1022,0,0.5,90000,54000,0.3,0.1,2
1100405,1022,0,0,120000,108000,0.3,0.5,2
1100405,1022,1,0.75,100300,0,0.5,0.2,2
1100405,1023,0,0,100000,40000,0.1,0.5,2
1100405,1023,0,0.5,110000,99000,0.3,0.5,2
1100405,1023,1,0.75,100300,0,0.5,0.2,2
1100405,1024,0,0.5,110000,44000,0.3,0.1,2
1100405,1024,0,0.5,90000,81000,0.1,0.3,2
1100405,1024,1,0.75,100300,0,0.5,0.2,2
1100407,1025,1,0,120000,108000,0.5,0.3,1
1100407,1025,0,0,110000,44000,0.3,0.1,1
1100407,1025,0,0.5,103000,27900,0.4,0,1
1100407,1026,0,1,120000,72000,0.1,0.1,1
1100407,1026,1,0.25,90000,72000,0.5,0.3,1
1100407,1026,0,0.5,103000,27900,0.4,0,1
1100407,1027,0,1,100000,90000,0.3,0.5,1
1100407,1027,1,0.5,90000,54000,0.5,0.1,1
1100407,1027,0,0.5,103000,27900,0.4,0,1
1100407,1028,0,0,100000,40000,0.1,0.5,1
1100407,1028,1,0.5,110000,99000,0.3,0.5,1
1100407,1028,0,0.5,103000,27900,0.4,0,1
1100407,1029,1,0.75,110000,44000,0.3,0.5,2
1100407,1029,0,1,100000,40000,0.3,0.1,2
1100407,1029,0,0.5,103000,27900,0.4,0,2
1100407,1030,0,0.5,90000,54000,0.3,0.1,2
1100407,1030,1,0,120000,108000,0.3,0.5,2
1100407,1030,0,0.5,103000,27900,0.4,0,2
1100407,1031,0,0.25,120000,48000,0.5,0.5,2
1100407,1031,1,0.75,90000,81000,0.1,0.3,2
1100407,1031,0,0.5,103000,27900,0.4,0,2
1100407,1032,1,0.5,110000,99000,0.3,0.3,2
1100407,1032,0,1,90000,54000,0.1,0.5,2
1100407,1032,0,0.5,103000,27900,0.4,0,2
1100409,1033,0,0,90000,72000,0.3,0.3,1
1100409,1033,1,1,120000,96000,0.5,0.1,1
1100409,1033,0,0.25,103500,-11500,0.3,0.1,1
1100409,1034,1,0.5,110000,99000,0.3,0.3,1
1100409,1034,0,1,90000,54000,0.1,0.5,1
1100409,1034,0,0.25,103500,-11500,0.3,0.1,1
1100409,1035,0,0.5,90000,54000,0.3,0.1,1
1100409,1035,1,0,120000,108000,0.3,0.5,1
1100409,1035,0,0.25,103500,-11500,0.3,0.1,1
1100409,1036,0,0,90000,36000,0.1,0.3,1
1100409,1036,1,0.5,110000,99000,0.5,0.5,1
1100409,1036,0,0.25,103500,-11500,0.3,0.1,1
1100409,1037,1,0.75,120000,108000,0.5,0.5,2
1100409,1037,0,0.75,110000,88000,0.3,0.3,2
1100409,1037,0,0.25,103500,-11500,0.3,0.1,2
1100409,1038,1,0.25,100000,80000,0.5,0.3,2
1100409,1038,0,0.25,120000,48000,0.1,0.5,2
1100409,1038,0,0.25,103500,-11500,0.3,0.1,2
1100409,1039,1,0.5,110000,99000,0.3,0.3,2
1100409,1039,0,1,90000,54000,0.1,0.5,2
1100409,1039,0,0.25,103500,-11500,0.3,0.1,2
1100409,1040,1,0.25,110000,99000,0.5,0.3,2
1100409,1040,0,0.75,100000,60000,0.5,0.1,2
1100409,1040,0,0.25,103500,-11500,0.3,0.1,2
1100415,1041,1,0,90000,72000,0.3,0.3,1
1100415,1041,0,1,120000,96000,0.5,0.1,1
1100415,1041,0,0.5,102750,33500,0.4,0.2,1
1100415,1042,0,0.5,90000,54000,0.3,0.1,1
1100415,1042,1,0,120000,108000,0.3,0.5,1
1100415,1042,0,0.5,102750,33500,0.4,0.2,1
1100415,1043,0,1,90000,54000,0.1,0.1,1
1100415,1043,1,0.25,110000,44000,0.5,0.5,1
1100415,1043,0,0.5,102750,33500,0.4,0.2,1
1100415,1044,1,0,120000,108000,0.5,0.3,1
1100415,1044,0,0,110000,44000,0.3,0.1,1
1100415,1044,0,0.5,102750,33500,0.4,0.2,1
1100415,1045,0,0,100000,40000,0.1,0.5,2
1100415,1045,1,0.5,110000,99000,0.3,0.5,2
1100415,1045,0,0.5,102750,33500,0.4,0.2,2
1100415,1046,0,0.75,110000,44000,0.3,0.5,2
1100415,1046,1,1,100000,40000,0.3,0.1,2
1100415,1046,0,0.5,102750,33500,0.4,0.2,2
1100415,1047,0,0.25,120000,48000,0.5,0.5,2
1100415,1047,0,0.75,90000,81000,0.1,0.3,2
1100415,1047,1,0.5,102750,33500,0.4,0.2,2
1100415,1048,1,1,100000,90000,0.3,0.5,2
1100415,1048,0,0.5,90000,54000,0.5,0.1,2
1100415,1048,0,0.5,102750,33500,0.4,0.2,2
1100513,1049,1,0.5,110000,44000,0.3,0.1,1
1100513,1049,0,0.5,90000,81000,0.1,0.3,1
1100513,1049,0,0.25,96000,36000,0.4,0,1
1100513,1050,0,0,90000,36000,0.1,0.3,1
1100513,1050,1,0.5,110000,99000,0.5,0.5,1
1100513,1050,0,0.25,96000,36000,0.4,0,1
1100513,1051,1,0.75,100000,60000,0.1,0.5,1
1100513,1051,0,0,120000,96000,0.5,0.3,1
1100513,1051,0,0.25,96000,36000,0.4,0,1
1100513,1052,0,0.75,100000,80000,0.3,0.5,1
1100513,1052,1,1,100000,60000,0.3,0.1,1
1100513,1052,0,0.25,96000,36000,0.4,0,1
1100513,1053,0,0,90000,72000,0.3,0.3,2
1100513,1053,1,1,120000,96000,0.5,0.1,2
1100513,1053,0,0.25,96000,36000,0.4,0,2
1100513,1054,1,0.75,100000,60000,0.1,0.5,2
1100513,1054,0,0,120000,96000,0.5,0.3,2
1100513,1054,0,0.25,96000,36000,0.4,0,2
1100513,1055,0,0,100000,40000,0.1,0.5,2
1100513,1055,1,0.5,110000,99000,0.3,0.5,2
1100513,1055,0,0.25,96000,36000,0.4,0,2
1100513,1056,1,0.25,110000,66000,0.1,0.1,2
1100513,1056,0,0.75,100000,80000,0.3,0.5,2
1100513,1056,0,0.25,96000,36000,0.4,0,2
1110016,1057,0,0.5,121000,48000,0.3,0.1,1
1110016,1057,1,0.5,99000,89000,0.1,0.3,1
1110016,1057,0,0.25,114000,35000,0.2,0.3,1
1110016,1058,1,0.5,132000,106000,0.5,0.3,1
1110016,1058,0,0,110000,44000,0.1,0.3,1
1110016,1058,0,0.25,114000,35000,0.2,0.3,1
1110016,1059,0,0.25,132000,53000,0.5,0.5,1
1110016,1059,1,0.75,99000,89000,0.1,0.3,1
1110016,1059,0,0.25,114000,35000,0.2,0.3,1
1110016,1060,1,1,132000,79000,0.1,0.1,1
1110016,1060,0,0.25,99000,79000,0.5,0.3,1
1110016,1060,0,0.25,114000,35000,0.2,0.3,1
1110016,1061,0,0.25,110000,88000,0.5,0.3,2
1110016,1061,1,0.25,132000,53000,0.1,0.5,2
1110016,1061,0,0.25,114000,35000,0.2,0.3,2
1110016,1062,1,0.5,132000,106000,0.5,0.3,2
1110016,1062,0,0,110000,44000,0.1,0.3,2
1110016,1062,0,0.25,114000,35000,0.2,0.3,2
1110016,1063,0,0,110000,44000,0.1,0.5,2
1110016,1063,1,0.5,121000,109000,0.3,0.5,2
1110016,1063,0,0.25,114000,35000,0.2,0.3,2
1110016,1064,0,0.25,121000,73000,0.1,0.1,2
1110016,1064,1,0.75,110000,88000,0.3,0.5,2
1110016,1064,0,0.25,114000,35000,0.2,0.3,2
1110018,1065,1,1,132000,79000,0.1,0.1,1
1110018,1065,0,0.25,99000,79000,0.5,0.3,1
1110018,1065,0,0.5,114000,20000,0.3,0.3,1
1110018,1066,0,0,99000,40000,0.1,0.3,1
1110018,1066,1,0.5,121000,109000,0.5,0.5,1
1110018,1066,0,0.5,114000,20000,0.3,0.3,1
1110018,1067,1,0.5,121000,48000,0.3,0.1,1
1110018,1067,0,0.5,99000,89000,0.1,0.3,1
1110018,1067,0,0.5,114000,20000,0.3,0.3,1
1110018,1068,0,0.75,132000,119000,0.5,0.5,1
1110018,1068,1,0.75,121000,97000,0.3,0.3,1
1110018,1068,0,0.5,114000,20000,0.3,0.3,1
1110018,1069,0,0.75,132000,119000,0.5,0.5,2
1110018,1069,1,0.75,121000,97000,0.3,0.3,2
1110018,1069,0,0.5,114000,20000,0.3,0.3,2
1110018,1070,0,0,99000,40000,0.1,0.3,2
1110018,1070,0,0.5,121000,109000,0.5,0.5,2
1110018,1070,1,0.5,114000,20000,0.3,0.3,2
1110018,1071,0,0.25,110000,88000,0.5,0.3,2
1110018,1071,1,0.25,132000,53000,0.1,0.5,2
1110018,1071,0,0.5,114000,20000,0.3,0.3,2
1110018,1072,0,0,110000,44000,0.1,0.5,2
1110018,1072,1,0.5,121000,109000,0.3,0.5,2
1110018,1072,0,0.5,114000,20000,0.3,0.3,2
1110310,1073,0,0.25,132000,53000,0.5,0.5,1
1110310,1073,0,0.75,99000,89000,0.1,0.3,1
1110310,1073,1,0.75,111550,-28000,0.3,0.3,1
1110310,1074,1,0.5,99000,59000,0.3,0.1,1
1110310,1074,0,0,132000,119000,0.3,0.5,1
1110310,1074,0,0.75,111550,-28000,0.3,0.3,1
1110310,1075,0,0.75,110000,88000,0.3,0.5,1
1110310,1075,1,1,110000,66000,0.3,0.1,1
1110310,1075,0,0.75,111550,-28000,0.3,0.3,1
1110310,1076,1,0.75,110000,66000,0.1,0.5,1
1110310,1076,0,0,132000,106000,0.5,0.3,1
1110310,1076,0,0.75,111550,-28000,0.3,0.3,1
1110310,1077,1,0.25,110000,88000,0.5,0.3,2
1110310,1077,0,0.25,132000,53000,0.1,0.5,2
1110310,1077,0,0.75,111550,-28000,0.3,0.3,2
1110310,1078,1,1,132000,79000,0.1,0.1,2
1110310,1078,0,0.25,99000,79000,0.5,0.3,2
1110310,1078,0,0.75,111550,-28000,0.3,0.3,2
1110310,1079,0,1,99000,79000,0.5,0.1,2
1110310,1079,0,0.25,132000,79000,0.1,0.3,2
1110310,1079,1,0.75,111550,-28000,0.3,0.3,2
1110310,1080,1,1,110000,99000,0.3,0.5,2
1110310,1080,0,0.5,99000,59000,0.5,0.1,2
1110310,1080,0,0.75,111550,-28000,0.3,0.3,2
1110322,1081,1,0.75,110000,88000,0.3,0.5,1
1110322,1081,0,1,110000,66000,0.3,0.1,1
1110322,1081,0,0.75,110000,-18000,0.4,0.2,1
1110322,1082,0,0,99000,79000,0.3,0.3,1
1110322,1082,1,1,132000,106000,0.5,0.1,1
1110322,1082,0,0.75,110000,-18000,0.4,0.2,1
1110322,1083,1,0.5,121000,109000,0.3,0.3,1
1110322,1083,0,1,99000,59000,0.1,0.5,1
1110322,1083,0,0.75,110000,-18000,0.4,0.2,1
1110322,1084,1,0.75,121000,48000,0.3,0.5,1
1110322,1084,0,1,110000,44000,0.3,0.1,1
1110322,1084,0,0.75,110000,-18000,0.4,0.2,1
1110322,1085,0,0,110000,44000,0.1,0.5,2
1110322,1085,1,0.5,121000,109000,0.3,0.5,2
1110322,1085,0,0.75,110000,-18000,0.4,0.2,2
1110322,1086,0,1,99000,59000,0.1,0.1,2
1110322,1086,1,0.25,121000,48000,0.5,0.5,2
1110322,1086,0,0.75,110000,-18000,0.4,0.2,2
1110322,1087,0,0.75,110000,88000,0.3,0.5,2
1110322,1087,1,1,110000,66000,0.3,0.1,2
1110322,1087,0,0.75,110000,-18000,0.4,0.2,2
1110322,1088,0,0.5,121000,48000,0.3,0.1,2
1110322,1088,1,0.5,99000,89000,0.1,0.3,2
1110322,1088,0,0.75,110000,-18000,0.4,0.2,2
1110328,1089,1,1,132000,79000,0.1,0.1,1
1110328,1089,0,0.25,99000,79000,0.5,0.3,1
1110328,1089,0,0.5,105000,45000,0.4,0.3,1
1110328,1090,0,0.75,110000,66000,0.1,0.5,1
1110328,1090,0,0,132000,106000,0.5,0.3,1
1110328,1090,1,0.5,105000,45000,0.4,0.3,1
1110328,1091,0,0.75,110000,88000,0.3,0.5,1
1110328,1091,1,1,110000,66000,0.3,0.1,1
1110328,1091,0,0.5,105000,45000,0.4,0.3,1
1110328,1092,0,0,99000,79000,0.3,0.3,1
1110328,1092,1,1,132000,106000,0.5,0.1,1
1110328,1092,0,0.5,105000,45000,0.4,0.3,1
1110328,1093,1,1,99000,59000,0.1,0.1,2
1110328,1093,0,0.25,121000,48000,0.5,0.5,2
1110328,1093,0,0.5,105000,45000,0.4,0.3,2
1110328,1094,0,0,99000,79000,0.3,0.3,2
1110328,1094,1,1,132000,106000,0.5,0.1,2
1110328,1094,0,0.5,105000,45000,0.4,0.3,2
1110328,1095,1,0.5,132000,106000,0.5,0.3,2
1110328,1095,0,0,110000,44000,0.1,0.3,2
1110328,1095,0,0.5,105000,45000,0.4,0.3,2
1110328,1096,0,0,132000,119000,0.5,0.3,2
1110328,1096,0,0,121000,48000,0.3,0.1,2
1110328,1096,1,0.5,105000,45000,0.4,0.3,2
1110520,1097,1,1,99000,59000,0.1,0.1,1
1110520,1097,0,0.25,121000,48000,0.5,0.5,1
1110520,1097,0,0.25,109000,40000,0.4,0.2,1
1110520,1098,0,1,110000,99000,0.3,0.5,1
1110520,1098,1,0.5,99000,59000,0.5,0.1,1
1110520,1098,0,0.25,109000,40000,0.4,0.2,1
1110520,1099,0,0.25,132000,53000,0.5,0.5,1
1110520,1099,1,0.75,99000,89000,0.1,0.3,1
1110520,1099,0,0.25,109000,40000,0.4,0.2,1
1110520,1100,0,0,132000,119000,0.5,0.3,1
1110520,1100,1,0,121000,48000,0.3,0.1,1
1110520,1100,0,0.25,109000,40000,0.4,0.2,1
1110520,1101,0,1,132000,79000,0.1,0.1,2
1110520,1101,0,0.25,99000,79000,0.5,0.3,2
1110520,1101,1,0.25,109000,40000,0.4,0.2,2
1110520,1102,0,0.25,121000,73000,0.1,0.1,2
1110520,1102,0,0.75,110000,88000,0.3,0.5,2
1110520,1102,1,0.25,109000,40000,0.4,0.2,2
1110520,1103,0,0.25,132000,53000,0.5,0.5,2
1110520,1103,0,0.75,99000,89000,0.1,0.3,2
1110520,1103,1,0.25,109000,40000,0.4,0.2,2
1110520,1104,0,1,99000,79000,0.5,0.1,2
1110520,1104,0,0.25,132000,79000,0.1,0.3,2
1110520,1104,1,0.25,109000,40000,0.4,0.2,2
1120025,1105,1,1,108000,65000,0.1,0.1,1
1120025,1105,0,0.25,132000,53000,0.5,0.5,1
1120025,1105,0,0.75,118000,31000,0.4,0.2,1
1120025,1106,0,0.75,132000,53000,0.3,0.5,1
1120025,1106,1,1,120000,48000,0.3,0.1,1
1120025,1106,0,0.75,118000,31000,0.4,0.2,1
1120025,1107,0,0.25,144000,58000,0.5,0.5,1
1120025,1107,1,0.75,108000,97000,0.1,0.3,1
1120025,1107,0,0.75,118000,31000,0.4,0.2,1
1120025,1108,1,1,108000,86000,0.5,0.1,1
1120025,1108,0,0.25,144000,86000,0.1,0.3,1
1120025,1108,0,0.75,118000,31000,0.4,0.2,1
1120025,1109,0,0.75,144000,130000,0.5,0.5,2
1120025,1109,1,0.75,132000,106000,0.3,0.3,2
1120025,1109,0,0.75,118000,31000,0.4,0.2,2
1120025,1110,0,0.5,108000,65000,0.3,0.1,2
1120025,1110,0,0,144000,130000,0.3,0.5,2
1120025,1110,1,0.75,118000,31000,0.4,0.2,2
1120025,1111,1,0.75,132000,53000,0.3,0.5,2
1120025,1111,0,1,120000,48000,0.3,0.1,2
1120025,1111,0,0.75,118000,31000,0.4,0.2,2
1120025,1112,1,0.5,132000,119000,0.3,0.3,2
1120025,1112,0,1,108000,65000,0.1,0.5,2
1120025,1112,0,0.75,118000,31000,0.4,0.2,2
1120122,1113,0,0,144000,130000,0.5,0.3,1
1120122,1113,1,0,132000,53000,0.3,0.1,1
1120122,1113,0,0.75,115000,25000,0.5,0.2,1
1120122,1114,0,0,120000,48000,0.1,0.5,1
1120122,1114,0,0.5,132000,119000,0.3,0.5,1
1120122,1114,1,0.75,115000,25000,0.5,0.2,1
1120122,1115,1,0.5,144000,115000,0.5,0.3,1
1120122,1115,0,0,120000,48000,0.1,0.3,1
1120122,1115,0,0.75,115000,25000,0.5,0.2,1
1120122,1116,0,0,108000,43000,0.1,0.3,1
1120122,1116,0,0.5,132000,119000,0.5,0.5,1
1120122,1116,1,0.75,115000,25000,0.5,0.2,1
1120122,1117,0,0.75,144000,130000,0.5,0.5,2
1120122,1117,1,0.75,132000,106000,0.3,0.3,2
1120122,1117,0,0.75,115000,25000,0.5,0.2,2
1120122,1118,1,1,144000,86000,0.1,0.1,2
1120122,1118,0,0.25,108000,86000,0.5,0.3,2
1120122,1118,0,0.75,115000,25000,0.5,0.2,2
1120122,1119,0,0.5,132000,53000,0.3,0.1,2
1120122,1119,1,0.5,108000,97000,0.1,0.3,2
1120122,1119,0,0.75,115000,25000,0.5,0.2,2
1120122,1120,0,0,108000,43000,0.1,0.3,2
1120122,1120,1,0.5,132000,119000,0.5,0.5,2
1120122,1120,0,0.75,115000,25000,0.5,0.2,2
1120217,1121,0,0.25,120000,96000,0.5,0.3,1
1120217,1121,1,0.25,144000,58000,0.1,0.5,1
1120217,1121,0,0.25,120000,-30000,0.2,0.4,1
1120217,1122,0,0.25,144000,58000,0.5,0.5,1
1120217,1122,1,0.75,108000,97000,0.1,0.3,1
1120217,1122,0,0.25,120000,-30000,0.2,0.4,1
1120217,1123,1,0.75,120000,72000,0.1,0.5,1
1120217,1123,0,0,144000,115000,0.5,0.3,1
1120217,1123,0,0.25,120000,-30000,0.2,0.4,1
1120217,1124,1,1,144000,86000,0.1,0.1,1
1120217,1124,0,0.25,108000,86000,0.5,0.3,1
1120217,1124,0,0.25,120000,-30000,0.2,0.4,1
1120217,1125,0,0.25,132000,79000,0.1,0.1,2
1120217,1125,1,0.75,120000,96000,0.3,0.5,2
1120217,1125,0,0.25,120000,-30000,0.2,0.4,2
1120217,1126,1,0.25,120000,96000,0.5,0.3,2
1120217,1126,0,0.25,144000,58000,0.1,0.5,2
1120217,1126,0,0.25,120000,-30000,0.2,0.4,2
1120217,1127,0,0.5,144000,115000,0.5,0.3,2
1120217,1127,0,0,120000,48000,0.1,0.3,2
1120217,1127,1,0.25,120000,-30000,0.2,0.4,2
1120217,1128,0,0,108000,86000,0.3,0.3,2
1120217,1128,1,1,144000,115000,0.5,0.1,2
1120217,1128,0,0.25,120000,-30000,0.2,0.4,2
1120233,1129,1,0.5,108000,65000,0.3,0.1,1
1120233,1129,0,0,144000,130000,0.3,0.5,1
1120233,1129,0,0.5,117400,88000,0.7,0.1,1
1120233,1130,0,0.75,120000,96000,0.3,0.5,1
1120233,1130,1,1,120000,72000,0.3,0.1,1
1120233,1130,0,0.5,117400,88000,0.7,0.1,1
1120233,1131,0,0.75,144000,130000,0.5,0.5,1
1120233,1131,0,0.75,132000,106000,0.3,0.3,1
1120233,1131,1,0.5,117400,88000,0.7,0.1,1
1120233,1132,0,0.75,132000,53000,0.3,0.5,1
1120233,1132,1,1,120000,48000,0.3,0.1,1
1120233,1132,0,0.5,117400,88000,0.7,0.1,1
1120233,1133,0,0.25,120000,96000,0.5,0.3,2
1120233,1133,1,0.25,144000,58000,0.1,0.5,2
1120233,1133,0,0.5,117400,88000,0.7,0.1,2
1120233,1134,1,0.5,144000,115000,0.5,0.3,2
1120233,1134,0,0,120000,48000,0.1,0.3,2
1120233,1134,0,0.5,117400,88000,0.7,0.1,2
1120233,1135,0,0.75,120000,96000,0.3,0.5,2
1120233,1135,1,1,120000,72000,0.3,0.1,2
1120233,1135,0,0.5,117400,88000,0.7,0.1,2
1120233,1136,1,1,108000,86000,0.5,0.1,2
1120233,1136,0,0.25,144000,86000,0.1,0.3,2
1120233,1136,0,0.5,117400,88000,0.7,0.1,2
1120320,1137,0,0.5,132000,119000,0.3,0.3,1
1120320,1137,1,1,108000,65000,0.1,0.5,1
1120320,1137,0,0.75,116500,-3900,0.4,0.3,1
1120320,1138,0,0.5,132000,53000,0.3,0.1,1
1120320,1138,1,0.5,108000,97000,0.1,0.3,1
1120320,1138,0,0.75,116500,-3900,0.4,0.3,1
1120320,1139,1,0.75,120000,72000,0.1,0.5,1
1120320,1139,0,0,144000,115000,0.5,0.3,1
1120320,1139,0,0.75,116500,-3900,0.4,0.3,1
1120320,1140,0,0,144000,130000,0.5,0.3,1
1120320,1140,1,0,132000,53000,0.3,0.1,1
1120320,1140,0,0.75,116500,-3900,0.4,0.3,1
1120320,1141,0,0.75,120000,96000,0.3,0.5,2
1120320,1141,1,1,120000,72000,0.3,0.1,2
1120320,1141,0,0.75,116500,-3900,0.4,0.3,2
1120320,1142,1,1,144000,86000,0.1,0.1,2
1120320,1142,0,0.25,108000,86000,0.5,0.3,2
1120320,1142,0,0.75,116500,-3900,0.4,0.3,2
1120320,1143,1,0.5,108000,65000,0.3,0.1,2
1120320,1143,0,0,144000,130000,0.3,0.5,2
1120320,1143,0,0.75,116500,-3900,0.4,0.3,2
1120320,1144,0,0,108000,86000,0.3,0.3,2
1120320,1144,1,1,144000,115000,0.5,0.1,2
1120320,1144,0,0.75,116500,-3900,0.4,0.3,2
1120321,1145,1,0.5,132000,119000,0.3,0.3,1
1120321,1145,0,1,108000,65000,0.1,0.5,1
1120321,1145,0,1,118000,17550,0.6,0.3,1
1120321,1146,1,1,108000,65000,0.1,0.1,1
1120321,1146,0,0.25,132000,53000,0.5,0.5,1
1120321,1146,0,1,118000,17550,0.6,0.3,1
1120321,1147,0,0,144000,130000,0.5,0.3,1
1120321,1147,0,0,132000,53000,0.3,0.1,1
1120321,1147,1,1,118000,17550,0.6,0.3,1
1120321,1148,1,0.25,132000,119000,0.5,0.3,1
1120321,1148,0,0.75,120000,72000,0.5,0.1,1
1120321,1148,0,1,118000,17550,0.6,0.3,1
1120321,1149,1,0.25,132000,119000,0.5,0.3,2
1120321,1149,0,0.75,120000,72000,0.5,0.1,2
1120321,1149,0,1,118000,17550,0.6,0.3,2
1120321,1150,0,0.5,132000,53000,0.3,0.1,2
1120321,1150,1,0.5,108000,97000,0.1,0.3,2
1120321,1150,0,1,118000,17550,0.6,0.3,2
1120321,1151,0,0,108000,86000,0.3,0.3,2
1120321,1151,1,1,144000,115000,0.5,0.1,2
1120321,1151,0,1,118000,17550,0.6,0.3,2
1120321,1152,1,0.75,144000,130000,0.5,0.5,2
1120321,1152,0,0.75,132000,106000,0.3,0.3,2
1120321,1152,0,1,118000,17550,0.6,0.3,2
1130023,1153,0,0.75,156000,140000,0.5,0.5,1
1130023,1153,1,0.75,143000,114000,0.3,0.3,1
1130023,1153,0,0.75,126400,104000,0.2,0.1,1
1130023,1154,0,0.75,130000,104000,0.3,0.5,1
1130023,1154,1,1,130000,78000,0.3,0.1,1
1130023,1154,0,0.75,126400,104000,0.2,0.1,1
1130023,1155,0,0.25,130000,104000,0.5,0.3,1
1130023,1155,0,0.25,156000,62000,0.1,0.5,1
1130023,1155,1,0.75,126400,104000,0.2,0.1,1
1130023,1156,1,0.75,130000,78000,0.1,0.5,1
1130023,1156,0,0,156000,125000,0.5,0.3,1
1130023,1156,0,0.75,126400,104000,0.2,0.1,1
1130023,1157,1,1,117000,70000,0.1,0.1,2
1130023,1157,0,0.25,143000,57000,0.5,0.5,2
1130023,1157,0,0.75,126400,104000,0.2,0.1,2
1130023,1158,0,0.25,130000,104000,0.5,0.3,2
1130023,1158,1,0.25,156000,62000,0.1,0.5,2
1130023,1158,0,0.75,126400,104000,0.2,0.1,2
1130023,1159,1,1,117000,94000,0.5,0.1,2
1130023,1159,0,0.25,156000,94000,0.1,0.3,2
1130023,1159,0,0.75,126400,104000,0.2,0.1,2
1130023,1160,1,0.5,117000,70000,0.3,0.1,2
1130023,1160,0,0,156000,140000,0.3,0.5,2
1130023,1160,0,0.75,126400,104000,0.2,0.1,2
1130223,1161,0,0.5,156000,125000,0.5,0.3,1
1130223,1161,0,0,130000,52000,0.1,0.3,1
1130223,1161,1,0.75,130000,-50000,0.5,0.3,1
1130223,1162,1,1,130000,117000,0.3,0.5,1
1130223,1162,0,0.5,117000,70000,0.5,0.1,1
1130223,1162,0,0.75,130000,-50000,0.5,0.3,1
1130223,1163,0,0.25,156000,62000,0.5,0.5,1
1130223,1163,0,0.75,117000,105000,0.1,0.3,1
1130223,1163,1,0.75,130000,-50000,0.5,0.3,1
1130223,1164,0,0,117000,47000,0.1,0.3,1
1130223,1164,0,0.5,143000,129000,0.5,0.5,1
1130223,1164,1,0.75,130000,-50000,0.5,0.3,1
1130223,1165,0,0.25,130000,104000,0.5,0.3,2
1130223,1165,0,0.25,156000,62000,0.1,0.5,2
1130223,1165,1,0.75,130000,-50000,0.5,0.3,2
1130223,1166,0,1,117000,70000,0.1,0.1,2
1130223,1166,0,0.25,143000,57000,0.5,0.5,2
1130223,1166,1,0.75,130000,-50000,0.5,0.3,2
1130223,1167,1,0.25,143000,129000,0.5,0.3,2
1130223,1167,0,0.75,130000,78000,0.5,0.1,2
1130223,1167,0,0.75,130000,-50000,0.5,0.3,2
1130223,1168,1,0.5,156000,125000,0.5,0.3,2
1130223,1168,0,0,130000,52000,0.1,0.3,2
1130223,1168,0,0.75,130000,-50000,0.5,0.3,2
1130326,1169,0,0,117000,47000,0.1,0.3,1
1130326,1169,1,0.5,143000,129000,0.5,0.5,1
1130326,1169,0,0.5,130600,21000,0.5,0.4,1
1130326,1170,1,0.5,117000,70000,0.3,0.1,1
1130326,1170,0,0,156000,140000,0.3,0.5,1
1130326,1170,0,0.5,130600,21000,0.5,0.4,1
1130326,1171,0,0.5,143000,129000,0.3,0.3,1
1130326,1171,1,1,117000,70000,0.1,0.5,1
1130326,1171,0,0.5,130600,21000,0.5,0.4,1
1130326,1172,1,1,130000,117000,0.3,0.5,1
1130326,1172,0,0.5,117000,70000,0.5,0.1,1
1130326,1172,0,0.5,130600,21000,0.5,0.4,1
1130326,1173,1,0.75,130000,78000,0.1,0.5,2
1130326,1173,0,0,156000,125000,0.5,0.3,2
1130326,1173,0,0.5,130600,21000,0.5,0.4,2
1130326,1174,0,0.75,130000,104000,0.3,0.5,2
1130326,1174,1,1,130000,78000,0.3,0.1,2
1130326,1174,0,0.5,130600,21000,0.5,0.4,2
1130326,1175,0,0.5,143000,57000,0.3,0.1,2
1130326,1175,1,0.5,117000,105000,0.1,0.3,2
1130326,1175,0,0.5,130600,21000,0.5,0.4,2
1130326,1176,0,0.25,156000,62000,0.5,0.5,2
1130326,1176,1,0.75,117000,105000,0.1,0.3,2
1130326,1176,0,0.5,130600,21000,0.5,0.4,2
1140203,1177,0,0.25,168000,67000,0.5,0.5,1
1140203,1177,1,0.75,126000,113000,0.1,0.3,1
1140203,1177,0,0.25,140000,80000,0.4,0.2,1
1140203,1178,1,1,168000,101000,0.1,0.1,1
1140203,1178,0,0.25,126000,101000,0.5,0.3,1
1140203,1178,0,0.25,140000,80000,0.4,0.2,1
1140203,1179,0,0.5,126000,76000,0.3,0.1,1
1140203,1179,1,0,168000,151000,0.3,0.5,1
1140203,1179,0,0.25,140000,80000,0.4,0.2,1
1140203,1180,0,0.25,140000,112000,0.5,0.3,1
1140203,1180,0,0.25,168000,67000,0.1,0.5,1
1140203,1180,1,0.25,140000,80000,0.4,0.2,1
1140203,1181,0,0.25,168000,67000,0.5,0.5,2
1140203,1181,0,0.75,126000,113000,0.1,0.3,2
1140203,1181,1,0.25,140000,80000,0.4,0.2,2
1140203,1182,1,0.25,154000,139000,0.5,0.3,2
1140203,1182,0,0.75,140000,84000,0.5,0.1,2
1140203,1182,0,0.25,140000,80000,0.4,0.2,2
1140203,1183,0,0,168000,151000,0.5,0.3,2
1140203,1183,0,0,154000,62000,0.3,0.1,2
1140203,1183,1,0.25,140000,80000,0.4,0.2,2
1140203,1184,0,0,126000,50000,0.1,0.3,2
1140203,1184,0,0.5,154000,139000,0.5,0.5,2
1140203,1184,1,0.25,140000,80000,0.4,0.2,2
1140508,1185,1,0.5,154000,62000,0.3,0.1,1
1140508,1185,0,0.5,126000,113000,0.1,0.3,1
1140508,1185,0,0.25,135000,20000,0.4,0.1,1
1140508,1186,0,0.25,154000,139000,0.5,0.3,1
1140508,1186,0,0.75,140000,84000,0.5,0.1,1
1140508,1186,1,0.25,135000,20000,0.4,0.1,1
1140508,1187,0,0,140000,56000,0.1,0.5,1
1140508,1187,0,0.5,154000,139000,0.3,0.5,1
1140508,1187,1,0.25,135000,20000,0.4,0.1,1
1140508,1188,0,0.75,154000,62000,0.3,0.5,1
1140508,1188,1,1,140000,56000,0.3,0.1,1
1140508,1188,0,0.25,135000,20000,0.4,0.1,1
1140508,1189,1,0.5,126000,76000,0.3,0.1,2
1140508,1189,0,0,168000,151000,0.3,0.5,2
1140508,1189,0,0.25,135000,20000,0.4,0.1,2
1140508,1190,0,1,126000,76000,0.1,0.1,2
1140508,1190,0,0.25,154000,62000,0.5,0.5,2
1140508,1190,1,0.25,135000,20000,0.4,0.1,2
1140508,1191,0,0,168000,151000,0.5,0.3,2
1140508,1191,0,0,154000,62000,0.3,0.1,2
1140508,1191,1,0.25,135000,20000,0.4,0.1,2
1140508,1192,1,0.25,140000,112000,0.5,0.3,2
1140508,1192,0,0.25,168000,67000,0.1,0.5,2
1140508,1192,0,0.25,135000,20000,0.4,0.1,2
1140512,1193,0,0.25,140000,112000,0.5,0.3,1
1140512,1193,1,0.25,168000,67000,0.1,0.5,1
1140512,1193,0,0.25,140000,10000,0.5,0.1,1
1140512,1194,0,0.5,126000,76000,0.3,0.1,1
1140512,1194,1,0,168000,151000,0.3,0.5,1
1140512,1194,0,0.25,140000,10000,0.5,0.1,1
1140512,1195,0,0.75,168000,151000,0.5,0.5,1
1140512,1195,0,0.75,154000,123000,0.3,0.3,1
1140512,1195,1,0.25,140000,10000,0.5,0.1,1
1140512,1196,0,0.5,154000,139000,0.3,0.3,1
1140512,1196,1,1,126000,76000,0.1,0.5,1
1140512,1196,0,0.25,140000,10000,0.5,0.1,1
1140512,1197,1,1,140000,126000,0.3,0.5,2
1140512,1197,0,0.5,126000,76000,0.5,0.1,2
1140512,1197,0,0.25,140000,10000,0.5,0.1,2
1140512,1198,0,0,168000,151000,0.5,0.3,2
1140512,1198,0,0,154000,62000,0.3,0.1,2
1140512,1198,1,0.25,140000,10000,0.5,0.1,2
1140512,1199,1,0.25,140000,112000,0.5,0.3,2
1140512,1199,0,0.25,168000,67000,0.1,0.5,2
1140512,1199,0,0.25,140000,10000,0.5,0.1,2
1140512,1200,0,0.75,168000,151000,0.5,0.5,2
1140512,1200,0,0.75,154000,123000,0.3,0.3,2
1140512,1200,1,0.25,140000,10000,0.5,0.1,2
1160009,1201,1,1,144000,86000,0.1,0.1,1
1160009,1201,0,0.25,176000,70000,0.5,0.5,1
1160009,1201,0,0.75,159000,104000,0.4,0.4,1
1160009,1202,1,1,160000,144000,0.3,0.5,1
1160009,1202,0,0.5,144000,86000,0.5,0.1,1
1160009,1202,0,0.75,159000,104000,0.4,0.4,1
1160009,1203,0,0,144000,115000,0.3,0.3,1
1160009,1203,1,1,192000,154000,0.5,0.1,1
1160009,1203,0,0.75,159000,104000,0.4,0.4,1
1160009,1204,0,0.25,160000,128000,0.5,0.3,1
1160009,1204,0,0.25,192000,77000,0.1,0.5,1
1160009,1204,1,0.75,159000,104000,0.4,0.4,1
1160009,1205,0,1,144000,86000,0.1,0.1,2
1160009,1205,0,0.25,176000,70000,0.5,0.5,2
1160009,1205,1,0.75,159000,104000,0.4,0.4,2
1160009,1206,1,0.5,192000,154000,0.5,0.3,2
1160009,1206,0,0,160000,64000,0.1,0.3,2
1160009,1206,0,0.75,159000,104000,0.4,0.4,2
1160009,1207,1,1,192000,115000,0.1,0.1,2
1160009,1207,0,0.25,144000,115000,0.5,0.3,2
1160009,1207,0,0.75,159000,104000,0.4,0.4,2
1160009,1208,0,0.5,176000,158000,0.3,0.3,2
1160009,1208,1,1,144000,86000,0.1,0.5,2
1160009,1208,0,0.75,159000,104000,0.4,0.4,2
1160010,1209,1,1,160000,144000,0.3,0.5,1
1160010,1209,0,0.5,144000,86000,0.5,0.1,1
1160010,1209,0,0.75,155000,-15100,0.3,0.4,1
1160010,1210,0,0,160000,64000,0.1,0.5,1
1160010,1210,1,0.5,176000,158000,0.3,0.5,1
1160010,1210,0,0.75,155000,-15100,0.3,0.4,1
1160010,1211,1,0,144000,58000,0.1,0.3,1
1160010,1211,0,0.5,176000,158000,0.5,0.5,1
1160010,1211,0,0.75,155000,-15100,0.3,0.4,1
1160010,1212,1,0,192000,173000,0.5,0.3,1
1160010,1212,0,0,176000,70000,0.3,0.1,1
1160010,1212,0,0.75,155000,-15100,0.3,0.4,1
1160010,1213,0,0.25,176000,158000,0.5,0.3,2
1160010,1213,1,0.75,160000,96000,0.5,0.1,2
1160010,1213,0,0.75,155000,-15100,0.3,0.4,2
1160010,1214,0,0.75,176000,70000,0.3,0.5,2
1160010,1214,0,1,160000,64000,0.3,0.1,2
1160010,1214,1,0.75,155000,-15100,0.3,0.4,2
1160010,1215,1,1,144000,86000,0.1,0.1,2
1160010,1215,0,0.25,176000,70000,0.5,0.5,2
1160010,1215,0,0.75,155000,-15100,0.3,0.4,2
1160010,1216,0,0.75,160000,96000,0.1,0.5,2
1160010,1216,0,0,192000,154000,0.5,0.3,2
1160010,1216,1,0.75,155000,-15100,0.3,0.4,2
1160117,1217,1,0,144000,115000,0.3,0.3,1
1160117,1217,0,1,192000,154000,0.5,0.1,1
1160117,1217,0,0.25,160000,20000,0.4,0.3,1
1160117,1218,0,0.5,176000,158000,0.3,0.3,1
1160117,1218,1,1,144000,86000,0.1,0.5,1
1160117,1218,0,0.25,160000,20000,0.4,0.3,1
1160117,1219,1,0.5,144000,86000,0.3,0.1,1
1160117,1219,0,0,192000,173000,0.3,0.5,1
1160117,1219,0,0.25,160000,20000,0.4,0.3,1
1160117,1220,0,0,192000,173000,0.5,0.3,1
1160117,1220,1,0,176000,70000,0.3,0.1,1
1160117,1220,0,0.25,160000,20000,0.4,0.3,1
1160117,1221,0,0.5,176000,70000,0.3,0.1,2
1160117,1221,1,0.5,144000,130000,0.1,0.3,2
1160117,1221,0,0.25,160000,20000,0.4,0.3,2
1160117,1222,0,0.75,176000,70000,0.3,0.5,2
1160117,1222,1,1,160000,64000,0.3,0.1,2
1160117,1222,0,0.25,160000,20000,0.4,0.3,2
1160117,1223,0,0.75,192000,173000,0.5,0.5,2
1160117,1223,0,0.75,176000,141000,0.3,0.3,2
1160117,1223,1,0.25,160000,20000,0.4,0.3,2
1160117,1224,0,1,160000,144000,0.3,0.5,2
1160117,1224,1,0.5,144000,86000,0.5,0.1,2
1160117,1224,0,0.25,160000,20000,0.4,0.3,2
1170222,1225,1,0.5,204000,163000,0.5,0.3,1
1170222,1225,0,0,170000,68000,0.1,0.3,1
1170222,1225,0,0.5,170000,65000,0.6,0.2,1
1170222,1226,0,0.5,187000,75000,0.3,0.1,1
1170222,1226,0,0.5,153000,138000,0.1,0.3,1
1170222,1226,1,0.5,170000,65000,0.6,0.2,1
1170222,1227,0,0.5,153000,92000,0.3,0.1,1
1170222,1227,0,0,204000,184000,0.3,0.5,1
1170222,1227,1,0.5,170000,65000,0.6,0.2,1
1170222,1228,1,0.75,170000,102000,0.1,0.5,1
1170222,1228,0,0,204000,163000,0.5,0.3,1
1170222,1228,0,0.5,170000,65000,0.6,0.2,1
1170222,1229,0,0.75,170000,136000,0.3,0.5,2
1170222,1229,0,1,170000,102000,0.3,0.1,2
1170222,1229,1,0.5,170000,65000,0.6,0.2,2
1170222,1230,0,1,170000,153000,0.3,0.5,2
1170222,1230,1,0.5,153000,92000,0.5,0.1,2
1170222,1230,0,0.5,170000,65000,0.6,0.2,2
1170222,1231,0,0.5,187000,168000,0.3,0.3,2
1170222,1231,1,1,153000,92000,0.1,0.5,2
1170222,1231,0,0.5,170000,65000,0.6,0.2,2
1170222,1232,0,0.75,170000,102000,0.1,0.5,2
1170222,1232,0,0,204000,163000,0.5,0.3,2
1170222,1232,1,0.5,170000,65000,0.6,0.2,2
1180208,1233,0,1,162000,130000,0.5,0.1,1
1180208,1233,1,0.25,216000,130000,0.1,0.3,1
1180208,1233,0,0.25,180000,20000,0.5,0.3,1
1180208,1234,1,0.75,198000,79000,0.3,0.5,1
1180208,1234,0,1,180000,72000,0.3,0.1,1
1180208,1234,0,0.25,180000,20000,0.5,0.3,1
1180208,1235,1,0.5,162000,97000,0.3,0.1,1
1180208,1235,0,0,216000,194000,0.3,0.5,1
1180208,1235,0,0.25,180000,20000,0.5,0.3,1
1180208,1236,1,0.25,216000,86000,0.5,0.5,1
1180208,1236,0,0.75,162000,146000,0.1,0.3,1
1180208,1236,0,0.25,180000,20000,0.5,0.3,1
1180208,1237,0,1,180000,162000,0.3,0.5,2
1180208,1237,1,0.5,162000,97000,0.5,0.1,2
1180208,1237,0,0.25,180000,20000,0.5,0.3,2
1180208,1238,1,0.5,198000,178000,0.3,0.3,2
1180208,1238,0,1,162000,97000,0.1,0.5,2
1180208,1238,0,0.25,180000,20000,0.5,0.3,2
1180208,1239,0,0,180000,72000,0.1,0.5,2
1180208,1239,1,0.5,198000,178000,0.3,0.5,2
1180208,1239,0,0.25,180000,20000,0.5,0.3,2
1180208,1240,0,1,216000,130000,0.1,0.1,2
1180208,1240,1,0.25,162000,130000,0.5,0.3,2
1180208,1240,0,0.25,180000,20000,0.5,0.3,2
1180518,1241,0,0,162000,65000,0.1,0.3,1
1180518,1241,1,0.5,198000,178000,0.5,0.5,1
1180518,1241,0,0.75,180000,50000,0.7,0.1,1
1180518,1242,1,1,162000,130000,0.5,0.1,1
1180518,1242,0,0.25,216000,130000,0.1,0.3,1
1180518,1242,0,0.75,180000,50000,0.7,0.1,1
1180518,1243,0,0,162000,130000,0.3,0.3,1
1180518,1243,1,1,216000,173000,0.5,0.1,1
1180518,1243,0,0.75,180000,50000,0.7,0.1,1
1180518,1244,1,0.25,180000,144000,0.5,0.3,1
1180518,1244,0,0.25,216000,86000,0.1,0.5,1
1180518,1244,0,0.75,180000,50000,0.7,0.1,1
1180518,1245,0,1,216000,130000,0.1,0.1,2
1180518,1245,1,0.25,162000,130000,0.5,0.3,2
1180518,1245,0,0.75,180000,50000,0.7,0.1,2
1180518,1246,0,0.75,180000,144000,0.3,0.5,2
1180518,1246,1,1,180000,108000,0.3,0.1,2
1180518,1246,0,0.75,180000,50000,0.7,0.1,2
1180518,1247,1,0.25,180000,144000,0.5,0.3,2
1180518,1247,0,0.25,216000,86000,0.1,0.5,2
1180518,1247,0,0.75,180000,50000,0.7,0.1,2
1180518,1248,0,0.75,216000,194000,0.5,0.5,2
1180518,1248,1,0.75,198000,158000,0.3,0.3,2
1180518,1248,0,0.75,180000,50000,0.7,0.1,2
1190007,1249,0,0,171000,68000,0.1,0.3,1
1190007,1249,1,0.5,209000,188000,0.5,0.5,1
1190007,1249,0,0.5,190500,64000,0.5,0.2,1
1190007,1250,0,0,228000,205000,0.5,0.3,1
1190007,1250,0,0,209000,84000,0.3,0.1,1
1190007,1250,1,0.5,190500,64000,0.5,0.2,1
1190007,1251,1,0.5,228000,182000,0.5,0.3,1
1190007,1251,0,0,190000,76000,0.1,0.3,1
1190007,1251,0,0.5,190500,64000,0.5,0.2,1
1190007,1252,1,0.5,209000,188000,0.3,0.3,1
1190007,1252,0,1,171000,103000,0.1,0.5,1
1190007,1252,0,0.5,190500,64000,0.5,0.2,1
1190007,1253,1,0.75,190000,114000,0.1,0.5,2
1190007,1253,0,0,228000,182000,0.5,0.3,2
1190007,1253,0,0.5,190500,64000,0.5,0.2,2
1190007,1254,0,0.25,209000,188000,0.5,0.3,2
1190007,1254,1,0.75,190000,114000,0.5,0.1,2
1190007,1254,0,0.5,190500,64000,0.5,0.2,2
1190007,1255,0,0.25,209000,125000,0.1,0.1,2
1190007,1255,1,0.75,190000,152000,0.3,0.5,2
1190007,1255,0,0.5,190500,64000,0.5,0.2,2
1190007,1256,1,0.5,228000,182000,0.5,0.3,2
1190007,1256,0,0,190000,76000,0.1,0.3,2
1190007,1256,0,0.5,190500,64000,0.5,0.2,2
1190417,1257,1,0,228000,205000,0.5,0.3,1
1190417,1257,0,0,209000,84000,0.3,0.1,1
1190417,1257,0,0.5,190000,45000,0.5,0.3,1
1190417,1258,0,1,228000,137000,0.1,0.1,1
1190417,1258,1,0.25,171000,137000,0.5,0.3,1
1190417,1258,0,0.5,190000,45000,0.5,0.3,1
1190417,1259,0,1,171000,137000,0.5,0.1,1
1190417,1259,1,0.25,228000,137000,0.1,0.3,1
1190417,1259,0,0.5,190000,45000,0.5,0.3,1
1190417,1260,1,0.75,190000,114000,0.1,0.5,1
1190417,1260,0,0,228000,182000,0.5,0.3,1
1190417,1260,0,0.5,190000,45000,0.5,0.3,1
1190417,1261,0,1,171000,137000,0.5,0.1,2
1190417,1261,1,0.25,228000,137000,0.1,0.3,2
1190417,1261,0,0.5,190000,45000,0.5,0.3,2
1190417,1262,1,0.75,190000,152000,0.3,0.5,2
1190417,1262,0,1,190000,114000,0.3,0.1,2
1190417,1262,0,0.5,190000,45000,0.5,0.3,2
1190417,1263,1,0.75,209000,84000,0.3,0.5,2
1190417,1263,0,1,190000,76000,0.3,0.1,2
1190417,1263,0,0.5,190000,45000,0.5,0.3,2
1190417,1264,0,0,190000,76000,0.1,0.5,2
1190417,1264,1,0.5,209000,188000,0.3,0.5,2
1190417,1264,0,0.5,190000,45000,0.5,0.3,2
1200026,1265,0,0,200000,80000,0.1,0.5,1
1200026,1265,1,0.5,220000,198000,0.3,0.5,1
1200026,1265,0,0.75,199700,57000,0.6,0.2,1
1200026,1266,1,0,240000,216000,0.5,0.3,1
1200026,1266,0,0,220000,88000,0.3,0.1,1
1200026,1266,0,0.75,199700,57000,0.6,0.2,1
1200026,1267,1,0.5,240000,192000,0.5,0.3,1
1200026,1267,0,0,200000,80000,0.1,0.3,1
1200026,1267,0,0.75,199700,57000,0.6,0.2,1
1200026,1268,1,0.5,220000,198000,0.3,0.3,1
1200026,1268,0,1,180000,108000,0.1,0.5,1
1200026,1268,0,0.75,199700,57000,0.6,0.2,1
1200026,1269,0,0.25,220000,198000,0.5,0.3,2
1200026,1269,1,0.75,200000,120000,0.5,0.1,2
1200026,1269,0,0.75,199700,57000,0.6,0.2,2
1200026,1270,0,0,180000,72000,0.1,0.3,2
1200026,1270,1,0.5,220000,198000,0.5,0.5,2
1200026,1270,0,0.75,199700,57000,0.6,0.2,2
1200026,1271,0,0.75,200000,120000,0.1,0.5,2
1200026,1271,0,0,240000,192000,0.5,0.3,2
1200026,1271,1,0.75,199700,57000,0.6,0.2,2
1200026,1272,1,0.25,200000,160000,0.5,0.3,2
1200026,1272,0,0.25,240000,96000,0.1,0.5,2
1200026,1272,0,0.75,199700,57000,0.6,0.2,2
1200115,1273,0,0.5,220000,88000,0.3,0.1,1
1200115,1273,1,0.5,180000,162000,0.1,0.3,1
1200115,1273,0,0.25,335000,65000,0.4,0.2,1
1200115,1274,1,0.5,180000,108000,0.3,0.1,1
1200115,1274,0,0,240000,216000,0.3,0.5,1
1200115,1274,0,0.25,335000,65000,0.4,0.2,1
1200115,1275,0,0.75,240000,216000,0.5,0.5,1
1200115,1275,1,0.75,220000,176000,0.3,0.3,1
1200115,1275,0,0.25,335000,65000,0.4,0.2,1
1200115,1276,1,1,180000,108000,0.1,0.1,1
1200115,1276,0,0.25,220000,88000,0.5,0.5,1
1200115,1276,0,0.25,335000,65000,0.4,0.2,1
1200115,1277,0,0.75,240000,216000,0.5,0.5,2
1200115,1277,1,0.75,220000,176000,0.3,0.3,2
1200115,1277,0,0.25,335000,65000,0.4,0.2,2
1200115,1278,0,0.25,220000,198000,0.5,0.3,2
1200115,1278,1,0.75,200000,120000,0.5,0.1,2
1200115,1278,0,0.25,335000,65000,0.4,0.2,2
1200115,1279,0,0.75,220000,88000,0.3,0.5,2
1200115,1279,1,1,200000,80000,0.3,0.1,2
1200115,1279,0,0.25,335000,65000,0.4,0.2,2
1200115,1280,1,1,200000,180000,0.3,0.5,2
1200115,1280,0,0.5,180000,108000,0.5,0.1,2
1200115,1280,0,0.25,335000,65000,0.4,0.2,2
